PR,URL,Title,Content type,Is rendered page,HTTP status code,Organic traffic,Depth,Meta description,Meta description patch,Meta description patch status,Meta description length,No. of meta descriptions,Is indexable page
22,https://createmy-qr.com/compare,"Free QR Code Generator Online - CreateMy-QR (No Signup) | Compare Tools
types.compare QR Code Generator - Free & Custom | CreateMy-QR
Compare Plans - CreateMy-QR",text/html; charset=utf-8,false,200,0,0,"Compare our free features.
Convert your types.compare data into a custom QR code directly in your browser. 100% processed offline for absolute privacy. Free, no limits, and highly secure.",,,"26
160",2,true
22,https://createmy-qr.com/about,"Free QR Code Generator Online - CreateMy-QR (No Signup) | About Us
types.about QR Code Generator - Free & Custom | CreateMy-QR
About CreateMy-QR",text/html; charset=utf-8,false,200,0,0,"Learn more about CreateMy-QR.
Convert your types.about data into a custom QR code directly in your browser. 100% processed offline for absolute privacy. Free, no limits, and highly secure.",,,"29
158",2,true
22,https://createmy-qr.com/pricing,"Free QR Code Generator Online - CreateMy-QR (No Signup) | 100% Free Pricing
types.pricing QR Code Generator - Free & Custom | CreateMy-QR
100% Free Pricing | CreateMy-QR",text/html; charset=utf-8,false,200,0,0,"Learn more about CreateMy-QR 100% free pricing.
Convert your types.pricing data into a custom QR code directly in your browser. 100% processed offline for absolute privacy. Free, no limits, and highly secure.",,,"47
160",2,true
22,https://createmy-qr.com/languages,"Free QR Code Generator Online - CreateMy-QR (No Signup) | Supported Languages
types.languages QR Code Generator - Free & Custom | CreateMy-QR
Supported Languages | CreateMy-QR",text/html; charset=utf-8,false,200,0,0,"Learn more about CreateMy-QR supported languages.
Convert your types.languages data into a custom QR code directly in your browser. 100% processed offline for absolute privacy. Free, no limits, and highly secure.",,,"49
162",2,true
22,https://createmy-qr.com/scan-qr,"Free QR Code Scanner Online - Scan QR Instantly
types.scanqr QR Code Generator - Free & Custom | CreateMy-QR
Scan QR Code Online",text/html; charset=utf-8,false,200,0,0,"Scan QR codes directly from your browser.
Convert your types.scanqr data into a custom QR code directly in your browser. 100% processed offline for absolute privacy. Free, no limits, and highly secure.
Scan QR codes instantly using your camera or by uploading an image. 100% secure, private, and client-side processing.",,,"41
159
117",3,true
22,https://createmy-qr.com/barcode-generator,"Free Barcode Generator Online - Create 1D Barcodes
types.barcode QR Code Generator - Free & Custom | CreateMy-QR
Free Barcode Generator",text/html; charset=utf-8,false,200,0,0,"Generate barcodes instantly.
Convert your types.barcode data into a custom QR code directly in your browser. 100% processed offline for absolute privacy. Free, no limits, and highly secure.
Generate professional 1D barcodes instantly. Support for Code-128, UPC, EAN, ITF-14, and more. Free, secure, and ready to download in high-res PNG.",,,"28
160
147",3,true
22,https://createmy-qr.com/privacy,"Free QR Code Generator Online - CreateMy-QR (No Signup) | Privacy Policy
types.privacy QR Code Generator - Free & Custom | CreateMy-QR
Privacy Policy - CreateMy-QR",text/html; charset=utf-8,false,200,0,0,"Read our privacy policy.
Convert your types.privacy data into a custom QR code directly in your browser. 100% processed offline for absolute privacy. Free, no limits, and highly secure.",,,"24
160",2,true
22,https://createmy-qr.com/terms,"Free QR Code Generator Online - CreateMy-QR (No Signup) | Terms of Service
types.terms QR Code Generator - Free & Custom | CreateMy-QR
Terms of Service - CreateMy-QR",text/html; charset=utf-8,false,200,0,0,"Read our terms of service.
Convert your types.terms data into a custom QR code directly in your browser. 100% processed offline for absolute privacy. Free, no limits, and highly secure.",,,"26
158",2,true
22,https://createmy-qr.com/scan-barcode,"Free Barcode Scanner Online - Scan UPC & EAN
Barcode Scanner QR Code Generator - Free & Custom | CreateMy-QR
Scan Barcode Online",text/html; charset=utf-8,false,200,0,0,"Scan Barcodes directly from your browser.
Convert your Barcode Scanner data into a custom QR code directly in your browser. 100% processed offline for absolute privacy. Free, no limits, and highly secure.
Scan barcodes online for free using your device's camera or upload an image. Supports UPC, EAN, Code 128 and more. 100% private and secure.",,,"41
162
139",3,true
22,https://createmy-qr.com/security,"Free QR Code Generator Online - CreateMy-QR (No Signup) | Security Architecture
types.security QR Code Generator - Free & Custom | CreateMy-QR
Security Architecture | CreateMy-QR",text/html; charset=utf-8,false,200,0,0,"Learn more about CreateMy-QR security architecture.
Convert your types.security data into a custom QR code directly in your browser. 100% processed offline for absolute privacy. Free, no limits, and highly secure.",,,"51
161",2,true
21,https://createmy-qr.com/fi/tietosuojakaytanto,"Ilmainen QR-koodigeneraattori Netissä - CreateMy-QR (No Signup) | Tietosuojakäytäntö
types.privacy QR-koodigeneraattori - ilmainen ja räätälöity | CreateMy-QR
Tietosuojakäytäntö | CreateMy-QR",text/html; charset=utf-8,false,200,0,0,"Learn more about CreateMy-QR privacy policy.
Muunna types.privacy-tietosi mukautetuksi QR-koodiksi suoraan selaimessasi. 100 % käsitelty offline-tilassa täydellisen yksityisyyden takaamiseksi. Ilmainen, ei rajoituksia ja erittäin turvallinen.",,,"44
197",2,true
21,https://createmy-qr.com/pl/polityka-prywatnosci,"Darmowy Generator Kodów QR Online - CreateMy-QR (No Signup) | Polityka prywatności
Generator kodów QR types.privacy — bezpłatny i niestandardowy | CreateMy-QR
Polityka prywatności | CreateMy-QR",text/html; charset=utf-8,false,200,0,0,"Learn more about CreateMy-QR privacy policy.
Konwertuj dane types.privacy na niestandardowy kod QR bezpośrednio w przeglądarce. 100% przetwarzane w trybie offline, aby zapewnić całkowitą prywatność. Bezpłatnie, bez ograniczeń i bardzo bezpiecznie.",,,"44
202",2,true
21,https://createmy-qr.com/zh/snapchat-mian-fei-zai-xian-er-wei-ma-sheng-cheng-qi,"快照 QR 代码生成器 - 免费和自定义 | CreateMy-QR
快照 - 免费在线二维码生成器 - CreateMy-QR",text/html; charset=utf-8,false,200,0,0,"直接在浏览器中将您的 快照 数据转换为自定义二维码。 100% 离线处理，绝对隐私。免费、无限制且高度安全。
直接在浏览器中将您的 快照 数据转换为自定义二维码。 100% 离线处理，绝对隐私。免费、无限制且高度安全。",,,"54
54",2,true
21,https://createmy-qr.com/pt/politica-de-privacidade,"Gerador de Código QR Grátis Online - CreateMy-QR (No Signup) | Política de Privacidade
Gerador de código QR types.privacy - gratuito e personalizado | CreateMy-QR
Política de Privacidade | CreateMy-QR",text/html; charset=utf-8,false,200,0,0,"Learn more about CreateMy-QR privacy policy.
Converta seus dados do types.privacy em um código QR personalizado diretamente no seu navegador. 100% processado offline para privacidade absoluta. Gratuito, sem limites e altamente seguro.",,,"44
189",2,true
21,https://createmy-qr.com/tr/100-ucretsiz-fiyatlandirma,"Ücretsiz Çevrimiçi QR Kod Oluşturucu - CreateMy-QR (No Signup) | %100 Ücretsiz Fiyatlandırma
types.pricing QR Kod Oluşturucu - Ücretsiz ve Özel | CreateMy-QR
%100 Ücretsiz Fiyatlandırma | CreateMy-QR",text/html; charset=utf-8,false,200,0,0,"Learn more about CreateMy-QR 100% free pricing.
types.pricing verilerinizi doğrudan tarayıcınızda özel bir QR koduna dönüştürün. Mutlak gizlilik için %100 çevrimdışı işlenir. Ücretsiz, sınırsız ve son derece güvenli.",,,"47
168",2,true
21,https://createmy-qr.com/zh/paypal-mian-fei-zai-xian-er-wei-ma-sheng-cheng-qi,"贝宝 QR 代码生成器 - 免费和自定义 | CreateMy-QR
贝宝 - 免费在线二维码生成器 - CreateMy-QR",text/html; charset=utf-8,false,200,0,0,"直接在浏览器中将您的 贝宝 数据转换为自定义二维码。 100% 离线处理，绝对隐私。免费、无限制且高度安全。
直接在浏览器中将您的 贝宝 数据转换为自定义二维码。 100% 离线处理，绝对隐私。免费、无限制且高度安全。",,,"54
54",2,true
21,https://createmy-qr.com/ja/google-forms-wu-liao-qrkodozuo-cheng-zienereta,"Google フォーム QR コード ジェネレーター - 無料 & カスタム | CreateMy-QR
Google フォーム - 無料QRコード作成・ジェネレーター - CreateMy-QR",text/html; charset=utf-8,false,200,0,0,"ブラウザで直接、Google フォーム データをカスタム QR コードに変換します。完全なプライバシーを確​​保するために 100% オフラインで処理されます。無料、制限なし、そして非常に安全です。
ブラウザで直接、Google フォーム データをカスタム QR コードに変換します。完全なプライバシーを確​​保するために 100% オフラインで処理されます。無料、制限なし、そして非常に安全です。",,,"99
99",2,true
21,https://createmy-qr.com/ja/huairu-wu-liao-qrkodozuo-cheng-zienereta,"ファイル QR コード ジェネレーター - 無料 & カスタム | CreateMy-QR
ファイル - 無料QRコード作成・ジェネレーター - CreateMy-QR",text/html; charset=utf-8,false,200,0,0,"ブラウザで直接、ファイル データをカスタム QR コードに変換します。完全なプライバシーを確​​保するために 100% オフラインで処理されます。無料、制限なし、そして非常に安全です。
ブラウザで直接、ファイル データをカスタム QR コードに変換します。完全なプライバシーを確​​保するために 100% オフラインで処理されます。無料、制限なし、そして非常に安全です。",,,"92
92",2,true
21,https://createmy-qr.com/fr/politique-de-confidentialite,"Générateur de Code QR Gratuit en Ligne - CreateMy-QR (No Signup) | Politique de confidentialité
Générateur de code QR types.privacy - Gratuit et personnalisé | CreateMy-QR
Politique de confidentialité | CreateMy-QR",text/html; charset=utf-8,false,200,0,0,"Learn more about CreateMy-QR privacy policy.
Convertissez vos données types.privacy en un code QR personnalisé directement dans votre navigateur. 100 % traité hors ligne pour une confidentialité absolue. Gratuit, sans limites et hautement sécurisé.",,,"44
203",2,true
21,https://createmy-qr.com/ro/termeni-si-conditii,"Generator de Coduri QR Gratuit Online - CreateMy-QR (No Signup) | Termeni și condiții
types.terms QR Code Generator - Gratuit și personalizat | CreateMy-QR
Termeni și condiții | CreateMy-QR",text/html; charset=utf-8,false,200,0,0,"Learn more about CreateMy-QR terms of service.
Transformați datele dvs. types.terms într-un cod QR personalizat direct în browser. Procesat 100% offline pentru confidențialitate absolută. Gratuit, fără limite și foarte sigur.",,,"46
178",2,true
21,https://createmy-qr.com/vi/dieu-khoan-dich-vu,"Tạo Mã QR Miễn Phí Trực Tuyến - CreateMy-QR (No Signup) | Điều khoản dịch vụ
Trình tạo mã QR types.terms - Miễn phí & Tùy chỉnh | CreateMy-QR
Điều khoản dịch vụ | CreateMy-QR",text/html; charset=utf-8,false,200,0,0,"Learn more about CreateMy-QR terms of service.
Chuyển đổi dữ liệu types.terms của bạn thành mã QR tùy chỉnh trực tiếp trong trình duyệt của bạn. 100% được xử lý ngoại tuyến để đảm bảo quyền riêng tư tuyệt đối. Miễn phí, không giới hạn và có tính bảo mật cao.",,,"46
211",2,true
21,https://createmy-qr.com/zh/tu-pian-mian-fei-zai-xian-er-wei-ma-sheng-cheng-qi,"图片 QR 代码生成器 - 免费和自定义 | CreateMy-QR
图片 - 免费在线二维码生成器 - CreateMy-QR",text/html; charset=utf-8,false,200,0,0,"直接在浏览器中将您的 图片 数据转换为自定义二维码。 100% 离线处理，绝对隐私。免费、无限制且高度安全。
直接在浏览器中将您的 图片 数据转换为自定义二维码。 100% 离线处理，绝对隐私。免费、无限制且高度安全。",,,"54
54",2,true
21,https://createmy-qr.com/ja/wei-zhi-qing-bao-wu-liao-qrkodozuo-cheng-zienereta,"位置情報 QR コード ジェネレーター - 無料 & カスタム | CreateMy-QR
位置情報 - 無料QRコード作成・ジェネレーター - CreateMy-QR",text/html; charset=utf-8,false,200,0,0,"ブラウザで直接、位置情報 データをカスタム QR コードに変換します。完全なプライバシーを確​​保するために 100% オフラインで処理されます。無料、制限なし、そして非常に安全です。
ブラウザで直接、位置情報 データをカスタム QR コードに変換します。完全なプライバシーを確​​保するために 100% オフラインで処理されます。無料、制限なし、そして非常に安全です。",,,"92
92",2,true
21,https://createmy-qr.com/ko/,"CreateMy-QR | 모든 QR 코드 & 바코드 도구를 한 곳에서
CreateMy-QR | 모든 QR 코드 & 바코드 도구를 한 곳에서
home - 무료 온라인 QR 코드 생성기 - CreateMy-QR",text/html; charset=utf-8,false,200,0,1,"브라우저에서 직접 home 데이터를 맞춤 QR 코드로 변환하세요. 절대적인 개인정보 보호를 위해 100% 오프라인으로 처리됩니다. 무료이며 제한이 없으며 매우 안전합니다.
37가지 유형의 QR 코드와 바코드를 무료로 생성하세요. 가입 불필요. 즉시 다운로드. 100% 클라이언트 사이드, ISO/IEC 18004 준수, 30개 언어 지원.
37가지 유형의 QR 코드와 바코드를 무료로 생성하세요. 가입 불필요. 즉시 다운로드. 100% 클라이언트 사이드, ISO/IEC 18004 준수, 30개 언어 지원.",,,"95
93
93",3,true
21,https://createmy-qr.com/ms/syarat-perkhidmatan,"Penjana Kod QR Percuma Dalam Talian - CreateMy-QR (No Signup) | Syarat Perkhidmatan
Penjana Kod QR types.terms - Percuma & Tersuai | CreateMy-QR
Syarat Perkhidmatan | CreateMy-QR",text/html; charset=utf-8,false,200,0,0,"Learn more about CreateMy-QR terms of service.
Tukar data types.terms anda kepada kod QR tersuai terus dalam penyemak imbas anda. 100% diproses di luar talian untuk privasi mutlak. Percuma, tiada had dan sangat selamat.",,,"46
172",2,true
21,https://createmy-qr.com/vi/chinh-sach-bao-mat,"Tạo Mã QR Miễn Phí Trực Tuyến - CreateMy-QR (No Signup) | Chính sách bảo mật
Trình tạo mã QR types.privacy - Miễn phí & Tùy chỉnh | CreateMy-QR
Chính sách bảo mật | CreateMy-QR",text/html; charset=utf-8,false,200,0,0,"Learn more about CreateMy-QR privacy policy.
Chuyển đổi dữ liệu types.privacy của bạn thành mã QR tùy chỉnh trực tiếp trong trình duyệt của bạn. 100% được xử lý ngoại tuyến để đảm bảo quyền riêng tư tuyệt đối. Miễn phí, không giới hạn và có tính bảo mật cao.",,,"44
213",2,true
21,https://createmy-qr.com/fr/cas-d-utilisation,"Générateur de Code QR Gratuit en Ligne - CreateMy-QR (No Signup) | Cas d'utilisation
Générateur de code QR types.usecases - Gratuit et personnalisé | CreateMy-QR
Cas d'utilisation | CreateMy-QR",text/html; charset=utf-8,false,200,0,0,"Learn more about CreateMy-QR use cases.
Convertissez vos données types.usecases en un code QR personnalisé directement dans votre navigateur. 100 % traité hors ligne pour une confidentialité absolue. Gratuit, sans limites et hautement sécurisé.",,,"39
204",2,true
21,https://createmy-qr.com/uk/100-bezkoshtovni-cini,"Безкоштовний Генератор QR-кодів Онлайн - CreateMy-QR (No Signup) | 100% безкоштовні ціни
Генератор QR-коду types.pricing – безкоштовний і користувацький | CreateMy-QR
100% безкоштовні ціни | CreateMy-QR",text/html; charset=utf-8,false,200,0,0,"Learn more about CreateMy-QR 100% free pricing.
Перетворіть свої дані types.pricing на власний QR-код безпосередньо у своєму браузері. 100% обробка офлайн для повної конфіденційності. Безкоштовно, без обмежень і дуже безпечно.",,,"47
178",2,true
21,https://createmy-qr.com/zh/wen-jian-mian-fei-zai-xian-er-wei-ma-sheng-cheng-qi,"文件 QR 代码生成器 - 免费和自定义 | CreateMy-QR
文件 - 免费在线二维码生成器 - CreateMy-QR",text/html; charset=utf-8,false,200,0,0,"直接在浏览器中将您的 文件 数据转换为自定义二维码。 100% 离线处理，绝对隐私。免费、无限制且高度安全。
直接在浏览器中将您的 文件 数据转换为自定义二维码。 100% 离线处理，绝对隐私。免费、无限制且高度安全。",,,"54
54",2,true
21,https://createmy-qr.com/tr/araclari-karsilastir,"Ücretsiz Çevrimiçi QR Kod Oluşturucu - CreateMy-QR (No Signup) | Araçları Karşılaştır
types.compare QR Kod Oluşturucu - Ücretsiz ve Özel | CreateMy-QR
Araçları Karşılaştır | CreateMy-QR",text/html; charset=utf-8,false,200,0,0,"Learn more about CreateMy-QR compare tools.
types.compare verilerinizi doğrudan tarayıcınızda özel bir QR koduna dönüştürün. Mutlak gizlilik için %100 çevrimdışı işlenir. Ücretsiz, sınırsız ve son derece güvenli.",,,"43
168",2,true
21,https://createmy-qr.com/fr/langues-prises-en-charge,"Générateur de Code QR Gratuit en Ligne - CreateMy-QR (No Signup) | Langues prises en charge
Générateur de code QR types.languages - Gratuit et personnalisé | CreateMy-QR
Langues prises en charge | CreateMy-QR",text/html; charset=utf-8,false,200,0,0,"Learn more about CreateMy-QR supported languages.
Convertissez vos données types.languages en un code QR personnalisé directement dans votre navigateur. 100 % traité hors ligne pour une confidentialité absolue. Gratuit, sans limites et hautement sécurisé.",,,"49
205",2,true
21,https://createmy-qr.com/ja/pdf-wu-liao-qrkodozuo-cheng-zienereta,"PDF QR コード ジェネレーター - 無料 & カスタム | CreateMy-QR
PDF - 無料QRコード作成・ジェネレーター - CreateMy-QR",text/html; charset=utf-8,false,200,0,0,"ブラウザで直接、PDF データをカスタム QR コードに変換します。完全なプライバシーを確​​保するために 100% オフラインで処理されます。無料、制限なし、そして非常に安全です。
ブラウザで直接、PDF データをカスタム QR コードに変換します。完全なプライバシーを確​​保するために 100% オフラインで処理されます。無料、制限なし、そして非常に安全です。",,,"91
91",2,true
21,https://createmy-qr.com/it/chi-siamo,"Generatore di Codici QR Gratis Online - CreateMy-QR (No Signup) | Chi siamo
Generatore di codici QR types.about - Gratuito e personalizzato | CreateMy-QR
Chi siamo | CreateMy-QR",text/html; charset=utf-8,false,200,0,0,"Learn more about CreateMy-QR about us.
Converti i tuoi dati types.about in un codice QR personalizzato direttamente nel tuo browser. Elaborato offline al 100% per una privacy assoluta. Gratuito, senza limiti e altamente sicuro.",,,"38
188",2,true
21,https://createmy-qr.com/zh/an-quan-jia-gou,"免费在线二维码生成器 - CreateMy-QR (No Signup) | 安全架构
types.security QR 代码生成器 - 免费和自定义 | CreateMy-QR
安全架构 | CreateMy-QR",text/html; charset=utf-8,false,200,0,0,"Learn more about CreateMy-QR security architecture.
直接在浏览器中将您的 types.security 数据转换为自定义二维码。 100% 离线处理，绝对隐私。免费、无限制且高度安全。",,,"51
66",2,true
21,https://createmy-qr.com/no/personvernerklaering,"Gratis QR-kode Generator Online - CreateMy-QR (No Signup) | Personvernerklæring
types.privacy QR Code Generator - Gratis og tilpasset | CreateMy-QR
Personvernerklæring | CreateMy-QR",text/html; charset=utf-8,false,200,0,0,"Learn more about CreateMy-QR privacy policy.
Konverter types.privacy-dataene dine til en tilpasset QR-kode direkte i nettleseren din. 100 % behandlet offline for absolutt personvern. Gratis, ingen grenser og svært sikker.",,,"44
176",2,true
21,https://createmy-qr.com/ja/sms-wu-liao-qrkodozuo-cheng-zienereta,"SMS QR コード ジェネレーター - 無料 & カスタム | CreateMy-QR
SMS - 無料QRコード作成・ジェネレーター - CreateMy-QR",text/html; charset=utf-8,false,200,0,0,"ブラウザで直接、SMS データをカスタム QR コードに変換します。完全なプライバシーを確​​保するために 100% オフラインで処理されます。無料、制限なし、そして非常に安全です。
ブラウザで直接、SMS データをカスタム QR コードに変換します。完全なプライバシーを確​​保するために 100% オフラインで処理されます。無料、制限なし、そして非常に安全です。",,,"91
91",2,true
21,https://createmy-qr.com/ko/jeonhwa-muryo-onrain-qr-kodeu-saengseonggi,"전화 QR 코드 생성기 - 무료 및 사용자 정의 | CreateMy-QR
전화 - 무료 온라인 QR 코드 생성기 - CreateMy-QR",text/html; charset=utf-8,false,200,0,0,"브라우저에서 직접 전화 데이터를 맞춤 QR 코드로 변환하세요. 절대적인 개인정보 보호를 위해 100% 오프라인으로 처리됩니다. 무료이며 제한이 없으며 매우 안전합니다.
브라우저에서 직접 전화 데이터를 맞춤 QR 코드로 변환하세요. 절대적인 개인정보 보호를 위해 100% 오프라인으로 처리됩니다. 무료이며 제한이 없으며 매우 안전합니다.",,,"93
93",2,true
21,https://createmy-qr.com/sv/sakerhetsarkitektur,"Gratis QR-kod Generator Online - CreateMy-QR (No Signup) | Säkerhetsarkitektur
types.security QR Code Generator - Gratis & anpassad | CreateMy-QR
Säkerhetsarkitektur | CreateMy-QR",text/html; charset=utf-8,false,200,0,0,"Learn more about CreateMy-QR security architecture.
Konvertera dina types.security-data till en anpassad QR-kod direkt i din webbläsare. 100 % bearbetad offline för absolut integritet. Gratis, inga gränser och mycket säker.",,,"51
171",2,true
21,https://createmy-qr.com/zh/pdf-mian-fei-zai-xian-er-wei-ma-sheng-cheng-qi,"PDF QR 代码生成器 - 免费和自定义 | CreateMy-QR
PDF - 免费在线二维码生成器 - CreateMy-QR",text/html; charset=utf-8,false,200,0,0,"直接在浏览器中将您的 PDF 数据转换为自定义二维码。 100% 离线处理，绝对隐私。免费、无限制且高度安全。
直接在浏览器中将您的 PDF 数据转换为自定义二维码。 100% 离线处理，绝对隐私。免费、无限制且高度安全。",,,"55
55",2,true
21,https://createmy-qr.com/cs/zasady-ochrany-osobnich-udaju,"Zdarma Online Generátor QR Kódů - CreateMy-QR (No Signup) | Zásady ochrany osobních údajů
types.privacy generátor QR kódu – zdarma a na míru | CreateMy-QR
Zásady ochrany osobních údajů | CreateMy-QR",text/html; charset=utf-8,false,200,0,0,"Learn more about CreateMy-QR privacy policy.
Převeďte svá data types.privacy na vlastní QR kód přímo ve vašem prohlížeči. 100% zpracováno offline pro absolutní soukromí. Zdarma, bez omezení a vysoce bezpečné.",,,"44
163",2,true
21,https://createmy-qr.com/zh/google-review-mian-fei-zai-xian-er-wei-ma-sheng-cheng-qi,"谷歌评论 QR 代码生成器 - 免费和自定义 | CreateMy-QR
谷歌评论 - 免费在线二维码生成器 - CreateMy-QR",text/html; charset=utf-8,false,200,0,0,"直接在浏览器中将您的 谷歌评论 数据转换为自定义二维码。 100% 离线处理，绝对隐私。免费、无限制且高度安全。
直接在浏览器中将您的 谷歌评论 数据转换为自定义二维码。 100% 离线处理，绝对隐私。免费、无限制且高度安全。",,,"56
56",2,true
21,https://createmy-qr.com/sv/sprak-som-stods,"Gratis QR-kod Generator Online - CreateMy-QR (No Signup) | Språk som stöds
types.languages QR Code Generator - Gratis & anpassad | CreateMy-QR
Språk som stöds | CreateMy-QR",text/html; charset=utf-8,false,200,0,0,"Learn more about CreateMy-QR supported languages.
Konvertera dina types.languages-data till en anpassad QR-kod direkt i din webbläsare. 100 % bearbetad offline för absolut integritet. Gratis, inga gränser och mycket säker.",,,"49
172",2,true
21,https://createmy-qr.com/it/lingue-supportate,"Generatore di Codici QR Gratis Online - CreateMy-QR (No Signup) | Lingue supportate
Generatore di codici QR types.languages - Gratuito e personalizzato | CreateMy-QR
Lingue supportate | CreateMy-QR",text/html; charset=utf-8,false,200,0,0,"Learn more about CreateMy-QR supported languages.
Converti i tuoi dati types.languages in un codice QR personalizzato direttamente nel tuo browser. Elaborato offline al 100% per una privacy assoluta. Gratuito, senza limiti e altamente sicuro.",,,"49
192",2,true
21,https://createmy-qr.com/zh/x-tui-te-mian-fei-zai-xian-er-wei-ma-sheng-cheng-qi,"X（推特） QR 代码生成器 - 免费和自定义 | CreateMy-QR
X（推特） - 免费在线二维码生成器 - CreateMy-QR",text/html; charset=utf-8,false,200,0,0,"直接在浏览器中将您的 X（推特） 数据转换为自定义二维码。 100% 离线处理，绝对隐私。免费、无限制且高度安全。
直接在浏览器中将您的 X（推特） 数据转换为自定义二维码。 100% 离线处理，绝对隐私。免费、无限制且高度安全。",,,"57
57",2,true
21,https://createmy-qr.com/ja/bideo-wu-liao-qrkodozuo-cheng-zienereta,"ビデオ QR コード ジェネレーター - 無料 & カスタム | CreateMy-QR
ビデオ - 無料QRコード作成・ジェネレーター - CreateMy-QR",text/html; charset=utf-8,false,200,0,0,"ブラウザで直接、ビデオ データをカスタム QR コードに変換します。完全なプライバシーを確​​保するために 100% オフラインで処理されます。無料、制限なし、そして非常に安全です。
ブラウザで直接、ビデオ データをカスタム QR コードに変換します。完全なプライバシーを確​​保するために 100% オフラインで処理されます。無料、制限なし、そして非常に安全です。",,,"91
91",2,true
21,https://createmy-qr.com/no/sammenlign-verktoy,"Gratis QR-kode Generator Online - CreateMy-QR (No Signup) | Sammenlign verktøy
types.compare QR Code Generator - Gratis og tilpasset | CreateMy-QR
Sammenlign verktøy | CreateMy-QR",text/html; charset=utf-8,false,200,0,0,"Learn more about CreateMy-QR compare tools.
Konverter types.compare-dataene dine til en tilpasset QR-kode direkte i nettleseren din. 100 % behandlet offline for absolutt personvern. Gratis, ingen grenser og svært sikker.",,,"43
176",2,true
21,https://createmy-qr.com/th/ekiiywkaberaa,"เครื่องมือสร้างคิวอาร์โค้ดออนไลน์ฟรี - CreateMy-QR (No Signup) | เกี่ยวกับเรา
types.about เครื่องสร้างโค้ด QR - ฟรีและกำหนดเอง | CreateMy-QR
เกี่ยวกับเรา | CreateMy-QR",text/html; charset=utf-8,false,200,0,0,"Learn more about CreateMy-QR about us.
แปลงข้อมูล types.about ของคุณให้เป็นโค้ด QR ที่กำหนดเองได้โดยตรงในเบราว์เซอร์ของคุณ ประมวลผลแบบออฟไลน์ 100% เพื่อความเป็นส่วนตัวอย่างแท้จริง ฟรี ไม่จำกัด และมีความปลอดภัยสูง",,,"38
173",2,true
21,https://createmy-qr.com/ko/google-review-muryo-onrain-qr-kodeu-saengseonggi,"구글 리뷰 QR 코드 생성기 - 무료 및 사용자 정의 | CreateMy-QR
구글 리뷰 - 무료 온라인 QR 코드 생성기 - CreateMy-QR",text/html; charset=utf-8,false,200,0,0,"브라우저에서 직접 구글 리뷰 데이터를 맞춤 QR 코드로 변환하세요. 절대적인 개인정보 보호를 위해 100% 오프라인으로 처리됩니다. 무료이며 제한이 없으며 매우 안전합니다.
브라우저에서 직접 구글 리뷰 데이터를 맞춤 QR 코드로 변환하세요. 절대적인 개인정보 보호를 위해 100% 오프라인으로 처리됩니다. 무료이며 제한이 없으며 매우 안전합니다.",,,"96
96",2,true
21,https://createmy-qr.com/es/arquitectura-de-seguridad,"Generador de Códigos QR Gratis Online - CreateMy-QR (No Signup) | Arquitectura de seguridad
Generador de códigos QR types.security: gratuito y personalizado | CreateMy-QR
Arquitectura de seguridad | CreateMy-QR",text/html; charset=utf-8,false,200,0,0,"Learn more about CreateMy-QR security architecture.
Convierta sus datos de types.security en un código QR personalizado directamente en su navegador. 100% procesado fuera de línea para absoluta privacidad. Gratis, sin límites y muy seguro.",,,"51
187",2,true
21,https://createmy-qr.com/nl/beveiligingsarchitectuur,"Gratis QR Code Generator Online - CreateMy-QR (No Signup) | Beveiligingsarchitectuur
types.security QR-codegenerator - gratis en aangepast | CreateMy-QR
Beveiligingsarchitectuur | CreateMy-QR",text/html; charset=utf-8,false,200,0,0,"Learn more about CreateMy-QR security architecture.
Converteer uw types.security-gegevens rechtstreeks in uw browser naar een aangepaste QR-code. 100% offline verwerkt voor absolute privacy. Gratis, geen grenzen en zeer veilig.",,,"51
175",2,true
21,https://createmy-qr.com/ja/tekisuto-wu-liao-qrkodozuo-cheng-zienereta,"テキスト QR コード ジェネレーター - 無料 & カスタム | CreateMy-QR
テキスト - 無料QRコード作成・ジェネレーター - CreateMy-QR",text/html; charset=utf-8,false,200,0,0,"ブラウザで直接、テキスト データをカスタム QR コードに変換します。完全なプライバシーを確​​保するために 100% オフラインで処理されます。無料、制限なし、そして非常に安全です。
ブラウザで直接、テキスト データをカスタム QR コードに変換します。完全なプライバシーを確​​保するために 100% オフラインで処理されます。無料、制限なし、そして非常に安全です。",,,"92
92",2,true
21,https://createmy-qr.com/ja/bakodosukiyana-wu-liao-qrkodozuo-cheng-zienereta,"無料のオンラインバーコードスキャナー - UPC と EAN をスキャン
バーコードスキャナー QR コード ジェネレーター - 無料 & カスタム | CreateMy-QR
バーコードスキャナー - 無料QRコード作成・ジェネレーター - CreateMy-QR",text/html; charset=utf-8,false,200,0,0,"ブラウザで直接、バーコードスキャナー データをカスタム QR コードに変換します。完全なプライバシーを確​​保するために 100% オフラインで処理されます。無料、制限なし、そして非常に安全です。
ブラウザで直接、バーコードスキャナー データをカスタム QR コードに変換します。完全なプライバシーを確​​保するために 100% オフラインで処理されます。無料、制限なし、そして非常に安全です。
デバイスのカメラを使用してバーコードをオンラインで無料でスキャンするか、画像をアップロードします。UPC、EAN、Code 128 などをサポートします。100% プライベートで安全です。",,,"98
98
94",3,true
21,https://createmy-qr.com/th/epriiybethiiybekhruue-ngmuue,"เครื่องมือสร้างคิวอาร์โค้ดออนไลน์ฟรี - CreateMy-QR (No Signup) | เปรียบเทียบเครื่องมือ
types.compare เครื่องสร้างโค้ด QR - ฟรีและกำหนดเอง | CreateMy-QR
เปรียบเทียบเครื่องมือ | CreateMy-QR",text/html; charset=utf-8,false,200,0,0,"Learn more about CreateMy-QR compare tools.
แปลงข้อมูล types.compare ของคุณให้เป็นโค้ด QR ที่กำหนดเองได้โดยตรงในเบราว์เซอร์ของคุณ ประมวลผลแบบออฟไลน์ 100% เพื่อความเป็นส่วนตัวอย่างแท้จริง ฟรี ไม่จำกัด และมีความปลอดภัยสูง",,,"43
175",2,true
21,https://createmy-qr.com/ru/politika-konfidencialnosti,"Бесплатный генератор QR-кодов онлайн - CreateMy-QR (No Signup) | Политика конфиденциальности
types.privacy Генератор QR-кодов — бесплатный и настраиваемый | CreateMy-QR
Политика конфиденциальности | CreateMy-QR",text/html; charset=utf-8,false,200,0,0,"Learn more about CreateMy-QR privacy policy.
Преобразуйте данные types.privacy в собственный QR-код прямо в браузере. 100% обработка в автономном режиме для абсолютной конфиденциальности. Бесплатно, без ограничений и очень безопасно.",,,"44
188",2,true
21,https://createmy-qr.com/ja/wan-quan-wu-liao-nojia-ge,"無料QRコード作成・ジェネレーター - CreateMy-QR (No Signup) | 完全無料の価格
types.pricing QR コード ジェネレーター - 無料 & カスタム | CreateMy-QR
完全無料の価格 | CreateMy-QR",text/html; charset=utf-8,false,200,0,0,"Learn more about CreateMy-QR 100% free pricing.
ブラウザで直接、types.pricing データをカスタム QR コードに変換します。完全なプライバシーを確​​保するために 100% オフラインで処理されます。無料、制限なし、そして非常に安全です。",,,"47
101",2,true
21,https://createmy-qr.com/es/idiomas-admitidos,"Generador de Códigos QR Gratis Online - CreateMy-QR (No Signup) | Idiomas admitidos
Generador de códigos QR types.languages: gratuito y personalizado | CreateMy-QR
Idiomas admitidos | CreateMy-QR",text/html; charset=utf-8,false,200,0,0,"Learn more about CreateMy-QR supported languages.
Convierta sus datos de types.languages en un código QR personalizado directamente en su navegador. 100% procesado fuera de línea para absoluta privacidad. Gratis, sin límites y muy seguro.",,,"49
188",2,true
21,https://createmy-qr.com/ko/boan-akitegceo,"무료 온라인 QR 코드 생성기 - CreateMy-QR (No Signup) | 보안 아키텍처
types.security QR 코드 생성기 - 무료 및 사용자 정의 | CreateMy-QR
보안 아키텍처 | CreateMy-QR",text/html; charset=utf-8,false,200,0,0,"Learn more about CreateMy-QR security architecture.
브라우저에서 직접 types.security 데이터를 맞춤 QR 코드로 변환하세요. 절대적인 개인정보 보호를 위해 100% 오프라인으로 처리됩니다. 무료이며 제한이 없으며 매우 안전합니다.",,,"51
105",2,true
21,https://createmy-qr.com/da/sikkerhedsarkitektur,"Gratis QR Kode Generator Online - CreateMy-QR (No Signup) | Sikkerhedsarkitektur
types.security QR Code Generator - Gratis og brugerdefineret | CreateMy-QR
Sikkerhedsarkitektur | CreateMy-QR",text/html; charset=utf-8,false,200,0,0,"Learn more about CreateMy-QR security architecture.
Konverter dine types.security-data til en tilpasset QR-kode direkte i din browser. 100 % behandlet offline for absolut privatliv. Gratis, ingen grænser og meget sikker.",,,"51
168",2,true
21,https://createmy-qr.com/zh/tiktok-mian-fei-zai-xian-er-wei-ma-sheng-cheng-qi,"抖音 QR 代码生成器 - 免费和自定义 | CreateMy-QR
抖音 - 免费在线二维码生成器 - CreateMy-QR",text/html; charset=utf-8,false,200,0,0,"直接在浏览器中将您的 抖音 数据转换为自定义二维码。 100% 离线处理，绝对隐私。免费、无限制且高度安全。
直接在浏览器中将您的 抖音 数据转换为自定义二维码。 100% 离线处理，绝对隐私。免费、无限制且高度安全。",,,"54
54",2,true
21,https://createmy-qr.com/cs/o-nas,"Zdarma Online Generátor QR Kódů - CreateMy-QR (No Signup) | O nás
types.about generátor QR kódu – zdarma a na míru | CreateMy-QR
O nás | CreateMy-QR",text/html; charset=utf-8,false,200,0,0,"Learn more about CreateMy-QR about us.
Převeďte svá data types.about na vlastní QR kód přímo ve vašem prohlížeči. 100% zpracováno offline pro absolutní soukromí. Zdarma, bez omezení a vysoce bezpečné.",,,"38
161",2,true
21,https://createmy-qr.com/ja/youtube-wu-liao-qrkodozuo-cheng-zienereta,"YouTube QR コード ジェネレーター - 無料 & カスタム | CreateMy-QR
YouTube - 無料QRコード作成・ジェネレーター - CreateMy-QR",text/html; charset=utf-8,false,200,0,0,"ブラウザで直接、YouTube データをカスタム QR コードに変換します。完全なプライバシーを確​​保するために 100% オフラインで処理されます。無料、制限なし、そして非常に安全です。
ブラウザで直接、YouTube データをカスタム QR コードに変換します。完全なプライバシーを確​​保するために 100% オフラインで処理されます。無料、制限なし、そして非常に安全です。",,,"95
95",2,true
21,https://createmy-qr.com/zh/facebook-mian-fei-zai-xian-er-wei-ma-sheng-cheng-qi,"脸书 QR 代码生成器 - 免费和自定义 | CreateMy-QR
脸书 - 免费在线二维码生成器 - CreateMy-QR",text/html; charset=utf-8,false,200,0,0,"直接在浏览器中将您的 脸书 数据转换为自定义二维码。 100% 离线处理，绝对隐私。免费、无限制且高度安全。
直接在浏览器中将您的 脸书 数据转换为自定义二维码。 100% 离线处理，绝对隐私。免费、无限制且高度安全。",,,"54
54",2,true
21,https://createmy-qr.com/vi/ve-chung-toi,"Tạo Mã QR Miễn Phí Trực Tuyến - CreateMy-QR (No Signup) | Về chúng tôi
Trình tạo mã QR types.about - Miễn phí & Tùy chỉnh | CreateMy-QR
Về chúng tôi | CreateMy-QR",text/html; charset=utf-8,false,200,0,0,"Learn more about CreateMy-QR about us.
Chuyển đổi dữ liệu types.about của bạn thành mã QR tùy chỉnh trực tiếp trong trình duyệt của bạn. 100% được xử lý ngoại tuyến để đảm bảo quyền riêng tư tuyệt đối. Miễn phí, không giới hạn và có tính bảo mật cao.",,,"38
211",2,true
21,https://createmy-qr.com/ja/facebook-wu-liao-qrkodozuo-cheng-zienereta,"フェイスブック QR コード ジェネレーター - 無料 & カスタム | CreateMy-QR
フェイスブック - 無料QRコード作成・ジェネレーター - CreateMy-QR",text/html; charset=utf-8,false,200,0,0,"ブラウザで直接、フェイスブック データをカスタム QR コードに変換します。完全なプライバシーを確​​保するために 100% オフラインで処理されます。無料、制限なし、そして非常に安全です。
ブラウザで直接、フェイスブック データをカスタム QR コードに変換します。完全なプライバシーを確​​保するために 100% オフラインで処理されます。無料、制限なし、そして非常に安全です。",,,"95
95",2,true
21,https://createmy-qr.com/ko/ibenteu-muryo-onrain-qr-kodeu-saengseonggi,"이벤트 QR 코드 생성기 - 무료 및 사용자 정의 | CreateMy-QR
이벤트 - 무료 온라인 QR 코드 생성기 - CreateMy-QR",text/html; charset=utf-8,false,200,0,0,"브라우저에서 직접 이벤트 데이터를 맞춤 QR 코드로 변환하세요. 절대적인 개인정보 보호를 위해 100% 오프라인으로 처리됩니다. 무료이며 제한이 없으며 매우 안전합니다.
브라우저에서 직접 이벤트 데이터를 맞춤 QR 코드로 변환하세요. 절대적인 개인정보 보호를 위해 100% 오프라인으로 처리됩니다. 무료이며 제한이 없으며 매우 안전합니다.",,,"94
94",2,true
21,https://createmy-qr.com/uk/politika-konfidenciynosti,"Безкоштовний Генератор QR-кодів Онлайн - CreateMy-QR (No Signup) | Політика конфіденційності
Генератор QR-коду types.privacy – безкоштовний і користувацький | CreateMy-QR
Політика конфіденційності | CreateMy-QR",text/html; charset=utf-8,false,200,0,0,"Learn more about CreateMy-QR privacy policy.
Перетворіть свої дані types.privacy на власний QR-код безпосередньо у своєму браузері. 100% обробка офлайн для повної конфіденційності. Безкоштовно, без обмежень і дуже безпечно.",,,"44
178",2,true
21,https://createmy-qr.com/tl/mga-sinusuportahang-wika,"Libreng Online QR Code Generator - CreateMy-QR (No Signup) | Mga Sinusuportahang Wika
types.languages QR Code Generator - Libre at Custom | CreateMy-QR
Mga Sinusuportahang Wika | CreateMy-QR",text/html; charset=utf-8,false,200,0,0,"Learn more about CreateMy-QR supported languages.
I-convert ang iyong types.languages data sa isang custom na QR code nang direkta sa iyong browser. 100% na naproseso offline para sa ganap na privacy. Libre, walang limitasyon, at lubos na secure.",,,"49
196",2,true
21,https://createmy-qr.com/ja/whatsapp-wu-liao-qrkodozuo-cheng-zienereta,"WhatsApp QR コード ジェネレーター - 無料 & カスタム | CreateMy-QR
WhatsApp - 無料QRコード作成・ジェネレーター - CreateMy-QR",text/html; charset=utf-8,false,200,0,0,"ブラウザで直接、WhatsApp データをカスタム QR コードに変換します。完全なプライバシーを確​​保するために 100% オフラインで処理されます。無料、制限なし、そして非常に安全です。
ブラウザで直接、WhatsApp データをカスタム QR コードに変換します。完全なプライバシーを確​​保するために 100% オフラインで処理されます。無料、制限なし、そして非常に安全です。",,,"96
96",2,true
21,https://createmy-qr.com/cs/bezpecnostni-architektura,"Zdarma Online Generátor QR Kódů - CreateMy-QR (No Signup) | Bezpečnostní architektura
types.security generátor QR kódu – zdarma a na míru | CreateMy-QR
Bezpečnostní architektura | CreateMy-QR",text/html; charset=utf-8,false,200,0,0,"Learn more about CreateMy-QR security architecture.
Převeďte svá data types.security na vlastní QR kód přímo ve vašem prohlížeči. 100% zpracováno offline pro absolutní soukromí. Zdarma, bez omezení a vysoce bezpečné.",,,"51
164",2,true
21,https://createmy-qr.com/ja/instagram-wu-liao-qrkodozuo-cheng-zienereta,"インスタグラム QR コード ジェネレーター - 無料 & カスタム | CreateMy-QR
インスタグラム - 無料QRコード作成・ジェネレーター - CreateMy-QR",text/html; charset=utf-8,false,200,0,0,"ブラウザで直接、インスタグラム データをカスタム QR コードに変換します。完全なプライバシーを確​​保するために 100% オフラインで処理されます。無料、制限なし、そして非常に安全です。
ブラウザで直接、インスタグラム データをカスタム QR コードに変換します。完全なプライバシーを確​​保するために 100% オフラインで処理されます。無料、制限なし、そして非常に安全です。",,,"95
95",2,true
21,https://createmy-qr.com/tr/desteklenen-diller,"Ücretsiz Çevrimiçi QR Kod Oluşturucu - CreateMy-QR (No Signup) | Desteklenen Diller
types.languages QR Kod Oluşturucu - Ücretsiz ve Özel | CreateMy-QR
Desteklenen Diller | CreateMy-QR",text/html; charset=utf-8,false,200,0,0,"Learn more about CreateMy-QR supported languages.
types.languages verilerinizi doğrudan tarayıcınızda özel bir QR koduna dönüştürün. Mutlak gizlilik için %100 çevrimdışı işlenir. Ücretsiz, sınırsız ve son derece güvenli.",,,"49
170",2,true
21,https://createmy-qr.com/zh/email-mian-fei-zai-xian-er-wei-ma-sheng-cheng-qi,"电子邮件 QR 代码生成器 - 免费和自定义 | CreateMy-QR
电子邮件 - 免费在线二维码生成器 - CreateMy-QR",text/html; charset=utf-8,false,200,0,0,"直接在浏览器中将您的 电子邮件 数据转换为自定义二维码。 100% 离线处理，绝对隐私。免费、无限制且高度安全。
直接在浏览器中将您的 电子邮件 数据转换为自定义二维码。 100% 离线处理，绝对隐私。免费、无限制且高度安全。",,,"56
56",2,true
21,https://createmy-qr.com/ja/vcard-wu-liao-qrkodozuo-cheng-zienereta,"vCard QR コード ジェネレーター - 無料 & カスタム | CreateMy-QR
vCard - 無料QRコード作成・ジェネレーター - CreateMy-QR",text/html; charset=utf-8,false,200,0,0,"ブラウザで直接、vCard データをカスタム QR コードに変換します。完全なプライバシーを確​​保するために 100% オフラインで処理されます。無料、制限なし、そして非常に安全です。
ブラウザで直接、vCard データをカスタム QR コードに変換します。完全なプライバシーを確​​保するために 100% オフラインで処理されます。無料、制限なし、そして非常に安全です。",,,"93
93",2,true
21,https://createmy-qr.com/ja/url-link-wu-liao-qrkodozuo-cheng-zienereta,"無料QRコード作成・ジェネレーター - CreateMy-QR (No Signup) | CreateMy-QR
無料QRコード作成・ジェネレーター - CreateMy-QR (No Signup)",text/html; charset=utf-8,false,200,0,0,"ロゴとカラーでQRコードを作成 - 登録不要、無制限に無料で利用可能. 100% privacy-safe, client-side generation without signup. Try CreateMy-QR today.
ブラウザで直接、URL / リンク データをカスタム QR コードに変換します。完全なプライバシーを確​​保するために 100% オフラインで処理されます。無料、制限なし、そして非常に安全です。",,,"116
97",2,true
21,https://createmy-qr.com/sv/om-oss,"Gratis QR-kod Generator Online - CreateMy-QR (No Signup) | Om oss
types.about QR Code Generator - Gratis & anpassad | CreateMy-QR
Om oss | CreateMy-QR",text/html; charset=utf-8,false,200,0,0,"Learn more about CreateMy-QR about us.
Konvertera dina types.about-data till en anpassad QR-kod direkt i din webbläsare. 100 % bearbetad offline för absolut integritet. Gratis, inga gränser och mycket säker.",,,"38
168",2,true
21,https://createmy-qr.com/ar/dwt-lmqrn,"مولد رمز الاستجابة السريعة مجاني - CreateMy-QR (No Signup) | أدوات المقارنة
types.compare QR Code Generator - مجاني ومخصص | CreateMy-QR
أدوات المقارنة | CreateMy-QR",text/html; charset=utf-8,false,200,0,0,"Learn more about CreateMy-QR compare tools.
قم بتحويل بيانات types.compare الخاصة بك إلى رمز QR مخصص مباشرةً في متصفحك. تمت معالجتها بنسبة 100% دون الاتصال بالإنترنت لتوفير الخصوصية المطلقة. مجاني، بلا حدود، وآمن للغاية.",,,"43
176",2,true
21,https://createmy-qr.com/nl/100-gratis-prijzen,"Gratis QR Code Generator Online - CreateMy-QR (No Signup) | 100% gratis prijzen
types.pricing QR-codegenerator - gratis en aangepast | CreateMy-QR
100% gratis prijzen | CreateMy-QR",text/html; charset=utf-8,false,200,0,0,"Learn more about CreateMy-QR 100% free pricing.
Converteer uw types.pricing-gegevens rechtstreeks in uw browser naar een aangepaste QR-code. 100% offline verwerkt voor absolute privacy. Gratis, geen grenzen en zeer veilig.",,,"47
174",2,true
21,https://createmy-qr.com/es/politica-de-privacidad,"Generador de Códigos QR Gratis Online - CreateMy-QR (No Signup) | Política de privacidad
Generador de códigos QR types.privacy: gratuito y personalizado | CreateMy-QR
Política de privacidad | CreateMy-QR",text/html; charset=utf-8,false,200,0,0,"Learn more about CreateMy-QR privacy policy.
Convierta sus datos de types.privacy en un código QR personalizado directamente en su navegador. 100% procesado fuera de línea para absoluta privacidad. Gratis, sin límites y muy seguro.",,,"44
186",2,true
21,https://createmy-qr.com/fi/kayttotapaukset,"Ilmainen QR-koodigeneraattori Netissä - CreateMy-QR (No Signup) | Käyttötapaukset
types.usecases QR-koodigeneraattori - ilmainen ja räätälöity | CreateMy-QR
Käyttötapaukset | CreateMy-QR",text/html; charset=utf-8,false,200,0,0,"Learn more about CreateMy-QR use cases.
Muunna types.usecases-tietosi mukautetuksi QR-koodiksi suoraan selaimessasi. 100 % käsitelty offline-tilassa täydellisen yksityisyyden takaamiseksi. Ilmainen, ei rajoituksia ja erittäin turvallinen.",,,"39
198",2,true
21,https://createmy-qr.com/zh/fu-wu-tiao-kuan,"免费在线二维码生成器 - CreateMy-QR (No Signup) | 服务条款
types.terms QR 代码生成器 - 免费和自定义 | CreateMy-QR
服务条款 | CreateMy-QR",text/html; charset=utf-8,false,200,0,0,"Learn more about CreateMy-QR terms of service.
直接在浏览器中将您的 types.terms 数据转换为自定义二维码。 100% 离线处理，绝对隐私。免费、无限制且高度安全。",,,"46
63",2,true
21,https://createmy-qr.com/th/kh-kamhndainkaaraihbrikaar,"เครื่องมือสร้างคิวอาร์โค้ดออนไลน์ฟรี - CreateMy-QR (No Signup) | ข้อกำหนดในการให้บริการ
types.terms เครื่องสร้างโค้ด QR - ฟรีและกำหนดเอง | CreateMy-QR
ข้อกำหนดในการให้บริการ | CreateMy-QR",text/html; charset=utf-8,false,200,0,0,"Learn more about CreateMy-QR terms of service.
แปลงข้อมูล types.terms ของคุณให้เป็นโค้ด QR ที่กำหนดเองได้โดยตรงในเบราว์เซอร์ของคุณ ประมวลผลแบบออฟไลน์ 100% เพื่อความเป็นส่วนตัวอย่างแท้จริง ฟรี ไม่จำกัด และมีความปลอดภัยสูง",,,"46
173",2,true
21,https://createmy-qr.com/da/use-cases,"Gratis QR Kode Generator Online - CreateMy-QR (No Signup) | Use Cases
types.usecases QR Code Generator - Gratis og brugerdefineret | CreateMy-QR
Use Cases | CreateMy-QR",text/html; charset=utf-8,false,200,0,0,"Learn more about CreateMy-QR use cases.
Konverter dine types.usecases-data til en tilpasset QR-kode direkte i din browser. 100 % behandlet offline for absolut privatliv. Gratis, ingen grænser og meget sikker.",,,"39
168",2,true
21,https://createmy-qr.com/cs/100-bezplatna-cena,"Zdarma Online Generátor QR Kódů - CreateMy-QR (No Signup) | 100% bezplatná cena
types.pricing generátor QR kódu – zdarma a na míru | CreateMy-QR
100% bezplatná cena | CreateMy-QR",text/html; charset=utf-8,false,200,0,0,"Learn more about CreateMy-QR 100% free pricing.
Převeďte svá data types.pricing na vlastní QR kód přímo ve vašem prohlížeči. 100% zpracováno offline pro absolutní soukromí. Zdarma, bez omezení a vysoce bezpečné.",,,"47
163",2,true
21,https://createmy-qr.com/pt/casos-de-uso,"Gerador de Código QR Grátis Online - CreateMy-QR (No Signup) | Casos de uso
Gerador de código QR types.usecases - gratuito e personalizado | CreateMy-QR
Casos de uso | CreateMy-QR",text/html; charset=utf-8,false,200,0,0,"Learn more about CreateMy-QR use cases.
Converta seus dados do types.usecases em um código QR personalizado diretamente no seu navegador. 100% processado offline para privacidade absoluta. Gratuito, sem limites e altamente seguro.",,,"39
190",2,true
21,https://createmy-qr.com/bn/ttul-tulnaa-krun,"ফ্রি অনলাইন কিউআর কোড জেনারেটর - CreateMy-QR (No Signup) | টুল তুলনা করুন
types.compare QR কোড জেনারেটর - বিনামূল্যে এবং কাস্টম | CreateMy-QR
টুল তুলনা করুন | CreateMy-QR",text/html; charset=utf-8,false,200,0,0,"Learn more about CreateMy-QR compare tools.
আপনার ব্রাউজারে সরাসরি একটি কাস্টম QR কোডে আপনার types.compare ডেটা রূপান্তর করুন। সম্পূর্ণ গোপনীয়তার জন্য 100% অফলাইনে প্রক্রিয়া করা হয়েছে। বিনামূল্যে, কোন সীমা নেই, এবং অত্যন্ত নিরাপদ।",,,"43
189",2,true
21,https://createmy-qr.com/vi/kien-truc-bao-mat,"Tạo Mã QR Miễn Phí Trực Tuyến - CreateMy-QR (No Signup) | Kiến trúc bảo mật
Trình tạo mã QR types.security - Miễn phí & Tùy chỉnh | CreateMy-QR
Kiến trúc bảo mật | CreateMy-QR",text/html; charset=utf-8,false,200,0,0,"Learn more about CreateMy-QR security architecture.
Chuyển đổi dữ liệu types.security của bạn thành mã QR tùy chỉnh trực tiếp trong trình duyệt của bạn. 100% được xử lý ngoại tuyến để đảm bảo quyền riêng tư tuyệt đối. Miễn phí, không giới hạn và có tính bảo mật cao.",,,"51
214",2,true
21,https://createmy-qr.com/ko/facebook-muryo-onrain-qr-kodeu-saengseonggi,"페이스북 QR 코드 생성기 - 무료 및 사용자 정의 | CreateMy-QR
페이스북 - 무료 온라인 QR 코드 생성기 - CreateMy-QR",text/html; charset=utf-8,false,200,0,0,"브라우저에서 직접 페이스북 데이터를 맞춤 QR 코드로 변환하세요. 절대적인 개인정보 보호를 위해 100% 오프라인으로 처리됩니다. 무료이며 제한이 없으며 매우 안전합니다.
브라우저에서 직접 페이스북 데이터를 맞춤 QR 코드로 변환하세요. 절대적인 개인정보 보호를 위해 100% 오프라인으로 처리됩니다. 무료이며 제한이 없으며 매우 안전합니다.",,,"95
95",2,true
21,https://createmy-qr.com/da/100-gratis-pris,"Gratis QR Kode Generator Online - CreateMy-QR (No Signup) | 100 % gratis pris
types.pricing QR Code Generator - Gratis og brugerdefineret | CreateMy-QR
100 % gratis pris | CreateMy-QR",text/html; charset=utf-8,false,200,0,0,"Learn more about CreateMy-QR 100% free pricing.
Konverter dine types.pricing-data til en tilpasset QR-kode direkte i din browser. 100 % behandlet offline for absolut privatliv. Gratis, ingen grænser og meget sikker.",,,"47
167",2,true
21,https://createmy-qr.com/ko/bidio-muryo-onrain-qr-kodeu-saengseonggi,"비디오 QR 코드 생성기 - 무료 및 사용자 정의 | CreateMy-QR
비디오 - 무료 온라인 QR 코드 생성기 - CreateMy-QR",text/html; charset=utf-8,false,200,0,0,"브라우저에서 직접 비디오 데이터를 맞춤 QR 코드로 변환하세요. 절대적인 개인정보 보호를 위해 100% 오프라인으로 처리됩니다. 무료이며 제한이 없으며 매우 안전합니다.
브라우저에서 직접 비디오 데이터를 맞춤 QR 코드로 변환하세요. 절대적인 개인정보 보호를 위해 100% 오프라인으로 처리됩니다. 무료이며 제한이 없으며 매우 안전합니다.",,,"94
94",2,true
21,https://createmy-qr.com/it/confronta-strumenti,"Generatore di Codici QR Gratis Online - CreateMy-QR (No Signup) | Confronta strumenti
Generatore di codici QR types.compare - Gratuito e personalizzato | CreateMy-QR
Confronta strumenti | CreateMy-QR",text/html; charset=utf-8,false,200,0,0,"Learn more about CreateMy-QR compare tools.
Converti i tuoi dati types.compare in un codice QR personalizzato direttamente nel tuo browser. Elaborato offline al 100% per una privacy assoluta. Gratuito, senza limiti e altamente sicuro.",,,"43
190",2,true
21,https://createmy-qr.com/zh/wi-fi-mian-fei-zai-xian-er-wei-ma-sheng-cheng-qi,"无线网络 QR 代码生成器 - 免费和自定义 | CreateMy-QR
无线网络 - 免费在线二维码生成器 - CreateMy-QR",text/html; charset=utf-8,false,200,0,0,"直接在浏览器中将您的 无线网络 数据转换为自定义二维码。 100% 离线处理，绝对隐私。免费、无限制且高度安全。
直接在浏览器中将您的 无线网络 数据转换为自定义二维码。 100% 离线处理，绝对隐私。免费、无限制且高度安全。",,,"56
56",2,true
21,https://createmy-qr.com/ko/app-store-muryo-onrain-qr-kodeu-saengseonggi,"앱 스토어 QR 코드 생성기 - 무료 및 사용자 정의 | CreateMy-QR
앱 스토어 - 무료 온라인 QR 코드 생성기 - CreateMy-QR",text/html; charset=utf-8,false,200,0,0,"브라우저에서 직접 앱 스토어 데이터를 맞춤 QR 코드로 변환하세요. 절대적인 개인정보 보호를 위해 100% 오프라인으로 처리됩니다. 무료이며 제한이 없으며 매우 안전합니다.
브라우저에서 직접 앱 스토어 데이터를 맞춤 QR 코드로 변환하세요. 절대적인 개인정보 보호를 위해 100% 오프라인으로 처리됩니다. 무료이며 제한이 없으며 매우 안전합니다.",,,"96
96",2,true
21,https://createmy-qr.com/fi/100-ilmainen-hinnoittelu,"Ilmainen QR-koodigeneraattori Netissä - CreateMy-QR (No Signup) | 100 % ilmainen hinnoittelu
types.pricing QR-koodigeneraattori - ilmainen ja räätälöity | CreateMy-QR
100 % ilmainen hinnoittelu | CreateMy-QR",text/html; charset=utf-8,false,200,0,0,"Learn more about CreateMy-QR 100% free pricing.
Muunna types.pricing-tietosi mukautetuksi QR-koodiksi suoraan selaimessasi. 100 % käsitelty offline-tilassa täydellisen yksityisyyden takaamiseksi. Ilmainen, ei rajoituksia ja erittäin turvallinen.",,,"47
197",2,true
21,https://createmy-qr.com/hu/adatvedelmi-szabalyzat,"Ingyenes Online QR-kód Generátor - CreateMy-QR (No Signup) | Adatvédelmi szabályzat
types.privacy QR-kód generátor - ingyenes és egyedi | CreateMy-QR
Adatvédelmi szabályzat | CreateMy-QR",text/html; charset=utf-8,false,200,0,0,"Learn more about CreateMy-QR privacy policy.
Alakítsa át types.privacy adatait egyéni QR-kóddá közvetlenül a böngészőjében. 100%-ban offline feldolgozva az abszolút adatvédelem érdekében. Ingyenes, korlátok nélkül és rendkívül biztonságos.",,,"44
194",2,true
21,https://createmy-qr.com/de/anwendungsfalle,"Kostenloser QR-Code Generator Online - CreateMy-QR (No Signup) | Anwendungsfälle
types.usecases QR-Code-Generator – kostenlos und benutzerdefiniert | CreateMy-QR
Anwendungsfälle | CreateMy-QR",text/html; charset=utf-8,false,200,0,0,"Learn more about CreateMy-QR use cases.
Wandeln Sie Ihre types.usecases-Daten direkt in Ihrem Browser in einen benutzerdefinierten QR-Code um. 100 % offline verarbeitet für absolute Privatsphäre. Kostenlos, ohne Grenzen und äußerst sicher.",,,"39
199",2,true
21,https://createmy-qr.com/nl/servicevoorwaarden,"Gratis QR Code Generator Online - CreateMy-QR (No Signup) | Servicevoorwaarden
types.terms QR-codegenerator - gratis en aangepast | CreateMy-QR
Servicevoorwaarden | CreateMy-QR",text/html; charset=utf-8,false,200,0,0,"Learn more about CreateMy-QR terms of service.
Converteer uw types.terms-gegevens rechtstreeks in uw browser naar een aangepaste QR-code. 100% offline verwerkt voor absolute privacy. Gratis, geen grenzen en zeer veilig.",,,"46
172",2,true
21,https://createmy-qr.com/id/kasus-penggunaan,"Generator QR Code Gratis Online - CreateMy-QR (No Signup) | Kasus Penggunaan
types.usecases Pembuat Kode QR - Gratis & Khusus | CreateMy-QR
Kasus Penggunaan | CreateMy-QR",text/html; charset=utf-8,false,200,0,0,"Learn more about CreateMy-QR use cases.
Ubah data types.usecases Anda menjadi QR code kustom langsung di browser. 100% diproses offline untuk privasi absolut. Gratis, tanpa batas, dan sangat aman.",,,"39
156",2,true
21,https://createmy-qr.com/zh/app-store-mian-fei-zai-xian-er-wei-ma-sheng-cheng-qi,"应用商店 QR 代码生成器 - 免费和自定义 | CreateMy-QR
应用商店 - 免费在线二维码生成器 - CreateMy-QR",text/html; charset=utf-8,false,200,0,0,"直接在浏览器中将您的 应用商店 数据转换为自定义二维码。 100% 离线处理，绝对隐私。免费、无限制且高度安全。
直接在浏览器中将您的 应用商店 数据转换为自定义二维码。 100% 离线处理，绝对隐私。免费、无限制且高度安全。",,,"56
56",2,true
21,https://createmy-qr.com/fi/turvallisuusarkkitehtuuri,"Ilmainen QR-koodigeneraattori Netissä - CreateMy-QR (No Signup) | Turvallisuusarkkitehtuuri
types.security QR-koodigeneraattori - ilmainen ja räätälöity | CreateMy-QR
Turvallisuusarkkitehtuuri | CreateMy-QR",text/html; charset=utf-8,false,200,0,0,"Learn more about CreateMy-QR security architecture.
Muunna types.security-tietosi mukautetuksi QR-koodiksi suoraan selaimessasi. 100 % käsitelty offline-tilassa täydellisen yksityisyyden takaamiseksi. Ilmainen, ei rajoituksia ja erittäin turvallinen.",,,"51
198",2,true
21,https://createmy-qr.com/ja/spotify-wu-liao-qrkodozuo-cheng-zienereta,"スポティファイ QR コード ジェネレーター - 無料 & カスタム | CreateMy-QR
スポティファイ - 無料QRコード作成・ジェネレーター - CreateMy-QR",text/html; charset=utf-8,false,200,0,0,"ブラウザで直接、スポティファイ データをカスタム QR コードに変換します。完全なプライバシーを確​​保するために 100% オフラインで処理されます。無料、制限なし、そして非常に安全です。
ブラウザで直接、スポティファイ データをカスタム QR コードに変換します。完全なプライバシーを確​​保するために 100% オフラインで処理されます。無料、制限なし、そして非常に安全です。",,,"95
95",2,true
21,https://createmy-qr.com/ko/telegram-muryo-onrain-qr-kodeu-saengseonggi,"텔레그램 QR 코드 생성기 - 무료 및 사용자 정의 | CreateMy-QR
텔레그램 - 무료 온라인 QR 코드 생성기 - CreateMy-QR",text/html; charset=utf-8,false,200,0,0,"브라우저에서 직접 텔레그램 데이터를 맞춤 QR 코드로 변환하세요. 절대적인 개인정보 보호를 위해 100% 오프라인으로 처리됩니다. 무료이며 제한이 없으며 매우 안전합니다.
브라우저에서 직접 텔레그램 데이터를 맞춤 QR 코드로 변환하세요. 절대적인 개인정보 보호를 위해 100% 오프라인으로 처리됩니다. 무료이며 제한이 없으며 매우 안전합니다.",,,"95
95",2,true
21,https://createmy-qr.com/ko/dogu-bigyo,"무료 온라인 QR 코드 생성기 - CreateMy-QR (No Signup) | 도구 비교
types.compare QR 코드 생성기 - 무료 및 사용자 정의 | CreateMy-QR
도구 비교 | CreateMy-QR",text/html; charset=utf-8,false,200,0,0,"Learn more about CreateMy-QR compare tools.
브라우저에서 직접 types.compare 데이터를 맞춤 QR 코드로 변환하세요. 절대적인 개인정보 보호를 위해 100% 오프라인으로 처리됩니다. 무료이며 제한이 없으며 매우 안전합니다.",,,"43
104",2,true
21,https://createmy-qr.com/de/uber-uns,"Kostenloser QR-Code Generator Online - CreateMy-QR (No Signup) | Über uns
types.about QR-Code-Generator – kostenlos und benutzerdefiniert | CreateMy-QR
Über uns | CreateMy-QR",text/html; charset=utf-8,false,200,0,0,"Learn more about CreateMy-QR about us.
Wandeln Sie Ihre types.about-Daten direkt in Ihrem Browser in einen benutzerdefinierten QR-Code um. 100 % offline verarbeitet für absolute Privatsphäre. Kostenlos, ohne Grenzen und äußerst sicher.",,,"38
196",2,true
21,https://createmy-qr.com/de/datenschutzrichtlinie,"Kostenloser QR-Code Generator Online - CreateMy-QR (No Signup) | Datenschutzrichtlinie
types.privacy QR-Code-Generator – kostenlos und benutzerdefiniert | CreateMy-QR
Datenschutzrichtlinie | CreateMy-QR",text/html; charset=utf-8,false,200,0,0,"Learn more about CreateMy-QR privacy policy.
Wandeln Sie Ihre types.privacy-Daten direkt in Ihrem Browser in einen benutzerdefinierten QR-Code um. 100 % offline verarbeitet für absolute Privatsphäre. Kostenlos, ohne Grenzen und äußerst sicher.",,,"44
198",2,true
21,https://createmy-qr.com/hi/gopniiytaa-niiti,"मुफ़्त ऑनलाइन क्यूआर कोड जनरेटर - CreateMy-QR (No Signup) | गोपनीयता नीति
types.privacy QR कोड जेनरेटर - मुफ़्त और कस्टम | CreateMy-QR
गोपनीयता नीति | CreateMy-QR",text/html; charset=utf-8,false,200,0,0,"Learn more about CreateMy-QR privacy policy.
अपने types.privacy डेटा को सीधे अपने ब्राउज़र में एक कस्टम क्यूआर कोड में बदलें। पूर्ण गोपनीयता के लिए 100% ऑफ़लाइन संसाधित। निःशुल्क, कोई सीमा नहीं, और अत्यधिक सुरक्षित।",,,"44
170",2,true
21,https://createmy-qr.com/el/ergaleia-sygkrisis,"Δωρεάν Δημιουργία QR Code Online - CreateMy-QR (No Signup) | Εργαλεία σύγκρισης
types.compare QR Code Generator - Δωρεάν & Προσαρμοσμένο | CreateMy-QR
Εργαλεία σύγκρισης | CreateMy-QR",text/html; charset=utf-8,false,200,0,0,"Learn more about CreateMy-QR compare tools.
Μετατρέψτε τα δεδομένα σας types.compare σε προσαρμοσμένο κωδικό QR απευθείας στο πρόγραμμα περιήγησής σας. 100% επεξεργασία εκτός σύνδεσης για απόλυτη προστασία της ιδιωτικής ζωής. Δωρεάν, χωρίς όρια και εξαιρετικά ασφαλές.",,,"43
224",2,true
21,https://createmy-qr.com/da/sammenlign-vaerktojer,"Gratis QR Kode Generator Online - CreateMy-QR (No Signup) | Sammenlign værktøjer
types.compare QR Code Generator - Gratis og brugerdefineret | CreateMy-QR
Sammenlign værktøjer | CreateMy-QR",text/html; charset=utf-8,false,200,0,0,"Learn more about CreateMy-QR compare tools.
Konverter dine types.compare-data til en tilpasset QR-kode direkte i din browser. 100 % behandlet offline for absolut privatliv. Gratis, ingen grænser og meget sikker.",,,"43
167",2,true
21,https://createmy-qr.com/fi/vertaa-tyokaluja,"Ilmainen QR-koodigeneraattori Netissä - CreateMy-QR (No Signup) | Vertaa työkaluja
types.compare QR-koodigeneraattori - ilmainen ja räätälöity | CreateMy-QR
Vertaa työkaluja | CreateMy-QR",text/html; charset=utf-8,false,200,0,0,"Learn more about CreateMy-QR compare tools.
Muunna types.compare-tietosi mukautetuksi QR-koodiksi suoraan selaimessasi. 100 % käsitelty offline-tilassa täydellisen yksityisyyden takaamiseksi. Ilmainen, ei rajoituksia ja erittäin turvallinen.",,,"43
197",2,true
21,https://createmy-qr.com/cs/pripady-pouziti,"Zdarma Online Generátor QR Kódů - CreateMy-QR (No Signup) | Případy použití
types.usecases generátor QR kódu – zdarma a na míru | CreateMy-QR
Případy použití | CreateMy-QR",text/html; charset=utf-8,false,200,0,0,"Learn more about CreateMy-QR use cases.
Převeďte svá data types.usecases na vlastní QR kód přímo ve vašem prohlížeči. 100% zpracováno offline pro absolutní soukromí. Zdarma, bez omezení a vysoce bezpečné.",,,"39
164",2,true
21,https://createmy-qr.com/hu/rolunk,"Ingyenes Online QR-kód Generátor - CreateMy-QR (No Signup) | Rólunk
types.about QR-kód generátor - ingyenes és egyedi | CreateMy-QR
Rólunk | CreateMy-QR",text/html; charset=utf-8,false,200,0,0,"Learn more about CreateMy-QR about us.
Alakítsa át types.about adatait egyéni QR-kóddá közvetlenül a böngészőjében. 100%-ban offline feldolgozva az abszolút adatvédelem érdekében. Ingyenes, korlátok nélkül és rendkívül biztonságos.",,,"38
192",2,true
21,https://createmy-qr.com/ro/limbi-acceptate,"Generator de Coduri QR Gratuit Online - CreateMy-QR (No Signup) | Limbi acceptate
types.languages QR Code Generator - Gratuit și personalizat | CreateMy-QR
Limbi acceptate | CreateMy-QR",text/html; charset=utf-8,false,200,0,0,"Learn more about CreateMy-QR supported languages.
Transformați datele dvs. types.languages într-un cod QR personalizat direct în browser. Procesat 100% offline pentru confidențialitate absolută. Gratuit, fără limite și foarte sigur.",,,"49
182",2,true
21,https://createmy-qr.com/ja/crypto-wu-liao-qrkodozuo-cheng-zienereta,"暗号 QR コード ジェネレーター - 無料 & カスタム | CreateMy-QR
暗号 - 無料QRコード作成・ジェネレーター - CreateMy-QR",text/html; charset=utf-8,false,200,0,0,"ブラウザで直接、暗号 データをカスタム QR コードに変換します。完全なプライバシーを確​​保するために 100% オフラインで処理されます。無料、制限なし、そして非常に安全です。
ブラウザで直接、暗号 データをカスタム QR コードに変換します。完全なプライバシーを確​​保するために 100% オフラインで処理されます。無料、制限なし、そして非常に安全です。",,,"90
90",2,true
21,https://createmy-qr.com/ru/varianty-ispolzovaniya,"Бесплатный генератор QR-кодов онлайн - CreateMy-QR (No Signup) | Варианты использования
types.usecases Генератор QR-кодов — бесплатный и настраиваемый | CreateMy-QR
Варианты использования | CreateMy-QR",text/html; charset=utf-8,false,200,0,0,"Learn more about CreateMy-QR use cases.
Преобразуйте данные types.usecases в собственный QR-код прямо в браузере. 100% обработка в автономном режиме для абсолютной конфиденциальности. Бесплатно, без ограничений и очень безопасно.",,,"39
189",2,true
21,https://createmy-qr.com/id/bandingkan-alat,"Generator QR Code Gratis Online - CreateMy-QR (No Signup) | Bandingkan Alat
types.compare Pembuat Kode QR - Gratis & Khusus | CreateMy-QR
Bandingkan Alat | CreateMy-QR",text/html; charset=utf-8,false,200,0,0,"Learn more about CreateMy-QR compare tools.
Ubah data types.compare Anda menjadi QR code kustom langsung di browser. 100% diproses offline untuk privasi absolut. Gratis, tanpa batas, dan sangat aman.",,,"43
155",2,true
21,https://createmy-qr.com/ar/llgt-lmdaawm,"مولد رمز الاستجابة السريعة مجاني - CreateMy-QR (No Signup) | اللغات المدعومة
types.languages QR Code Generator - مجاني ومخصص | CreateMy-QR
اللغات المدعومة | CreateMy-QR",text/html; charset=utf-8,false,200,0,0,"Learn more about CreateMy-QR supported languages.
قم بتحويل بيانات types.languages الخاصة بك إلى رمز QR مخصص مباشرةً في متصفحك. تمت معالجتها بنسبة 100% دون الاتصال بالإنترنت لتوفير الخصوصية المطلقة. مجاني، بلا حدود، وآمن للغاية.",,,"49
178",2,true
21,https://createmy-qr.com/el/100-dorean-timologisi,"Δωρεάν Δημιουργία QR Code Online - CreateMy-QR (No Signup) | 100% Δωρεάν Τιμολόγηση
types.pricing QR Code Generator - Δωρεάν & Προσαρμοσμένο | CreateMy-QR
100% Δωρεάν Τιμολόγηση | CreateMy-QR",text/html; charset=utf-8,false,200,0,0,"Learn more about CreateMy-QR 100% free pricing.
Μετατρέψτε τα δεδομένα σας types.pricing σε προσαρμοσμένο κωδικό QR απευθείας στο πρόγραμμα περιήγησής σας. 100% επεξεργασία εκτός σύνδεσης για απόλυτη προστασία της ιδιωτικής ζωής. Δωρεάν, χωρίς όρια και εξαιρετικά ασφαλές.",,,"47
224",2,true
21,https://createmy-qr.com/zh/google-forms-mian-fei-zai-xian-er-wei-ma-sheng-cheng-qi,"谷歌表格 QR 代码生成器 - 免费和自定义 | CreateMy-QR
谷歌表格 - 免费在线二维码生成器 - CreateMy-QR",text/html; charset=utf-8,false,200,0,0,"直接在浏览器中将您的 谷歌表格 数据转换为自定义二维码。 100% 离线处理，绝对隐私。免费、无限制且高度安全。
直接在浏览器中将您的 谷歌表格 数据转换为自定义二维码。 100% 离线处理，绝对隐私。免费、无限制且高度安全。",,,"56
56",2,true
21,https://createmy-qr.com/nl/privacybeleid,"Gratis QR Code Generator Online - CreateMy-QR (No Signup) | Privacybeleid
types.privacy QR-codegenerator - gratis en aangepast | CreateMy-QR
Privacybeleid | CreateMy-QR",text/html; charset=utf-8,false,200,0,0,"Learn more about CreateMy-QR privacy policy.
Converteer uw types.privacy-gegevens rechtstreeks in uw browser naar een aangepaste QR-code. 100% offline verwerkt voor absolute privacy. Gratis, geen grenzen en zeer veilig.",,,"44
174",2,true
21,https://createmy-qr.com/zh/huo-dong-mian-fei-zai-xian-er-wei-ma-sheng-cheng-qi,"活动 QR 代码生成器 - 免费和自定义 | CreateMy-QR
活动 - 免费在线二维码生成器 - CreateMy-QR",text/html; charset=utf-8,false,200,0,0,"直接在浏览器中将您的 活动 数据转换为自定义二维码。 100% 离线处理，绝对隐私。免费、无限制且高度安全。
直接在浏览器中将您的 活动 数据转换为自定义二维码。 100% 离线处理，绝对隐私。免费、无限制且高度安全。",,,"54
54",2,true
21,https://createmy-qr.com/ar/shrwt-lkhdm,"مولد رمز الاستجابة السريعة مجاني - CreateMy-QR (No Signup) | شروط الخدمة
types.terms QR Code Generator - مجاني ومخصص | CreateMy-QR
شروط الخدمة | CreateMy-QR",text/html; charset=utf-8,false,200,0,0,"Learn more about CreateMy-QR terms of service.
قم بتحويل بيانات types.terms الخاصة بك إلى رمز QR مخصص مباشرةً في متصفحك. تمت معالجتها بنسبة 100% دون الاتصال بالإنترنت لتوفير الخصوصية المطلقة. مجاني، بلا حدود، وآمن للغاية.",,,"46
174",2,true
21,https://createmy-qr.com/uk/arhitektura-bezpeki,"Безкоштовний Генератор QR-кодів Онлайн - CreateMy-QR (No Signup) | Архітектура безпеки
Генератор QR-коду types.security – безкоштовний і користувацький | CreateMy-QR
Архітектура безпеки | CreateMy-QR",text/html; charset=utf-8,false,200,0,0,"Learn more about CreateMy-QR security architecture.
Перетворіть свої дані types.security на власний QR-код безпосередньо у своєму браузері. 100% обробка офлайн для повної конфіденційності. Безкоштовно, без обмежень і дуже безпечно.",,,"51
179",2,true
21,https://createmy-qr.com/ja/amazon-wu-liao-qrkodozuo-cheng-zienereta,"アマゾン QR コード ジェネレーター - 無料 & カスタム | CreateMy-QR
アマゾン - 無料QRコード作成・ジェネレーター - CreateMy-QR",text/html; charset=utf-8,false,200,0,0,"ブラウザで直接、アマゾン データをカスタム QR コードに変換します。完全なプライバシーを確​​保するために 100% オフラインで処理されます。無料、制限なし、そして非常に安全です。
ブラウザで直接、アマゾン データをカスタム QR コードに変換します。完全なプライバシーを確​​保するために 100% オフラインで処理されます。無料、制限なし、そして非常に安全です。",,,"92
92",2,true
21,https://createmy-qr.com/fr/conditions-d-utilisation,"Générateur de Code QR Gratuit en Ligne - CreateMy-QR (No Signup) | Conditions d'utilisation
Générateur de code QR types.terms - Gratuit et personnalisé | CreateMy-QR
Conditions d'utilisation | CreateMy-QR",text/html; charset=utf-8,false,200,0,0,"Learn more about CreateMy-QR terms of service.
Convertissez vos données types.terms en un code QR personnalisé directement dans votre navigateur. 100 % traité hors ligne pour une confidentialité absolue. Gratuit, sans limites et hautement sécurisé.",,,"46
201",2,true
21,https://createmy-qr.com/vi/ngon-ngu-duoc-ho-tro,"Tạo Mã QR Miễn Phí Trực Tuyến - CreateMy-QR (No Signup) | Ngôn ngữ được hỗ trợ
Trình tạo mã QR types.languages - Miễn phí & Tùy chỉnh | CreateMy-QR
Ngôn ngữ được hỗ trợ | CreateMy-QR",text/html; charset=utf-8,false,200,0,0,"Learn more about CreateMy-QR supported languages.
Chuyển đổi dữ liệu types.languages của bạn thành mã QR tùy chỉnh trực tiếp trong trình duyệt của bạn. 100% được xử lý ngoại tuyến để đảm bảo quyền riêng tư tuyệt đối. Miễn phí, không giới hạn và có tính bảo mật cao.",,,"49
215",2,true
21,https://createmy-qr.com/zh/yu-ding-mian-fei-zai-xian-er-wei-ma-sheng-cheng-qi,"预订 QR 代码生成器 - 免费和自定义 | CreateMy-QR
预订 - 免费在线二维码生成器 - CreateMy-QR",text/html; charset=utf-8,false,200,0,0,"直接在浏览器中将您的 预订 数据转换为自定义二维码。 100% 离线处理，绝对隐私。免费、无限制且高度安全。
直接在浏览器中将您的 预订 数据转换为自定义二维码。 100% 离线处理，绝对隐私。免费、无限制且高度安全。",,,"54
54",2,true
21,https://createmy-qr.com/tr/gizlilik-politikasi,"Ücretsiz Çevrimiçi QR Kod Oluşturucu - CreateMy-QR (No Signup) | Gizlilik Politikası
types.privacy QR Kod Oluşturucu - Ücretsiz ve Özel | CreateMy-QR
Gizlilik Politikası | CreateMy-QR",text/html; charset=utf-8,false,200,0,0,"Learn more about CreateMy-QR privacy policy.
types.privacy verilerinizi doğrudan tarayıcınızda özel bir QR koduna dönüştürün. Mutlak gizlilik için %100 çevrimdışı işlenir. Ücretsiz, sınırsız ve son derece güvenli.",,,"44
168",2,true
21,https://createmy-qr.com/id/100-harga-gratis,"Generator QR Code Gratis Online - CreateMy-QR (No Signup) | 100% Harga Gratis
types.pricing Pembuat Kode QR - Gratis & Khusus | CreateMy-QR
100% Harga Gratis | CreateMy-QR",text/html; charset=utf-8,false,200,0,0,"Learn more about CreateMy-QR 100% free pricing.
Ubah data types.pricing Anda menjadi QR code kustom langsung di browser. 100% diproses offline untuk privasi absolut. Gratis, tanpa batas, dan sangat aman.",,,"47
155",2,true
21,https://createmy-qr.com/da/understottede-sprog,"Gratis QR Kode Generator Online - CreateMy-QR (No Signup) | Understøttede sprog
types.languages QR Code Generator - Gratis og brugerdefineret | CreateMy-QR
Understøttede sprog | CreateMy-QR",text/html; charset=utf-8,false,200,0,0,"Learn more about CreateMy-QR supported languages.
Konverter dine types.languages-data til en tilpasset QR-kode direkte i din browser. 100 % behandlet offline for absolut privatliv. Gratis, ingen grænser og meget sikker.",,,"49
169",2,true
21,https://createmy-qr.com/hi/hmaare-baare-men,"मुफ़्त ऑनलाइन क्यूआर कोड जनरेटर - CreateMy-QR (No Signup) | हमारे बारे में
types.about QR कोड जेनरेटर - मुफ़्त और कस्टम | CreateMy-QR
हमारे बारे में | CreateMy-QR",text/html; charset=utf-8,false,200,0,0,"Learn more about CreateMy-QR about us.
अपने types.about डेटा को सीधे अपने ब्राउज़र में एक कस्टम क्यूआर कोड में बदलें। पूर्ण गोपनीयता के लिए 100% ऑफ़लाइन संसाधित। निःशुल्क, कोई सीमा नहीं, और अत्यधिक सुरक्षित।",,,"38
168",2,true
21,https://createmy-qr.com/no/brukstilfeller,"Gratis QR-kode Generator Online - CreateMy-QR (No Signup) | Brukstilfeller
types.usecases QR Code Generator - Gratis og tilpasset | CreateMy-QR
Brukstilfeller | CreateMy-QR",text/html; charset=utf-8,false,200,0,0,"Learn more about CreateMy-QR use cases.
Konverter types.usecases-dataene dine til en tilpasset QR-kode direkte i nettleseren din. 100 % behandlet offline for absolutt personvern. Gratis, ingen grenser og svært sikker.",,,"39
177",2,true
21,https://createmy-qr.com/ko/hoesa-sogae,"무료 온라인 QR 코드 생성기 - CreateMy-QR (No Signup) | 회사 소개
types.about QR 코드 생성기 - 무료 및 사용자 정의 | CreateMy-QR
회사 소개 | CreateMy-QR",text/html; charset=utf-8,false,200,0,0,"Learn more about CreateMy-QR about us.
브라우저에서 직접 types.about 데이터를 맞춤 QR 코드로 변환하세요. 절대적인 개인정보 보호를 위해 100% 오프라인으로 처리됩니다. 무료이며 제한이 없으며 매우 안전합니다.",,,"38
102",2,true
21,https://createmy-qr.com/pt/idiomas-suportados,"Gerador de Código QR Grátis Online - CreateMy-QR (No Signup) | Idiomas Suportados
Gerador de código QR types.languages - gratuito e personalizado | CreateMy-QR
Idiomas Suportados | CreateMy-QR",text/html; charset=utf-8,false,200,0,0,"Learn more about CreateMy-QR supported languages.
Converta seus dados do types.languages em um código QR personalizado diretamente no seu navegador. 100% processado offline para privacidade absoluta. Gratuito, sem limites e altamente seguro.",,,"49
191",2,true
21,https://createmy-qr.com/ru/100-besplatnye-ceny,"Бесплатный генератор QR-кодов онлайн - CreateMy-QR (No Signup) | 100% бесплатные цены
types.pricing Генератор QR-кодов — бесплатный и настраиваемый | CreateMy-QR
100% бесплатные цены | CreateMy-QR",text/html; charset=utf-8,false,200,0,0,"Learn more about CreateMy-QR 100% free pricing.
Преобразуйте данные types.pricing в собственный QR-код прямо в браузере. 100% обработка в автономном режиме для абсолютной конфиденциальности. Бесплатно, без ограничений и очень безопасно.",,,"47
188",2,true
21,https://createmy-qr.com/zh/telegram-mian-fei-zai-xian-er-wei-ma-sheng-cheng-qi,"电报 QR 代码生成器 - 免费和自定义 | CreateMy-QR
电报 - 免费在线二维码生成器 - CreateMy-QR",text/html; charset=utf-8,false,200,0,0,"直接在浏览器中将您的 电报 数据转换为自定义二维码。 100% 离线处理，绝对隐私。免费、无限制且高度安全。
直接在浏览器中将您的 电报 数据转换为自定义二维码。 100% 离线处理，绝对隐私。免费、无限制且高度安全。",,,"54
54",2,true
21,https://createmy-qr.com/pt/preco-100-gratuito,"Gerador de Código QR Grátis Online - CreateMy-QR (No Signup) | Preço 100% Gratuito
Gerador de código QR types.pricing - gratuito e personalizado | CreateMy-QR
Preço 100% Gratuito | CreateMy-QR",text/html; charset=utf-8,false,200,0,0,"Learn more about CreateMy-QR 100% free pricing.
Converta seus dados do types.pricing em um código QR personalizado diretamente no seu navegador. 100% processado offline para privacidade absoluta. Gratuito, sem limites e altamente seguro.",,,"47
189",2,true
21,https://createmy-qr.com/ko/muryo-onrain-qr-kodeu-saengseonggi-2,"무료 QR 코드 스캐너 온라인 - 즉시 QR 스캔
types.scanqr QR 코드 생성기 - 무료 및 사용자 정의 | CreateMy-QR
scanqr - 무료 온라인 QR 코드 생성기 - CreateMy-QR",text/html; charset=utf-8,false,200,0,0,"브라우저에서 직접 scanqr 데이터를 맞춤 QR 코드로 변환하세요. 절대적인 개인정보 보호를 위해 100% 오프라인으로 처리됩니다. 무료이며 제한이 없으며 매우 안전합니다.
브라우저에서 직접 types.scanqr 데이터를 맞춤 QR 코드로 변환하세요. 절대적인 개인정보 보호를 위해 100% 오프라인으로 처리됩니다. 무료이며 제한이 없으며 매우 안전합니다.
카메라를 사용하거나 이미지를 업로드하여 QR 코드를 즉시 스캔하세요. 100% 안전한 개인용 클라이언트 측 처리.",,,"97
103
63",3,true
21,https://createmy-qr.com/zh/,"CreateMy-QR | 所有二维码和条形码 工具一站搞定
CreateMy-QR | 所有二维码和条形码 工具一站搞定
home - 免费在线二维码生成器 - CreateMy-QR",text/html; charset=utf-8,false,200,0,1,"直接在浏览器中将您的 home 数据转换为自定义二维码。 100% 离线处理，绝对隐私。免费、无限制且高度安全。
免费生成37种类型的二维码和条形码。无需注册。即时下载。100%客户端处理，符合ISO/IEC 18004标准，提供30种语言版本。
免费生成37种类型的二维码和条形码。无需注册。即时下载。100%客户端处理，符合ISO/IEC 18004标准，提供30种语言版本。",,,"56
66
66",3,true
21,https://createmy-qr.com/ms/bahasa-yang-disokong,"Penjana Kod QR Percuma Dalam Talian - CreateMy-QR (No Signup) | Bahasa yang Disokong
Penjana Kod QR types.languages - Percuma & Tersuai | CreateMy-QR
Bahasa yang Disokong | CreateMy-QR",text/html; charset=utf-8,false,200,0,0,"Learn more about CreateMy-QR supported languages.
Tukar data types.languages anda kepada kod QR tersuai terus dalam penyemak imbas anda. 100% diproses di luar talian untuk privasi mutlak. Percuma, tiada had dan sangat selamat.",,,"49
176",2,true
21,https://createmy-qr.com/uk/umovi-nadannya-poslug,"Безкоштовний Генератор QR-кодів Онлайн - CreateMy-QR (No Signup) | Умови надання послуг
Генератор QR-коду types.terms – безкоштовний і користувацький | CreateMy-QR
Умови надання послуг | CreateMy-QR",text/html; charset=utf-8,false,200,0,0,"Learn more about CreateMy-QR terms of service.
Перетворіть свої дані types.terms на власний QR-код безпосередньо у своєму браузері. 100% обробка офлайн для повної конфіденційності. Безкоштовно, без обмежень і дуже безпечно.",,,"46
176",2,true
21,https://createmy-qr.com/id/tentang-kami,"Generator QR Code Gratis Online - CreateMy-QR (No Signup) | Tentang Kami
types.about Pembuat Kode QR - Gratis & Khusus | CreateMy-QR
Tentang Kami | CreateMy-QR",text/html; charset=utf-8,false,200,0,0,"Learn more about CreateMy-QR about us.
Ubah data types.about Anda menjadi QR code kustom langsung di browser. 100% diproses offline untuk privasi absolut. Gratis, tanpa batas, dan sangat aman.",,,"38
153",2,true
21,https://createmy-qr.com/ru/o-nas,"Бесплатный генератор QR-кодов онлайн - CreateMy-QR (No Signup) | О нас
types.about Генератор QR-кодов — бесплатный и настраиваемый | CreateMy-QR
О нас | CreateMy-QR",text/html; charset=utf-8,false,200,0,0,"Learn more about CreateMy-QR about us.
Преобразуйте данные types.about в собственный QR-код прямо в браузере. 100% обработка в автономном режиме для абсолютной конфиденциальности. Бесплатно, без ограничений и очень безопасно.",,,"38
186",2,true
21,https://createmy-qr.com/ko/venmo-muryo-onrain-qr-kodeu-saengseonggi,"벤모 QR 코드 생성기 - 무료 및 사용자 정의 | CreateMy-QR
벤모 - 무료 온라인 QR 코드 생성기 - CreateMy-QR",text/html; charset=utf-8,false,200,0,0,"브라우저에서 직접 벤모 데이터를 맞춤 QR 코드로 변환하세요. 절대적인 개인정보 보호를 위해 100% 오프라인으로 처리됩니다. 무료이며 제한이 없으며 매우 안전합니다.
브라우저에서 직접 벤모 데이터를 맞춤 QR 코드로 변환하세요. 절대적인 개인정보 보호를 위해 100% 오프라인으로 처리됩니다. 무료이며 제한이 없으며 매우 안전합니다.",,,"93
93",2,true
21,https://createmy-qr.com/ko/vcard-muryo-onrain-qr-kodeu-saengseonggi,"vCard QR 코드 생성기 - 무료 및 사용자 정의 | CreateMy-QR
vCard - 무료 온라인 QR 코드 생성기 - CreateMy-QR",text/html; charset=utf-8,false,200,0,0,"브라우저에서 직접 vCard 데이터를 맞춤 QR 코드로 변환하세요. 절대적인 개인정보 보호를 위해 100% 오프라인으로 처리됩니다. 무료이며 제한이 없으며 매우 안전합니다.
브라우저에서 직접 vCard 데이터를 맞춤 QR 코드로 변환하세요. 절대적인 개인정보 보호를 위해 100% 오프라인으로 처리됩니다. 무료이며 제한이 없으며 매우 안전합니다.",,,"96
96",2,true
21,https://createmy-qr.com/ko/youtube-muryo-onrain-qr-kodeu-saengseonggi,"유튜브 QR 코드 생성기 - 무료 및 사용자 정의 | CreateMy-QR
유튜브 - 무료 온라인 QR 코드 생성기 - CreateMy-QR",text/html; charset=utf-8,false,200,0,0,"브라우저에서 직접 유튜브 데이터를 맞춤 QR 코드로 변환하세요. 절대적인 개인정보 보호를 위해 100% 오프라인으로 처리됩니다. 무료이며 제한이 없으며 매우 안전합니다.
브라우저에서 직접 유튜브 데이터를 맞춤 QR 코드로 변환하세요. 절대적인 개인정보 보호를 위해 100% 오프라인으로 처리됩니다. 무료이며 제한이 없으며 매우 안전합니다.",,,"94
94",2,true
21,https://createmy-qr.com/ja/li-yong-gui-yue,"無料QRコード作成・ジェネレーター - CreateMy-QR (No Signup) | 利用規約
types.terms QR コード ジェネレーター - 無料 & カスタム | CreateMy-QR
利用規約 | CreateMy-QR",text/html; charset=utf-8,false,200,0,0,"Learn more about CreateMy-QR terms of service.
ブラウザで直接、types.terms データをカスタム QR コードに変換します。完全なプライバシーを確​​保するために 100% オフラインで処理されます。無料、制限なし、そして非常に安全です。",,,"46
99",2,true
21,https://createmy-qr.com/ko/tiktok-muryo-onrain-qr-kodeu-saengseonggi,"틱톡 QR 코드 생성기 - 무료 및 사용자 정의 | CreateMy-QR
틱톡 - 무료 온라인 QR 코드 생성기 - CreateMy-QR",text/html; charset=utf-8,false,200,0,0,"브라우저에서 직접 틱톡 데이터를 맞춤 QR 코드로 변환하세요. 절대적인 개인정보 보호를 위해 100% 오프라인으로 처리됩니다. 무료이며 제한이 없으며 매우 안전합니다.
브라우저에서 직접 틱톡 데이터를 맞춤 QR 코드로 변환하세요. 절대적인 개인정보 보호를 위해 100% 오프라인으로 처리됩니다. 무료이며 제한이 없으며 매우 안전합니다.",,,"93
93",2,true
21,https://createmy-qr.com/zh/sheng-wu-lian-jie-mian-fei-zai-xian-er-wei-ma-sheng-cheng-qi,"生物链接 QR 代码生成器 - 免费和自定义 | CreateMy-QR
生物链接 - 免费在线二维码生成器 - CreateMy-QR",text/html; charset=utf-8,false,200,0,0,"直接在浏览器中将您的 生物链接 数据转换为自定义二维码。 100% 离线处理，绝对隐私。免费、无限制且高度安全。
直接在浏览器中将您的 生物链接 数据转换为自定义二维码。 100% 离线处理，绝对隐私。免费、无限制且高度安全。",,,"56
56",2,true
21,https://createmy-qr.com/ms/kes-penggunaan,"Penjana Kod QR Percuma Dalam Talian - CreateMy-QR (No Signup) | Kes Penggunaan
Penjana Kod QR types.usecases - Percuma & Tersuai | CreateMy-QR
Kes Penggunaan | CreateMy-QR",text/html; charset=utf-8,false,200,0,0,"Learn more about CreateMy-QR use cases.
Tukar data types.usecases anda kepada kod QR tersuai terus dalam penyemak imbas anda. 100% diproses di luar talian untuk privasi mutlak. Percuma, tiada had dan sangat selamat.",,,"39
175",2,true
21,https://createmy-qr.com/da/privatlivspolitik,"Gratis QR Kode Generator Online - CreateMy-QR (No Signup) | Privatlivspolitik
types.privacy QR Code Generator - Gratis og brugerdefineret | CreateMy-QR
Privatlivspolitik | CreateMy-QR",text/html; charset=utf-8,false,200,0,0,"Learn more about CreateMy-QR privacy policy.
Konverter dine types.privacy-data til en tilpasset QR-kode direkte i din browser. 100 % behandlet offline for absolut privatliv. Gratis, ingen grænser og meget sikker.",,,"44
167",2,true
21,https://createmy-qr.com/ar/mn-nhn,"مولد رمز الاستجابة السريعة مجاني - CreateMy-QR (No Signup) | من نحن
types.about QR Code Generator - مجاني ومخصص | CreateMy-QR
من نحن | CreateMy-QR",text/html; charset=utf-8,false,200,0,0,"Learn more about CreateMy-QR about us.
قم بتحويل بيانات types.about الخاصة بك إلى رمز QR مخصص مباشرةً في متصفحك. تمت معالجتها بنسبة 100% دون الاتصال بالإنترنت لتوفير الخصوصية المطلقة. مجاني، بلا حدود، وآمن للغاية.",,,"38
174",2,true
21,https://createmy-qr.com/hi/ttuuls-kii-tulnaa-kren,"मुफ़्त ऑनलाइन क्यूआर कोड जनरेटर - CreateMy-QR (No Signup) | टूल्स की तुलना करें
types.compare QR कोड जेनरेटर - मुफ़्त और कस्टम | CreateMy-QR
टूल्स की तुलना करें | CreateMy-QR",text/html; charset=utf-8,false,200,0,0,"Learn more about CreateMy-QR compare tools.
अपने types.compare डेटा को सीधे अपने ब्राउज़र में एक कस्टम क्यूआर कोड में बदलें। पूर्ण गोपनीयता के लिए 100% ऑफ़लाइन संसाधित। निःशुल्क, कोई सीमा नहीं, और अत्यधिक सुरक्षित।",,,"43
170",2,true
21,https://createmy-qr.com/zh/venmo-mian-fei-zai-xian-er-wei-ma-sheng-cheng-qi,"文莫 QR 代码生成器 - 免费和自定义 | CreateMy-QR
文莫 - 免费在线二维码生成器 - CreateMy-QR",text/html; charset=utf-8,false,200,0,0,"直接在浏览器中将您的 文莫 数据转换为自定义二维码。 100% 离线处理，绝对隐私。免费、无限制且高度安全。
直接在浏览器中将您的 文莫 数据转换为自定义二维码。 100% 离线处理，绝对隐私。免费、无限制且高度安全。",,,"54
54",2,true
21,https://createmy-qr.com/hu/eszkozok-osszehasonlitasa,"Ingyenes Online QR-kód Generátor - CreateMy-QR (No Signup) | Eszközök összehasonlítása
types.compare QR-kód generátor - ingyenes és egyedi | CreateMy-QR
Eszközök összehasonlítása | CreateMy-QR",text/html; charset=utf-8,false,200,0,0,"Learn more about CreateMy-QR compare tools.
Alakítsa át types.compare adatait egyéni QR-kóddá közvetlenül a böngészőjében. 100%-ban offline feldolgozva az abszolút adatvédelem érdekében. Ingyenes, korlátok nélkül és rendkívül biztonságos.",,,"43
194",2,true
21,https://createmy-qr.com/ko/amazon-muryo-onrain-qr-kodeu-saengseonggi,"아마존 QR 코드 생성기 - 무료 및 사용자 정의 | CreateMy-QR
아마존 - 무료 온라인 QR 코드 생성기 - CreateMy-QR",text/html; charset=utf-8,false,200,0,0,"브라우저에서 직접 아마존 데이터를 맞춤 QR 코드로 변환하세요. 절대적인 개인정보 보호를 위해 100% 오프라인으로 처리됩니다. 무료이며 제한이 없으며 매우 안전합니다.
브라우저에서 직접 아마존 데이터를 맞춤 QR 코드로 변환하세요. 절대적인 개인정보 보호를 위해 100% 오프라인으로 처리됩니다. 무료이며 제한이 없으며 매우 안전합니다.",,,"94
94",2,true
21,https://createmy-qr.com/zh/instagram-mian-fei-zai-xian-er-wei-ma-sheng-cheng-qi,"Instagram QR 代码生成器 - 免费和自定义 | CreateMy-QR
Instagram - 免费在线二维码生成器 - CreateMy-QR",text/html; charset=utf-8,false,200,0,0,"直接在浏览器中将您的 Instagram 数据转换为自定义二维码。 100% 离线处理，绝对隐私。免费、无限制且高度安全。
直接在浏览器中将您的 Instagram 数据转换为自定义二维码。 100% 离线处理，绝对隐私。免费、无限制且高度安全。",,,"61
61",2,true
21,https://createmy-qr.com/ja/sekiyuritei-akitekutiya,"無料QRコード作成・ジェネレーター - CreateMy-QR (No Signup) | セキュリティ アーキテクチャ
types.security QR コード ジェネレーター - 無料 & カスタム | CreateMy-QR
セキュリティ アーキテクチャ | CreateMy-QR",text/html; charset=utf-8,false,200,0,0,"Learn more about CreateMy-QR security architecture.
ブラウザで直接、types.security データをカスタム QR コードに変換します。完全なプライバシーを確​​保するために 100% オフラインで処理されます。無料、制限なし、そして非常に安全です。",,,"51
102",2,true
21,https://createmy-qr.com/tl/arkitektura-ng-seguridad,"Libreng Online QR Code Generator - CreateMy-QR (No Signup) | Arkitektura ng Seguridad
types.security QR Code Generator - Libre at Custom | CreateMy-QR
Arkitektura ng Seguridad | CreateMy-QR",text/html; charset=utf-8,false,200,0,0,"Learn more about CreateMy-QR security architecture.
I-convert ang iyong types.security data sa isang custom na QR code nang direkta sa iyong browser. 100% na naproseso offline para sa ganap na privacy. Libre, walang limitasyon, at lubos na secure.",,,"51
195",2,true
21,https://createmy-qr.com/es/casos-de-uso,"Generador de Códigos QR Gratis Online - CreateMy-QR (No Signup) | Casos de uso
Generador de códigos QR types.usecases: gratuito y personalizado | CreateMy-QR
Casos de uso | CreateMy-QR",text/html; charset=utf-8,false,200,0,0,"Learn more about CreateMy-QR use cases.
Convierta sus datos de types.usecases en un código QR personalizado directamente en su navegador. 100% procesado fuera de línea para absoluta privacidad. Gratis, sin límites y muy seguro.",,,"39
187",2,true
21,https://createmy-qr.com/ko/yagryeoge-ringkeu-muryo-onrain-qr-kodeu-saengseonggi,"약력에 링크 QR 코드 생성기 - 무료 및 사용자 정의 | CreateMy-QR
약력에 링크 - 무료 온라인 QR 코드 생성기 - CreateMy-QR",text/html; charset=utf-8,false,200,0,0,"브라우저에서 직접 약력에 링크 데이터를 맞춤 QR 코드로 변환하세요. 절대적인 개인정보 보호를 위해 100% 오프라인으로 처리됩니다. 무료이며 제한이 없으며 매우 안전합니다.
브라우저에서 직접 약력에 링크 데이터를 맞춤 QR 코드로 변환하세요. 절대적인 개인정보 보호를 위해 100% 오프라인으로 처리됩니다. 무료이며 제한이 없으며 매우 안전합니다.",,,"97
97",2,true
21,https://createmy-qr.com/ja/odeio-wu-liao-qrkodozuo-cheng-zienereta,"オーディオ QR コード ジェネレーター - 無料 & カスタム | CreateMy-QR
オーディオ - 無料QRコード作成・ジェネレーター - CreateMy-QR",text/html; charset=utf-8,false,200,0,0,"ブラウザで直接、オーディオ データをカスタム QR コードに変換します。完全なプライバシーを確​​保するために 100% オフラインで処理されます。無料、制限なし、そして非常に安全です。
ブラウザで直接、オーディオ データをカスタム QR コードに変換します。完全なプライバシーを確​​保するために 100% オフラインで処理されます。無料、制限なし、そして非常に安全です。",,,"93
93",2,true
21,https://createmy-qr.com/ja/zi-ji-shao-jie-nei-norinku-wu-liao-qrkodozuo-cheng-zienereta,"自己紹介内のリンク QR コード ジェネレーター - 無料 & カスタム | CreateMy-QR
自己紹介内のリンク - 無料QRコード作成・ジェネレーター - CreateMy-QR",text/html; charset=utf-8,false,200,0,0,"ブラウザで直接、自己紹介内のリンク データをカスタム QR コードに変換します。完全なプライバシーを確​​保するために 100% オフラインで処理されます。無料、制限なし、そして非常に安全です。
ブラウザで直接、自己紹介内のリンク データをカスタム QR コードに変換します。完全なプライバシーを確​​保するために 100% オフラインで処理されます。無料、制限なし、そして非常に安全です。",,,"97
97",2,true
21,https://createmy-qr.com/th/phaasaathiir-ngrab,"เครื่องมือสร้างคิวอาร์โค้ดออนไลน์ฟรี - CreateMy-QR (No Signup) | ภาษาที่รองรับ
types.languages เครื่องสร้างโค้ด QR - ฟรีและกำหนดเอง | CreateMy-QR
ภาษาที่รองรับ | CreateMy-QR",text/html; charset=utf-8,false,200,0,0,"Learn more about CreateMy-QR supported languages.
แปลงข้อมูล types.languages ของคุณให้เป็นโค้ด QR ที่กำหนดเองได้โดยตรงในเบราว์เซอร์ของคุณ ประมวลผลแบบออฟไลน์ 100% เพื่อความเป็นส่วนตัวอย่างแท้จริง ฟรี ไม่จำกัด และมีความปลอดภัยสูง",,,"49
177",2,true
21,https://createmy-qr.com/ko/egseu-teuwiteo-muryo-onrain-qr-kodeu-saengseonggi,"엑스(트위터) QR 코드 생성기 - 무료 및 사용자 정의 | CreateMy-QR
엑스(트위터) - 무료 온라인 QR 코드 생성기 - CreateMy-QR",text/html; charset=utf-8,false,200,0,0,"브라우저에서 직접 엑스(트위터) 데이터를 맞춤 QR 코드로 변환하세요. 절대적인 개인정보 보호를 위해 100% 오프라인으로 처리됩니다. 무료이며 제한이 없으며 매우 안전합니다.
브라우저에서 직접 엑스(트위터) 데이터를 맞춤 QR 코드로 변환하세요. 절대적인 개인정보 보호를 위해 100% 오프라인으로 처리됩니다. 무료이며 제한이 없으며 매우 안전합니다.",,,"98
98",2,true
21,https://createmy-qr.com/sv/anvandarvillkor,"Gratis QR-kod Generator Online - CreateMy-QR (No Signup) | Användarvillkor
types.terms QR Code Generator - Gratis & anpassad | CreateMy-QR
Användarvillkor | CreateMy-QR",text/html; charset=utf-8,false,200,0,0,"Learn more about CreateMy-QR terms of service.
Konvertera dina types.terms-data till en anpassad QR-kod direkt i din webbläsare. 100 % bearbetad offline för absolut integritet. Gratis, inga gränser och mycket säker.",,,"46
168",2,true
21,https://createmy-qr.com/vi/dinh-gia-mien-phi-100,"Tạo Mã QR Miễn Phí Trực Tuyến - CreateMy-QR (No Signup) | Định giá miễn phí 100%
Trình tạo mã QR types.pricing - Miễn phí & Tùy chỉnh | CreateMy-QR
Định giá miễn phí 100% | CreateMy-QR",text/html; charset=utf-8,false,200,0,0,"Learn more about CreateMy-QR 100% free pricing.
Chuyển đổi dữ liệu types.pricing của bạn thành mã QR tùy chỉnh trực tiếp trong trình duyệt của bạn. 100% được xử lý ngoại tuyến để đảm bảo quyền riêng tư tuyệt đối. Miễn phí, không giới hạn và có tính bảo mật cao.",,,"47
213",2,true
21,https://createmy-qr.com/zh/yin-pin-mian-fei-zai-xian-er-wei-ma-sheng-cheng-qi,"音频 QR 代码生成器 - 免费和自定义 | CreateMy-QR
音频 - 免费在线二维码生成器 - CreateMy-QR",text/html; charset=utf-8,false,200,0,0,"直接在浏览器中将您的 音频 数据转换为自定义二维码。 100% 离线处理，绝对隐私。免费、无限制且高度安全。
直接在浏览器中将您的 音频 数据转换为自定义二维码。 100% 离线处理，绝对隐私。免费、无限制且高度安全。",,,"54
54",2,true
21,https://createmy-qr.com/da/om-os,"Gratis QR Kode Generator Online - CreateMy-QR (No Signup) | Om os
types.about QR Code Generator - Gratis og brugerdefineret | CreateMy-QR
Om os | CreateMy-QR",text/html; charset=utf-8,false,200,0,0,"Learn more about CreateMy-QR about us.
Konverter dine types.about-data til en tilpasset QR-kode direkte i din browser. 100 % behandlet offline for absolut privatliv. Gratis, ingen grænser og meget sikker.",,,"38
165",2,true
21,https://createmy-qr.com/ja/wu-liao-qrkodozuo-cheng-zienereta-2,"無料の QR コード スキャナー オンライン - QR を即座にスキャン
types.scanqr QR コード ジェネレーター - 無料 & カスタム | CreateMy-QR
scanqr - 無料QRコード作成・ジェネレーター - CreateMy-QR",text/html; charset=utf-8,false,200,0,0,"ブラウザで直接、scanqr データをカスタム QR コードに変換します。完全なプライバシーを確​​保するために 100% オフラインで処理されます。無料、制限なし、そして非常に安全です。
ブラウザで直接、types.scanqr データをカスタム QR コードに変換します。完全なプライバシーを確​​保するために 100% オフラインで処理されます。無料、制限なし、そして非常に安全です。
カメラを使用するか、画像をアップロードして、QR コードを即座にスキャンします。 100% 安全でプライベートなクライアント側の処理。",,,"94
100
67",3,true
21,https://createmy-qr.com/no/100-gratis-priser,"Gratis QR-kode Generator Online - CreateMy-QR (No Signup) | 100 % gratis priser
types.pricing QR Code Generator - Gratis og tilpasset | CreateMy-QR
100 % gratis priser | CreateMy-QR",text/html; charset=utf-8,false,200,0,0,"Learn more about CreateMy-QR 100% free pricing.
Konverter types.pricing-dataene dine til en tilpasset QR-kode direkte i nettleseren din. 100 % behandlet offline for absolutt personvern. Gratis, ingen grenser og svært sikker.",,,"47
176",2,true
21,https://createmy-qr.com/zh/youtube-mian-fei-zai-xian-er-wei-ma-sheng-cheng-qi,"YouTube QR 代码生成器 - 免费和自定义 | CreateMy-QR
YouTube - 免费在线二维码生成器 - CreateMy-QR",text/html; charset=utf-8,false,200,0,0,"直接在浏览器中将您的 YouTube 数据转换为自定义二维码。 100% 离线处理，绝对隐私。免费、无限制且高度安全。
直接在浏览器中将您的 YouTube 数据转换为自定义二维码。 100% 离线处理，绝对隐私。免费、无限制且高度安全。",,,"59
59",2,true
21,https://createmy-qr.com/bn/smrthit-bhaassaasmuuh,"ফ্রি অনলাইন কিউআর কোড জেনারেটর - CreateMy-QR (No Signup) | সমর্থিত ভাষাসমূহ
types.languages QR কোড জেনারেটর - বিনামূল্যে এবং কাস্টম | CreateMy-QR
সমর্থিত ভাষাসমূহ | CreateMy-QR",text/html; charset=utf-8,false,200,0,0,"Learn more about CreateMy-QR supported languages.
আপনার ব্রাউজারে সরাসরি একটি কাস্টম QR কোডে আপনার types.languages ডেটা রূপান্তর করুন। সম্পূর্ণ গোপনীয়তার জন্য 100% অফলাইনে প্রক্রিয়া করা হয়েছে। বিনামূল্যে, কোন সীমা নেই, এবং অত্যন্ত নিরাপদ।",,,"49
191",2,true
21,https://createmy-qr.com/bn/aamaader-smprke,"ফ্রি অনলাইন কিউআর কোড জেনারেটর - CreateMy-QR (No Signup) | আমাদের সম্পর্কে
types.about QR কোড জেনারেটর - বিনামূল্যে এবং কাস্টম | CreateMy-QR
আমাদের সম্পর্কে | CreateMy-QR",text/html; charset=utf-8,false,200,0,0,"Learn more about CreateMy-QR about us.
আপনার ব্রাউজারে সরাসরি একটি কাস্টম QR কোডে আপনার types.about ডেটা রূপান্তর করুন। সম্পূর্ণ গোপনীয়তার জন্য 100% অফলাইনে প্রক্রিয়া করা হয়েছে। বিনামূল্যে, কোন সীমা নেই, এবং অত্যন্ত নিরাপদ।",,,"38
187",2,true
21,https://createmy-qr.com/de/unterstutzte-sprachen,"Kostenloser QR-Code Generator Online - CreateMy-QR (No Signup) | Unterstützte Sprachen
types.languages QR-Code-Generator – kostenlos und benutzerdefiniert | CreateMy-QR
Unterstützte Sprachen | CreateMy-QR",text/html; charset=utf-8,false,200,0,0,"Learn more about CreateMy-QR supported languages.
Wandeln Sie Ihre types.languages-Daten direkt in Ihrem Browser in einen benutzerdefinierten QR-Code um. 100 % offline verarbeitet für absolute Privatsphäre. Kostenlos, ohne Grenzen und äußerst sicher.",,,"49
200",2,true
21,https://createmy-qr.com/hi/kes-kaa-pryog-kren,"मुफ़्त ऑनलाइन क्यूआर कोड जनरेटर - CreateMy-QR (No Signup) | केस का प्रयोग करें
types.usecases QR कोड जेनरेटर - मुफ़्त और कस्टम | CreateMy-QR
केस का प्रयोग करें | CreateMy-QR",text/html; charset=utf-8,false,200,0,0,"Learn more about CreateMy-QR use cases.
अपने types.usecases डेटा को सीधे अपने ब्राउज़र में एक कस्टम क्यूआर कोड में बदलें। पूर्ण गोपनीयता के लिए 100% ऑफ़लाइन संसाधित। निःशुल्क, कोई सीमा नहीं, और अत्यधिक सुरक्षित।",,,"39
171",2,true
21,https://createmy-qr.com/tl/mga-tuntunin-ng-serbisyo,"Libreng Online QR Code Generator - CreateMy-QR (No Signup) | Mga Tuntunin ng Serbisyo
types.terms QR Code Generator - Libre at Custom | CreateMy-QR
Mga Tuntunin ng Serbisyo | CreateMy-QR",text/html; charset=utf-8,false,200,0,0,"Learn more about CreateMy-QR terms of service.
I-convert ang iyong types.terms data sa isang custom na QR code nang direkta sa iyong browser. 100% na naproseso offline para sa ganap na privacy. Libre, walang limitasyon, at lubos na secure.",,,"46
192",2,true
21,https://createmy-qr.com/id/kebijakan-privasi,"Generator QR Code Gratis Online - CreateMy-QR (No Signup) | Kebijakan Privasi
types.privacy Pembuat Kode QR - Gratis & Khusus | CreateMy-QR
Kebijakan Privasi | CreateMy-QR",text/html; charset=utf-8,false,200,0,0,"Learn more about CreateMy-QR privacy policy.
Ubah data types.privacy Anda menjadi QR code kustom langsung di browser. 100% diproses offline untuk privasi absolut. Gratis, tanpa batas, dan sangat aman.",,,"44
155",2,true
21,https://createmy-qr.com/ja/telegram-wu-liao-qrkodozuo-cheng-zienereta,"電報 QR コード ジェネレーター - 無料 & カスタム | CreateMy-QR
電報 - 無料QRコード作成・ジェネレーター - CreateMy-QR",text/html; charset=utf-8,false,200,0,0,"ブラウザで直接、電報 データをカスタム QR コードに変換します。完全なプライバシーを確​​保するために 100% オフラインで処理されます。無料、制限なし、そして非常に安全です。
ブラウザで直接、電報 データをカスタム QR コードに変換します。完全なプライバシーを確​​保するために 100% オフラインで処理されます。無料、制限なし、そして非常に安全です。",,,"90
90",2,true
21,https://createmy-qr.com/pl/o-nas,"Darmowy Generator Kodów QR Online - CreateMy-QR (No Signup) | O nas
Generator kodów QR types.about — bezpłatny i niestandardowy | CreateMy-QR
O nas | CreateMy-QR",text/html; charset=utf-8,false,200,0,0,"Learn more about CreateMy-QR about us.
Konwertuj dane types.about na niestandardowy kod QR bezpośrednio w przeglądarce. 100% przetwarzane w trybie offline, aby zapewnić całkowitą prywatność. Bezpłatnie, bez ograniczeń i bardzo bezpiecznie.",,,"38
200",2,true
21,https://createmy-qr.com/hu/biztonsagi-architektura,"Ingyenes Online QR-kód Generátor - CreateMy-QR (No Signup) | Biztonsági architektúra
types.security QR-kód generátor - ingyenes és egyedi | CreateMy-QR
Biztonsági architektúra | CreateMy-QR",text/html; charset=utf-8,false,200,0,0,"Learn more about CreateMy-QR security architecture.
Alakítsa át types.security adatait egyéni QR-kóddá közvetlenül a böngészőjében. 100%-ban offline feldolgozva az abszolút adatvédelem érdekében. Ingyenes, korlátok nélkül és rendkívül biztonságos.",,,"51
195",2,true
21,https://createmy-qr.com/zh/guan-yu-wo-men,"免费在线二维码生成器 - CreateMy-QR (No Signup) | 关于我们
types.about QR 代码生成器 - 免费和自定义 | CreateMy-QR
关于我们 | CreateMy-QR",text/html; charset=utf-8,false,200,0,0,"Learn more about CreateMy-QR about us.
直接在浏览器中将您的 types.about 数据转换为自定义二维码。 100% 离线处理，绝对隐私。免费、无限制且高度安全。",,,"38
63",2,true
21,https://createmy-qr.com/ja/snapchat-wu-liao-qrkodozuo-cheng-zienereta,"スナップチャット QR コード ジェネレーター - 無料 & カスタム | CreateMy-QR
スナップチャット - 無料QRコード作成・ジェネレーター - CreateMy-QR",text/html; charset=utf-8,false,200,0,0,"ブラウザで直接、スナップチャット データをカスタム QR コードに変換します。完全なプライバシーを確​​保するために 100% オフラインで処理されます。無料、制限なし、そして非常に安全です。
ブラウザで直接、スナップチャット データをカスタム QR コードに変換します。完全なプライバシーを確​​保するために 100% オフラインで処理されます。無料、制限なし、そして非常に安全です。",,,"96
96",2,true
21,https://createmy-qr.com/ja/discord-wu-liao-qrkodozuo-cheng-zienereta,"不協和音 QR コード ジェネレーター - 無料 & カスタム | CreateMy-QR
不協和音 - 無料QRコード作成・ジェネレーター - CreateMy-QR",text/html; charset=utf-8,false,200,0,0,"ブラウザで直接、不協和音 データをカスタム QR コードに変換します。完全なプライバシーを確​​保するために 100% オフラインで処理されます。無料、制限なし、そして非常に安全です。
ブラウザで直接、不協和音 データをカスタム QR コードに変換します。完全なプライバシーを確​​保するために 100% オフラインで処理されます。無料、制限なし、そして非常に安全です。",,,"92
92",2,true
21,https://createmy-qr.com/el/politiki-aporritoy,"Δωρεάν Δημιουργία QR Code Online - CreateMy-QR (No Signup) | Πολιτική Απορρήτου
types.privacy QR Code Generator - Δωρεάν & Προσαρμοσμένο | CreateMy-QR
Πολιτική Απορρήτου | CreateMy-QR",text/html; charset=utf-8,false,200,0,0,"Learn more about CreateMy-QR privacy policy.
Μετατρέψτε τα δεδομένα σας types.privacy σε προσαρμοσμένο κωδικό QR απευθείας στο πρόγραμμα περιήγησής σας. 100% επεξεργασία εκτός σύνδεσης για απόλυτη προστασία της ιδιωτικής ζωής. Δωρεάν, χωρίς όρια και εξαιρετικά ασφαλές.",,,"44
224",2,true
21,https://createmy-qr.com/de/nutzungsbedingungen,"Kostenloser QR-Code Generator Online - CreateMy-QR (No Signup) | Nutzungsbedingungen
types.terms QR-Code-Generator – kostenlos und benutzerdefiniert | CreateMy-QR
Nutzungsbedingungen | CreateMy-QR",text/html; charset=utf-8,false,200,0,0,"Learn more about CreateMy-QR terms of service.
Wandeln Sie Ihre types.terms-Daten direkt in Ihrem Browser in einen benutzerdefinierten QR-Code um. 100 % offline verarbeitet für absolute Privatsphäre. Kostenlos, ohne Grenzen und äußerst sicher.",,,"46
196",2,true
21,https://createmy-qr.com/ko/muryo-onrain-qr-kodeu-saengseonggi,"온라인 무료 바코드 생성기 - 1D 바코드 생성
types.barcode QR 코드 생성기 - 무료 및 사용자 정의 | CreateMy-QR
barcode - 무료 온라인 QR 코드 생성기 - CreateMy-QR",text/html; charset=utf-8,false,200,0,0,"브라우저에서 직접 barcode 데이터를 맞춤 QR 코드로 변환하세요. 절대적인 개인정보 보호를 위해 100% 오프라인으로 처리됩니다. 무료이며 제한이 없으며 매우 안전합니다.
브라우저에서 직접 types.barcode 데이터를 맞춤 QR 코드로 변환하세요. 절대적인 개인정보 보호를 위해 100% 오프라인으로 처리됩니다. 무료이며 제한이 없으며 매우 안전합니다.
전문적인 1D 바코드를 즉시 생성하세요. Code-128, UPC, EAN, ITF-14 등을 지원합니다. 무료이고 안전하며 고해상도 PNG로 다운로드할 수 있습니다.",,,"98
104
93",3,true
21,https://createmy-qr.com/ja/hua-xiang-wu-liao-qrkodozuo-cheng-zienereta,"画像 QR コード ジェネレーター - 無料 & カスタム | CreateMy-QR
画像 - 無料QRコード作成・ジェネレーター - CreateMy-QR",text/html; charset=utf-8,false,200,0,0,"ブラウザで直接、画像 データをカスタム QR コードに変換します。完全なプライバシーを確​​保するために 100% オフラインで処理されます。無料、制限なし、そして非常に安全です。
ブラウザで直接、画像 データをカスタム QR コードに変換します。完全なプライバシーを確​​保するために 100% オフラインで処理されます。無料、制限なし、そして非常に安全です。",,,"90
90",2,true
21,https://createmy-qr.com/uk/pidtrimuvani-movi,"Безкоштовний Генератор QR-кодів Онлайн - CreateMy-QR (No Signup) | Підтримувані мови
Генератор QR-коду types.languages – безкоштовний і користувацький | CreateMy-QR
Підтримувані мови | CreateMy-QR",text/html; charset=utf-8,false,200,0,0,"Learn more about CreateMy-QR supported languages.
Перетворіть свої дані types.languages на власний QR-код безпосередньо у своєму браузері. 100% обробка офлайн для повної конфіденційності. Безкоштовно, без обмежень і дуже безпечно.",,,"49
180",2,true
21,https://createmy-qr.com/ko/pail-muryo-onrain-qr-kodeu-saengseonggi,"파일 QR 코드 생성기 - 무료 및 사용자 정의 | CreateMy-QR
파일 - 무료 온라인 QR 코드 생성기 - CreateMy-QR",text/html; charset=utf-8,false,200,0,0,"브라우저에서 직접 파일 데이터를 맞춤 QR 코드로 변환하세요. 절대적인 개인정보 보호를 위해 100% 오프라인으로 처리됩니다. 무료이며 제한이 없으며 매우 안전합니다.
브라우저에서 직접 파일 데이터를 맞춤 QR 코드로 변환하세요. 절대적인 개인정보 보호를 위해 100% 오프라인으로 처리됩니다. 무료이며 제한이 없으며 매우 안전합니다.",,,"93
93",2,true
21,https://createmy-qr.com/it/architettura-di-sicurezza,"Generatore di Codici QR Gratis Online - CreateMy-QR (No Signup) | Architettura di sicurezza
Generatore di codici QR types.security - Gratuito e personalizzato | CreateMy-QR
Architettura di sicurezza | CreateMy-QR",text/html; charset=utf-8,false,200,0,0,"Learn more about CreateMy-QR security architecture.
Converti i tuoi dati types.security in un codice QR personalizzato direttamente nel tuo browser. Elaborato offline al 100% per una privacy assoluta. Gratuito, senza limiti e altamente sicuro.",,,"51
191",2,true
21,https://createmy-qr.com/es/terminos-de-servicio,"Generador de Códigos QR Gratis Online - CreateMy-QR (No Signup) | Términos de servicio
Generador de códigos QR types.terms: gratuito y personalizado | CreateMy-QR
Términos de servicio | CreateMy-QR",text/html; charset=utf-8,false,200,0,0,"Learn more about CreateMy-QR terms of service.
Convierta sus datos de types.terms en un código QR personalizado directamente en su navegador. 100% procesado fuera de línea para absoluta privacidad. Gratis, sin límites y muy seguro.",,,"46
184",2,true
21,https://createmy-qr.com/ar/sys-lkhswsy,"مولد رمز الاستجابة السريعة مجاني - CreateMy-QR (No Signup) | سياسة الخصوصية
types.privacy QR Code Generator - مجاني ومخصص | CreateMy-QR
سياسة الخصوصية | CreateMy-QR",text/html; charset=utf-8,false,200,0,0,"Learn more about CreateMy-QR privacy policy.
قم بتحويل بيانات types.privacy الخاصة بك إلى رمز QR مخصص مباشرةً في متصفحك. تمت معالجتها بنسبة 100% دون الاتصال بالإنترنت لتوفير الخصوصية المطلقة. مجاني، بلا حدود، وآمن للغاية.",,,"44
176",2,true
21,https://createmy-qr.com/es/sobre-nosotros,"Generador de Códigos QR Gratis Online - CreateMy-QR (No Signup) | Sobre nosotros
Generador de códigos QR types.about: gratuito y personalizado | CreateMy-QR
Sobre nosotros | CreateMy-QR",text/html; charset=utf-8,false,200,0,0,"Learn more about CreateMy-QR about us.
Convierta sus datos de types.about en un código QR personalizado directamente en su navegador. 100% procesado fuera de línea para absoluta privacidad. Gratis, sin límites y muy seguro.",,,"38
184",2,true
21,https://createmy-qr.com/zh/yong-li,"免费在线二维码生成器 - CreateMy-QR (No Signup) | 用例
types.usecases QR 代码生成器 - 免费和自定义 | CreateMy-QR
用例 | CreateMy-QR",text/html; charset=utf-8,false,200,0,0,"Learn more about CreateMy-QR use cases.
直接在浏览器中将您的 types.usecases 数据转换为自定义二维码。 100% 离线处理，绝对隐私。免费、无限制且高度安全。",,,"39
66",2,true
21,https://createmy-qr.com/bn/niraapttaa-aarkittekcaar,"ফ্রি অনলাইন কিউআর কোড জেনারেটর - CreateMy-QR (No Signup) | নিরাপত্তা আর্কিটেকচার
types.security QR কোড জেনারেটর - বিনামূল্যে এবং কাস্টম | CreateMy-QR
নিরাপত্তা আর্কিটেকচার | CreateMy-QR",text/html; charset=utf-8,false,200,0,0,"Learn more about CreateMy-QR security architecture.
আপনার ব্রাউজারে সরাসরি একটি কাস্টম QR কোডে আপনার types.security ডেটা রূপান্তর করুন। সম্পূর্ণ গোপনীয়তার জন্য 100% অফলাইনে প্রক্রিয়া করা হয়েছে। বিনামূল্যে, কোন সীমা নেই, এবং অত্যন্ত নিরাপদ।",,,"51
190",2,true
21,https://createmy-qr.com/ko/instagram-muryo-onrain-qr-kodeu-saengseonggi,"인스타그램 QR 코드 생성기 - 무료 및 사용자 정의 | CreateMy-QR
인스타그램 - 무료 온라인 QR 코드 생성기 - CreateMy-QR",text/html; charset=utf-8,false,200,0,0,"브라우저에서 직접 인스타그램 데이터를 맞춤 QR 코드로 변환하세요. 절대적인 개인정보 보호를 위해 100% 오프라인으로 처리됩니다. 무료이며 제한이 없으며 매우 안전합니다.
브라우저에서 직접 인스타그램 데이터를 맞춤 QR 코드로 변환하세요. 절대적인 개인정보 보호를 위해 100% 오프라인으로 처리됩니다. 무료이며 제한이 없으며 매우 안전합니다.",,,"96
96",2,true
21,https://createmy-qr.com/hu/hasznalati-esetek,"Ingyenes Online QR-kód Generátor - CreateMy-QR (No Signup) | Használati esetek
types.usecases QR-kód generátor - ingyenes és egyedi | CreateMy-QR
Használati esetek | CreateMy-QR",text/html; charset=utf-8,false,200,0,0,"Learn more about CreateMy-QR use cases.
Alakítsa át types.usecases adatait egyéni QR-kóddá közvetlenül a böngészőjében. 100%-ban offline feldolgozva az abszolút adatvédelem érdekében. Ingyenes, korlátok nélkül és rendkívül biztonságos.",,,"39
195",2,true
21,https://createmy-qr.com/el/shetika-me-emas,"Δωρεάν Δημιουργία QR Code Online - CreateMy-QR (No Signup) | Σχετικά με εμάς
types.about QR Code Generator - Δωρεάν & Προσαρμοσμένο | CreateMy-QR
Σχετικά με εμάς | CreateMy-QR",text/html; charset=utf-8,false,200,0,0,"Learn more about CreateMy-QR about us.
Μετατρέψτε τα δεδομένα σας types.about σε προσαρμοσμένο κωδικό QR απευθείας στο πρόγραμμα περιήγησής σας. 100% επεξεργασία εκτός σύνδεσης για απόλυτη προστασία της ιδιωτικής ζωής. Δωρεάν, χωρίς όρια και εξαιρετικά ασφαλές.",,,"38
222",2,true
21,https://createmy-qr.com/bn/100-binaamuulye-muuly,"ফ্রি অনলাইন কিউআর কোড জেনারেটর - CreateMy-QR (No Signup) | 100% বিনামূল্যে মূল্য
types.pricing QR কোড জেনারেটর - বিনামূল্যে এবং কাস্টম | CreateMy-QR
100% বিনামূল্যে মূল্য | CreateMy-QR",text/html; charset=utf-8,false,200,0,0,"Learn more about CreateMy-QR 100% free pricing.
আপনার ব্রাউজারে সরাসরি একটি কাস্টম QR কোডে আপনার types.pricing ডেটা রূপান্তর করুন। সম্পূর্ণ গোপনীয়তার জন্য 100% অফলাইনে প্রক্রিয়া করা হয়েছে। বিনামূল্যে, কোন সীমা নেই, এবং অত্যন্ত নিরাপদ।",,,"47
189",2,true
21,https://createmy-qr.com/pl/porownaj-narzedzia,"Darmowy Generator Kodów QR Online - CreateMy-QR (No Signup) | Porównaj narzędzia
Generator kodów QR types.compare — bezpłatny i niestandardowy | CreateMy-QR
Porównaj narzędzia | CreateMy-QR",text/html; charset=utf-8,false,200,0,0,"Learn more about CreateMy-QR compare tools.
Konwertuj dane types.compare na niestandardowy kod QR bezpośrednio w przeglądarce. 100% przetwarzane w trybie offline, aby zapewnić całkowitą prywatność. Bezpłatnie, bez ograniczeń i bardzo bezpiecznie.",,,"43
202",2,true
21,https://createmy-qr.com/hu/100-ingyenes-ar,"Ingyenes Online QR-kód Generátor - CreateMy-QR (No Signup) | 100% ingyenes ár
types.pricing QR-kód generátor - ingyenes és egyedi | CreateMy-QR
100% ingyenes ár | CreateMy-QR",text/html; charset=utf-8,false,200,0,0,"Learn more about CreateMy-QR 100% free pricing.
Alakítsa át types.pricing adatait egyéni QR-kóddá közvetlenül a böngészőjében. 100%-ban offline feldolgozva az abszolút adatvédelem érdekében. Ingyenes, korlátok nélkül és rendkívül biztonságos.",,,"47
194",2,true
21,https://createmy-qr.com/cs/nastroje-pro-porovnani,"Zdarma Online Generátor QR Kódů - CreateMy-QR (No Signup) | Nástroje pro porovnání
types.compare generátor QR kódu – zdarma a na míru | CreateMy-QR
Nástroje pro porovnání | CreateMy-QR",text/html; charset=utf-8,false,200,0,0,"Learn more about CreateMy-QR compare tools.
Převeďte svá data types.compare na vlastní QR kód přímo ve vašem prohlížeči. 100% zpracováno offline pro absolutní soukromí. Zdarma, bez omezení a vysoce bezpečné.",,,"43
163",2,true
21,https://createmy-qr.com/it/termini-di-servizio,"Generatore di Codici QR Gratis Online - CreateMy-QR (No Signup) | Termini di servizio
Generatore di codici QR types.terms - Gratuito e personalizzato | CreateMy-QR
Termini di servizio | CreateMy-QR",text/html; charset=utf-8,false,200,0,0,"Learn more about CreateMy-QR terms of service.
Converti i tuoi dati types.terms in un codice QR personalizzato direttamente nel tuo browser. Elaborato offline al 100% per una privacy assoluta. Gratuito, senza limiti e altamente sicuro.",,,"46
188",2,true
21,https://createmy-qr.com/zh/spotify-mian-fei-zai-xian-er-wei-ma-sheng-cheng-qi,"Spotify QR 代码生成器 - 免费和自定义 | CreateMy-QR
Spotify - 免费在线二维码生成器 - CreateMy-QR",text/html; charset=utf-8,false,200,0,0,"直接在浏览器中将您的 Spotify 数据转换为自定义二维码。 100% 离线处理，绝对隐私。免费、无限制且高度安全。
直接在浏览器中将您的 Spotify 数据转换为自定义二维码。 100% 离线处理，绝对隐私。免费、无限制且高度安全。",,,"59
59",2,true
21,https://createmy-qr.com/ja/si-tatinituite,"無料QRコード作成・ジェネレーター - CreateMy-QR (No Signup) | 私たちについて
types.about QR コード ジェネレーター - 無料 & カスタム | CreateMy-QR
私たちについて | CreateMy-QR",text/html; charset=utf-8,false,200,0,0,"Learn more about CreateMy-QR about us.
ブラウザで直接、types.about データをカスタム QR コードに変換します。完全なプライバシーを確​​保するために 100% オフラインで処理されます。無料、制限なし、そして非常に安全です。",,,"38
99",2,true
21,https://createmy-qr.com/ko/snapchat-muryo-onrain-qr-kodeu-saengseonggi,"스냅챗 QR 코드 생성기 - 무료 및 사용자 정의 | CreateMy-QR
스냅챗 - 무료 온라인 QR 코드 생성기 - CreateMy-QR",text/html; charset=utf-8,false,200,0,0,"브라우저에서 직접 스냅챗 데이터를 맞춤 QR 코드로 변환하세요. 절대적인 개인정보 보호를 위해 100% 오프라인으로 처리됩니다. 무료이며 제한이 없으며 매우 안전합니다.
브라우저에서 직접 스냅챗 데이터를 맞춤 QR 코드로 변환하세요. 절대적인 개인정보 보호를 위해 100% 오프라인으로 처리됩니다. 무료이며 제한이 없으며 매우 안전합니다.",,,"94
94",2,true
21,https://createmy-qr.com/ko/odio-muryo-onrain-qr-kodeu-saengseonggi,"오디오 QR 코드 생성기 - 무료 및 사용자 정의 | CreateMy-QR
오디오 - 무료 온라인 QR 코드 생성기 - CreateMy-QR",text/html; charset=utf-8,false,200,0,0,"브라우저에서 직접 오디오 데이터를 맞춤 QR 코드로 변환하세요. 절대적인 개인정보 보호를 위해 100% 오프라인으로 처리됩니다. 무료이며 제한이 없으며 매우 안전합니다.
브라우저에서 직접 오디오 데이터를 맞춤 QR 코드로 변환하세요. 절대적인 개인정보 보호를 위해 100% 오프라인으로 처리됩니다. 무료이며 제한이 없으며 매우 안전합니다.",,,"94
94",2,true
21,https://createmy-qr.com/ko/gaein-jeongbo-boho-jeongcaeg,"무료 온라인 QR 코드 생성기 - CreateMy-QR (No Signup) | 개인 정보 보호 정책
types.privacy QR 코드 생성기 - 무료 및 사용자 정의 | CreateMy-QR
개인 정보 보호 정책 | CreateMy-QR",text/html; charset=utf-8,false,200,0,0,"Learn more about CreateMy-QR privacy policy.
브라우저에서 직접 types.privacy 데이터를 맞춤 QR 코드로 변환하세요. 절대적인 개인정보 보호를 위해 100% 오프라인으로 처리됩니다. 무료이며 제한이 없으며 매우 안전합니다.",,,"44
104",2,true
21,https://createmy-qr.com/ar/laamr-l-mny,"مولد رمز الاستجابة السريعة مجاني - CreateMy-QR (No Signup) | العمارة الأمنية
types.security QR Code Generator - مجاني ومخصص | CreateMy-QR
العمارة الأمنية | CreateMy-QR",text/html; charset=utf-8,false,200,0,0,"Learn more about CreateMy-QR security architecture.
قم بتحويل بيانات types.security الخاصة بك إلى رمز QR مخصص مباشرةً في متصفحك. تمت معالجتها بنسبة 100% دون الاتصال بالإنترنت لتوفير الخصوصية المطلقة. مجاني، بلا حدود، وآمن للغاية.",,,"51
177",2,true
21,https://createmy-qr.com/no/om-oss,"Gratis QR-kode Generator Online - CreateMy-QR (No Signup) | Om oss
types.about QR Code Generator - Gratis og tilpasset | CreateMy-QR
Om oss | CreateMy-QR",text/html; charset=utf-8,false,200,0,0,"Learn more about CreateMy-QR about us.
Konverter types.about-dataene dine til en tilpasset QR-kode direkte i nettleseren din. 100 % behandlet offline for absolutt personvern. Gratis, ingen grenser og svært sikker.",,,"38
174",2,true
21,https://createmy-qr.com/th/sthaapatykrrmkaarraksaakhwaampl-dphay,"เครื่องมือสร้างคิวอาร์โค้ดออนไลน์ฟรี - CreateMy-QR (No Signup) | สถาปัตยกรรมการรักษาความปลอดภัย
types.security เครื่องสร้างโค้ด QR - ฟรีและกำหนดเอง | CreateMy-QR
สถาปัตยกรรมการรักษาความปลอดภัย | CreateMy-QR",text/html; charset=utf-8,false,200,0,0,"Learn more about CreateMy-QR security architecture.
แปลงข้อมูล types.security ของคุณให้เป็นโค้ด QR ที่กำหนดเองได้โดยตรงในเบราว์เซอร์ของคุณ ประมวลผลแบบออฟไลน์ 100% เพื่อความเป็นส่วนตัวอย่างแท้จริง ฟรี ไม่จำกัด และมีความปลอดภัยสูง",,,"51
176",2,true
21,https://createmy-qr.com/no/stottede-sprak,"Gratis QR-kode Generator Online - CreateMy-QR (No Signup) | Støttede språk
types.languages QR Code Generator - Gratis og tilpasset | CreateMy-QR
Støttede språk | CreateMy-QR",text/html; charset=utf-8,false,200,0,0,"Learn more about CreateMy-QR supported languages.
Konverter types.languages-dataene dine til en tilpasset QR-kode direkte i nettleseren din. 100 % behandlet offline for absolutt personvern. Gratis, ingen grenser og svært sikker.",,,"49
178",2,true
21,https://createmy-qr.com/pl/architektura-bezpieczenstwa,"Darmowy Generator Kodów QR Online - CreateMy-QR (No Signup) | Architektura Bezpieczeństwa
Generator kodów QR types.security — bezpłatny i niestandardowy | CreateMy-QR
Architektura Bezpieczeństwa | CreateMy-QR",text/html; charset=utf-8,false,200,0,0,"Learn more about CreateMy-QR security architecture.
Konwertuj dane types.security na niestandardowy kod QR bezpośrednio w przeglądarce. 100% przetwarzane w trybie offline, aby zapewnić całkowitą prywatność. Bezpłatnie, bez ograniczeń i bardzo bezpiecznie.",,,"51
203",2,true
21,https://createmy-qr.com/uk/pro-nas,"Безкоштовний Генератор QR-кодів Онлайн - CreateMy-QR (No Signup) | Про нас
Генератор QR-коду types.about – безкоштовний і користувацький | CreateMy-QR
Про нас | CreateMy-QR",text/html; charset=utf-8,false,200,0,0,"Learn more about CreateMy-QR about us.
Перетворіть свої дані types.about на власний QR-код безпосередньо у своєму браузері. 100% обробка офлайн для повної конфіденційності. Безкоштовно, без обмежень і дуже безпечно.",,,"38
176",2,true
21,https://createmy-qr.com/ko/crypto-muryo-onrain-qr-kodeu-saengseonggi,"암호화폐 QR 코드 생성기 - 무료 및 사용자 정의 | CreateMy-QR
암호화폐 - 무료 온라인 QR 코드 생성기 - CreateMy-QR",text/html; charset=utf-8,false,200,0,0,"브라우저에서 직접 암호화폐 데이터를 맞춤 QR 코드로 변환하세요. 절대적인 개인정보 보호를 위해 100% 오프라인으로 처리됩니다. 무료이며 제한이 없으며 매우 안전합니다.
브라우저에서 직접 암호화폐 데이터를 맞춤 QR 코드로 변환하세요. 절대적인 개인정보 보호를 위해 100% 오프라인으로 처리됩니다. 무료이며 제한이 없으며 매우 안전합니다.",,,"95
95",2,true
21,https://createmy-qr.com/pt/termos-de-servico,"Gerador de Código QR Grátis Online - CreateMy-QR (No Signup) | Termos de Serviço
Gerador de código QR types.terms - gratuito e personalizado | CreateMy-QR
Termos de Serviço | CreateMy-QR",text/html; charset=utf-8,false,200,0,0,"Learn more about CreateMy-QR terms of service.
Converta seus dados do types.terms em um código QR personalizado diretamente no seu navegador. 100% processado offline para privacidade absoluta. Gratuito, sem limites e altamente seguro.",,,"46
187",2,true
21,https://createmy-qr.com/zh/tiao-ma-sao-miao-yi-mian-fei-zai-xian-er-wei-ma-sheng-cheng-qi,"免费在线条码扫描仪 - 扫描 UPC 和 EAN
条码扫描仪 QR 代码生成器 - 免费和自定义 | CreateMy-QR
条码扫描仪 - 免费在线二维码生成器 - CreateMy-QR",text/html; charset=utf-8,false,200,0,0,"直接在浏览器中将您的 条码扫描仪 数据转换为自定义二维码。 100% 离线处理，绝对隐私。免费、无限制且高度安全。
直接在浏览器中将您的 条码扫描仪 数据转换为自定义二维码。 100% 离线处理，绝对隐私。免费、无限制且高度安全。
使用设备的相机免费在线扫描条形码或上传图像。支持 UPC、EAN、Code 128 等。100% 私密且安全。",,,"57
57
55",3,true
21,https://createmy-qr.com/zh/dian-hua-mian-fei-zai-xian-er-wei-ma-sheng-cheng-qi,"电话 QR 代码生成器 - 免费和自定义 | CreateMy-QR
电话 - 免费在线二维码生成器 - CreateMy-QR",text/html; charset=utf-8,false,200,0,0,"直接在浏览器中将您的 电话 数据转换为自定义二维码。 100% 离线处理，绝对隐私。免费、无限制且高度安全。
直接在浏览器中将您的 电话 数据转换为自定义二维码。 100% 离线处理，绝对隐私。免费、无限制且高度安全。",,,"54
54",2,true
21,https://createmy-qr.com/ja/x-tuituta-wu-liao-qrkodozuo-cheng-zienereta,"X (ツイッター) QR コード ジェネレーター - 無料 & カスタム | CreateMy-QR
X (ツイッター) - 無料QRコード作成・ジェネレーター - CreateMy-QR",text/html; charset=utf-8,false,200,0,0,"ブラウザで直接、X (ツイッター) データをカスタム QR コードに変換します。完全なプライバシーを確​​保するために 100% オフラインで処理されます。無料、制限なし、そして非常に安全です。
ブラウザで直接、X (ツイッター) データをカスタム QR コードに変換します。完全なプライバシーを確​​保するために 100% オフラインで処理されます。無料、制限なし、そして非常に安全です。",,,"97
97",2,true
21,https://createmy-qr.com/ko/linkedin-muryo-onrain-qr-kodeu-saengseonggi,"링크드인 QR 코드 생성기 - 무료 및 사용자 정의 | CreateMy-QR
링크드인 - 무료 온라인 QR 코드 생성기 - CreateMy-QR",text/html; charset=utf-8,false,200,0,0,"브라우저에서 직접 링크드인 데이터를 맞춤 QR 코드로 변환하세요. 절대적인 개인정보 보호를 위해 100% 오프라인으로 처리됩니다. 무료이며 제한이 없으며 매우 안전합니다.
브라우저에서 직접 링크드인 데이터를 맞춤 QR 코드로 변환하세요. 절대적인 개인정보 보호를 위해 100% 오프라인으로 처리됩니다. 무료이며 제한이 없으며 매우 안전합니다.",,,"95
95",2,true
21,https://createmy-qr.com/ja/bi-jiao-turu,"無料QRコード作成・ジェネレーター - CreateMy-QR (No Signup) | 比較ツール
types.compare QR コード ジェネレーター - 無料 & カスタム | CreateMy-QR
比較ツール | CreateMy-QR",text/html; charset=utf-8,false,200,0,0,"Learn more about CreateMy-QR compare tools.
ブラウザで直接、types.compare データをカスタム QR コードに変換します。完全なプライバシーを確​​保するために 100% オフラインで処理されます。無料、制限なし、そして非常に安全です。",,,"43
101",2,true
21,https://createmy-qr.com/hu/szolgaltatasi-feltetelek,"Ingyenes Online QR-kód Generátor - CreateMy-QR (No Signup) | Szolgáltatási feltételek
types.terms QR-kód generátor - ingyenes és egyedi | CreateMy-QR
Szolgáltatási feltételek | CreateMy-QR",text/html; charset=utf-8,false,200,0,0,"Learn more about CreateMy-QR terms of service.
Alakítsa át types.terms adatait egyéni QR-kóddá közvetlenül a böngészőjében. 100%-ban offline feldolgozva az abszolút adatvédelem érdekében. Ingyenes, korlátok nélkül és rendkívül biztonságos.",,,"46
192",2,true
21,https://createmy-qr.com/sv/anvandningsfall,"Gratis QR-kod Generator Online - CreateMy-QR (No Signup) | Användningsfall
types.usecases QR Code Generator - Gratis & anpassad | CreateMy-QR
Användningsfall | CreateMy-QR",text/html; charset=utf-8,false,200,0,0,"Learn more about CreateMy-QR use cases.
Konvertera dina types.usecases-data till en anpassad QR-kod direkt i din webbläsare. 100 % bearbetad offline för absolut integritet. Gratis, inga gränser och mycket säker.",,,"39
171",2,true
21,https://createmy-qr.com/zh/vcard-mian-fei-zai-xian-er-wei-ma-sheng-cheng-qi,"vCard QR 代码生成器 - 免费和自定义 | CreateMy-QR
vCard - 免费在线二维码生成器 - CreateMy-QR",text/html; charset=utf-8,false,200,0,0,"直接在浏览器中将您的 vCard 数据转换为自定义二维码。 100% 离线处理，绝对隐私。免费、无限制且高度安全。
直接在浏览器中将您的 vCard 数据转换为自定义二维码。 100% 离线处理，绝对隐私。免费、无限制且高度安全。",,,"57
57",2,true
21,https://createmy-qr.com/use-cases,"Free QR Code Generator Online - CreateMy-QR (No Signup) | Use Cases
types.usecases QR Code Generator - Free & Custom | CreateMy-QR
Use Cases | CreateMy-QR",text/html; charset=utf-8,false,200,0,0,"Learn more about CreateMy-QR use cases.
Convert your types.usecases data into a custom QR code directly in your browser. 100% processed offline for absolute privacy. Free, no limits, and highly secure.",,,"39
161",2,true
21,https://createmy-qr.com/pt/arquitetura-de-seguranca,"Gerador de Código QR Grátis Online - CreateMy-QR (No Signup) | Arquitetura de Segurança
Gerador de código QR types.security - gratuito e personalizado | CreateMy-QR
Arquitetura de Segurança | CreateMy-QR",text/html; charset=utf-8,false,200,0,0,"Learn more about CreateMy-QR security architecture.
Converta seus dados do types.security em um código QR personalizado diretamente no seu navegador. 100% processado offline para privacidade absoluta. Gratuito, sem limites e altamente seguro.",,,"51
190",2,true
21,https://createmy-qr.com/ro/despre-noi,"Generator de Coduri QR Gratuit Online - CreateMy-QR (No Signup) | Despre noi
types.about QR Code Generator - Gratuit și personalizat | CreateMy-QR
Despre noi | CreateMy-QR",text/html; charset=utf-8,false,200,0,0,"Learn more about CreateMy-QR about us.
Transformați datele dvs. types.about într-un cod QR personalizat direct în browser. Procesat 100% offline pentru confidențialitate absolută. Gratuit, fără limite și foarte sigur.",,,"38
178",2,true
21,https://createmy-qr.com/th/noybaaykhwaamepnswntaw,"เครื่องมือสร้างคิวอาร์โค้ดออนไลน์ฟรี - CreateMy-QR (No Signup) | นโยบายความเป็นส่วนตัว
types.privacy เครื่องสร้างโค้ด QR - ฟรีและกำหนดเอง | CreateMy-QR
นโยบายความเป็นส่วนตัว | CreateMy-QR",text/html; charset=utf-8,false,200,0,0,"Learn more about CreateMy-QR privacy policy.
แปลงข้อมูล types.privacy ของคุณให้เป็นโค้ด QR ที่กำหนดเองได้โดยตรงในเบราว์เซอร์ของคุณ ประมวลผลแบบออฟไลน์ 100% เพื่อความเป็นส่วนตัวอย่างแท้จริง ฟรี ไม่จำกัด และมีความปลอดภัยสูง",,,"44
175",2,true
21,https://createmy-qr.com/pl/100-darmowe-ceny,"Darmowy Generator Kodów QR Online - CreateMy-QR (No Signup) | 100% darmowe ceny
Generator kodów QR types.pricing — bezpłatny i niestandardowy | CreateMy-QR
100% darmowe ceny | CreateMy-QR",text/html; charset=utf-8,false,200,0,0,"Learn more about CreateMy-QR 100% free pricing.
Konwertuj dane types.pricing na niestandardowy kod QR bezpośrednio w przeglądarce. 100% przetwarzane w trybie offline, aby zapewnić całkowitą prywatność. Bezpłatnie, bez ograniczeń i bardzo bezpiecznie.",,,"47
202",2,true
21,https://createmy-qr.com/zh/mian-fei-zai-xian-er-wei-ma-sheng-cheng-qi,"免费在线条码生成器 - 创建一维条码
types.barcode QR 代码生成器 - 免费和自定义 | CreateMy-QR
barcode - 免费在线二维码生成器 - CreateMy-QR",text/html; charset=utf-8,false,200,0,0,"直接在浏览器中将您的 barcode 数据转换为自定义二维码。 100% 离线处理，绝对隐私。免费、无限制且高度安全。
直接在浏览器中将您的 types.barcode 数据转换为自定义二维码。 100% 离线处理，绝对隐私。免费、无限制且高度安全。
立即生成专业的一维条形码。支持 Code-128、UPC、EAN、ITF-14 等。免费、安全且可下载高分辨率 PNG 格式。",,,"59
65
63",3,true
21,https://createmy-qr.com/sv/jamfor-verktyg,"Gratis QR-kod Generator Online - CreateMy-QR (No Signup) | Jämför verktyg
types.compare QR Code Generator - Gratis & anpassad | CreateMy-QR
Jämför verktyg | CreateMy-QR",text/html; charset=utf-8,false,200,0,0,"Learn more about CreateMy-QR compare tools.
Konvertera dina types.compare-data till en anpassad QR-kod direkt i din webbläsare. 100 % bearbetad offline för absolut integritet. Gratis, inga gränser och mycket säker.",,,"43
170",2,true
21,https://createmy-qr.com/el/oroi-parohis-ypiresion,"Δωρεάν Δημιουργία QR Code Online - CreateMy-QR (No Signup) | Όροι Παροχής Υπηρεσιών
types.terms QR Code Generator - Δωρεάν & Προσαρμοσμένο | CreateMy-QR
Όροι Παροχής Υπηρεσιών | CreateMy-QR",text/html; charset=utf-8,false,200,0,0,"Learn more about CreateMy-QR terms of service.
Μετατρέψτε τα δεδομένα σας types.terms σε προσαρμοσμένο κωδικό QR απευθείας στο πρόγραμμα περιήγησής σας. 100% επεξεργασία εκτός σύνδεσης για απόλυτη προστασία της ιδιωτικής ζωής. Δωρεάν, χωρίς όρια και εξαιρετικά ασφαλές.",,,"46
222",2,true
21,https://createmy-qr.com/no/sikkerhetsarkitektur,"Gratis QR-kode Generator Online - CreateMy-QR (No Signup) | Sikkerhetsarkitektur
types.security QR Code Generator - Gratis og tilpasset | CreateMy-QR
Sikkerhetsarkitektur | CreateMy-QR",text/html; charset=utf-8,false,200,0,0,"Learn more about CreateMy-QR security architecture.
Konverter types.security-dataene dine til en tilpasset QR-kode direkte i nettleseren din. 100 % behandlet offline for absolutt personvern. Gratis, ingen grenser og svært sikker.",,,"51
177",2,true
21,https://createmy-qr.com/es/precios-100-gratuitos,"Generador de Códigos QR Gratis Online - CreateMy-QR (No Signup) | Precios 100% gratuitos
Generador de códigos QR types.pricing: gratuito y personalizado | CreateMy-QR
Precios 100% gratuitos | CreateMy-QR",text/html; charset=utf-8,false,200,0,0,"Learn more about CreateMy-QR 100% free pricing.
Convierta sus datos de types.pricing en un código QR personalizado directamente en su navegador. 100% procesado fuera de línea para absoluta privacidad. Gratis, sin límites y muy seguro.",,,"47
186",2,true
21,https://createmy-qr.com/th/aichkrnii,"เครื่องมือสร้างคิวอาร์โค้ดออนไลน์ฟรี - CreateMy-QR (No Signup) | ใช้กรณี
types.usecases เครื่องสร้างโค้ด QR - ฟรีและกำหนดเอง | CreateMy-QR
ใช้กรณี | CreateMy-QR",text/html; charset=utf-8,false,200,0,0,"Learn more about CreateMy-QR use cases.
แปลงข้อมูล types.usecases ของคุณให้เป็นโค้ด QR ที่กำหนดเองได้โดยตรงในเบราว์เซอร์ของคุณ ประมวลผลแบบออฟไลน์ 100% เพื่อความเป็นส่วนตัวอย่างแท้จริง ฟรี ไม่จำกัด และมีความปลอดภัยสูง",,,"39
176",2,true
21,https://createmy-qr.com/ja/venmo-wu-liao-qrkodozuo-cheng-zienereta,"ヴェンモ QR コード ジェネレーター - 無料 & カスタム | CreateMy-QR
ヴェンモ - 無料QRコード作成・ジェネレーター - CreateMy-QR",text/html; charset=utf-8,false,200,0,0,"ブラウザで直接、ヴェンモ データをカスタム QR コードに変換します。完全なプライバシーを確​​保するために 100% オフラインで処理されます。無料、制限なし、そして非常に安全です。
ブラウザで直接、ヴェンモ データをカスタム QR コードに変換します。完全なプライバシーを確​​保するために 100% オフラインで処理されます。無料、制限なし、そして非常に安全です。",,,"92
92",2,true
21,https://createmy-qr.com/tl/patakaran-sa-privacy,"Libreng Online QR Code Generator - CreateMy-QR (No Signup) | Patakaran sa Privacy
types.privacy QR Code Generator - Libre at Custom | CreateMy-QR
Patakaran sa Privacy | CreateMy-QR",text/html; charset=utf-8,false,200,0,0,"Learn more about CreateMy-QR privacy policy.
I-convert ang iyong types.privacy data sa isang custom na QR code nang direkta sa iyong browser. 100% na naproseso offline para sa ganap na privacy. Libre, walang limitasyon, at lubos na secure.",,,"44
194",2,true
21,https://createmy-qr.com/vi/truong-hop-su-dung,"Tạo Mã QR Miễn Phí Trực Tuyến - CreateMy-QR (No Signup) | Trường hợp sử dụng
Trình tạo mã QR types.usecases - Miễn phí & Tùy chỉnh | CreateMy-QR
Trường hợp sử dụng | CreateMy-QR",text/html; charset=utf-8,false,200,0,0,"Learn more about CreateMy-QR use cases.
Chuyển đổi dữ liệu types.usecases của bạn thành mã QR tùy chỉnh trực tiếp trong trình duyệt của bạn. 100% được xử lý ngoại tuyến để đảm bảo quyền riêng tư tuyệt đối. Miễn phí, không giới hạn và có tính bảo mật cao.",,,"39
214",2,true
21,https://createmy-qr.com/cs/podporovane-jazyky,"Zdarma Online Generátor QR Kódů - CreateMy-QR (No Signup) | Podporované jazyky
types.languages generátor QR kódu – zdarma a na míru | CreateMy-QR
Podporované jazyky | CreateMy-QR",text/html; charset=utf-8,false,200,0,0,"Learn more about CreateMy-QR supported languages.
Převeďte svá data types.languages na vlastní QR kód přímo ve vašem prohlížeči. 100% zpracováno offline pro absolutní soukromí. Zdarma, bez omezení a vysoce bezpečné.",,,"49
165",2,true
21,https://createmy-qr.com/de/sicherheitsarchitektur,"Kostenloser QR-Code Generator Online - CreateMy-QR (No Signup) | Sicherheitsarchitektur
types.security QR-Code-Generator – kostenlos und benutzerdefiniert | CreateMy-QR
Sicherheitsarchitektur | CreateMy-QR",text/html; charset=utf-8,false,200,0,0,"Learn more about CreateMy-QR security architecture.
Wandeln Sie Ihre types.security-Daten direkt in Ihrem Browser in einen benutzerdefinierten QR-Code um. 100 % offline verarbeitet für absolute Privatsphäre. Kostenlos, ohne Grenzen und äußerst sicher.",,,"51
199",2,true
21,https://createmy-qr.com/nl/hulpmiddelen-vergelijken,"Gratis QR Code Generator Online - CreateMy-QR (No Signup) | Hulpmiddelen vergelijken
types.compare QR-codegenerator - gratis en aangepast | CreateMy-QR
Hulpmiddelen vergelijken | CreateMy-QR",text/html; charset=utf-8,false,200,0,0,"Learn more about CreateMy-QR compare tools.
Converteer uw types.compare-gegevens rechtstreeks in uw browser naar een aangepaste QR-code. 100% offline verwerkt voor absolute privacy. Gratis, geen grenzen en zeer veilig.",,,"43
174",2,true
21,https://createmy-qr.com/ru/usloviya-obsluzhivaniya,"Бесплатный генератор QR-кодов онлайн - CreateMy-QR (No Signup) | Условия обслуживания
types.terms Генератор QR-кодов — бесплатный и настраиваемый | CreateMy-QR
Условия обслуживания | CreateMy-QR",text/html; charset=utf-8,false,200,0,0,"Learn more about CreateMy-QR terms of service.
Преобразуйте данные types.terms в собственный QR-код прямо в браузере. 100% обработка в автономном режиме для абсолютной конфиденциальности. Бесплатно, без ограничений и очень безопасно.",,,"46
186",2,true
21,https://createmy-qr.com/fi/palveluehdot,"Ilmainen QR-koodigeneraattori Netissä - CreateMy-QR (No Signup) | Palveluehdot
types.terms QR-koodigeneraattori - ilmainen ja räätälöity | CreateMy-QR
Palveluehdot | CreateMy-QR",text/html; charset=utf-8,false,200,0,0,"Learn more about CreateMy-QR terms of service.
Muunna types.terms-tietosi mukautetuksi QR-koodiksi suoraan selaimessasi. 100 % käsitelty offline-tilassa täydellisen yksityisyyden takaamiseksi. Ilmainen, ei rajoituksia ja erittäin turvallinen.",,,"46
195",2,true
21,https://createmy-qr.com/ko/sms-muryo-onrain-qr-kodeu-saengseonggi,"SMS QR 코드 생성기 - 무료 및 사용자 정의 | CreateMy-QR
SMS - 무료 온라인 QR 코드 생성기 - CreateMy-QR",text/html; charset=utf-8,false,200,0,0,"브라우저에서 직접 SMS 데이터를 맞춤 QR 코드로 변환하세요. 절대적인 개인정보 보호를 위해 100% 오프라인으로 처리됩니다. 무료이며 제한이 없으며 매우 안전합니다.
브라우저에서 직접 SMS 데이터를 맞춤 QR 코드로 변환하세요. 절대적인 개인정보 보호를 위해 100% 오프라인으로 처리됩니다. 무료이며 제한이 없으며 매우 안전합니다.",,,"94
94",2,true
21,https://createmy-qr.com/ko/jiweondoeneun-eoneo,"무료 온라인 QR 코드 생성기 - CreateMy-QR (No Signup) | 지원되는 언어
types.languages QR 코드 생성기 - 무료 및 사용자 정의 | CreateMy-QR
지원되는 언어 | CreateMy-QR",text/html; charset=utf-8,false,200,0,0,"Learn more about CreateMy-QR supported languages.
브라우저에서 직접 types.languages 데이터를 맞춤 QR 코드로 변환하세요. 절대적인 개인정보 보호를 위해 100% 오프라인으로 처리됩니다. 무료이며 제한이 없으며 매우 안전합니다.",,,"49
106",2,true
21,https://createmy-qr.com/de/100-kostenlose-preisgestaltung,"Kostenloser QR-Code Generator Online - CreateMy-QR (No Signup) | 100 % kostenlose Preisgestaltung
types.pricing QR-Code-Generator – kostenlos und benutzerdefiniert | CreateMy-QR
100 % kostenlose Preisgestaltung | CreateMy-QR",text/html; charset=utf-8,false,200,0,0,"Learn more about CreateMy-QR 100% free pricing.
Wandeln Sie Ihre types.pricing-Daten direkt in Ihrem Browser in einen benutzerdefinierten QR-Code um. 100 % offline verarbeitet für absolute Privatsphäre. Kostenlos, ohne Grenzen und äußerst sicher.",,,"47
198",2,true
21,https://createmy-qr.com/ja/linkedin-wu-liao-qrkodozuo-cheng-zienereta,"リンクトイン QR コード ジェネレーター - 無料 & カスタム | CreateMy-QR
リンクトイン - 無料QRコード作成・ジェネレーター - CreateMy-QR",text/html; charset=utf-8,false,200,0,0,"ブラウザで直接、リンクトイン データをカスタム QR コードに変換します。完全なプライバシーを確​​保するために 100% オフラインで処理されます。無料、制限なし、そして非常に安全です。
ブラウザで直接、リンクトイン データをカスタム QR コードに変換します。完全なプライバシーを確​​保するために 100% オフラインで処理されます。無料、制限なし、そして非常に安全です。",,,"94
94",2,true
21,https://createmy-qr.com/nl/ondersteunde-talen,"Gratis QR Code Generator Online - CreateMy-QR (No Signup) | Ondersteunde talen
types.languages QR-codegenerator - gratis en aangepast | CreateMy-QR
Ondersteunde talen | CreateMy-QR",text/html; charset=utf-8,false,200,0,0,"Learn more about CreateMy-QR supported languages.
Converteer uw types.languages-gegevens rechtstreeks in uw browser naar een aangepaste QR-code. 100% offline verwerkt voor absolute privacy. Gratis, geen grenzen en zeer veilig.",,,"49
176",2,true
21,https://createmy-qr.com/tr/kullanim-durumlari,"Ücretsiz Çevrimiçi QR Kod Oluşturucu - CreateMy-QR (No Signup) | Kullanım Durumları
types.usecases QR Kod Oluşturucu - Ücretsiz ve Özel | CreateMy-QR
Kullanım Durumları | CreateMy-QR",text/html; charset=utf-8,false,200,0,0,"Learn more about CreateMy-QR use cases.
types.usecases verilerinizi doğrudan tarayıcınızda özel bir QR koduna dönüştürün. Mutlak gizlilik için %100 çevrimdışı işlenir. Ücretsiz, sınırsız ve son derece güvenli.",,,"39
169",2,true
21,https://createmy-qr.com/ar/hlt-lstkhdm,"مولد رمز الاستجابة السريعة مجاني - CreateMy-QR (No Signup) | حالات الاستخدام
types.usecases QR Code Generator - مجاني ومخصص | CreateMy-QR
حالات الاستخدام | CreateMy-QR",text/html; charset=utf-8,false,200,0,0,"Learn more about CreateMy-QR use cases.
قم بتحويل بيانات types.usecases الخاصة بك إلى رمز QR مخصص مباشرةً في متصفحك. تمت معالجتها بنسبة 100% دون الاتصال بالإنترنت لتوفير الخصوصية المطلقة. مجاني، بلا حدود، وآمن للغاية.",,,"39
177",2,true
21,https://createmy-qr.com/ro/instrumente-de-comparare,"Generator de Coduri QR Gratuit Online - CreateMy-QR (No Signup) | Instrumente de comparare
types.compare QR Code Generator - Gratuit și personalizat | CreateMy-QR
Instrumente de comparare | CreateMy-QR",text/html; charset=utf-8,false,200,0,0,"Learn more about CreateMy-QR compare tools.
Transformați datele dvs. types.compare într-un cod QR personalizat direct în browser. Procesat 100% offline pentru confidențialitate absolută. Gratuit, fără limite și foarte sigur.",,,"43
180",2,true
21,https://createmy-qr.com/ja/email-wu-liao-qrkodozuo-cheng-zienereta,"電子メール QR コード ジェネレーター - 無料 & カスタム | CreateMy-QR
電子メール - 無料QRコード作成・ジェネレーター - CreateMy-QR",text/html; charset=utf-8,false,200,0,0,"ブラウザで直接、電子メール データをカスタム QR コードに変換します。完全なプライバシーを確​​保するために 100% オフラインで処理されます。無料、制限なし、そして非常に安全です。
ブラウザで直接、電子メール データをカスタム QR コードに変換します。完全なプライバシーを確​​保するために 100% オフラインで処理されます。無料、制限なし、そして非常に安全です。",,,"93
93",2,true
21,https://createmy-qr.com/ru/sravnit-instrumenty,"Бесплатный генератор QR-кодов онлайн - CreateMy-QR (No Signup) | Сравнить инструменты
types.compare Генератор QR-кодов — бесплатный и настраиваемый | CreateMy-QR
Сравнить инструменты | CreateMy-QR",text/html; charset=utf-8,false,200,0,0,"Learn more about CreateMy-QR compare tools.
Преобразуйте данные types.compare в собственный QR-код прямо в браузере. 100% обработка в автономном режиме для абсолютной конфиденциальности. Бесплатно, без ограничений и очень безопасно.",,,"43
188",2,true
21,https://createmy-qr.com/ko/tegseuteu-muryo-onrain-qr-kodeu-saengseonggi,"텍스트 QR 코드 생성기 - 무료 및 사용자 정의 | CreateMy-QR
텍스트 - 무료 온라인 QR 코드 생성기 - CreateMy-QR",text/html; charset=utf-8,false,200,0,0,"브라우저에서 직접 텍스트 데이터를 맞춤 QR 코드로 변환하세요. 절대적인 개인정보 보호를 위해 100% 오프라인으로 처리됩니다. 무료이며 제한이 없으며 매우 안전합니다.
브라우저에서 직접 텍스트 데이터를 맞춤 QR 코드로 변환하세요. 절대적인 개인정보 보호를 위해 100% 오프라인으로 처리됩니다. 무료이며 제한이 없으며 매우 안전합니다.",,,"94
94",2,true
21,https://createmy-qr.com/ja/google-review-wu-liao-qrkodozuo-cheng-zienereta,"Google レビュー QR コード ジェネレーター - 無料 & カスタム | CreateMy-QR
Google レビュー - 無料QRコード作成・ジェネレーター - CreateMy-QR",text/html; charset=utf-8,false,200,0,0,"ブラウザで直接、Google レビュー データをカスタム QR コードに変換します。完全なプライバシーを確​​保するために 100% オフラインで処理されます。無料、制限なし、そして非常に安全です。
ブラウザで直接、Google レビュー データをカスタム QR コードに変換します。完全なプライバシーを確​​保するために 100% オフラインで処理されます。無料、制限なし、そして非常に安全です。",,,"99
99",2,true
21,https://createmy-qr.com/ko/pdf-muryo-onrain-qr-kodeu-saengseonggi,"PDF QR 코드 생성기 - 무료 및 사용자 정의 | CreateMy-QR
PDF - 무료 온라인 QR 코드 생성기 - CreateMy-QR",text/html; charset=utf-8,false,200,0,0,"브라우저에서 직접 PDF 데이터를 맞춤 QR 코드로 변환하세요. 절대적인 개인정보 보호를 위해 100% 오프라인으로 처리됩니다. 무료이며 제한이 없으며 매우 안전합니다.
브라우저에서 직접 PDF 데이터를 맞춤 QR 코드로 변환하세요. 절대적인 개인정보 보호를 위해 100% 오프라인으로 처리됩니다. 무료이며 제한이 없으며 매우 안전합니다.",,,"94
94",2,true
21,https://createmy-qr.com/ms/100-harga-percuma,"Penjana Kod QR Percuma Dalam Talian - CreateMy-QR (No Signup) | 100% Harga Percuma
Penjana Kod QR types.pricing - Percuma & Tersuai | CreateMy-QR
100% Harga Percuma | CreateMy-QR",text/html; charset=utf-8,false,200,0,0,"Learn more about CreateMy-QR 100% free pricing.
Tukar data types.pricing anda kepada kod QR tersuai terus dalam penyemak imbas anda. 100% diproses di luar talian untuk privasi mutlak. Percuma, tiada had dan sangat selamat.",,,"47
174",2,true
21,https://createmy-qr.com/zh/amazon-mian-fei-zai-xian-er-wei-ma-sheng-cheng-qi,"亚马逊 QR 代码生成器 - 免费和自定义 | CreateMy-QR
亚马逊 - 免费在线二维码生成器 - CreateMy-QR",text/html; charset=utf-8,false,200,0,0,"直接在浏览器中将您的 亚马逊 数据转换为自定义二维码。 100% 离线处理，绝对隐私。免费、无限制且高度安全。
直接在浏览器中将您的 亚马逊 数据转换为自定义二维码。 100% 离线处理，绝对隐私。免费、无限制且高度安全。",,,"55
55",2,true
21,https://createmy-qr.com/ko/discord-muryo-onrain-qr-kodeu-saengseonggi,"불화 QR 코드 생성기 - 무료 및 사용자 정의 | CreateMy-QR
불화 - 무료 온라인 QR 코드 생성기 - CreateMy-QR",text/html; charset=utf-8,false,200,0,0,"브라우저에서 직접 불화 데이터를 맞춤 QR 코드로 변환하세요. 절대적인 개인정보 보호를 위해 100% 오프라인으로 처리됩니다. 무료이며 제한이 없으며 매우 안전합니다.
브라우저에서 직접 불화 데이터를 맞춤 QR 코드로 변환하세요. 절대적인 개인정보 보호를 위해 100% 오프라인으로 처리됩니다. 무료이며 제한이 없으며 매우 안전합니다.",,,"93
93",2,true
21,https://createmy-qr.com/ms/seni-bina-keselamatan,"Penjana Kod QR Percuma Dalam Talian - CreateMy-QR (No Signup) | Seni Bina Keselamatan
Penjana Kod QR types.security - Percuma & Tersuai | CreateMy-QR
Seni Bina Keselamatan | CreateMy-QR",text/html; charset=utf-8,false,200,0,0,"Learn more about CreateMy-QR security architecture.
Tukar data types.security anda kepada kod QR tersuai terus dalam penyemak imbas anda. 100% diproses di luar talian untuk privasi mutlak. Percuma, tiada had dan sangat selamat.",,,"51
175",2,true
21,https://createmy-qr.com/ms/mengenai-kami,"Penjana Kod QR Percuma Dalam Talian - CreateMy-QR (No Signup) | Mengenai Kami
Penjana Kod QR types.about - Percuma & Tersuai | CreateMy-QR
Mengenai Kami | CreateMy-QR",text/html; charset=utf-8,false,200,0,0,"Learn more about CreateMy-QR about us.
Tukar data types.about anda kepada kod QR tersuai terus dalam penyemak imbas anda. 100% diproses di luar talian untuk privasi mutlak. Percuma, tiada had dan sangat selamat.",,,"38
172",2,true
21,https://createmy-qr.com/ro/cazuri-de-utilizare,"Generator de Coduri QR Gratuit Online - CreateMy-QR (No Signup) | Cazuri de utilizare
types.usecases QR Code Generator - Gratuit și personalizat | CreateMy-QR
Cazuri de utilizare | CreateMy-QR",text/html; charset=utf-8,false,200,0,0,"Learn more about CreateMy-QR use cases.
Transformați datele dvs. types.usecases într-un cod QR personalizat direct în browser. Procesat 100% offline pentru confidențialitate absolută. Gratuit, fără limite și foarte sigur.",,,"39
181",2,true
21,https://createmy-qr.com/pt/comparar-ferramentas,"Gerador de Código QR Grátis Online - CreateMy-QR (No Signup) | Comparar ferramentas
Gerador de código QR types.compare - gratuito e personalizado | CreateMy-QR
Comparar ferramentas | CreateMy-QR",text/html; charset=utf-8,false,200,0,0,"Learn more about CreateMy-QR compare tools.
Converta seus dados do types.compare em um código QR personalizado diretamente no seu navegador. 100% processado offline para privacidade absoluta. Gratuito, sem limites e altamente seguro.",,,"43
189",2,true
21,https://createmy-qr.com/tl/use-cases,"Libreng Online QR Code Generator - CreateMy-QR (No Signup) | Use Cases
types.usecases QR Code Generator - Libre at Custom | CreateMy-QR
Use Cases | CreateMy-QR",text/html; charset=utf-8,false,200,0,0,"Learn more about CreateMy-QR use cases.
I-convert ang iyong types.usecases data sa isang custom na QR code nang direkta sa iyong browser. 100% na naproseso offline para sa ganap na privacy. Libre, walang limitasyon, at lubos na secure.",,,"39
195",2,true
21,https://createmy-qr.com/it/informativa-sulla-privacy,"Generatore di Codici QR Gratis Online - CreateMy-QR (No Signup) | Informativa sulla privacy
Generatore di codici QR types.privacy - Gratuito e personalizzato | CreateMy-QR
Informativa sulla privacy | CreateMy-QR",text/html; charset=utf-8,false,200,0,0,"Learn more about CreateMy-QR privacy policy.
Converti i tuoi dati types.privacy in un codice QR personalizzato direttamente nel tuo browser. Elaborato offline al 100% per una privacy assoluta. Gratuito, senza limiti e altamente sicuro.",,,"44
190",2,true
21,https://createmy-qr.com/ko/imiji-muryo-onrain-qr-kodeu-saengseonggi,"이미지 QR 코드 생성기 - 무료 및 사용자 정의 | CreateMy-QR
이미지 - 무료 온라인 QR 코드 생성기 - CreateMy-QR",text/html; charset=utf-8,false,200,0,0,"브라우저에서 직접 이미지 데이터를 맞춤 QR 코드로 변환하세요. 절대적인 개인정보 보호를 위해 100% 오프라인으로 처리됩니다. 무료이며 제한이 없으며 매우 안전합니다.
브라우저에서 직접 이미지 데이터를 맞춤 QR 코드로 변환하세요. 절대적인 개인정보 보호를 위해 100% 오프라인으로 처리됩니다. 무료이며 제한이 없으며 매우 안전합니다.",,,"94
94",2,true
21,https://createmy-qr.com/pl/obslugiwane-jezyki,"Darmowy Generator Kodów QR Online - CreateMy-QR (No Signup) | Obsługiwane języki
Generator kodów QR types.languages — bezpłatny i niestandardowy | CreateMy-QR
Obsługiwane języki | CreateMy-QR",text/html; charset=utf-8,false,200,0,0,"Learn more about CreateMy-QR supported languages.
Konwertuj dane types.languages na niestandardowy kod QR bezpośrednio w przeglądarce. 100% przetwarzane w trybie offline, aby zapewnić całkowitą prywatność. Bezpłatnie, bez ograniczeń i bardzo bezpiecznie.",,,"49
204",2,true
21,https://createmy-qr.com/ja/shi-yong-li,"無料QRコード作成・ジェネレーター - CreateMy-QR (No Signup) | 使用例
types.usecases QR コード ジェネレーター - 無料 & カスタム | CreateMy-QR
使用例 | CreateMy-QR",text/html; charset=utf-8,false,200,0,0,"Learn more about CreateMy-QR use cases.
ブラウザで直接、types.usecases データをカスタム QR コードに変換します。完全なプライバシーを確​​保するために 100% オフラインで処理されます。無料、制限なし、そして非常に安全です。",,,"39
102",2,true
21,https://createmy-qr.com/id/ketentuan-layanan,"Generator QR Code Gratis Online - CreateMy-QR (No Signup) | Ketentuan Layanan
types.terms Pembuat Kode QR - Gratis & Khusus | CreateMy-QR
Ketentuan Layanan | CreateMy-QR",text/html; charset=utf-8,false,200,0,0,"Learn more about CreateMy-QR terms of service.
Ubah data types.terms Anda menjadi QR code kustom langsung di browser. 100% diproses offline untuk privasi absolut. Gratis, tanpa batas, dan sangat aman.",,,"46
153",2,true
21,https://createmy-qr.com/ms/bandingkan-alat,"Penjana Kod QR Percuma Dalam Talian - CreateMy-QR (No Signup) | Bandingkan Alat
Penjana Kod QR types.compare - Percuma & Tersuai | CreateMy-QR
Bandingkan Alat | CreateMy-QR",text/html; charset=utf-8,false,200,0,0,"Learn more about CreateMy-QR compare tools.
Tukar data types.compare anda kepada kod QR tersuai terus dalam penyemak imbas anda. 100% diproses di luar talian untuk privasi mutlak. Percuma, tiada had dan sangat selamat.",,,"43
174",2,true
21,https://createmy-qr.com/no/vilkar-for-bruk,"Gratis QR-kode Generator Online - CreateMy-QR (No Signup) | Vilkår for bruk
types.terms QR Code Generator - Gratis og tilpasset | CreateMy-QR
Vilkår for bruk | CreateMy-QR",text/html; charset=utf-8,false,200,0,0,"Learn more about CreateMy-QR terms of service.
Konverter types.terms-dataene dine til en tilpasset QR-kode direkte i nettleseren din. 100 % behandlet offline for absolutt personvern. Gratis, ingen grenser og svært sikker.",,,"46
174",2,true
21,https://createmy-qr.com/de/tools-vergleichen,"Kostenloser QR-Code Generator Online - CreateMy-QR (No Signup) | Tools vergleichen
types.compare QR-Code-Generator – kostenlos und benutzerdefiniert | CreateMy-QR
Tools vergleichen | CreateMy-QR",text/html; charset=utf-8,false,200,0,0,"Learn more about CreateMy-QR compare tools.
Wandeln Sie Ihre types.compare-Daten direkt in Ihrem Browser in einen benutzerdefinierten QR-Code um. 100 % offline verarbeitet für absolute Privatsphäre. Kostenlos, ohne Grenzen und äußerst sicher.",,,"43
198",2,true
21,https://createmy-qr.com/el/ypostirizomenes-glosses,"Δωρεάν Δημιουργία QR Code Online - CreateMy-QR (No Signup) | Υποστηριζόμενες γλώσσες
types.languages QR Code Generator - Δωρεάν & Προσαρμοσμένο | CreateMy-QR
Υποστηριζόμενες γλώσσες | CreateMy-QR",text/html; charset=utf-8,false,200,0,0,"Learn more about CreateMy-QR supported languages.
Μετατρέψτε τα δεδομένα σας types.languages σε προσαρμοσμένο κωδικό QR απευθείας στο πρόγραμμα περιήγησής σας. 100% επεξεργασία εκτός σύνδεσης για απόλυτη προστασία της ιδιωτικής ζωής. Δωρεάν, χωρίς όρια και εξαιρετικά ασφαλές.",,,"49
226",2,true
21,https://createmy-qr.com/ko/paypal-muryo-onrain-qr-kodeu-saengseonggi,"페이팔 QR 코드 생성기 - 무료 및 사용자 정의 | CreateMy-QR
페이팔 - 무료 온라인 QR 코드 생성기 - CreateMy-QR",text/html; charset=utf-8,false,200,0,0,"브라우저에서 직접 페이팔 데이터를 맞춤 QR 코드로 변환하세요. 절대적인 개인정보 보호를 위해 100% 오프라인으로 처리됩니다. 무료이며 제한이 없으며 매우 안전합니다.
브라우저에서 직접 페이팔 데이터를 맞춤 QR 코드로 변환하세요. 절대적인 개인정보 보호를 위해 100% 오프라인으로 처리됩니다. 무료이며 제한이 없으며 매우 안전합니다.",,,"94
94",2,true
21,https://createmy-qr.com/ja/yu-yue-wu-liao-qrkodozuo-cheng-zienereta,"予約 QR コード ジェネレーター - 無料 & カスタム | CreateMy-QR
予約 - 無料QRコード作成・ジェネレーター - CreateMy-QR",text/html; charset=utf-8,false,200,0,0,"ブラウザで直接、予約 データをカスタム QR コードに変換します。完全なプライバシーを確​​保するために 100% オフラインで処理されます。無料、制限なし、そして非常に安全です。
ブラウザで直接、予約 データをカスタム QR コードに変換します。完全なプライバシーを確​​保するために 100% オフラインで処理されます。無料、制限なし、そして非常に安全です。",,,"90
90",2,true
21,https://createmy-qr.com/ja/app-store-wu-liao-qrkodozuo-cheng-zienereta,"アプリストア QR コード ジェネレーター - 無料 & カスタム | CreateMy-QR
アプリストア - 無料QRコード作成・ジェネレーター - CreateMy-QR",text/html; charset=utf-8,false,200,0,0,"ブラウザで直接、アプリストア データをカスタム QR コードに変換します。完全なプライバシーを確​​保するために 100% オフラインで処理されます。無料、制限なし、そして非常に安全です。
ブラウザで直接、アプリストア データをカスタム QR コードに変換します。完全なプライバシーを確​​保するために 100% オフラインで処理されます。無料、制限なし、そして非常に安全です。",,,"94
94",2,true
21,https://createmy-qr.com/hu/tamogatott-nyelvek,"Ingyenes Online QR-kód Generátor - CreateMy-QR (No Signup) | Támogatott nyelvek
types.languages QR-kód generátor - ingyenes és egyedi | CreateMy-QR
Támogatott nyelvek | CreateMy-QR",text/html; charset=utf-8,false,200,0,0,"Learn more about CreateMy-QR supported languages.
Alakítsa át types.languages adatait egyéni QR-kóddá közvetlenül a böngészőjében. 100%-ban offline feldolgozva az abszolút adatvédelem érdekében. Ingyenes, korlátok nélkül és rendkívül biztonságos.",,,"49
196",2,true
21,https://createmy-qr.com/zh/shi-pin-mian-fei-zai-xian-er-wei-ma-sheng-cheng-qi,"视频 QR 代码生成器 - 免费和自定义 | CreateMy-QR
视频 - 免费在线二维码生成器 - CreateMy-QR",text/html; charset=utf-8,false,200,0,0,"直接在浏览器中将您的 视频 数据转换为自定义二维码。 100% 离线处理，绝对隐私。免费、无限制且高度安全。
直接在浏览器中将您的 视频 数据转换为自定义二维码。 100% 离线处理，绝对隐私。免费、无限制且高度安全。",,,"54
54",2,true
21,https://createmy-qr.com/zh/wen-ben-mian-fei-zai-xian-er-wei-ma-sheng-cheng-qi,"文本 QR 代码生成器 - 免费和自定义 | CreateMy-QR
文本 - 免费在线二维码生成器 - CreateMy-QR",text/html; charset=utf-8,false,200,0,0,"直接在浏览器中将您的 文本 数据转换为自定义二维码。 100% 离线处理，绝对隐私。免费、无限制且高度安全。
直接在浏览器中将您的 文本 数据转换为自定义二维码。 100% 离线处理，绝对隐私。免费、无限制且高度安全。",,,"54
54",2,true
21,https://createmy-qr.com/ja/dian-hua-wu-liao-qrkodozuo-cheng-zienereta,"電話 QR コード ジェネレーター - 無料 & カスタム | CreateMy-QR
電話 - 無料QRコード作成・ジェネレーター - CreateMy-QR",text/html; charset=utf-8,false,200,0,0,"ブラウザで直接、電話 データをカスタム QR コードに変換します。完全なプライバシーを確​​保するために 100% オフラインで処理されます。無料、制限なし、そして非常に安全です。
ブラウザで直接、電話 データをカスタム QR コードに変換します。完全なプライバシーを確​​保するために 100% オフラインで処理されます。無料、制限なし、そして非常に安全です。",,,"90
90",2,true
21,https://createmy-qr.com/zh/crypto-mian-fei-zai-xian-er-wei-ma-sheng-cheng-qi,"加密 QR 代码生成器 - 免费和自定义 | CreateMy-QR
加密 - 免费在线二维码生成器 - CreateMy-QR",text/html; charset=utf-8,false,200,0,0,"直接在浏览器中将您的 加密 数据转换为自定义二维码。 100% 离线处理，绝对隐私。免费、无限制且高度安全。
直接在浏览器中将您的 加密 数据转换为自定义二维码。 100% 离线处理，绝对隐私。免费、无限制且高度安全。",,,"54
54",2,true
21,https://createmy-qr.com/ru/podderzhivaemye-yazyki,"Бесплатный генератор QR-кодов онлайн - CreateMy-QR (No Signup) | Поддерживаемые языки
types.languages Генератор QR-кодов — бесплатный и настраиваемый | CreateMy-QR
Поддерживаемые языки | CreateMy-QR",text/html; charset=utf-8,false,200,0,0,"Learn more about CreateMy-QR supported languages.
Преобразуйте данные types.languages в собственный QR-код прямо в браузере. 100% обработка в автономном режиме для абсолютной конфиденциальности. Бесплатно, без ограничений и очень безопасно.",,,"49
190",2,true
21,https://createmy-qr.com/bn/kes-bybhaar-krun,"ফ্রি অনলাইন কিউআর কোড জেনারেটর - CreateMy-QR (No Signup) | কেস ব্যবহার করুন
types.usecases QR কোড জেনারেটর - বিনামূল্যে এবং কাস্টম | CreateMy-QR
কেস ব্যবহার করুন | CreateMy-QR",text/html; charset=utf-8,false,200,0,0,"Learn more about CreateMy-QR use cases.
আপনার ব্রাউজারে সরাসরি একটি কাস্টম QR কোডে আপনার types.usecases ডেটা রূপান্তর করুন। সম্পূর্ণ গোপনীয়তার জন্য 100% অফলাইনে প্রক্রিয়া করা হয়েছে। বিনামূল্যে, কোন সীমা নেই, এবং অত্যন্ত নিরাপদ।",,,"39
190",2,true
21,https://createmy-qr.com/ko/bakodeu-seukaeneo-muryo-onrain-qr-kodeu-saengseonggi,"무료 온라인 바코드 스캐너 - UPC 및 EAN 스캔
바코드 스캐너 QR 코드 생성기 - 무료 및 사용자 정의 | CreateMy-QR
바코드 스캐너 - 무료 온라인 QR 코드 생성기 - CreateMy-QR",text/html; charset=utf-8,false,200,0,0,"브라우저에서 직접 바코드 스캐너 데이터를 맞춤 QR 코드로 변환하세요. 절대적인 개인정보 보호를 위해 100% 오프라인으로 처리됩니다. 무료이며 제한이 없으며 매우 안전합니다.
브라우저에서 직접 바코드 스캐너 데이터를 맞춤 QR 코드로 변환하세요. 절대적인 개인정보 보호를 위해 100% 오프라인으로 처리됩니다. 무료이며 제한이 없으며 매우 안전합니다.
장치의 카메라를 사용하여 온라인에서 무료로 바코드를 스캔하거나 이미지를 업로드하세요.UPC, EAN, 코드 128 등을 지원합니다.100% 비공개이며 안전합니다.",,,"98
98
90",3,true
21,https://createmy-qr.com/cs/podminky-sluzby,"Zdarma Online Generátor QR Kódů - CreateMy-QR (No Signup) | Podmínky služby
types.terms generátor QR kódu – zdarma a na míru | CreateMy-QR
Podmínky služby | CreateMy-QR",text/html; charset=utf-8,false,200,0,0,"Learn more about CreateMy-QR terms of service.
Převeďte svá data types.terms na vlastní QR kód přímo ve vašem prohlížeči. 100% zpracováno offline pro absolutní soukromí. Zdarma, bez omezení a vysoce bezpečné.",,,"46
161",2,true
21,https://createmy-qr.com/ja/tiktok-wu-liao-qrkodozuo-cheng-zienereta,"TikTok QR コード ジェネレーター - 無料 & カスタム | CreateMy-QR
TikTok - 無料QRコード作成・ジェネレーター - CreateMy-QR",text/html; charset=utf-8,false,200,0,0,"ブラウザで直接、TikTok データをカスタム QR コードに変換します。完全なプライバシーを確​​保するために 100% オフラインで処理されます。無料、制限なし、そして非常に安全です。
ブラウザで直接、TikTok データをカスタム QR コードに変換します。完全なプライバシーを確​​保するために 100% オフラインで処理されます。無料、制限なし、そして非常に安全です。",,,"94
94",2,true
21,https://createmy-qr.com/zh/mian-fei-zai-xian-er-wei-ma-sheng-cheng-qi-2,"免费在线二维码扫描仪 - 立即扫描二维码
types.scanqr QR 代码生成器 - 免费和自定义 | CreateMy-QR
scanqr - 免费在线二维码生成器 - CreateMy-QR",text/html; charset=utf-8,false,200,0,0,"直接在浏览器中将您的 scanqr 数据转换为自定义二维码。 100% 离线处理，绝对隐私。免费、无限制且高度安全。
直接在浏览器中将您的 types.scanqr 数据转换为自定义二维码。 100% 离线处理，绝对隐私。免费、无限制且高度安全。
使用相机或上传图像立即扫描二维码。 100% 安全、私密的客户端处理。",,,"58
64
35",3,true
21,https://createmy-qr.com/zh/wei-zhi-mian-fei-zai-xian-er-wei-ma-sheng-cheng-qi,"位置 QR 代码生成器 - 免费和自定义 | CreateMy-QR
位置 - 免费在线二维码生成器 - CreateMy-QR",text/html; charset=utf-8,false,200,0,0,"直接在浏览器中将您的 位置 数据转换为自定义二维码。 100% 离线处理，绝对隐私。免费、无限制且高度安全。
直接在浏览器中将您的 位置 数据转换为自定义二维码。 100% 离线处理，绝对隐私。免费、无限制且高度安全。",,,"54
54",2,true
21,https://createmy-qr.com/ko/spotify-muryo-onrain-qr-kodeu-saengseonggi,"스포티파이 QR 코드 생성기 - 무료 및 사용자 정의 | CreateMy-QR
스포티파이 - 무료 온라인 QR 코드 생성기 - CreateMy-QR",text/html; charset=utf-8,false,200,0,0,"브라우저에서 직접 스포티파이 데이터를 맞춤 QR 코드로 변환하세요. 절대적인 개인정보 보호를 위해 100% 오프라인으로 처리됩니다. 무료이며 제한이 없으며 매우 안전합니다.
브라우저에서 직접 스포티파이 데이터를 맞춤 QR 코드로 변환하세요. 절대적인 개인정보 보호를 위해 100% 오프라인으로 처리됩니다. 무료이며 제한이 없으며 매우 안전합니다.",,,"96
96",2,true
21,https://createmy-qr.com/ar/saar-mjny-100,"مولد رمز الاستجابة السريعة مجاني - CreateMy-QR (No Signup) | أسعار مجانية 100%
types.pricing QR Code Generator - مجاني ومخصص | CreateMy-QR
أسعار مجانية 100% | CreateMy-QR",text/html; charset=utf-8,false,200,0,0,"Learn more about CreateMy-QR 100% free pricing.
قم بتحويل بيانات types.pricing الخاصة بك إلى رمز QR مخصص مباشرةً في متصفحك. تمت معالجتها بنسبة 100% دون الاتصال بالإنترنت لتوفير الخصوصية المطلقة. مجاني، بلا حدود، وآمن للغاية.",,,"47
176",2,true
21,https://createmy-qr.com/vi/cong-cu-so-sanh,"Tạo Mã QR Miễn Phí Trực Tuyến - CreateMy-QR (No Signup) | Công cụ so sánh
Trình tạo mã QR types.compare - Miễn phí & Tùy chỉnh | CreateMy-QR
Công cụ so sánh | CreateMy-QR",text/html; charset=utf-8,false,200,0,0,"Learn more about CreateMy-QR compare tools.
Chuyển đổi dữ liệu types.compare của bạn thành mã QR tùy chỉnh trực tiếp trong trình duyệt của bạn. 100% được xử lý ngoại tuyến để đảm bảo quyền riêng tư tuyệt đối. Miễn phí, không giới hạn và có tính bảo mật cao.",,,"43
213",2,true
21,https://createmy-qr.com/zh/url-link-mian-fei-zai-xian-er-wei-ma-sheng-cheng-qi,"免费在线二维码生成器 - CreateMy-QR (No Signup) | CreateMy-QR
免费在线二维码生成器 - CreateMy-QR (No Signup)",text/html; charset=utf-8,false,200,0,0,"使用标志和颜色创建二维码 - 无需注册，无限免费使用. 100% privacy-safe, client-side generation without signup. Try CreateMy-QR today.
直接在浏览器中将您的 网址/链接 数据转换为自定义二维码。 100% 离线处理，绝对隐私。免费、无限制且高度安全。",,,"108
57",2,true
21,https://createmy-qr.com/id/arsitektur-keamanan,"Generator QR Code Gratis Online - CreateMy-QR (No Signup) | Arsitektur Keamanan
types.security Pembuat Kode QR - Gratis & Khusus | CreateMy-QR
Arsitektur Keamanan | CreateMy-QR",text/html; charset=utf-8,false,200,0,0,"Learn more about CreateMy-QR security architecture.
Ubah data types.security Anda menjadi QR code kustom langsung di browser. 100% diproses offline untuk privasi absolut. Gratis, tanpa batas, dan sangat aman.",,,"51
156",2,true
21,https://createmy-qr.com/bn/prissebaar-shrtaablii,"ফ্রি অনলাইন কিউআর কোড জেনারেটর - CreateMy-QR (No Signup) | পরিষেবার শর্তাবলী
types.terms QR কোড জেনারেটর - বিনামূল্যে এবং কাস্টম | CreateMy-QR
পরিষেবার শর্তাবলী | CreateMy-QR",text/html; charset=utf-8,false,200,0,0,"Learn more about CreateMy-QR terms of service.
আপনার ব্রাউজারে সরাসরি একটি কাস্টম QR কোডে আপনার types.terms ডেটা রূপান্তর করুন। সম্পূর্ণ গোপনীয়তার জন্য 100% অফলাইনে প্রক্রিয়া করা হয়েছে। বিনামূল্যে, কোন সীমা নেই, এবং অত্যন্ত নিরাপদ।",,,"46
187",2,true
21,https://createmy-qr.com/tr/guvenlik-mimarisi,"Ücretsiz Çevrimiçi QR Kod Oluşturucu - CreateMy-QR (No Signup) | Güvenlik Mimarisi
types.security QR Kod Oluşturucu - Ücretsiz ve Özel | CreateMy-QR
Güvenlik Mimarisi | CreateMy-QR",text/html; charset=utf-8,false,200,0,0,"Learn more about CreateMy-QR security architecture.
types.security verilerinizi doğrudan tarayıcınızda özel bir QR koduna dönüştürün. Mutlak gizlilik için %100 çevrimdışı işlenir. Ücretsiz, sınırsız ve son derece güvenli.",,,"51
169",2,true
21,https://createmy-qr.com/fr/architecture-de-securite,"Générateur de Code QR Gratuit en Ligne - CreateMy-QR (No Signup) | Architecture de sécurité
Générateur de code QR types.security - Gratuit et personnalisé | CreateMy-QR
Architecture de sécurité | CreateMy-QR",text/html; charset=utf-8,false,200,0,0,"Learn more about CreateMy-QR security architecture.
Convertissez vos données types.security en un code QR personnalisé directement dans votre navigateur. 100 % traité hors ligne pour une confidentialité absolue. Gratuit, sans limites et hautement sécurisé.",,,"51
204",2,true
21,https://createmy-qr.com/es/comparar-herramientas,"Generador de Códigos QR Gratis Online - CreateMy-QR (No Signup) | Comparar herramientas
Generador de códigos QR types.compare: gratuito y personalizado | CreateMy-QR
Comparar herramientas | CreateMy-QR",text/html; charset=utf-8,false,200,0,0,"Learn more about CreateMy-QR compare tools.
Convierta sus datos de types.compare en un código QR personalizado directamente en su navegador. 100% procesado fuera de línea para absoluta privacidad. Gratis, sin límites y muy seguro.",,,"43
186",2,true
21,https://createmy-qr.com/bn/gopniiy-taa-niiti,"ফ্রি অনলাইন কিউআর কোড জেনারেটর - CreateMy-QR (No Signup) | গোপনীয়তা নীতি
types.privacy QR কোড জেনারেটর - বিনামূল্যে এবং কাস্টম | CreateMy-QR
গোপনীয়তা নীতি | CreateMy-QR",text/html; charset=utf-8,false,200,0,0,"Learn more about CreateMy-QR privacy policy.
আপনার ব্রাউজারে সরাসরি একটি কাস্টম QR কোডে আপনার types.privacy ডেটা রূপান্তর করুন। সম্পূর্ণ গোপনীয়তার জন্য 100% অফলাইনে প্রক্রিয়া করা হয়েছে। বিনামূল্যে, কোন সীমা নেই, এবং অত্যন্ত নিরাপদ।",,,"44
189",2,true
21,https://createmy-qr.com/zh/yin-si-zheng-ce,"免费在线二维码生成器 - CreateMy-QR (No Signup) | 隐私政策
types.privacy QR 代码生成器 - 免费和自定义 | CreateMy-QR
隐私政策 | CreateMy-QR",text/html; charset=utf-8,false,200,0,0,"Learn more about CreateMy-QR privacy policy.
直接在浏览器中将您的 types.privacy 数据转换为自定义二维码。 100% 离线处理，绝对隐私。免费、无限制且高度安全。",,,"44
65",2,true
21,https://createmy-qr.com/ja/,"CreateMy-QR | すべてのQRコード・バーコード ツールが一か所に
CreateMy-QR | すべてのQRコード・バーコード ツールが一か所に
home - 無料QRコード作成・ジェネレーター - CreateMy-QR",text/html; charset=utf-8,false,200,0,1,"ブラウザで直接、home データをカスタム QR コードに変換します。完全なプライバシーを確​​保するために 100% オフラインで処理されます。無料、制限なし、そして非常に安全です。
37種類のQRコードとバーコードを無料で生成。登録不要。即時ダウンロード。100%クライアントサイド、ISO/IEC 18004準拠、30言語対応。
37種類のQRコードとバーコードを無料で生成。登録不要。即時ダウンロード。100%クライアントサイド、ISO/IEC 18004準拠、30言語対応。",,,"92
74
74",3,true
21,https://createmy-qr.com/id/bahasa-yang-didukung,"Generator QR Code Gratis Online - CreateMy-QR (No Signup) | Bahasa yang Didukung
types.languages Pembuat Kode QR - Gratis & Khusus | CreateMy-QR
Bahasa yang Didukung | CreateMy-QR",text/html; charset=utf-8,false,200,0,0,"Learn more about CreateMy-QR supported languages.
Ubah data types.languages Anda menjadi QR code kustom langsung di browser. 100% diproses offline untuk privasi absolut. Gratis, tanpa batas, dan sangat aman.",,,"49
157",2,true
21,https://createmy-qr.com/ja/paypal-wu-liao-qrkodozuo-cheng-zienereta,"ペイパル QR コード ジェネレーター - 無料 & カスタム | CreateMy-QR
ペイパル - 無料QRコード作成・ジェネレーター - CreateMy-QR",text/html; charset=utf-8,false,200,0,0,"ブラウザで直接、ペイパル データをカスタム QR コードに変換します。完全なプライバシーを確​​保するために 100% オフラインで処理されます。無料、制限なし、そして非常に安全です。
ブラウザで直接、ペイパル データをカスタム QR コードに変換します。完全なプライバシーを確​​保するために 100% オフラインで処理されます。無料、制限なし、そして非常に安全です。",,,"92
92",2,true
21,https://createmy-qr.com/ja/puraibasi-porisi,"無料QRコード作成・ジェネレーター - CreateMy-QR (No Signup) | プライバシー ポリシー
types.privacy QR コード ジェネレーター - 無料 & カスタム | CreateMy-QR
プライバシー ポリシー | CreateMy-QR",text/html; charset=utf-8,false,200,0,0,"Learn more about CreateMy-QR privacy policy.
ブラウザで直接、types.privacy データをカスタム QR コードに変換します。完全なプライバシーを確​​保するために 100% オフラインで処理されます。無料、制限なし、そして非常に安全です。",,,"44
101",2,true
21,https://createmy-qr.com/pl/warunki-swiadczenia-uslug,"Darmowy Generator Kodów QR Online - CreateMy-QR (No Signup) | Warunki świadczenia usług
Generator kodów QR types.terms — bezpłatny i niestandardowy | CreateMy-QR
Warunki świadczenia usług | CreateMy-QR",text/html; charset=utf-8,false,200,0,0,"Learn more about CreateMy-QR terms of service.
Konwertuj dane types.terms na niestandardowy kod QR bezpośrednio w przeglądarce. 100% przetwarzane w trybie offline, aby zapewnić całkowitą prywatność. Bezpłatnie, bez ograniczeń i bardzo bezpiecznie.",,,"46
200",2,true
21,https://createmy-qr.com/ko/url-link-muryo-onrain-qr-kodeu-saengseonggi,"무료 온라인 QR 코드 생성기 - CreateMy-QR (No Signup) | CreateMy-QR
무료 온라인 QR 코드 생성기 - CreateMy-QR (No Signup)",text/html; charset=utf-8,false,200,0,0,"로고와 색상이 포함된 QR 코드 만들기 - 가입 없음, 무제한 무료. 100% privacy-safe, client-side generation without signup. Try CreateMy-QR today.
브라우저에서 직접 URL / 링크 데이터를 맞춤 QR 코드로 변환하세요. 절대적인 개인정보 보호를 위해 100% 오프라인으로 처리됩니다. 무료이며 제한이 없으며 매우 안전합니다.",,,"119
99",2,true
21,https://createmy-qr.com/uk/instrumenti-porivnyannya,"Безкоштовний Генератор QR-кодів Онлайн - CreateMy-QR (No Signup) | Інструменти порівняння
Генератор QR-коду types.compare – безкоштовний і користувацький | CreateMy-QR
Інструменти порівняння | CreateMy-QR",text/html; charset=utf-8,false,200,0,0,"Learn more about CreateMy-QR compare tools.
Перетворіть свої дані types.compare на власний QR-код безпосередньо у своєму браузері. 100% обробка офлайн для повної конфіденційності. Безкоштовно, без обмежень і дуже безпечно.",,,"43
178",2,true
21,https://createmy-qr.com/da/servicevilkar,"Gratis QR Kode Generator Online - CreateMy-QR (No Signup) | Servicevilkår
types.terms QR Code Generator - Gratis og brugerdefineret | CreateMy-QR
Servicevilkår | CreateMy-QR",text/html; charset=utf-8,false,200,0,0,"Learn more about CreateMy-QR terms of service.
Konverter dine types.terms-data til en tilpasset QR-kode direkte i din browser. 100 % behandlet offline for absolut privatliv. Gratis, ingen grænser og meget sikker.",,,"46
165",2,true
21,https://createmy-qr.com/fi/meista,"Ilmainen QR-koodigeneraattori Netissä - CreateMy-QR (No Signup) | Meistä
types.about QR-koodigeneraattori - ilmainen ja räätälöity | CreateMy-QR
Meistä | CreateMy-QR",text/html; charset=utf-8,false,200,0,0,"Learn more about CreateMy-QR about us.
Muunna types.about-tietosi mukautetuksi QR-koodiksi suoraan selaimessasi. 100 % käsitelty offline-tilassa täydellisen yksityisyyden takaamiseksi. Ilmainen, ei rajoituksia ja erittäin turvallinen.",,,"38
195",2,true
21,https://createmy-qr.com/fr/a-propos-de-nous,"Générateur de Code QR Gratuit en Ligne - CreateMy-QR (No Signup) | À propos de nous
Générateur de code QR types.about - Gratuit et personnalisé | CreateMy-QR
À propos de nous | CreateMy-QR",text/html; charset=utf-8,false,200,0,0,"Learn more about CreateMy-QR about us.
Convertissez vos données types.about en un code QR personnalisé directement dans votre navigateur. 100 % traité hors ligne pour une confidentialité absolue. Gratuit, sans limites et hautement sécurisé.",,,"38
201",2,true
21,https://createmy-qr.com/zh/bi-jiao-gong-ju,"免费在线二维码生成器 - CreateMy-QR (No Signup) | 比较工具
types.compare QR 代码生成器 - 免费和自定义 | CreateMy-QR
比较工具 | CreateMy-QR",text/html; charset=utf-8,false,200,0,0,"Learn more about CreateMy-QR compare tools.
直接在浏览器中将您的 types.compare 数据转换为自定义二维码。 100% 离线处理，绝对隐私。免费、无限制且高度安全。",,,"43
65",2,true
21,https://createmy-qr.com/fr/tarif-100-gratuit,"Générateur de Code QR Gratuit en Ligne - CreateMy-QR (No Signup) | Tarif 100% gratuit
Générateur de code QR types.pricing - Gratuit et personnalisé | CreateMy-QR
Tarif 100% gratuit | CreateMy-QR",text/html; charset=utf-8,false,200,0,0,"Learn more about CreateMy-QR 100% free pricing.
Convertissez vos données types.pricing en un code QR personnalisé directement dans votre navigateur. 100 % traité hors ligne pour une confidentialité absolue. Gratuit, sans limites et hautement sécurisé.",,,"47
203",2,true
21,https://createmy-qr.com/el/periptoseis-hrisis,"Δωρεάν Δημιουργία QR Code Online - CreateMy-QR (No Signup) | Περιπτώσεις χρήσης
types.usecases QR Code Generator - Δωρεάν & Προσαρμοσμένο | CreateMy-QR
Περιπτώσεις χρήσης | CreateMy-QR",text/html; charset=utf-8,false,200,0,0,"Learn more about CreateMy-QR use cases.
Μετατρέψτε τα δεδομένα σας types.usecases σε προσαρμοσμένο κωδικό QR απευθείας στο πρόγραμμα περιήγησής σας. 100% επεξεργασία εκτός σύνδεσης για απόλυτη προστασία της ιδιωτικής ζωής. Δωρεάν, χωρίς όρια και εξαιρετικά ασφαλές.",,,"39
225",2,true
21,https://createmy-qr.com/hi/sevaa-kii-shrten,"मुफ़्त ऑनलाइन क्यूआर कोड जनरेटर - CreateMy-QR (No Signup) | सेवा की शर्तें
types.terms QR कोड जेनरेटर - मुफ़्त और कस्टम | CreateMy-QR
सेवा की शर्तें | CreateMy-QR",text/html; charset=utf-8,false,200,0,0,"Learn more about CreateMy-QR terms of service.
अपने types.terms डेटा को सीधे अपने ब्राउज़र में एक कस्टम क्यूआर कोड में बदलें। पूर्ण गोपनीयता के लिए 100% ऑफ़लाइन संसाधित। निःशुल्क, कोई सीमा नहीं, और अत्यधिक सुरक्षित।",,,"46
168",2,true
21,https://createmy-qr.com/ko/whatsapp-muryo-onrain-qr-kodeu-saengseonggi,"왓츠앱 QR 코드 생성기 - 무료 및 사용자 정의 | CreateMy-QR
왓츠앱 - 무료 온라인 QR 코드 생성기 - CreateMy-QR",text/html; charset=utf-8,false,200,0,0,"브라우저에서 직접 왓츠앱 데이터를 맞춤 QR 코드로 변환하세요. 절대적인 개인정보 보호를 위해 100% 오프라인으로 처리됩니다. 무료이며 제한이 없으며 매우 안전합니다.
브라우저에서 직접 왓츠앱 데이터를 맞춤 QR 코드로 변환하세요. 절대적인 개인정보 보호를 위해 100% 오프라인으로 처리됩니다. 무료이며 제한이 없으며 매우 안전합니다.",,,"94
94",2,true
21,https://createmy-qr.com/sv/100-gratis-prissattning,"Gratis QR-kod Generator Online - CreateMy-QR (No Signup) | 100 % gratis prissättning
types.pricing QR Code Generator - Gratis & anpassad | CreateMy-QR
100 % gratis prissättning | CreateMy-QR",text/html; charset=utf-8,false,200,0,0,"Learn more about CreateMy-QR 100% free pricing.
Konvertera dina types.pricing-data till en anpassad QR-kod direkt i din webbläsare. 100 % bearbetad offline för absolut integritet. Gratis, inga gränser och mycket säker.",,,"47
170",2,true
21,https://createmy-qr.com/sv/sekretesspolicy,"Gratis QR-kod Generator Online - CreateMy-QR (No Signup) | Sekretesspolicy
types.privacy QR Code Generator - Gratis & anpassad | CreateMy-QR
Sekretesspolicy | CreateMy-QR",text/html; charset=utf-8,false,200,0,0,"Learn more about CreateMy-QR privacy policy.
Konvertera dina types.privacy-data till en anpassad QR-kod direkt i din webbläsare. 100 % bearbetad offline för absolut integritet. Gratis, inga gränser och mycket säker.",,,"44
170",2,true
21,https://createmy-qr.com/ko/yeyag-muryo-onrain-qr-kodeu-saengseonggi,"예약 QR 코드 생성기 - 무료 및 사용자 정의 | CreateMy-QR
예약 - 무료 온라인 QR 코드 생성기 - CreateMy-QR",text/html; charset=utf-8,false,200,0,0,"브라우저에서 직접 예약 데이터를 맞춤 QR 코드로 변환하세요. 절대적인 개인정보 보호를 위해 100% 오프라인으로 처리됩니다. 무료이며 제한이 없으며 매우 안전합니다.
브라우저에서 직접 예약 데이터를 맞춤 QR 코드로 변환하세요. 절대적인 개인정보 보호를 위해 100% 오프라인으로 처리됩니다. 무료이며 제한이 없으며 매우 안전합니다.",,,"93
93",2,true
21,https://createmy-qr.com/ja/ibento-wu-liao-qrkodozuo-cheng-zienereta,"イベント QR コード ジェネレーター - 無料 & カスタム | CreateMy-QR
イベント - 無料QRコード作成・ジェネレーター - CreateMy-QR",text/html; charset=utf-8,false,200,0,0,"ブラウザで直接、イベント データをカスタム QR コードに変換します。完全なプライバシーを確​​保するために 100% オフラインで処理されます。無料、制限なし、そして非常に安全です。
ブラウザで直接、イベント データをカスタム QR コードに変換します。完全なプライバシーを確​​保するために 100% オフラインで処理されます。無料、制限なし、そして非常に安全です。",,,"92
92",2,true
21,https://createmy-qr.com/zh/linkedin-mian-fei-zai-xian-er-wei-ma-sheng-cheng-qi,"领英 QR 代码生成器 - 免费和自定义 | CreateMy-QR
领英 - 免费在线二维码生成器 - CreateMy-QR",text/html; charset=utf-8,false,200,0,0,"直接在浏览器中将您的 领英 数据转换为自定义二维码。 100% 离线处理，绝对隐私。免费、无限制且高度安全。
直接在浏览器中将您的 领英 数据转换为自定义二维码。 100% 离线处理，绝对隐私。免费、无限制且高度安全。",,,"54
54",2,true
21,https://createmy-qr.com/ko/wici-muryo-onrain-qr-kodeu-saengseonggi,"위치 QR 코드 생성기 - 무료 및 사용자 정의 | CreateMy-QR
위치 - 무료 온라인 QR 코드 생성기 - CreateMy-QR",text/html; charset=utf-8,false,200,0,0,"브라우저에서 직접 위치 데이터를 맞춤 QR 코드로 변환하세요. 절대적인 개인정보 보호를 위해 100% 오프라인으로 처리됩니다. 무료이며 제한이 없으며 매우 안전합니다.
브라우저에서 직접 위치 데이터를 맞춤 QR 코드로 변환하세요. 절대적인 개인정보 보호를 위해 100% 오프라인으로 처리됩니다. 무료이며 제한이 없으며 매우 안전합니다.",,,"93
93",2,true
21,https://createmy-qr.com/ja/sapotosareteiruyan-yu,"無料QRコード作成・ジェネレーター - CreateMy-QR (No Signup) | サポートされている言語
types.languages QR コード ジェネレーター - 無料 & カスタム | CreateMy-QR
サポートされている言語 | CreateMy-QR",text/html; charset=utf-8,false,200,0,0,"Learn more about CreateMy-QR supported languages.
ブラウザで直接、types.languages データをカスタム QR コードに変換します。完全なプライバシーを確​​保するために 100% オフラインで処理されます。無料、制限なし、そして非常に安全です。",,,"49
103",2,true
21,https://createmy-qr.com/zh/discord-mian-fei-zai-xian-er-wei-ma-sheng-cheng-qi,"不和谐 QR 代码生成器 - 免费和自定义 | CreateMy-QR
不和谐 - 免费在线二维码生成器 - CreateMy-QR",text/html; charset=utf-8,false,200,0,0,"直接在浏览器中将您的 不和谐 数据转换为自定义二维码。 100% 离线处理，绝对隐私。免费、无限制且高度安全。
直接在浏览器中将您的 不和谐 数据转换为自定义二维码。 100% 离线处理，绝对隐私。免费、无限制且高度安全。",,,"55
55",2,true
21,https://createmy-qr.com/tr/hizmet-sartlari,"Ücretsiz Çevrimiçi QR Kod Oluşturucu - CreateMy-QR (No Signup) | Hizmet Şartları
types.terms QR Kod Oluşturucu - Ücretsiz ve Özel | CreateMy-QR
Hizmet Şartları | CreateMy-QR",text/html; charset=utf-8,false,200,0,0,"Learn more about CreateMy-QR terms of service.
types.terms verilerinizi doğrudan tarayıcınızda özel bir QR koduna dönüştürün. Mutlak gizlilik için %100 çevrimdışı işlenir. Ücretsiz, sınırsız ve son derece güvenli.",,,"46
166",2,true
21,https://createmy-qr.com/tl/paghambingin-ang-mga-tool,"Libreng Online QR Code Generator - CreateMy-QR (No Signup) | Paghambingin ang Mga Tool
types.compare QR Code Generator - Libre at Custom | CreateMy-QR
Paghambingin ang Mga Tool | CreateMy-QR",text/html; charset=utf-8,false,200,0,0,"Learn more about CreateMy-QR compare tools.
I-convert ang iyong types.compare data sa isang custom na QR code nang direkta sa iyong browser. 100% na naproseso offline para sa ganap na privacy. Libre, walang limitasyon, at lubos na secure.",,,"43
194",2,true
21,https://createmy-qr.com/uk/vipadki-vikoristannya,"Безкоштовний Генератор QR-кодів Онлайн - CreateMy-QR (No Signup) | Випадки використання
Генератор QR-коду types.usecases – безкоштовний і користувацький | CreateMy-QR
Випадки використання | CreateMy-QR",text/html; charset=utf-8,false,200,0,0,"Learn more about CreateMy-QR use cases.
Перетворіть свої дані types.usecases на власний QR-код безпосередньо у своєму браузері. 100% обробка офлайн для повної конфіденційності. Безкоштовно, без обмежень і дуже безпечно.",,,"39
179",2,true
21,https://createmy-qr.com/fr/comparer-les-outils,"Générateur de Code QR Gratuit en Ligne - CreateMy-QR (No Signup) | Comparer les outils
Générateur de code QR types.compare - Gratuit et personnalisé | CreateMy-QR
Comparer les outils | CreateMy-QR",text/html; charset=utf-8,false,200,0,0,"Learn more about CreateMy-QR compare tools.
Convertissez vos données types.compare en un code QR personnalisé directement dans votre navigateur. 100 % traité hors ligne pour une confidentialité absolue. Gratuit, sans limites et hautement sécurisé.",,,"43
203",2,true
21,https://createmy-qr.com/hi/surkssaa-vaastuklaa,"मुफ़्त ऑनलाइन क्यूआर कोड जनरेटर - CreateMy-QR (No Signup) | सुरक्षा वास्तुकला
types.security QR कोड जेनरेटर - मुफ़्त और कस्टम | CreateMy-QR
सुरक्षा वास्तुकला | CreateMy-QR",text/html; charset=utf-8,false,200,0,0,"Learn more about CreateMy-QR security architecture.
अपने types.security डेटा को सीधे अपने ब्राउज़र में एक कस्टम क्यूआर कोड में बदलें। पूर्ण गोपनीयता के लिए 100% ऑफ़लाइन संसाधित। निःशुल्क, कोई सीमा नहीं, और अत्यधिक सुरक्षित।",,,"51
171",2,true
21,https://createmy-qr.com/ko/100-muryo-gagyeog,"무료 온라인 QR 코드 생성기 - CreateMy-QR (No Signup) | 100% 무료 가격
types.pricing QR 코드 생성기 - 무료 및 사용자 정의 | CreateMy-QR
100% 무료 가격 | CreateMy-QR",text/html; charset=utf-8,false,200,0,0,"Learn more about CreateMy-QR 100% free pricing.
브라우저에서 직접 types.pricing 데이터를 맞춤 QR 코드로 변환하세요. 절대적인 개인정보 보호를 위해 100% 오프라인으로 처리됩니다. 무료이며 제한이 없으며 매우 안전합니다.",,,"47
104",2,true
21,https://createmy-qr.com/ro/pret-100-gratuit,"Generator de Coduri QR Gratuit Online - CreateMy-QR (No Signup) | Preț 100% gratuit
types.pricing QR Code Generator - Gratuit și personalizat | CreateMy-QR
Preț 100% gratuit | CreateMy-QR",text/html; charset=utf-8,false,200,0,0,"Learn more about CreateMy-QR 100% free pricing.
Transformați datele dvs. types.pricing într-un cod QR personalizat direct în browser. Procesat 100% offline pentru confidențialitate absolută. Gratuit, fără limite și foarte sigur.",,,"47
180",2,true
21,https://createmy-qr.com/ro/arhitectura-de-securitate,"Generator de Coduri QR Gratuit Online - CreateMy-QR (No Signup) | Arhitectura de securitate
types.security QR Code Generator - Gratuit și personalizat | CreateMy-QR
Arhitectura de securitate | CreateMy-QR",text/html; charset=utf-8,false,200,0,0,"Learn more about CreateMy-QR security architecture.
Transformați datele dvs. types.security într-un cod QR personalizat direct în browser. Procesat 100% offline pentru confidențialitate absolută. Gratuit, fără limite și foarte sigur.",,,"51
181",2,true
21,https://createmy-qr.com/zh/whatsapp-mian-fei-zai-xian-er-wei-ma-sheng-cheng-qi,"WhatsApp QR 代码生成器 - 免费和自定义 | CreateMy-QR
WhatsApp - 免费在线二维码生成器 - CreateMy-QR",text/html; charset=utf-8,false,200,0,0,"直接在浏览器中将您的 WhatsApp 数据转换为自定义二维码。 100% 离线处理，绝对隐私。免费、无限制且高度安全。
直接在浏览器中将您的 WhatsApp 数据转换为自定义二维码。 100% 离线处理，绝对隐私。免费、无限制且高度安全。",,,"60
60",2,true
21,https://createmy-qr.com/tr/hakkimizda,"Ücretsiz Çevrimiçi QR Kod Oluşturucu - CreateMy-QR (No Signup) | Hakkımızda
types.about QR Kod Oluşturucu - Ücretsiz ve Özel | CreateMy-QR
Hakkımızda | CreateMy-QR",text/html; charset=utf-8,false,200,0,0,"Learn more about CreateMy-QR about us.
types.about verilerinizi doğrudan tarayıcınızda özel bir QR koduna dönüştürün. Mutlak gizlilik için %100 çevrimdışı işlenir. Ücretsiz, sınırsız ve son derece güvenli.",,,"38
166",2,true
21,https://createmy-qr.com/ko/sayong-sarye,"무료 온라인 QR 코드 생성기 - CreateMy-QR (No Signup) | 사용 사례
types.usecases QR 코드 생성기 - 무료 및 사용자 정의 | CreateMy-QR
사용 사례 | CreateMy-QR",text/html; charset=utf-8,false,200,0,0,"Learn more about CreateMy-QR use cases.
브라우저에서 직접 types.usecases 데이터를 맞춤 QR 코드로 변환하세요. 절대적인 개인정보 보호를 위해 100% 오프라인으로 처리됩니다. 무료이며 제한이 없으며 매우 안전합니다.",,,"39
105",2,true
21,https://createmy-qr.com/nl/gebruiksscenario-s,"Gratis QR Code Generator Online - CreateMy-QR (No Signup) | Gebruiksscenario's
types.usecases QR-codegenerator - gratis en aangepast | CreateMy-QR
Gebruiksscenario's | CreateMy-QR",text/html; charset=utf-8,false,200,0,0,"Learn more about CreateMy-QR use cases.
Converteer uw types.usecases-gegevens rechtstreeks in uw browser naar een aangepaste QR-code. 100% offline verwerkt voor absolute privacy. Gratis, geen grenzen en zeer veilig.",,,"39
175",2,true
21,https://createmy-qr.com/ja/wi-fi-wu-liao-qrkodozuo-cheng-zienereta,"Wi-Fi QR コード ジェネレーター - 無料 & カスタム | CreateMy-QR
Wi-Fi - 無料QRコード作成・ジェネレーター - CreateMy-QR",text/html; charset=utf-8,false,200,0,0,"ブラウザで直接、Wi-Fi データをカスタム QR コードに変換します。完全なプライバシーを確​​保するために 100% オフラインで処理されます。無料、制限なし、そして非常に安全です。
ブラウザで直接、Wi-Fi データをカスタム QR コードに変換します。完全なプライバシーを確​​保するために 100% オフラインで処理されます。無料、制限なし、そして非常に安全です。",,,"93
93",2,true
21,https://createmy-qr.com/el/arhitektoniki-asfaleias,"Δωρεάν Δημιουργία QR Code Online - CreateMy-QR (No Signup) | Αρχιτεκτονική Ασφαλείας
types.security QR Code Generator - Δωρεάν & Προσαρμοσμένο | CreateMy-QR
Αρχιτεκτονική Ασφαλείας | CreateMy-QR",text/html; charset=utf-8,false,200,0,0,"Learn more about CreateMy-QR security architecture.
Μετατρέψτε τα δεδομένα σας types.security σε προσαρμοσμένο κωδικό QR απευθείας στο πρόγραμμα περιήγησής σας. 100% επεξεργασία εκτός σύνδεσης για απόλυτη προστασία της ιδιωτικής ζωής. Δωρεάν, χωρίς όρια και εξαιρετικά ασφαλές.",,,"51
225",2,true
21,https://createmy-qr.com/tl/100-libreng-pagpepresyo,"Libreng Online QR Code Generator - CreateMy-QR (No Signup) | 100% Libreng Pagpepresyo
types.pricing QR Code Generator - Libre at Custom | CreateMy-QR
100% Libreng Pagpepresyo | CreateMy-QR",text/html; charset=utf-8,false,200,0,0,"Learn more about CreateMy-QR 100% free pricing.
I-convert ang iyong types.pricing data sa isang custom na QR code nang direkta sa iyong browser. 100% na naproseso offline para sa ganap na privacy. Libre, walang limitasyon, at lubos na secure.",,,"47
194",2,true
21,https://createmy-qr.com/fi/tuetut-kielet,"Ilmainen QR-koodigeneraattori Netissä - CreateMy-QR (No Signup) | Tuetut kielet
types.languages QR-koodigeneraattori - ilmainen ja räätälöity | CreateMy-QR
Tuetut kielet | CreateMy-QR",text/html; charset=utf-8,false,200,0,0,"Learn more about CreateMy-QR supported languages.
Muunna types.languages-tietosi mukautetuksi QR-koodiksi suoraan selaimessasi. 100 % käsitelty offline-tilassa täydellisen yksityisyyden takaamiseksi. Ilmainen, ei rajoituksia ja erittäin turvallinen.",,,"49
199",2,true
21,https://createmy-qr.com/pl/przypadki-uzycia,"Darmowy Generator Kodów QR Online - CreateMy-QR (No Signup) | Przypadki użycia
Generator kodów QR types.usecases — bezpłatny i niestandardowy | CreateMy-QR
Przypadki użycia | CreateMy-QR",text/html; charset=utf-8,false,200,0,0,"Learn more about CreateMy-QR use cases.
Konwertuj dane types.usecases na niestandardowy kod QR bezpośrednio w przeglądarce. 100% przetwarzane w trybie offline, aby zapewnić całkowitą prywatność. Bezpłatnie, bez ograniczeń i bardzo bezpiecznie.",,,"39
203",2,true
21,https://createmy-qr.com/ja/wu-liao-qrkodozuo-cheng-zienereta,"無料のオンライン バーコード ジェネレーター - 1D バーコードを作成
types.barcode QR コード ジェネレーター - 無料 & カスタム | CreateMy-QR
barcode - 無料QRコード作成・ジェネレーター - CreateMy-QR",text/html; charset=utf-8,false,200,0,0,"ブラウザで直接、barcode データをカスタム QR コードに変換します。完全なプライバシーを確​​保するために 100% オフラインで処理されます。無料、制限なし、そして非常に安全です。
ブラウザで直接、types.barcode データをカスタム QR コードに変換します。完全なプライバシーを確​​保するために 100% オフラインで処理されます。無料、制限なし、そして非常に安全です。
プロフェッショナルな 1D バーコードを瞬時に生成します。 Code-128、UPC、EAN、ITF-14 などのサポート。無料、安全、高解像度の PNG でダウンロードできます。",,,"95
101
90",3,true
21,https://createmy-qr.com/ms/dasar-privasi,"Penjana Kod QR Percuma Dalam Talian - CreateMy-QR (No Signup) | Dasar Privasi
Penjana Kod QR types.privacy - Percuma & Tersuai | CreateMy-QR
Dasar Privasi | CreateMy-QR",text/html; charset=utf-8,false,200,0,0,"Learn more about CreateMy-QR privacy policy.
Tukar data types.privacy anda kepada kod QR tersuai terus dalam penyemak imbas anda. 100% diproses di luar talian untuk privasi mutlak. Percuma, tiada had dan sangat selamat.",,,"44
174",2,true
21,https://createmy-qr.com/ro/politica-de-confidentialitate,"Generator de Coduri QR Gratuit Online - CreateMy-QR (No Signup) | Politica de confidențialitate
types.privacy QR Code Generator - Gratuit și personalizat | CreateMy-QR
Politica de confidențialitate | CreateMy-QR",text/html; charset=utf-8,false,200,0,0,"Learn more about CreateMy-QR privacy policy.
Transformați datele dvs. types.privacy într-un cod QR personalizat direct în browser. Procesat 100% offline pentru confidențialitate absolută. Gratuit, fără limite și foarte sigur.",,,"44
180",2,true
21,https://createmy-qr.com/hi/smrthit-bhaassaaen,"मुफ़्त ऑनलाइन क्यूआर कोड जनरेटर - CreateMy-QR (No Signup) | समर्थित भाषाएँ
types.languages QR कोड जेनरेटर - मुफ़्त और कस्टम | CreateMy-QR
समर्थित भाषाएँ | CreateMy-QR",text/html; charset=utf-8,false,200,0,0,"Learn more about CreateMy-QR supported languages.
अपने types.languages डेटा को सीधे अपने ब्राउज़र में एक कस्टम क्यूआर कोड में बदलें। पूर्ण गोपनीयता के लिए 100% ऑफ़लाइन संसाधित। निःशुल्क, कोई सीमा नहीं, और अत्यधिक सुरक्षित।",,,"49
172",2,true
21,https://createmy-qr.com/tl/tungkol-sa-amin,"Libreng Online QR Code Generator - CreateMy-QR (No Signup) | Tungkol sa Amin
types.about QR Code Generator - Libre at Custom | CreateMy-QR
Tungkol sa Amin | CreateMy-QR",text/html; charset=utf-8,false,200,0,0,"Learn more about CreateMy-QR about us.
I-convert ang iyong types.about data sa isang custom na QR code nang direkta sa iyong browser. 100% na naproseso offline para sa ganap na privacy. Libre, walang limitasyon, at lubos na secure.",,,"38
192",2,true
21,https://createmy-qr.com/ko/wi-fi-muryo-onrain-qr-kodeu-saengseonggi,"와이파이 QR 코드 생성기 - 무료 및 사용자 정의 | CreateMy-QR
와이파이 - 무료 온라인 QR 코드 생성기 - CreateMy-QR",text/html; charset=utf-8,false,200,0,0,"브라우저에서 직접 와이파이 데이터를 맞춤 QR 코드로 변환하세요. 절대적인 개인정보 보호를 위해 100% 오프라인으로 처리됩니다. 무료이며 제한이 없으며 매우 안전합니다.
브라우저에서 직접 와이파이 데이터를 맞춤 QR 코드로 변환하세요. 절대적인 개인정보 보호를 위해 100% 오프라인으로 처리됩니다. 무료이며 제한이 없으며 매우 안전합니다.",,,"95
95",2,true
21,https://createmy-qr.com/zh/sms-mian-fei-zai-xian-er-wei-ma-sheng-cheng-qi,"SMS QR 代码生成器 - 免费和自定义 | CreateMy-QR
SMS - 免费在线二维码生成器 - CreateMy-QR",text/html; charset=utf-8,false,200,0,0,"直接在浏览器中将您的 SMS 数据转换为自定义二维码。 100% 离线处理，绝对隐私。免费、无限制且高度安全。
直接在浏览器中将您的 SMS 数据转换为自定义二维码。 100% 离线处理，绝对隐私。免费、无限制且高度安全。",,,"55
55",2,true
21,https://createmy-qr.com/zh/zhi-chi-de-yu-yan,"免费在线二维码生成器 - CreateMy-QR (No Signup) | 支持的语言
types.languages QR 代码生成器 - 免费和自定义 | CreateMy-QR
支持的语言 | CreateMy-QR",text/html; charset=utf-8,false,200,0,0,"Learn more about CreateMy-QR supported languages.
直接在浏览器中将您的 types.languages 数据转换为自定义二维码。 100% 离线处理，绝对隐私。免费、无限制且高度安全。",,,"49
67",2,true
21,https://createmy-qr.com/nl/over-ons,"Gratis QR Code Generator Online - CreateMy-QR (No Signup) | Over ons
types.about QR-codegenerator - gratis en aangepast | CreateMy-QR
Over ons | CreateMy-QR",text/html; charset=utf-8,false,200,0,0,"Learn more about CreateMy-QR about us.
Converteer uw types.about-gegevens rechtstreeks in uw browser naar een aangepaste QR-code. 100% offline verwerkt voor absolute privacy. Gratis, geen grenzen en zeer veilig.",,,"38
172",2,true
21,https://createmy-qr.com/ko/seobiseu-yaggwan,"무료 온라인 QR 코드 생성기 - CreateMy-QR (No Signup) | 서비스 약관
types.terms QR 코드 생성기 - 무료 및 사용자 정의 | CreateMy-QR
서비스 약관 | CreateMy-QR",text/html; charset=utf-8,false,200,0,0,"Learn more about CreateMy-QR terms of service.
브라우저에서 직접 types.terms 데이터를 맞춤 QR 코드로 변환하세요. 절대적인 개인정보 보호를 위해 100% 오프라인으로 처리됩니다. 무료이며 제한이 없으며 매우 안전합니다.",,,"46
102",2,true
21,https://createmy-qr.com/pt/sobre-nos,"Gerador de Código QR Grátis Online - CreateMy-QR (No Signup) | Sobre nós
Gerador de código QR types.about - gratuito e personalizado | CreateMy-QR
Sobre nós | CreateMy-QR",text/html; charset=utf-8,false,200,0,0,"Learn more about CreateMy-QR about us.
Converta seus dados do types.about em um código QR personalizado diretamente no seu navegador. 100% processado offline para privacidade absoluta. Gratuito, sem limites e altamente seguro.",,,"38
187",2,true
21,https://createmy-qr.com/it/casi-d-uso,"Generatore di Codici QR Gratis Online - CreateMy-QR (No Signup) | Casi d'uso
Generatore di codici QR types.usecases - Gratuito e personalizzato | CreateMy-QR
Casi d'uso | CreateMy-QR",text/html; charset=utf-8,false,200,0,0,"Learn more about CreateMy-QR use cases.
Converti i tuoi dati types.usecases in un codice QR personalizzato direttamente nel tuo browser. Elaborato offline al 100% per una privacy assoluta. Gratuito, senza limiti e altamente sicuro.",,,"39
191",2,true
21,https://createmy-qr.com/hi/100-nihshulk-muuly-nirdhaarnn,"मुफ़्त ऑनलाइन क्यूआर कोड जनरेटर - CreateMy-QR (No Signup) | 100% निःशुल्क मूल्य निर्धारण
types.pricing QR कोड जेनरेटर - मुफ़्त और कस्टम | CreateMy-QR
100% निःशुल्क मूल्य निर्धारण | CreateMy-QR",text/html; charset=utf-8,false,200,0,0,"Learn more about CreateMy-QR 100% free pricing.
अपने types.pricing डेटा को सीधे अपने ब्राउज़र में एक कस्टम क्यूआर कोड में बदलें। पूर्ण गोपनीयता के लिए 100% ऑफ़लाइन संसाधित। निःशुल्क, कोई सीमा नहीं, और अत्यधिक सुरक्षित।",,,"47
170",2,true
21,https://createmy-qr.com/ko/email-muryo-onrain-qr-kodeu-saengseonggi,"이메일 QR 코드 생성기 - 무료 및 사용자 정의 | CreateMy-QR
이메일 - 무료 온라인 QR 코드 생성기 - CreateMy-QR",text/html; charset=utf-8,false,200,0,0,"브라우저에서 직접 이메일 데이터를 맞춤 QR 코드로 변환하세요. 절대적인 개인정보 보호를 위해 100% 오프라인으로 처리됩니다. 무료이며 제한이 없으며 매우 안전합니다.
브라우저에서 직접 이메일 데이터를 맞춤 QR 코드로 변환하세요. 절대적인 개인정보 보호를 위해 100% 오프라인으로 처리됩니다. 무료이며 제한이 없으며 매우 안전합니다.",,,"94
94",2,true
21,https://createmy-qr.com/ru/arhitektura-bezopasnosti,"Бесплатный генератор QR-кодов онлайн - CreateMy-QR (No Signup) | Архитектура безопасности
types.security Генератор QR-кодов — бесплатный и настраиваемый | CreateMy-QR
Архитектура безопасности | CreateMy-QR",text/html; charset=utf-8,false,200,0,0,"Learn more about CreateMy-QR security architecture.
Преобразуйте данные types.security в собственный QR-код прямо в браузере. 100% обработка в автономном режиме для абсолютной конфиденциальности. Бесплатно, без ограничений и очень безопасно.",,,"51
189",2,true
21,https://createmy-qr.com/zh/100-mian-fei-ding-jie,"免费在线二维码生成器 - CreateMy-QR (No Signup) | 100% 免费定价
types.pricing QR 代码生成器 - 免费和自定义 | CreateMy-QR
100% 免费定价 | CreateMy-QR",text/html; charset=utf-8,false,200,0,0,"Learn more about CreateMy-QR 100% free pricing.
直接在浏览器中将您的 types.pricing 数据转换为自定义二维码。 100% 离线处理，绝对隐私。免费、无限制且高度安全。",,,"47
65",2,true
21,https://createmy-qr.com/it/prezzo-gratuito-al-100,"Generatore di Codici QR Gratis Online - CreateMy-QR (No Signup) | Prezzo gratuito al 100%
Generatore di codici QR types.pricing - Gratuito e personalizzato | CreateMy-QR
Prezzo gratuito al 100% | CreateMy-QR",text/html; charset=utf-8,false,200,0,0,"Learn more about CreateMy-QR 100% free pricing.
Converti i tuoi dati types.pricing in un codice QR personalizzato direttamente nel tuo browser. Elaborato offline al 100% per una privacy assoluta. Gratuito, senza limiti e altamente sicuro.",,,"47
190",2,true
21,https://createmy-qr.com/th/raakhaafrii-100,"เครื่องมือสร้างคิวอาร์โค้ดออนไลน์ฟรี - CreateMy-QR (No Signup) | ราคาฟรี 100%
types.pricing เครื่องสร้างโค้ด QR - ฟรีและกำหนดเอง | CreateMy-QR
ราคาฟรี 100% | CreateMy-QR",text/html; charset=utf-8,false,200,0,0,"Learn more about CreateMy-QR 100% free pricing.
แปลงข้อมูล types.pricing ของคุณให้เป็นโค้ด QR ที่กำหนดเองได้โดยตรงในเบราว์เซอร์ของคุณ ประมวลผลแบบออฟไลน์ 100% เพื่อความเป็นส่วนตัวอย่างแท้จริง ฟรี ไม่จำกัด และมีความปลอดภัยสูง",,,"47
175",2,true
20,https://createmy-qr.com/tl/scan-barcode,"Libreng Barcode Scanner Online - I-scan ang UPC at EAN
Libreng Online QR Code Generator - CreateMy-QR (No Signup) | CreateMy-QR
Scan Barcode Online",text/html; charset=utf-8,false,200,0,0,"Scan Barcodes directly from your browser.
I-convert ang iyong URL / Link data sa isang custom na QR code nang direkta sa iyong browser. 100% na naproseso offline para sa ganap na privacy. Libre, walang limitasyon, at lubos na secure.
I-scan ang mga barcode online nang libre gamit ang camera ng iyong device o mag-upload ng larawan.Sinusuportahan ang UPC, EAN, Code 128 at higit pa.100% pribado at ligtas.",,,"41
191
171",3,true
20,https://createmy-qr.com/ko/barcode-generator,"온라인 무료 바코드 생성기 - 1D 바코드 생성
무료 온라인 QR 코드 생성기 - CreateMy-QR (No Signup) | CreateMy-QR
Free Barcode Generator",text/html; charset=utf-8,false,200,0,0,"Generate barcodes instantly.
브라우저에서 직접 URL / 링크 데이터를 맞춤 QR 코드로 변환하세요. 절대적인 개인정보 보호를 위해 100% 오프라인으로 처리됩니다. 무료이며 제한이 없으며 매우 안전합니다.
전문적인 1D 바코드를 즉시 생성하세요. Code-128, UPC, EAN, ITF-14 등을 지원합니다. 무료이고 안전하며 고해상도 PNG로 다운로드할 수 있습니다.",,,"28
99
93",3,true
20,https://createmy-qr.com/fr/barcode-generator,"Générateur de codes-barres gratuit en ligne - Créez des codes-barres 1D
Générateur de Code QR Gratuit en Ligne - CreateMy-QR (No Signup) | CreateMy-QR
Free Barcode Generator",text/html; charset=utf-8,false,200,0,0,"Generate barcodes instantly.
Convertissez vos données URL/Lien en un code QR personnalisé directement dans votre navigateur. 100 % traité hors ligne pour une confidentialité absolue. Gratuit, sans limites et hautement sécurisé.
Générez instantanément des codes-barres 1D professionnels. Prise en charge du Code-128, UPC, EAN, ITF-14 et plus encore. Gratuit, sécurisé et prêt à être téléchargé en PNG haute résolution.",,,"28
198
189",3,true
20,https://createmy-qr.com/cs/barcode-generator,"Bezplatný generátor čárových kódů online - Vytvořte 1D čárové kódy
Zdarma Online Generátor QR Kódů - CreateMy-QR (No Signup) | CreateMy-QR
Free Barcode Generator",text/html; charset=utf-8,false,200,0,0,"Generate barcodes instantly.
Převeďte svá data URL / odkaz na vlastní QR kód přímo ve vašem prohlížeči. 100% zpracováno offline pro absolutní soukromí. Zdarma, bez omezení a vysoce bezpečné.
Okamžitě generujte profesionální 1D čárové kódy. Podpora pro Code-128, UPC, EAN, ITF-14 a další. Zdarma, bezpečné a připravené ke stažení ve formátu PNG s vysokým rozlišením.",,,"28
161
174",3,true
20,https://createmy-qr.com/pl/scan-barcode,"Bezpłatny skaner kodów kreskowych online — skanuj kody UPC i EAN
Darmowy Generator Kodów QR Online - CreateMy-QR (No Signup) | CreateMy-QR
Scan Barcode Online",text/html; charset=utf-8,false,200,0,0,"Scan Barcodes directly from your browser.
Konwertuj dane Adres URL / Link na niestandardowy kod QR bezpośrednio w przeglądarce. 100% przetwarzane w trybie offline, aby zapewnić całkowitą prywatność. Bezpłatnie, bez ograniczeń i bardzo bezpiecznie.
Zeskanuj kody kreskowe online za darmo, używając aparatu w swoim urządzeniu lub prześlij obraz.Obsługuje UPC, EAN, Code 128 i więcej.100% prywatności i bezpieczeństwa.",,,"41
205
167",3,true
20,https://createmy-qr.com/nl/privacy,"Gratis QR Code Generator Online - CreateMy-QR (No Signup) | Privacybeleid
Gratis QR Code Generator Online - CreateMy-QR (No Signup) | CreateMy-QR
Privacy Policy - CreateMy-QR",text/html; charset=utf-8,false,200,0,0,"Read our privacy policy.
Converteer uw URL/link-gegevens rechtstreeks in uw browser naar een aangepaste QR-code. 100% offline verwerkt voor absolute privacy. Gratis, geen grenzen en zeer veilig.",,,"24
169",2,true
20,https://createmy-qr.com/fr/scan-qr,"Scanner de code QR gratuit en ligne - Scannez le QR instantanément
Générateur de Code QR Gratuit en Ligne - CreateMy-QR (No Signup) | CreateMy-QR
Scan QR Code Online",text/html; charset=utf-8,false,200,0,0,"Scan QR codes directly from your browser.
Convertissez vos données URL/Lien en un code QR personnalisé directement dans votre navigateur. 100 % traité hors ligne pour une confidentialité absolue. Gratuit, sans limites et hautement sécurisé.
Scannez instantanément les codes QR à l'aide de votre appareil photo ou en téléchargeant une image. Traitement 100 % sécurisé, privé et côté client.",,,"41
198
148",3,true
20,https://createmy-qr.com/ja/url-qr-code-for-event-tickets-registration,"イベントチケット＆登録用URL QRコード | CreateMy-QR
イベントチケット＆登録用URL QRコード | CreateMy-QR",text/html; charset=utf-8,false,200,0,0,"物理的なチラシをデジタル チケット ページにリンクすることで、イベントの参加者数を増やします。イベント登録用の高速かつ無料の URL QR コードを生成します。
物理的なチラシをデジタル チケット ページにリンクすることで、イベントの参加者数を増やします。イベント登録用の高速かつ無料の URL QR コードを生成します。",,,"80
80",2,true
20,https://createmy-qr.com/no/terms,"Gratis QR-kode Generator Online - CreateMy-QR (No Signup) | Vilkår for bruk
Gratis QR-kode Generator Online - CreateMy-QR (No Signup) | CreateMy-QR
Terms of Service - CreateMy-QR",text/html; charset=utf-8,false,200,0,0,"Read our terms of service.
Konverter URL / Link-dataene dine til en tilpasset QR-kode direkte i nettleseren din. 100 % behandlet offline for absolutt personvern. Gratis, ingen grenser og svært sikker.",,,"26
173",2,true
20,https://createmy-qr.com/pt/terms,"Gerador de Código QR Grátis Online - CreateMy-QR (No Signup) | Termos de Serviço
Gerador de Código QR Grátis Online - CreateMy-QR (No Signup) | CreateMy-QR
Terms of Service - CreateMy-QR",text/html; charset=utf-8,false,200,0,0,"Read our terms of service.
Converta seus dados do URL/Link em um código QR personalizado diretamente no seu navegador. 100% processado offline para privacidade absoluta. Gratuito, sem limites e altamente seguro.",,,"26
184",2,true
20,https://createmy-qr.com/ms/about,"Penjana Kod QR Percuma Dalam Talian - CreateMy-QR (No Signup) | Mengenai Kami
Penjana Kod QR Percuma Dalam Talian - CreateMy-QR (No Signup) | CreateMy-QR
About CreateMy-QR",text/html; charset=utf-8,false,200,0,0,"Learn more about CreateMy-QR.
Tukar data URL / Pautan anda kepada kod QR tersuai terus dalam penyemak imbas anda. 100% diproses di luar talian untuk privasi mutlak. Percuma, tiada had dan sangat selamat.",,,"29
173",2,true
20,https://createmy-qr.com/no/scan-qr,"Gratis QR-kodeskanner online - Skann QR umiddelbart
Gratis QR-kode Generator Online - CreateMy-QR (No Signup) | CreateMy-QR
Scan QR Code Online",text/html; charset=utf-8,false,200,0,0,"Scan QR codes directly from your browser.
Konverter URL / Link-dataene dine til en tilpasset QR-kode direkte i nettleseren din. 100 % behandlet offline for absolutt personvern. Gratis, ingen grenser og svært sikker.
Skann QR-koder umiddelbart ved å bruke kameraet ditt eller ved å laste opp et bilde. 100 % sikker, privat behandling og behandling på klientsiden.",,,"41
173
146",3,true
20,https://createmy-qr.com/sv/compare,"Gratis QR-kod Generator Online - CreateMy-QR (No Signup) | Jämför verktyg
Gratis QR-kod Generator Online - CreateMy-QR (No Signup) | CreateMy-QR
Compare Plans - CreateMy-QR",text/html; charset=utf-8,false,200,0,0,"Compare our free features.
Konvertera dina URL/länk-data till en anpassad QR-kod direkt i din webbläsare. 100 % bearbetad offline för absolut integritet. Gratis, inga gränser och mycket säker.",,,"26
165",2,true
20,https://createmy-qr.com/uk/scan-qr,"Безкоштовний онлайн-сканер QR-коду - миттєво скануйте QR-код
Безкоштовний Генератор QR-кодів Онлайн - CreateMy-QR (No Signup) | CreateMy-QR
Scan QR Code Online",text/html; charset=utf-8,false,200,0,0,"Scan QR codes directly from your browser.
Перетворіть свої дані URL / Посилання на власний QR-код безпосередньо у своєму браузері. 100% обробка офлайн для повної конфіденційності. Безкоштовно, без обмежень і дуже безпечно.
Миттєво скануйте QR-коди за допомогою камери або завантажуючи зображення. 100% безпечна, приватна обробка на стороні клієнта.",,,"41
180
125",3,true
20,https://createmy-qr.com/fi/privacy,"Ilmainen QR-koodigeneraattori Netissä - CreateMy-QR (No Signup) | Tietosuojakäytäntö
Ilmainen QR-koodigeneraattori Netissä - CreateMy-QR (No Signup) | CreateMy-QR
Privacy Policy - CreateMy-QR",text/html; charset=utf-8,false,200,0,0,"Read our privacy policy.
Muunna URL / linkki-tietosi mukautetuksi QR-koodiksi suoraan selaimessasi. 100 % käsitelty offline-tilassa täydellisen yksityisyyden takaamiseksi. Ilmainen, ei rajoituksia ja erittäin turvallinen.",,,"24
196",2,true
20,https://createmy-qr.com/pl/privacy,"Darmowy Generator Kodów QR Online - CreateMy-QR (No Signup) | Polityka prywatności
Darmowy Generator Kodów QR Online - CreateMy-QR (No Signup) | CreateMy-QR
Privacy Policy - CreateMy-QR",text/html; charset=utf-8,false,200,0,0,"Read our privacy policy.
Konwertuj dane Adres URL / Link na niestandardowy kod QR bezpośrednio w przeglądarce. 100% przetwarzane w trybie offline, aby zapewnić całkowitą prywatność. Bezpłatnie, bez ograniczeń i bardzo bezpiecznie.",,,"24
205",2,true
20,https://createmy-qr.com/ja/youtube-qr-code-for-product-manuals,"製品マニュアルの YouTube ビデオ QR コード | CreateMy-QR
製品マニュアルの YouTube ビデオ QR コード | CreateMy-QR",text/html; charset=utf-8,false,200,0,0,"紛らわしい紙のマニュアルをビデオチュートリアルに置き換えます。 YouTube QR コードを作成して、商品の視覚的な説明を即座に提供します。
紛らわしい紙のマニュアルをビデオチュートリアルに置き換えます。 YouTube QR コードを作成して、商品の視覚的な説明を即座に提供します。",,,"71
71",2,true
20,https://createmy-qr.com/fr/terms,"Générateur de Code QR Gratuit en Ligne - CreateMy-QR (No Signup) | Conditions d'utilisation
Générateur de Code QR Gratuit en Ligne - CreateMy-QR (No Signup) | CreateMy-QR
Terms of Service - CreateMy-QR",text/html; charset=utf-8,false,200,0,0,"Read our terms of service.
Convertissez vos données URL/Lien en un code QR personnalisé directement dans votre navigateur. 100 % traité hors ligne pour une confidentialité absolue. Gratuit, sans limites et hautement sécurisé.",,,"26
198",2,true
20,https://createmy-qr.com/tr/scan-barcode,"Ücretsiz Çevrimiçi Barkod Tarayıcı - UPC ve EAN'yi tarayın
Ücretsiz Çevrimiçi QR Kod Oluşturucu - CreateMy-QR (No Signup) | CreateMy-QR
Scan Barcode Online",text/html; charset=utf-8,false,200,0,0,"Scan Barcodes directly from your browser.
URL / Bağlantı verilerinizi doğrudan tarayıcınızda özel bir QR koduna dönüştürün. Mutlak gizlilik için %100 çevrimdışı işlenir. Ücretsiz, sınırsız ve son derece güvenli.
Cihazınızın kamerasını kullanarak barkodları çevrimiçi olarak ücretsiz tarayın veya bir resim yükleyin.UPC, EAN, Code 128 ve daha fazlasını destekler.%100 özel ve güvenli.",,,"41
169
171",3,true
20,https://createmy-qr.com/hi/terms,"मुफ़्त ऑनलाइन क्यूआर कोड जनरेटर - CreateMy-QR (No Signup) | सेवा की शर्तें
मुफ़्त ऑनलाइन क्यूआर कोड जनरेटर - CreateMy-QR (No Signup) | CreateMy-QR
Terms of Service - CreateMy-QR",text/html; charset=utf-8,false,200,0,0,"Read our terms of service.
अपने यूआरएल/लिंक डेटा को सीधे अपने ब्राउज़र में एक कस्टम क्यूआर कोड में बदलें। पूर्ण गोपनीयता के लिए 100% ऑफ़लाइन संसाधित। निःशुल्क, कोई सीमा नहीं, और अत्यधिक सुरक्षित।",,,"26
168",2,true
20,https://createmy-qr.com/sv/terms,"Gratis QR-kod Generator Online - CreateMy-QR (No Signup) | Användarvillkor
Gratis QR-kod Generator Online - CreateMy-QR (No Signup) | CreateMy-QR
Terms of Service - CreateMy-QR",text/html; charset=utf-8,false,200,0,0,"Read our terms of service.
Konvertera dina URL/länk-data till en anpassad QR-kod direkt i din webbläsare. 100 % bearbetad offline för absolut integritet. Gratis, inga gränser och mycket säker.",,,"26
165",2,true
20,https://createmy-qr.com/tl/privacy,"Libreng Online QR Code Generator - CreateMy-QR (No Signup) | Patakaran sa Privacy
Libreng Online QR Code Generator - CreateMy-QR (No Signup) | CreateMy-QR
Privacy Policy - CreateMy-QR",text/html; charset=utf-8,false,200,0,0,"Read our privacy policy.
I-convert ang iyong URL / Link data sa isang custom na QR code nang direkta sa iyong browser. 100% na naproseso offline para sa ganap na privacy. Libre, walang limitasyon, at lubos na secure.",,,"24
191",2,true
20,https://createmy-qr.com/it/barcode-generator,"Generatore di codici a barre online gratuito - Crea codici a barre 1D
Generatore di Codici QR Gratis Online - CreateMy-QR (No Signup) | CreateMy-QR
Free Barcode Generator",text/html; charset=utf-8,false,200,0,0,"Generate barcodes instantly.
Converti i tuoi dati URL/collegamento in un codice QR personalizzato direttamente nel tuo browser. Elaborato offline al 100% per una privacy assoluta. Gratuito, senza limiti e altamente sicuro.
Genera istantaneamente codici a barre 1D professionali. Supporto per Code-128, UPC, EAN, ITF-14 e altro. Gratuito, sicuro e pronto per il download in PNG ad alta risoluzione.",,,"28
193
174",3,true
20,https://createmy-qr.com/no/privacy,"Gratis QR-kode Generator Online - CreateMy-QR (No Signup) | Personvernerklæring
Gratis QR-kode Generator Online - CreateMy-QR (No Signup) | CreateMy-QR
Privacy Policy - CreateMy-QR",text/html; charset=utf-8,false,200,0,0,"Read our privacy policy.
Konverter URL / Link-dataene dine til en tilpasset QR-kode direkte i nettleseren din. 100 % behandlet offline for absolutt personvern. Gratis, ingen grenser og svært sikker.",,,"24
173",2,true
20,https://createmy-qr.com/ko/scan-qr,"무료 QR 코드 스캐너 온라인 - 즉시 QR 스캔
무료 온라인 QR 코드 생성기 - CreateMy-QR (No Signup) | CreateMy-QR
Scan QR Code Online",text/html; charset=utf-8,false,200,0,0,"Scan QR codes directly from your browser.
브라우저에서 직접 URL / 링크 데이터를 맞춤 QR 코드로 변환하세요. 절대적인 개인정보 보호를 위해 100% 오프라인으로 처리됩니다. 무료이며 제한이 없으며 매우 안전합니다.
카메라를 사용하거나 이미지를 업로드하여 QR 코드를 즉시 스캔하세요. 100% 안전한 개인용 클라이언트 측 처리.",,,"41
99
63",3,true
20,https://createmy-qr.com/nl/barcode-generator,"Gratis barcodegenerator online - Maak 1D-streepjescodes
Gratis QR Code Generator Online - CreateMy-QR (No Signup) | CreateMy-QR
Free Barcode Generator",text/html; charset=utf-8,false,200,0,0,"Generate barcodes instantly.
Converteer uw URL/link-gegevens rechtstreeks in uw browser naar een aangepaste QR-code. 100% offline verwerkt voor absolute privacy. Gratis, geen grenzen en zeer veilig.
Genereer direct professionele 1D-barcodes. Ondersteuning voor Code-128, UPC, EAN, ITF-14 en meer. Gratis, veilig en klaar om te downloaden in PNG met hoge resolutie.",,,"28
169
165",3,true
20,https://createmy-qr.com/pt/compare,"Gerador de Código QR Grátis Online - CreateMy-QR (No Signup) | Comparar ferramentas
Gerador de Código QR Grátis Online - CreateMy-QR (No Signup) | CreateMy-QR
Compare Plans - CreateMy-QR",text/html; charset=utf-8,false,200,0,0,"Compare our free features.
Converta seus dados do URL/Link em um código QR personalizado diretamente no seu navegador. 100% processado offline para privacidade absoluta. Gratuito, sem limites e altamente seguro.",,,"26
184",2,true
20,https://createmy-qr.com/pl/about,"Darmowy Generator Kodów QR Online - CreateMy-QR (No Signup) | O nas
Darmowy Generator Kodów QR Online - CreateMy-QR (No Signup) | CreateMy-QR
About CreateMy-QR",text/html; charset=utf-8,false,200,0,0,"Learn more about CreateMy-QR.
Konwertuj dane Adres URL / Link na niestandardowy kod QR bezpośrednio w przeglądarce. 100% przetwarzane w trybie offline, aby zapewnić całkowitą prywatność. Bezpłatnie, bez ograniczeń i bardzo bezpiecznie.",,,"29
205",2,true
20,https://createmy-qr.com/es/privacy,"Generador de Códigos QR Gratis Online - CreateMy-QR (No Signup) | Política de privacidad
Generador de Códigos QR Gratis Online - CreateMy-QR (No Signup) | CreateMy-QR
Privacy Policy - CreateMy-QR",text/html; charset=utf-8,false,200,0,0,"Read our privacy policy.
Convierta sus datos de URL/Enlace en un código QR personalizado directamente en su navegador. 100% procesado fuera de línea para absoluta privacidad. Gratis, sin límites y muy seguro.",,,"24
183",2,true
20,https://createmy-qr.com/zh/about,"免费在线二维码生成器 - CreateMy-QR (No Signup) | 关于我们
免费在线二维码生成器 - CreateMy-QR (No Signup) | CreateMy-QR
About CreateMy-QR",text/html; charset=utf-8,false,200,0,0,"Learn more about CreateMy-QR.
直接在浏览器中将您的 网址/链接 数据转换为自定义二维码。 100% 离线处理，绝对隐私。免费、无限制且高度安全。",,,"29
57",2,true
20,https://createmy-qr.com/th/compare,"เครื่องมือสร้างคิวอาร์โค้ดออนไลน์ฟรี - CreateMy-QR (No Signup) | เปรียบเทียบเครื่องมือ
เครื่องมือสร้างคิวอาร์โค้ดออนไลน์ฟรี - CreateMy-QR (No Signup) | CreateMy-QR
Compare Plans - CreateMy-QR",text/html; charset=utf-8,false,200,0,0,"Compare our free features.
แปลงข้อมูล URL / ลิงค์ ของคุณให้เป็นโค้ด QR ที่กำหนดเองได้โดยตรงในเบราว์เซอร์ของคุณ ประมวลผลแบบออฟไลน์ 100% เพื่อความเป็นส่วนตัวอย่างแท้จริง ฟรี ไม่จำกัด และมีความปลอดภัยสูง",,,"26
173",2,true
20,https://createmy-qr.com/hu/barcode-generator,"Ingyenes vonalkódgenerátor online – 1D vonalkódok létrehozása
Ingyenes Online QR-kód Generátor - CreateMy-QR (No Signup) | CreateMy-QR
Free Barcode Generator",text/html; charset=utf-8,false,200,0,0,"Generate barcodes instantly.
Alakítsa át URL adatait egyéni QR-kóddá közvetlenül a böngészőjében. 100%-ban offline feldolgozva az abszolút adatvédelem érdekében. Ingyenes, korlátok nélkül és rendkívül biztonságos.
Azonnal generál professzionális 1D vonalkódokat. A Code-128, UPC, EAN, ITF-14 és egyebek támogatása. Ingyenes, biztonságos és letöltésre kész nagy felbontású PNG-ben.",,,"28
184
166",3,true
20,https://createmy-qr.com/ja/scan-barcode,"無料のオンラインバーコードスキャナー - UPC と EAN をスキャン
無料QRコード作成・ジェネレーター - CreateMy-QR (No Signup) | CreateMy-QR
Scan Barcode Online",text/html; charset=utf-8,false,200,0,0,"Scan Barcodes directly from your browser.
ブラウザで直接、URL / リンク データをカスタム QR コードに変換します。完全なプライバシーを確​​保するために 100% オフラインで処理されます。無料、制限なし、そして非常に安全です。
デバイスのカメラを使用してバーコードをオンラインで無料でスキャンするか、画像をアップロードします。UPC、EAN、Code 128 などをサポートします。100% プライベートで安全です。",,,"41
97
94",3,true
20,https://createmy-qr.com/it/compare,"Generatore di Codici QR Gratis Online - CreateMy-QR (No Signup) | Confronta strumenti
Generatore di Codici QR Gratis Online - CreateMy-QR (No Signup) | CreateMy-QR
Compare Plans - CreateMy-QR",text/html; charset=utf-8,false,200,0,0,"Compare our free features.
Converti i tuoi dati URL/collegamento in un codice QR personalizzato direttamente nel tuo browser. Elaborato offline al 100% per una privacy assoluta. Gratuito, senza limiti e altamente sicuro.",,,"26
193",2,true
20,https://createmy-qr.com/ja/vcard-qr-code-for-real-estate-agents,"不動産業者向け vCard QR コード | CreateMy-QR
不動産業者向け vCard QR コード | CreateMy-QR",text/html; charset=utf-8,false,200,0,0,"もうリードを失うことはありません。不動産の名刺やオープンハウスのパンフレット用のデジタル vCard QR コードを作成します。
もうリードを失うことはありません。不動産の名刺やオープンハウスのパンフレット用のデジタル vCard QR コードを作成します。",,,"64
64",2,true
20,https://createmy-qr.com/da/scan-qr,"Gratis QR-kodescanner online - Scan QR øjeblikkeligt
Gratis QR Kode Generator Online - CreateMy-QR (No Signup) | CreateMy-QR
Scan QR Code Online",text/html; charset=utf-8,false,200,0,0,"Scan QR codes directly from your browser.
Konverter dine URL / Link-data til en tilpasset QR-kode direkte i din browser. 100 % behandlet offline for absolut privatliv. Gratis, ingen grænser og meget sikker.
Scan QR-koder med det samme ved hjælp af dit kamera eller ved at uploade et billede. 100 % sikker, privat og klient-side behandling.",,,"41
164
132",3,true
20,https://createmy-qr.com/pt/scan-qr,"Scanner de código QR gratuito online - Digitalize QR instantaneamente
Gerador de Código QR Grátis Online - CreateMy-QR (No Signup) | CreateMy-QR
Scan QR Code Online",text/html; charset=utf-8,false,200,0,0,"Scan QR codes directly from your browser.
Converta seus dados do URL/Link em um código QR personalizado diretamente no seu navegador. 100% processado offline para privacidade absoluta. Gratuito, sem limites e altamente seguro.
Digitalize códigos QR instantaneamente usando sua câmera ou enviando uma imagem. Processamento 100% seguro, privado e do lado do cliente.",,,"41
184
137",3,true
20,https://createmy-qr.com/de/scan-barcode,"Kostenloser Barcode-Scanner online – Scannen Sie UPC und EAN
Kostenloser QR-Code Generator Online - CreateMy-QR (No Signup) | CreateMy-QR
Scan Barcode Online",text/html; charset=utf-8,false,200,0,0,"Scan Barcodes directly from your browser.
Wandeln Sie Ihre URL/Link-Daten direkt in Ihrem Browser in einen benutzerdefinierten QR-Code um. 100 % offline verarbeitet für absolute Privatsphäre. Kostenlos, ohne Grenzen und äußerst sicher.
Scannen Sie Barcodes kostenlos online mit der Kamera Ihres Geräts oder laden Sie ein Bild hoch.Unterstützt UPC, EAN, Code 128 und mehr.100 % privat und sicher.",,,"41
193
159",3,true
20,https://createmy-qr.com/nl/terms,"Gratis QR Code Generator Online - CreateMy-QR (No Signup) | Servicevoorwaarden
Gratis QR Code Generator Online - CreateMy-QR (No Signup) | CreateMy-QR
Terms of Service - CreateMy-QR",text/html; charset=utf-8,false,200,0,0,"Read our terms of service.
Converteer uw URL/link-gegevens rechtstreeks in uw browser naar een aangepaste QR-code. 100% offline verwerkt voor absolute privacy. Gratis, geen grenzen en zeer veilig.",,,"26
169",2,true
20,https://createmy-qr.com/sv/scan-qr,"Gratis QR-kodskanner online - Skanna QR direkt
Gratis QR-kod Generator Online - CreateMy-QR (No Signup) | CreateMy-QR
Scan QR Code Online",text/html; charset=utf-8,false,200,0,0,"Scan QR codes directly from your browser.
Konvertera dina URL/länk-data till en anpassad QR-kod direkt i din webbläsare. 100 % bearbetad offline för absolut integritet. Gratis, inga gränser och mycket säker.
Skanna QR-koder direkt med din kamera eller genom att ladda upp en bild. 100 % säker, privat bearbetning och bearbetning på klientsidan.",,,"41
165
136",3,true
20,https://createmy-qr.com/sv/about,"Gratis QR-kod Generator Online - CreateMy-QR (No Signup) | Om oss
Gratis QR-kod Generator Online - CreateMy-QR (No Signup) | CreateMy-QR
About CreateMy-QR",text/html; charset=utf-8,false,200,0,0,"Learn more about CreateMy-QR.
Konvertera dina URL/länk-data till en anpassad QR-kod direkt i din webbläsare. 100 % bearbetad offline för absolut integritet. Gratis, inga gränser och mycket säker.",,,"29
165",2,true
20,https://createmy-qr.com/ko/youtube-qr-code-for-product-manuals,"제품 설명서용 YouTube 비디오 QR 코드 | CreateMy-QR
제품 설명서용 YouTube 비디오 QR 코드 | CreateMy-QR",text/html; charset=utf-8,false,200,0,0,"혼란스러운 종이 매뉴얼을 비디오 튜토리얼로 교체하세요. 제품에 대한 즉각적인 시각적 지침을 제공하려면 YouTube QR 코드를 만드세요.
혼란스러운 종이 매뉴얼을 비디오 튜토리얼로 교체하세요. 제품에 대한 즉각적인 시각적 지침을 제공하려면 YouTube QR 코드를 만드세요.",,,"77
77",2,true
20,https://createmy-qr.com/ar/privacy,"مولد رمز الاستجابة السريعة مجاني - CreateMy-QR (No Signup) | سياسة الخصوصية
مولد رمز الاستجابة السريعة مجاني - CreateMy-QR (No Signup) | CreateMy-QR
Privacy Policy - CreateMy-QR",text/html; charset=utf-8,false,200,0,0,"Read our privacy policy.
قم بتحويل بيانات عنوان URL / الرابط الخاصة بك إلى رمز QR مخصص مباشرةً في متصفحك. تمت معالجتها بنسبة 100% دون الاتصال بالإنترنت لتوفير الخصوصية المطلقة. مجاني، بلا حدود، وآمن للغاية.",,,"24
181",2,true
20,https://createmy-qr.com/ar/scan-barcode,"ماسح الباركود المجاني عبر الإنترنت - مسح UPC وEAN
مولد رمز الاستجابة السريعة مجاني - CreateMy-QR (No Signup) | CreateMy-QR
Scan Barcode Online",text/html; charset=utf-8,false,200,0,0,"Scan Barcodes directly from your browser.
قم بتحويل بيانات عنوان URL / الرابط الخاصة بك إلى رمز QR مخصص مباشرةً في متصفحك. تمت معالجتها بنسبة 100% دون الاتصال بالإنترنت لتوفير الخصوصية المطلقة. مجاني، بلا حدود، وآمن للغاية.
قم بمسح الرموز الشريطية ضوئيًا عبر الإنترنت مجانًا باستخدام كاميرا جهازك أو قم بتحميل صورة.يدعم UPC، EAN، رمز 128 وأكثر من ذلك.100% خاص وآمن.",,,"41
181
141",3,true
20,https://createmy-qr.com/es/about,"Generador de Códigos QR Gratis Online - CreateMy-QR (No Signup) | Sobre nosotros
Generador de Códigos QR Gratis Online - CreateMy-QR (No Signup) | CreateMy-QR
About CreateMy-QR",text/html; charset=utf-8,false,200,0,0,"Learn more about CreateMy-QR.
Convierta sus datos de URL/Enlace en un código QR personalizado directamente en su navegador. 100% procesado fuera de línea para absoluta privacidad. Gratis, sin límites y muy seguro.",,,"29
183",2,true
20,https://createmy-qr.com/id/about,"Generator QR Code Gratis Online - CreateMy-QR (No Signup) | Tentang Kami
Generator QR Code Gratis Online - CreateMy-QR (No Signup) | CreateMy-QR
About CreateMy-QR",text/html; charset=utf-8,false,200,0,0,"Learn more about CreateMy-QR.
Ubah data URL / Tautan Anda menjadi QR code kustom langsung di browser. 100% diproses offline untuk privasi absolut. Gratis, tanpa batas, dan sangat aman.",,,"29
154",2,true
20,https://createmy-qr.com/pl/scan-qr,"Bezpłatny skaner kodów QR online — natychmiastowe skanowanie kodów QR
Darmowy Generator Kodów QR Online - CreateMy-QR (No Signup) | CreateMy-QR
Scan QR Code Online",text/html; charset=utf-8,false,200,0,0,"Scan QR codes directly from your browser.
Konwertuj dane Adres URL / Link na niestandardowy kod QR bezpośrednio w przeglądarce. 100% przetwarzane w trybie offline, aby zapewnić całkowitą prywatność. Bezpłatnie, bez ograniczeń i bardzo bezpiecznie.
Natychmiast skanuj kody QR za pomocą aparatu lub przesyłając obraz. 100% bezpieczne, prywatne przetwarzanie po stronie klienta.",,,"41
205
127",3,true
20,https://createmy-qr.com/hi/privacy,"मुफ़्त ऑनलाइन क्यूआर कोड जनरेटर - CreateMy-QR (No Signup) | गोपनीयता नीति
मुफ़्त ऑनलाइन क्यूआर कोड जनरेटर - CreateMy-QR (No Signup) | CreateMy-QR
Privacy Policy - CreateMy-QR",text/html; charset=utf-8,false,200,0,0,"Read our privacy policy.
अपने यूआरएल/लिंक डेटा को सीधे अपने ब्राउज़र में एक कस्टम क्यूआर कोड में बदलें। पूर्ण गोपनीयता के लिए 100% ऑफ़लाइन संसाधित। निःशुल्क, कोई सीमा नहीं, और अत्यधिक सुरक्षित।",,,"24
168",2,true
20,https://createmy-qr.com/zh/youtube-qr-code-for-product-manuals,"产品手册的 YouTube 视频二维码 | CreateMy-QR
产品手册的 YouTube 视频二维码 | CreateMy-QR",text/html; charset=utf-8,false,200,0,0,"用视频教程取代令人困惑的纸质手册。创建 YouTube 二维码，为您的产品提供即时视觉说明。
用视频教程取代令人困惑的纸质手册。创建 YouTube 二维码，为您的产品提供即时视觉说明。",,,"46
46",2,true
20,https://createmy-qr.com/hu/privacy,"Ingyenes Online QR-kód Generátor - CreateMy-QR (No Signup) | Adatvédelmi szabályzat
Ingyenes Online QR-kód Generátor - CreateMy-QR (No Signup) | CreateMy-QR
Privacy Policy - CreateMy-QR",text/html; charset=utf-8,false,200,0,0,"Read our privacy policy.
Alakítsa át URL adatait egyéni QR-kóddá közvetlenül a böngészőjében. 100%-ban offline feldolgozva az abszolút adatvédelem érdekében. Ingyenes, korlátok nélkül és rendkívül biztonságos.",,,"24
184",2,true
20,https://createmy-qr.com/ro/terms,"Generator de Coduri QR Gratuit Online - CreateMy-QR (No Signup) | Termeni și condiții
Generator de Coduri QR Gratuit Online - CreateMy-QR (No Signup) | CreateMy-QR
Terms of Service - CreateMy-QR",text/html; charset=utf-8,false,200,0,0,"Read our terms of service.
Transformați datele dvs. URL / Link într-un cod QR personalizat direct în browser. Procesat 100% offline pentru confidențialitate absolută. Gratuit, fără limite și foarte sigur.",,,"26
177",2,true
20,https://createmy-qr.com/ro/compare,"Generator de Coduri QR Gratuit Online - CreateMy-QR (No Signup) | Instrumente de comparare
Generator de Coduri QR Gratuit Online - CreateMy-QR (No Signup) | CreateMy-QR
Compare Plans - CreateMy-QR",text/html; charset=utf-8,false,200,0,0,"Compare our free features.
Transformați datele dvs. URL / Link într-un cod QR personalizat direct în browser. Procesat 100% offline pentru confidențialitate absolută. Gratuit, fără limite și foarte sigur.",,,"26
177",2,true
20,https://createmy-qr.com/es/compare,"Generador de Códigos QR Gratis Online - CreateMy-QR (No Signup) | Comparar herramientas
Generador de Códigos QR Gratis Online - CreateMy-QR (No Signup) | CreateMy-QR
Compare Plans - CreateMy-QR",text/html; charset=utf-8,false,200,0,0,"Compare our free features.
Convierta sus datos de URL/Enlace en un código QR personalizado directamente en su navegador. 100% procesado fuera de línea para absoluta privacidad. Gratis, sin límites y muy seguro.",,,"26
183",2,true
20,https://createmy-qr.com/hi/barcode-generator,"निःशुल्क बारकोड जेनरेटर ऑनलाइन - 1डी बारकोड बनाएं
मुफ़्त ऑनलाइन क्यूआर कोड जनरेटर - CreateMy-QR (No Signup) | CreateMy-QR
Free Barcode Generator",text/html; charset=utf-8,false,200,0,0,"Generate barcodes instantly.
अपने यूआरएल/लिंक डेटा को सीधे अपने ब्राउज़र में एक कस्टम क्यूआर कोड में बदलें। पूर्ण गोपनीयता के लिए 100% ऑफ़लाइन संसाधित। निःशुल्क, कोई सीमा नहीं, और अत्यधिक सुरक्षित।
तुरंत पेशेवर 1डी बारकोड जेनरेट करें। कोड-128, यूपीसी, ईएएन, आईटीएफ-14, और बहुत कुछ के लिए समर्थन। निःशुल्क, सुरक्षित और उच्च-रिज़ॉल्यूशन पीएनजी में डाउनलोड करने के लिए तैयार।",,,"28
168
174",3,true
20,https://createmy-qr.com/ms/scan-barcode,"Pengimbas Kod Bar Percuma Dalam Talian - Imbas UPC & EAN
Penjana Kod QR Percuma Dalam Talian - CreateMy-QR (No Signup) | CreateMy-QR
Scan Barcode Online",text/html; charset=utf-8,false,200,0,0,"Scan Barcodes directly from your browser.
Tukar data URL / Pautan anda kepada kod QR tersuai terus dalam penyemak imbas anda. 100% diproses di luar talian untuk privasi mutlak. Percuma, tiada had dan sangat selamat.
Imbas kod bar dalam talian secara percuma menggunakan kamera peranti anda atau muat naik imej.Menyokong UPC, EAN, Kod 128 dan banyak lagi.100% peribadi dan selamat.",,,"41
173
164",3,true
20,https://createmy-qr.com/uk/compare,"Безкоштовний Генератор QR-кодів Онлайн - CreateMy-QR (No Signup) | Інструменти порівняння
Безкоштовний Генератор QR-кодів Онлайн - CreateMy-QR (No Signup) | CreateMy-QR
Compare Plans - CreateMy-QR",text/html; charset=utf-8,false,200,0,0,"Compare our free features.
Перетворіть свої дані URL / Посилання на власний QR-код безпосередньо у своєму браузері. 100% обробка офлайн для повної конфіденційності. Безкоштовно, без обмежень і дуже безпечно.",,,"26
180",2,true
20,https://createmy-qr.com/ro/privacy,"Generator de Coduri QR Gratuit Online - CreateMy-QR (No Signup) | Politica de confidențialitate
Generator de Coduri QR Gratuit Online - CreateMy-QR (No Signup) | CreateMy-QR
Privacy Policy - CreateMy-QR",text/html; charset=utf-8,false,200,0,0,"Read our privacy policy.
Transformați datele dvs. URL / Link într-un cod QR personalizat direct în browser. Procesat 100% offline pentru confidențialitate absolută. Gratuit, fără limite și foarte sigur.",,,"24
177",2,true
20,https://createmy-qr.com/da/scan-barcode,"Gratis stregkodescanner online - Scan UPC & EAN
Gratis QR Kode Generator Online - CreateMy-QR (No Signup) | CreateMy-QR
Scan Barcode Online",text/html; charset=utf-8,false,200,0,0,"Scan Barcodes directly from your browser.
Konverter dine URL / Link-data til en tilpasset QR-kode direkte i din browser. 100 % behandlet offline for absolut privatliv. Gratis, ingen grænser og meget sikker.
Scan stregkoder online gratis ved at bruge din enheds kamera eller upload et billede.Understøtter UPC, EAN, Code 128 og mere.100 % privat og sikkert.",,,"41
164
149",3,true
20,https://createmy-qr.com/hi/scan-barcode,"मुफ़्त बारकोड स्कैनर ऑनलाइन - यूपीसी और ईएएन स्कैन करें
मुफ़्त ऑनलाइन क्यूआर कोड जनरेटर - CreateMy-QR (No Signup) | CreateMy-QR
Scan Barcode Online",text/html; charset=utf-8,false,200,0,0,"Scan Barcodes directly from your browser.
अपने यूआरएल/लिंक डेटा को सीधे अपने ब्राउज़र में एक कस्टम क्यूआर कोड में बदलें। पूर्ण गोपनीयता के लिए 100% ऑफ़लाइन संसाधित। निःशुल्क, कोई सीमा नहीं, और अत्यधिक सुरक्षित।
अपने डिवाइस के कैमरे का उपयोग करके बारकोड को निःशुल्क ऑनलाइन स्कैन करें या एक छवि अपलोड करें।यूपीसी, ईएएन, कोड 128 और अधिक का समर्थन करता है।100% निजी और सुरक्षित।",,,"41
168
163",3,true
20,https://createmy-qr.com/ja/about,"無料QRコード作成・ジェネレーター - CreateMy-QR (No Signup) | 私たちについて
無料QRコード作成・ジェネレーター - CreateMy-QR (No Signup) | CreateMy-QR
About CreateMy-QR",text/html; charset=utf-8,false,200,0,0,"Learn more about CreateMy-QR.
ブラウザで直接、URL / リンク データをカスタム QR コードに変換します。完全なプライバシーを確​​保するために 100% オフラインで処理されます。無料、制限なし、そして非常に安全です。",,,"29
97",2,true
20,https://createmy-qr.com/tl/terms,"Libreng Online QR Code Generator - CreateMy-QR (No Signup) | Mga Tuntunin ng Serbisyo
Libreng Online QR Code Generator - CreateMy-QR (No Signup) | CreateMy-QR
Terms of Service - CreateMy-QR",text/html; charset=utf-8,false,200,0,0,"Read our terms of service.
I-convert ang iyong URL / Link data sa isang custom na QR code nang direkta sa iyong browser. 100% na naproseso offline para sa ganap na privacy. Libre, walang limitasyon, at lubos na secure.",,,"26
191",2,true
20,https://createmy-qr.com/ko/email-qr-code-for-newsletter-signup,"뉴스레터 가입을 위한 이메일 QR 코드 | CreateMy-QR
뉴스레터 가입을 위한 이메일 QR 코드 | CreateMy-QR",text/html; charset=utf-8,false,200,0,0,"실제 위치에서 이메일 목록을 확장하세요. 메일링 리스트에 대한 구독 요청을 미리 채우는 이메일 QR 코드를 생성하세요.
실제 위치에서 이메일 목록을 확장하세요. 메일링 리스트에 대한 구독 요청을 미리 채우는 이메일 QR 코드를 생성하세요.",,,"66
66",2,true
20,https://createmy-qr.com/ja/wifi-qr-code-for-cafe-hotel,"カフェとホテルの WiFi QR コード | CreateMy-QR
カフェとホテルの WiFi QR コード | CreateMy-QR",text/html; charset=utf-8,false,200,0,0,"ゲストはパスワードを入力せずにすぐに WiFi ネットワークに接続できます。カフェやホテルの無料 WiFi QR コードを生成します。
ゲストはパスワードを入力せずにすぐに WiFi ネットワークに接続できます。カフェやホテルの無料 WiFi QR コードを生成します。",,,"67
67",2,true
20,https://createmy-qr.com/hi/about,"मुफ़्त ऑनलाइन क्यूआर कोड जनरेटर - CreateMy-QR (No Signup) | हमारे बारे में
मुफ़्त ऑनलाइन क्यूआर कोड जनरेटर - CreateMy-QR (No Signup) | CreateMy-QR
About CreateMy-QR",text/html; charset=utf-8,false,200,0,0,"Learn more about CreateMy-QR.
अपने यूआरएल/लिंक डेटा को सीधे अपने ब्राउज़र में एक कस्टम क्यूआर कोड में बदलें। पूर्ण गोपनीयता के लिए 100% ऑफ़लाइन संसाधित। निःशुल्क, कोई सीमा नहीं, और अत्यधिक सुरक्षित।",,,"29
168",2,true
20,https://createmy-qr.com/ar/barcode-generator,"مولد باركود مجاني عبر الإنترنت - إنشاء باركود ثنائي الأبعاد
مولد رمز الاستجابة السريعة مجاني - CreateMy-QR (No Signup) | CreateMy-QR
Free Barcode Generator",text/html; charset=utf-8,false,200,0,0,"Generate barcodes instantly.
قم بتحويل بيانات عنوان URL / الرابط الخاصة بك إلى رمز QR مخصص مباشرةً في متصفحك. تمت معالجتها بنسبة 100% دون الاتصال بالإنترنت لتوفير الخصوصية المطلقة. مجاني، بلا حدود، وآمن للغاية.
قم بإنشاء رموز شريطية احترافية أحادية الأبعاد على الفور. دعم Code-128 وUPC وEAN وITF-14 والمزيد. مجاني وآمن وجاهز للتنزيل بصيغة PNG عالية الدقة.",,,"28
181
144",3,true
20,https://createmy-qr.com/cs/scan-qr,"Bezplatný skener QR kódů online – naskenujte QR okamžitě
Zdarma Online Generátor QR Kódů - CreateMy-QR (No Signup) | CreateMy-QR
Scan QR Code Online",text/html; charset=utf-8,false,200,0,0,"Scan QR codes directly from your browser.
Převeďte svá data URL / odkaz na vlastní QR kód přímo ve vašem prohlížeči. 100% zpracováno offline pro absolutní soukromí. Zdarma, bez omezení a vysoce bezpečné.
Naskenujte QR kódy okamžitě pomocí fotoaparátu nebo nahráním obrázku. 100% bezpečné, soukromé zpracování na straně klienta.",,,"41
161
123",3,true
20,https://createmy-qr.com/tl/about,"Libreng Online QR Code Generator - CreateMy-QR (No Signup) | Tungkol sa Amin
Libreng Online QR Code Generator - CreateMy-QR (No Signup) | CreateMy-QR
About CreateMy-QR",text/html; charset=utf-8,false,200,0,0,"Learn more about CreateMy-QR.
I-convert ang iyong URL / Link data sa isang custom na QR code nang direkta sa iyong browser. 100% na naproseso offline para sa ganap na privacy. Libre, walang limitasyon, at lubos na secure.",,,"29
191",2,true
20,https://createmy-qr.com/bn/scan-qr,"বিনামূল্যে QR কোড স্ক্যানার অনলাইন - অবিলম্বে QR স্ক্যান করুন
ফ্রি অনলাইন কিউআর কোড জেনারেটর - CreateMy-QR (No Signup) | CreateMy-QR
Scan QR Code Online",text/html; charset=utf-8,false,200,0,0,"Scan QR codes directly from your browser.
আপনার ব্রাউজারে সরাসরি একটি কাস্টম QR কোডে আপনার URL / লিঙ্ক ডেটা রূপান্তর করুন। সম্পূর্ণ গোপনীয়তার জন্য 100% অফলাইনে প্রক্রিয়া করা হয়েছে। বিনামূল্যে, কোন সীমা নেই, এবং অত্যন্ত নিরাপদ।
আপনার ক্যামেরা ব্যবহার করে বা একটি ছবি আপলোড করে অবিলম্বে QR কোড স্ক্যান করুন। 100% নিরাপদ, ব্যক্তিগত, এবং ক্লায়েন্ট-সাইড প্রক্রিয়াকরণ।",,,"41
187
137",3,true
20,https://createmy-qr.com/zh/terms,"免费在线二维码生成器 - CreateMy-QR (No Signup) | 服务条款
免费在线二维码生成器 - CreateMy-QR (No Signup) | CreateMy-QR
Terms of Service - CreateMy-QR",text/html; charset=utf-8,false,200,0,0,"Read our terms of service.
直接在浏览器中将您的 网址/链接 数据转换为自定义二维码。 100% 离线处理，绝对隐私。免费、无限制且高度安全。",,,"26
57",2,true
20,https://createmy-qr.com/hu/scan-barcode,"Free Barcode Scanner Online - Scan UPC & EAN
Ingyenes Online QR-kód Generátor - CreateMy-QR (No Signup) | CreateMy-QR
Scan Barcode Online",text/html; charset=utf-8,false,200,0,0,"Scan Barcodes directly from your browser.
Alakítsa át URL adatait egyéni QR-kóddá közvetlenül a böngészőjében. 100%-ban offline feldolgozva az abszolút adatvédelem érdekében. Ingyenes, korlátok nélkül és rendkívül biztonságos.
Scan barcodes online for free using your device's camera or upload an image. Supports UPC, EAN, Code 128 and more. 100% private and secure.",,,"41
184
139",3,true
20,https://createmy-qr.com/tr/about,"Ücretsiz Çevrimiçi QR Kod Oluşturucu - CreateMy-QR (No Signup) | Hakkımızda
Ücretsiz Çevrimiçi QR Kod Oluşturucu - CreateMy-QR (No Signup) | CreateMy-QR
About CreateMy-QR",text/html; charset=utf-8,false,200,0,0,"Learn more about CreateMy-QR.
URL / Bağlantı verilerinizi doğrudan tarayıcınızda özel bir QR koduna dönüştürün. Mutlak gizlilik için %100 çevrimdışı işlenir. Ücretsiz, sınırsız ve son derece güvenli.",,,"29
169",2,true
20,https://createmy-qr.com/hu/scan-qr,"Ingyenes QR-kód olvasó online - QR-kód azonnali beolvasása
Ingyenes Online QR-kód Generátor - CreateMy-QR (No Signup) | CreateMy-QR
Scan QR Code Online",text/html; charset=utf-8,false,200,0,0,"Scan QR codes directly from your browser.
Alakítsa át URL adatait egyéni QR-kóddá közvetlenül a böngészőjében. 100%-ban offline feldolgozva az abszolút adatvédelem érdekében. Ingyenes, korlátok nélkül és rendkívül biztonságos.
A QR-kódok azonnali beolvasása kamerája vagy kép feltöltésével. 100%-ban biztonságos, privát és ügyféloldali feldolgozás.",,,"41
184
121",3,true
20,https://createmy-qr.com/bn/scan-barcode,"বিনামূল্যে বারকোড স্ক্যানার অনলাইন - UPC এবং EAN স্ক্যান করুন
ফ্রি অনলাইন কিউআর কোড জেনারেটর - CreateMy-QR (No Signup) | CreateMy-QR
Scan Barcode Online",text/html; charset=utf-8,false,200,0,0,"Scan Barcodes directly from your browser.
আপনার ব্রাউজারে সরাসরি একটি কাস্টম QR কোডে আপনার URL / লিঙ্ক ডেটা রূপান্তর করুন। সম্পূর্ণ গোপনীয়তার জন্য 100% অফলাইনে প্রক্রিয়া করা হয়েছে। বিনামূল্যে, কোন সীমা নেই, এবং অত্যন্ত নিরাপদ।
আপনার ডিভাইসের ক্যামেরা ব্যবহার করে বিনামূল্যে বারকোড অনলাইনে স্ক্যান করুন বা একটি ছবি আপলোড করুন।UPC, EAN, কোড 128 এবং আরও অনেক কিছু সমর্থন করে।100% ব্যক্তিগত এবং নিরাপদ।",,,"41
187
171",3,true
20,https://createmy-qr.com/nl/scan-qr,"Gratis QR-codescanner online - Scan QR direct
Gratis QR Code Generator Online - CreateMy-QR (No Signup) | CreateMy-QR
Scan QR Code Online",text/html; charset=utf-8,false,200,0,0,"Scan QR codes directly from your browser.
Converteer uw URL/link-gegevens rechtstreeks in uw browser naar een aangepaste QR-code. 100% offline verwerkt voor absolute privacy. Gratis, geen grenzen en zeer veilig.
Scan QR-codes direct met uw camera of door een afbeelding te uploaden. 100% veilige, privé- en clientverwerking.",,,"41
169
112",3,true
20,https://createmy-qr.com/el/privacy,"Δωρεάν Δημιουργία QR Code Online - CreateMy-QR (No Signup) | Πολιτική Απορρήτου
Δωρεάν Δημιουργία QR Code Online - CreateMy-QR (No Signup) | CreateMy-QR
Privacy Policy - CreateMy-QR",text/html; charset=utf-8,false,200,0,0,"Read our privacy policy.
Μετατρέψτε τα δεδομένα σας URL / Σύνδεσμος σε προσαρμοσμένο κωδικό QR απευθείας στο πρόγραμμα περιήγησής σας. 100% επεξεργασία εκτός σύνδεσης για απόλυτη προστασία της ιδιωτικής ζωής. Δωρεάν, χωρίς όρια και εξαιρετικά ασφαλές.",,,"24
226",2,true
20,https://createmy-qr.com/ko/compare,"무료 온라인 QR 코드 생성기 - CreateMy-QR (No Signup) | 도구 비교
무료 온라인 QR 코드 생성기 - CreateMy-QR (No Signup) | CreateMy-QR
Compare Plans - CreateMy-QR",text/html; charset=utf-8,false,200,0,0,"Compare our free features.
브라우저에서 직접 URL / 링크 데이터를 맞춤 QR 코드로 변환하세요. 절대적인 개인정보 보호를 위해 100% 오프라인으로 처리됩니다. 무료이며 제한이 없으며 매우 안전합니다.",,,"26
99",2,true
20,https://createmy-qr.com/tl/barcode-generator,"Libreng Barcode Generator Online - Lumikha ng 1D Barcodes
Libreng Online QR Code Generator - CreateMy-QR (No Signup) | CreateMy-QR
Free Barcode Generator",text/html; charset=utf-8,false,200,0,0,"Generate barcodes instantly.
I-convert ang iyong URL / Link data sa isang custom na QR code nang direkta sa iyong browser. 100% na naproseso offline para sa ganap na privacy. Libre, walang limitasyon, at lubos na secure.
Bumuo ng mga propesyonal na 1D barcode kaagad. Suporta para sa Code-128, UPC, EAN, ITF-14, at higit pa. Libre, secure, at handang i-download sa high-res na PNG.",,,"28
191
160",3,true
20,https://createmy-qr.com/tl/scan-qr,"Libreng QR Code Scanner Online - I-scan ang QR Agad
Libreng Online QR Code Generator - CreateMy-QR (No Signup) | CreateMy-QR
Scan QR Code Online",text/html; charset=utf-8,false,200,0,0,"Scan QR codes directly from your browser.
I-convert ang iyong URL / Link data sa isang custom na QR code nang direkta sa iyong browser. 100% na naproseso offline para sa ganap na privacy. Libre, walang limitasyon, at lubos na secure.
I-scan kaagad ang mga QR code gamit ang iyong camera o sa pamamagitan ng pag-upload ng larawan. 100% secure, pribado, at pagpoproseso sa panig ng kliyente.",,,"41
191
155",3,true
20,https://createmy-qr.com/es/scan-barcode,"Escáner de códigos de barras gratuito en línea: escanee UPC y EAN
Generador de Códigos QR Gratis Online - CreateMy-QR (No Signup) | CreateMy-QR
Scan Barcode Online",text/html; charset=utf-8,false,200,0,0,"Scan Barcodes directly from your browser.
Convierta sus datos de URL/Enlace en un código QR personalizado directamente en su navegador. 100% procesado fuera de línea para absoluta privacidad. Gratis, sin límites y muy seguro.
Escanee códigos de barras en línea de forma gratuita usando la cámara de su dispositivo o cargue una imagen.Admite UPC, EAN, Código 128 y más.100% privado y seguro.",,,"41
183
164",3,true
20,https://createmy-qr.com/cs/scan-barcode,"Bezplatný skener čárových kódů online – skenování UPC a EAN
Zdarma Online Generátor QR Kódů - CreateMy-QR (No Signup) | CreateMy-QR
Scan Barcode Online",text/html; charset=utf-8,false,200,0,0,"Scan Barcodes directly from your browser.
Převeďte svá data URL / odkaz na vlastní QR kód přímo ve vašem prohlížeči. 100% zpracováno offline pro absolutní soukromí. Zdarma, bez omezení a vysoce bezpečné.
Naskenujte čárové kódy online zdarma pomocí fotoaparátu vašeho zařízení nebo nahrajte obrázek.Podporuje UPC, EAN, Code 128 a další.100% soukromé a bezpečné.",,,"41
161
156",3,true
20,https://createmy-qr.com/ms/scan-qr,"Pengimbas Kod QR Percuma Dalam Talian - Imbas QR Serta-merta
Penjana Kod QR Percuma Dalam Talian - CreateMy-QR (No Signup) | CreateMy-QR
Scan QR Code Online",text/html; charset=utf-8,false,200,0,0,"Scan QR codes directly from your browser.
Tukar data URL / Pautan anda kepada kod QR tersuai terus dalam penyemak imbas anda. 100% diproses di luar talian untuk privasi mutlak. Percuma, tiada had dan sangat selamat.
Imbas kod QR serta-merta menggunakan kamera anda atau dengan memuat naik imej. Pemprosesan 100% selamat, peribadi dan pihak pelanggan.",,,"41
173
134",3,true
20,https://createmy-qr.com/de/scan-qr,"Kostenloser QR-Code-Scanner online – QR sofort scannen
Kostenloser QR-Code Generator Online - CreateMy-QR (No Signup) | CreateMy-QR
Scan QR Code Online",text/html; charset=utf-8,false,200,0,0,"Scan QR codes directly from your browser.
Wandeln Sie Ihre URL/Link-Daten direkt in Ihrem Browser in einen benutzerdefinierten QR-Code um. 100 % offline verarbeitet für absolute Privatsphäre. Kostenlos, ohne Grenzen und äußerst sicher.
Scannen Sie QR-Codes sofort mit Ihrer Kamera oder indem Sie ein Bild hochladen. 100 % sichere, private und clientseitige Verarbeitung.",,,"41
193
134",3,true
20,https://createmy-qr.com/ru/about,"Бесплатный генератор QR-кодов онлайн - CreateMy-QR (No Signup) | О нас
Бесплатный генератор QR-кодов онлайн - CreateMy-QR (No Signup) | CreateMy-QR
About CreateMy-QR",text/html; charset=utf-8,false,200,0,0,"Learn more about CreateMy-QR.
Преобразуйте данные URL/ссылка в собственный QR-код прямо в браузере. 100% обработка в автономном режиме для абсолютной конфиденциальности. Бесплатно, без ограничений и очень безопасно.",,,"29
185",2,true
20,https://createmy-qr.com/es/scan-qr,"Escáner de códigos QR gratuito en línea: escanee QR al instante
Generador de Códigos QR Gratis Online - CreateMy-QR (No Signup) | CreateMy-QR
Scan QR Code Online",text/html; charset=utf-8,false,200,0,0,"Scan QR codes directly from your browser.
Convierta sus datos de URL/Enlace en un código QR personalizado directamente en su navegador. 100% procesado fuera de línea para absoluta privacidad. Gratis, sin límites y muy seguro.
Escanee códigos QR al instante usando su cámara o cargando una imagen. Procesamiento 100% seguro, privado y del lado del cliente.",,,"41
183
129",3,true
20,https://createmy-qr.com/it/terms,"Generatore di Codici QR Gratis Online - CreateMy-QR (No Signup) | Termini di servizio
Generatore di Codici QR Gratis Online - CreateMy-QR (No Signup) | CreateMy-QR
Terms of Service - CreateMy-QR",text/html; charset=utf-8,false,200,0,0,"Read our terms of service.
Converti i tuoi dati URL/collegamento in un codice QR personalizzato direttamente nel tuo browser. Elaborato offline al 100% per una privacy assoluta. Gratuito, senza limiti e altamente sicuro.",,,"26
193",2,true
20,https://createmy-qr.com/fi/terms,"Ilmainen QR-koodigeneraattori Netissä - CreateMy-QR (No Signup) | Palveluehdot
Ilmainen QR-koodigeneraattori Netissä - CreateMy-QR (No Signup) | CreateMy-QR
Terms of Service - CreateMy-QR",text/html; charset=utf-8,false,200,0,0,"Read our terms of service.
Muunna URL / linkki-tietosi mukautetuksi QR-koodiksi suoraan selaimessasi. 100 % käsitelty offline-tilassa täydellisen yksityisyyden takaamiseksi. Ilmainen, ei rajoituksia ja erittäin turvallinen.",,,"26
196",2,true
20,https://createmy-qr.com/th/about,"เครื่องมือสร้างคิวอาร์โค้ดออนไลน์ฟรี - CreateMy-QR (No Signup) | เกี่ยวกับเรา
เครื่องมือสร้างคิวอาร์โค้ดออนไลน์ฟรี - CreateMy-QR (No Signup) | CreateMy-QR
About CreateMy-QR",text/html; charset=utf-8,false,200,0,0,"Learn more about CreateMy-QR.
แปลงข้อมูล URL / ลิงค์ ของคุณให้เป็นโค้ด QR ที่กำหนดเองได้โดยตรงในเบราว์เซอร์ของคุณ ประมวลผลแบบออฟไลน์ 100% เพื่อความเป็นส่วนตัวอย่างแท้จริง ฟรี ไม่จำกัด และมีความปลอดภัยสูง",,,"29
173",2,true
20,https://createmy-qr.com/id/barcode-generator,"Generator Barcode Online Gratis - Membuat Barcode 1D
Generator QR Code Gratis Online - CreateMy-QR (No Signup) | CreateMy-QR
Free Barcode Generator",text/html; charset=utf-8,false,200,0,0,"Generate barcodes instantly.
Ubah data URL / Tautan Anda menjadi QR code kustom langsung di browser. 100% diproses offline untuk privasi absolut. Gratis, tanpa batas, dan sangat aman.
Hasilkan kode batang 1D profesional secara instan. Dukungan untuk Kode-128, UPC, EAN, ITF-14, dan banyak lagi. Gratis, aman, dan siap diunduh dalam format PNG resolusi tinggi.",,,"28
154
175",3,true
20,https://createmy-qr.com/fi/barcode-generator,"Ilmainen viivakoodigeneraattori verkossa - Luo 1D-viivakoodeja
Ilmainen QR-koodigeneraattori Netissä - CreateMy-QR (No Signup) | CreateMy-QR
Free Barcode Generator",text/html; charset=utf-8,false,200,0,0,"Generate barcodes instantly.
Muunna URL / linkki-tietosi mukautetuksi QR-koodiksi suoraan selaimessasi. 100 % käsitelty offline-tilassa täydellisen yksityisyyden takaamiseksi. Ilmainen, ei rajoituksia ja erittäin turvallinen.
Luo ammattimaisia ​​1D-viivakoodeja välittömästi. Tuki Code-128:lle, UPC:lle, EAN:lle, ITF-14:lle ja muille. Ilmainen, turvallinen ja valmis ladattavaksi korkearesoluutioisena PNG-muodossa.",,,"28
196
189",3,true
20,https://createmy-qr.com/uk/about,"Безкоштовний Генератор QR-кодів Онлайн - CreateMy-QR (No Signup) | Про нас
Безкоштовний Генератор QR-кодів Онлайн - CreateMy-QR (No Signup) | CreateMy-QR
About CreateMy-QR",text/html; charset=utf-8,false,200,0,0,"Learn more about CreateMy-QR.
Перетворіть свої дані URL / Посилання на власний QR-код безпосередньо у своєму браузері. 100% обробка офлайн для повної конфіденційності. Безкоштовно, без обмежень і дуже безпечно.",,,"29
180",2,true
20,https://createmy-qr.com/de/barcode-generator,"Kostenloser Online-Barcode-Generator – Erstellen Sie 1D-Barcodes
Kostenloser QR-Code Generator Online - CreateMy-QR (No Signup) | CreateMy-QR
Free Barcode Generator",text/html; charset=utf-8,false,200,0,0,"Generate barcodes instantly.
Wandeln Sie Ihre URL/Link-Daten direkt in Ihrem Browser in einen benutzerdefinierten QR-Code um. 100 % offline verarbeitet für absolute Privatsphäre. Kostenlos, ohne Grenzen und äußerst sicher.
Generieren Sie sofort professionelle 1D-Barcodes. Unterstützung für Code-128, UPC, EAN, ITF-14 und mehr. Kostenlos, sicher und bereit zum Download in hochauflösendem PNG.",,,"28
193
170",3,true
20,https://createmy-qr.com/fr/privacy,"Générateur de Code QR Gratuit en Ligne - CreateMy-QR (No Signup) | Politique de confidentialité
Générateur de Code QR Gratuit en Ligne - CreateMy-QR (No Signup) | CreateMy-QR
Privacy Policy - CreateMy-QR",text/html; charset=utf-8,false,200,0,0,"Read our privacy policy.
Convertissez vos données URL/Lien en un code QR personnalisé directement dans votre navigateur. 100 % traité hors ligne pour une confidentialité absolue. Gratuit, sans limites et hautement sécurisé.",,,"24
198",2,true
20,https://createmy-qr.com/ja/email-qr-code-for-newsletter-signup,"ニュースレター登録用の電子メール QR コード | CreateMy-QR
ニュースレター登録用の電子メール QR コード | CreateMy-QR",text/html; charset=utf-8,false,200,0,0,"物理的な場所からメール リストを増やします。メーリング リストへの購読リクエストを事前に入力する電子メール QR コードを生成します。
物理的な場所からメール リストを増やします。メーリング リストへの購読リクエストを事前に入力する電子メール QR コードを生成します。",,,"67
67",2,true
20,https://createmy-qr.com/id/scan-qr,"Pemindai Kode QR Online Gratis - Pindai QR Seketika
Generator QR Code Gratis Online - CreateMy-QR (No Signup) | CreateMy-QR
Scan QR Code Online",text/html; charset=utf-8,false,200,0,0,"Scan QR codes directly from your browser.
Ubah data URL / Tautan Anda menjadi QR code kustom langsung di browser. 100% diproses offline untuk privasi absolut. Gratis, tanpa batas, dan sangat aman.
Pindai kode QR secara instan menggunakan kamera Anda atau dengan mengunggah gambar. Pemrosesan 100% aman, pribadi, dan sisi klien.",,,"41
154
130",3,true
20,https://createmy-qr.com/ms/terms,"Penjana Kod QR Percuma Dalam Talian - CreateMy-QR (No Signup) | Syarat Perkhidmatan
Penjana Kod QR Percuma Dalam Talian - CreateMy-QR (No Signup) | CreateMy-QR
Terms of Service - CreateMy-QR",text/html; charset=utf-8,false,200,0,0,"Read our terms of service.
Tukar data URL / Pautan anda kepada kod QR tersuai terus dalam penyemak imbas anda. 100% diproses di luar talian untuk privasi mutlak. Percuma, tiada had dan sangat selamat.",,,"26
173",2,true
20,https://createmy-qr.com/nl/about,"Gratis QR Code Generator Online - CreateMy-QR (No Signup) | Over ons
Gratis QR Code Generator Online - CreateMy-QR (No Signup) | CreateMy-QR
About CreateMy-QR",text/html; charset=utf-8,false,200,0,0,"Learn more about CreateMy-QR.
Converteer uw URL/link-gegevens rechtstreeks in uw browser naar een aangepaste QR-code. 100% offline verwerkt voor absolute privacy. Gratis, geen grenzen en zeer veilig.",,,"29
169",2,true
20,https://createmy-qr.com/es/terms,"Generador de Códigos QR Gratis Online - CreateMy-QR (No Signup) | Términos de servicio
Generador de Códigos QR Gratis Online - CreateMy-QR (No Signup) | CreateMy-QR
Terms of Service - CreateMy-QR",text/html; charset=utf-8,false,200,0,0,"Read our terms of service.
Convierta sus datos de URL/Enlace en un código QR personalizado directamente en su navegador. 100% procesado fuera de línea para absoluta privacidad. Gratis, sin límites y muy seguro.",,,"26
183",2,true
20,https://createmy-qr.com/uk/privacy,"Безкоштовний Генератор QR-кодів Онлайн - CreateMy-QR (No Signup) | Політика конфіденційності
Безкоштовний Генератор QR-кодів Онлайн - CreateMy-QR (No Signup) | CreateMy-QR
Privacy Policy - CreateMy-QR",text/html; charset=utf-8,false,200,0,0,"Read our privacy policy.
Перетворіть свої дані URL / Посилання на власний QR-код безпосередньо у своєму браузері. 100% обробка офлайн для повної конфіденційності. Безкоштовно, без обмежень і дуже безпечно.",,,"24
180",2,true
20,https://createmy-qr.com/fi/compare,"Ilmainen QR-koodigeneraattori Netissä - CreateMy-QR (No Signup) | Vertaa työkaluja
Ilmainen QR-koodigeneraattori Netissä - CreateMy-QR (No Signup) | CreateMy-QR
Compare Plans - CreateMy-QR",text/html; charset=utf-8,false,200,0,0,"Compare our free features.
Muunna URL / linkki-tietosi mukautetuksi QR-koodiksi suoraan selaimessasi. 100 % käsitelty offline-tilassa täydellisen yksityisyyden takaamiseksi. Ilmainen, ei rajoituksia ja erittäin turvallinen.",,,"26
196",2,true
20,https://createmy-qr.com/tr/scan-qr,"Ücretsiz Çevrimiçi QR Kod Tarayıcı - QR'yi Anında Tarayın
Ücretsiz Çevrimiçi QR Kod Oluşturucu - CreateMy-QR (No Signup) | CreateMy-QR
Scan QR Code Online",text/html; charset=utf-8,false,200,0,0,"Scan QR codes directly from your browser.
URL / Bağlantı verilerinizi doğrudan tarayıcınızda özel bir QR koduna dönüştürün. Mutlak gizlilik için %100 çevrimdışı işlenir. Ücretsiz, sınırsız ve son derece güvenli.
Kameranızı kullanarak veya bir resim yükleyerek QR kodlarını anında tarayın. %100 güvenli, özel ve istemci tarafında işleme.",,,"41
169
124",3,true
20,https://createmy-qr.com/zh/vcard-qr-code-for-real-estate-agents,"房地产经纪人 vCard 二维码 | CreateMy-QR
房地产经纪人 vCard 二维码 | CreateMy-QR",text/html; charset=utf-8,false,200,0,0,"永远不会再失去领先优势。为您的房地产名片和开放参观手册创建数字 vCard 二维码。
永远不会再失去领先优势。为您的房地产名片和开放参观手册创建数字 vCard 二维码。",,,"42
42",2,true
20,https://createmy-qr.com/it/scan-barcode,"Scanner di codici a barre online gratuito: scansiona UPC e EAN
Generatore di Codici QR Gratis Online - CreateMy-QR (No Signup) | CreateMy-QR
Scan Barcode Online",text/html; charset=utf-8,false,200,0,0,"Scan Barcodes directly from your browser.
Converti i tuoi dati URL/collegamento in un codice QR personalizzato direttamente nel tuo browser. Elaborato offline al 100% per una privacy assoluta. Gratuito, senza limiti e altamente sicuro.
Scansiona i codici a barre online gratuitamente utilizzando la fotocamera del tuo dispositivo o carica un'immagine.Supporta UPC, EAN, Codice 128 e altro.100% privato e sicuro.",,,"41
193
175",3,true
20,https://createmy-qr.com/el/about,"Δωρεάν Δημιουργία QR Code Online - CreateMy-QR (No Signup) | Σχετικά με εμάς
Δωρεάν Δημιουργία QR Code Online - CreateMy-QR (No Signup) | CreateMy-QR
About CreateMy-QR",text/html; charset=utf-8,false,200,0,0,"Learn more about CreateMy-QR.
Μετατρέψτε τα δεδομένα σας URL / Σύνδεσμος σε προσαρμοσμένο κωδικό QR απευθείας στο πρόγραμμα περιήγησής σας. 100% επεξεργασία εκτός σύνδεσης για απόλυτη προστασία της ιδιωτικής ζωής. Δωρεάν, χωρίς όρια και εξαιρετικά ασφαλές.",,,"29
226",2,true
20,https://createmy-qr.com/th/scan-qr,"เครื่องสแกนรหัส QR ออนไลน์ฟรี - สแกน QR ทันที
เครื่องมือสร้างคิวอาร์โค้ดออนไลน์ฟรี - CreateMy-QR (No Signup) | CreateMy-QR
Scan QR Code Online",text/html; charset=utf-8,false,200,0,0,"Scan QR codes directly from your browser.
แปลงข้อมูล URL / ลิงค์ ของคุณให้เป็นโค้ด QR ที่กำหนดเองได้โดยตรงในเบราว์เซอร์ของคุณ ประมวลผลแบบออฟไลน์ 100% เพื่อความเป็นส่วนตัวอย่างแท้จริง ฟรี ไม่จำกัด และมีความปลอดภัยสูง
สแกนรหัส QR ทันทีโดยใช้กล้องของคุณหรือโดยการอัพโหลดภาพ ปลอดภัย 100% เป็นส่วนตัว และประมวลผลฝั่งไคลเอ็นต์",,,"41
173
104",3,true
20,https://createmy-qr.com/ko/vcard-qr-code-for-real-estate-agents,"부동산 중개인을 위한 vCard QR 코드 | CreateMy-QR
부동산 중개인을 위한 vCard QR 코드 | CreateMy-QR",text/html; charset=utf-8,false,200,0,0,"다시는 선두를 잃지 마십시오. 부동산 명함 및 오픈 하우스 브로셔용 디지털 vCard QR 코드를 만드세요.
다시는 선두를 잃지 마십시오. 부동산 명함 및 오픈 하우스 브로셔용 디지털 vCard QR 코드를 만드세요.",,,"60
60",2,true
20,https://createmy-qr.com/th/scan-barcode,"เครื่องสแกนบาร์โค้ดออนไลน์ฟรี - สแกน UPC และ EAN
เครื่องมือสร้างคิวอาร์โค้ดออนไลน์ฟรี - CreateMy-QR (No Signup) | CreateMy-QR
Scan Barcode Online",text/html; charset=utf-8,false,200,0,0,"Scan Barcodes directly from your browser.
แปลงข้อมูล URL / ลิงค์ ของคุณให้เป็นโค้ด QR ที่กำหนดเองได้โดยตรงในเบราว์เซอร์ของคุณ ประมวลผลแบบออฟไลน์ 100% เพื่อความเป็นส่วนตัวอย่างแท้จริง ฟรี ไม่จำกัด และมีความปลอดภัยสูง
สแกนบาร์โค้ดออนไลน์ได้ฟรีโดยใช้กล้องของอุปกรณ์หรืออัปโหลดภาพรองรับ UPC, EAN, รหัส 128 และอื่นๆเป็นส่วนตัวและปลอดภัย 100%",,,"41
173
120",3,true
20,https://createmy-qr.com/zh/paypal-qr-code-for-donations,"用于非营利组织和捐赠的 PayPal 二维码 | CreateMy-QR
用于非营利组织和捐赠的 PayPal 二维码 | CreateMy-QR",text/html; charset=utf-8,false,200,0,0,"让筹款变得顺畅。生成 PayPal 二维码以接受慈善活动、教堂服务或社区聚会的即时捐款。
让筹款变得顺畅。生成 PayPal 二维码以接受慈善活动、教堂服务或社区聚会的即时捐款。",,,"44
44",2,true
20,https://createmy-qr.com/ms/barcode-generator,"Penjana Kod Bar Percuma Dalam Talian - Cipta Kod Bar 1D
Penjana Kod QR Percuma Dalam Talian - CreateMy-QR (No Signup) | CreateMy-QR
Free Barcode Generator",text/html; charset=utf-8,false,200,0,0,"Generate barcodes instantly.
Tukar data URL / Pautan anda kepada kod QR tersuai terus dalam penyemak imbas anda. 100% diproses di luar talian untuk privasi mutlak. Percuma, tiada had dan sangat selamat.
Hasilkan kod bar 1D profesional serta-merta. Sokongan untuk Kod-128, UPC, EAN, ITF-14 dan banyak lagi. Percuma, selamat dan sedia untuk dimuat turun dalam PNG resolusi tinggi.",,,"28
173
175",3,true
20,https://createmy-qr.com/de/terms,"Kostenloser QR-Code Generator Online - CreateMy-QR (No Signup) | Nutzungsbedingungen
Kostenloser QR-Code Generator Online - CreateMy-QR (No Signup) | CreateMy-QR
Terms of Service - CreateMy-QR",text/html; charset=utf-8,false,200,0,0,"Read our terms of service.
Wandeln Sie Ihre URL/Link-Daten direkt in Ihrem Browser in einen benutzerdefinierten QR-Code um. 100 % offline verarbeitet für absolute Privatsphäre. Kostenlos, ohne Grenzen und äußerst sicher.",,,"26
193",2,true
20,https://createmy-qr.com/ro/scan-qr,"Scaner online gratuit de coduri QR - Scanează QR instantaneu
Generator de Coduri QR Gratuit Online - CreateMy-QR (No Signup) | CreateMy-QR
Scan QR Code Online",text/html; charset=utf-8,false,200,0,0,"Scan QR codes directly from your browser.
Transformați datele dvs. URL / Link într-un cod QR personalizat direct în browser. Procesat 100% offline pentru confidențialitate absolută. Gratuit, fără limite și foarte sigur.
Scanează instantaneu codurile QR folosind camera foto sau încărcând o imagine. Procesare 100% sigură, privată și la nivelul clientului.",,,"41
177
135",3,true
20,https://createmy-qr.com/ro/barcode-generator,"Generator online gratuit de coduri de bare - Creați coduri de bare 1D
Generator de Coduri QR Gratuit Online - CreateMy-QR (No Signup) | CreateMy-QR
Free Barcode Generator",text/html; charset=utf-8,false,200,0,0,"Generate barcodes instantly.
Transformați datele dvs. URL / Link într-un cod QR personalizat direct în browser. Procesat 100% offline pentru confidențialitate absolută. Gratuit, fără limite și foarte sigur.
Generați instantaneu coduri de bare profesionale 1D. Suport pentru Code-128, UPC, EAN, ITF-14 și multe altele. Gratuit, sigur și gata de descărcat în PNG de înaltă rezoluție.",,,"28
177
174",3,true
20,https://createmy-qr.com/ms/privacy,"Penjana Kod QR Percuma Dalam Talian - CreateMy-QR (No Signup) | Dasar Privasi
Penjana Kod QR Percuma Dalam Talian - CreateMy-QR (No Signup) | CreateMy-QR
Privacy Policy - CreateMy-QR",text/html; charset=utf-8,false,200,0,0,"Read our privacy policy.
Tukar data URL / Pautan anda kepada kod QR tersuai terus dalam penyemak imbas anda. 100% diproses di luar talian untuk privasi mutlak. Percuma, tiada had dan sangat selamat.",,,"24
173",2,true
20,https://createmy-qr.com/ja/compare,"無料QRコード作成・ジェネレーター - CreateMy-QR (No Signup) | 比較ツール
無料QRコード作成・ジェネレーター - CreateMy-QR (No Signup) | CreateMy-QR
Compare Plans - CreateMy-QR",text/html; charset=utf-8,false,200,0,0,"Compare our free features.
ブラウザで直接、URL / リンク データをカスタム QR コードに変換します。完全なプライバシーを確​​保するために 100% オフラインで処理されます。無料、制限なし、そして非常に安全です。",,,"26
97",2,true
20,https://createmy-qr.com/es/barcode-generator,"Generador de códigos de barras gratuito en línea: cree códigos de barras 1D
Generador de Códigos QR Gratis Online - CreateMy-QR (No Signup) | CreateMy-QR
Free Barcode Generator",text/html; charset=utf-8,false,200,0,0,"Generate barcodes instantly.
Convierta sus datos de URL/Enlace en un código QR personalizado directamente en su navegador. 100% procesado fuera de línea para absoluta privacidad. Gratis, sin límites y muy seguro.
Genere códigos de barras 1D profesionales al instante. Soporte para Code-128, UPC, EAN, ITF-14 y más. Gratis, seguro y listo para descargar en PNG de alta resolución.",,,"28
183
166",3,true
20,https://createmy-qr.com/ko/terms,"무료 온라인 QR 코드 생성기 - CreateMy-QR (No Signup) | 서비스 약관
무료 온라인 QR 코드 생성기 - CreateMy-QR (No Signup) | CreateMy-QR
Terms of Service - CreateMy-QR",text/html; charset=utf-8,false,200,0,0,"Read our terms of service.
브라우저에서 직접 URL / 링크 데이터를 맞춤 QR 코드로 변환하세요. 절대적인 개인정보 보호를 위해 100% 오프라인으로 처리됩니다. 무료이며 제한이 없으며 매우 안전합니다.",,,"26
99",2,true
20,https://createmy-qr.com/zh/scan-qr,"免费在线二维码扫描仪 - 立即扫描二维码
免费在线二维码生成器 - CreateMy-QR (No Signup) | CreateMy-QR
Scan QR Code Online",text/html; charset=utf-8,false,200,0,0,"Scan QR codes directly from your browser.
直接在浏览器中将您的 网址/链接 数据转换为自定义二维码。 100% 离线处理，绝对隐私。免费、无限制且高度安全。
使用相机或上传图像立即扫描二维码。 100% 安全、私密的客户端处理。",,,"41
57
35",3,true
20,https://createmy-qr.com/da/terms,"Gratis QR Kode Generator Online - CreateMy-QR (No Signup) | Servicevilkår
Gratis QR Kode Generator Online - CreateMy-QR (No Signup) | CreateMy-QR
Terms of Service - CreateMy-QR",text/html; charset=utf-8,false,200,0,0,"Read our terms of service.
Konverter dine URL / Link-data til en tilpasset QR-kode direkte i din browser. 100 % behandlet offline for absolut privatliv. Gratis, ingen grænser og meget sikker.",,,"26
164",2,true
20,https://createmy-qr.com/fi/scan-qr,"Ilmainen QR-koodinlukija verkossa - Skannaa QR-koodi heti
Ilmainen QR-koodigeneraattori Netissä - CreateMy-QR (No Signup) | CreateMy-QR
Scan QR Code Online",text/html; charset=utf-8,false,200,0,0,"Scan QR codes directly from your browser.
Muunna URL / linkki-tietosi mukautetuksi QR-koodiksi suoraan selaimessasi. 100 % käsitelty offline-tilassa täydellisen yksityisyyden takaamiseksi. Ilmainen, ei rajoituksia ja erittäin turvallinen.
Skannaa QR-koodit välittömästi kamerallasi tai lataamalla kuva. 100 % turvallinen, yksityinen ja asiakaspuolen käsittely.",,,"41
196
121",3,true
20,https://createmy-qr.com/th/privacy,"เครื่องมือสร้างคิวอาร์โค้ดออนไลน์ฟรี - CreateMy-QR (No Signup) | นโยบายความเป็นส่วนตัว
เครื่องมือสร้างคิวอาร์โค้ดออนไลน์ฟรี - CreateMy-QR (No Signup) | CreateMy-QR
Privacy Policy - CreateMy-QR",text/html; charset=utf-8,false,200,0,0,"Read our privacy policy.
แปลงข้อมูล URL / ลิงค์ ของคุณให้เป็นโค้ด QR ที่กำหนดเองได้โดยตรงในเบราว์เซอร์ของคุณ ประมวลผลแบบออฟไลน์ 100% เพื่อความเป็นส่วนตัวอย่างแท้จริง ฟรี ไม่จำกัด และมีความปลอดภัยสูง",,,"24
173",2,true
20,https://createmy-qr.com/ar/about,"مولد رمز الاستجابة السريعة مجاني - CreateMy-QR (No Signup) | من نحن
مولد رمز الاستجابة السريعة مجاني - CreateMy-QR (No Signup) | CreateMy-QR
About CreateMy-QR",text/html; charset=utf-8,false,200,0,0,"Learn more about CreateMy-QR.
قم بتحويل بيانات عنوان URL / الرابط الخاصة بك إلى رمز QR مخصص مباشرةً في متصفحك. تمت معالجتها بنسبة 100% دون الاتصال بالإنترنت لتوفير الخصوصية المطلقة. مجاني، بلا حدود، وآمن للغاية.",,,"29
181",2,true
20,https://createmy-qr.com/el/compare,"Δωρεάν Δημιουργία QR Code Online - CreateMy-QR (No Signup) | Εργαλεία σύγκρισης
Δωρεάν Δημιουργία QR Code Online - CreateMy-QR (No Signup) | CreateMy-QR
Compare Plans - CreateMy-QR",text/html; charset=utf-8,false,200,0,0,"Compare our free features.
Μετατρέψτε τα δεδομένα σας URL / Σύνδεσμος σε προσαρμοσμένο κωδικό QR απευθείας στο πρόγραμμα περιήγησής σας. 100% επεξεργασία εκτός σύνδεσης για απόλυτη προστασία της ιδιωτικής ζωής. Δωρεάν, χωρίς όρια και εξαιρετικά ασφαλές.",,,"26
226",2,true
20,https://createmy-qr.com/no/compare,"Gratis QR-kode Generator Online - CreateMy-QR (No Signup) | Sammenlign verktøy
Gratis QR-kode Generator Online - CreateMy-QR (No Signup) | CreateMy-QR
Compare Plans - CreateMy-QR",text/html; charset=utf-8,false,200,0,0,"Compare our free features.
Konverter URL / Link-dataene dine til en tilpasset QR-kode direkte i nettleseren din. 100 % behandlet offline for absolutt personvern. Gratis, ingen grenser og svært sikker.",,,"26
173",2,true
20,https://createmy-qr.com/no/about,"Gratis QR-kode Generator Online - CreateMy-QR (No Signup) | Om oss
Gratis QR-kode Generator Online - CreateMy-QR (No Signup) | CreateMy-QR
About CreateMy-QR",text/html; charset=utf-8,false,200,0,0,"Learn more about CreateMy-QR.
Konverter URL / Link-dataene dine til en tilpasset QR-kode direkte i nettleseren din. 100 % behandlet offline for absolutt personvern. Gratis, ingen grenser og svært sikker.",,,"29
173",2,true
20,https://createmy-qr.com/hi/compare,"मुफ़्त ऑनलाइन क्यूआर कोड जनरेटर - CreateMy-QR (No Signup) | टूल्स की तुलना करें
मुफ़्त ऑनलाइन क्यूआर कोड जनरेटर - CreateMy-QR (No Signup) | CreateMy-QR
Compare Plans - CreateMy-QR",text/html; charset=utf-8,false,200,0,0,"Compare our free features.
अपने यूआरएल/लिंक डेटा को सीधे अपने ब्राउज़र में एक कस्टम क्यूआर कोड में बदलें। पूर्ण गोपनीयता के लिए 100% ऑफ़लाइन संसाधित। निःशुल्क, कोई सीमा नहीं, और अत्यधिक सुरक्षित।",,,"26
168",2,true
20,https://createmy-qr.com/cs/about,"Zdarma Online Generátor QR Kódů - CreateMy-QR (No Signup) | O nás
Zdarma Online Generátor QR Kódů - CreateMy-QR (No Signup) | CreateMy-QR
About CreateMy-QR",text/html; charset=utf-8,false,200,0,0,"Learn more about CreateMy-QR.
Převeďte svá data URL / odkaz na vlastní QR kód přímo ve vašem prohlížeči. 100% zpracováno offline pro absolutní soukromí. Zdarma, bez omezení a vysoce bezpečné.",,,"29
161",2,true
20,https://createmy-qr.com/ko/privacy,"무료 온라인 QR 코드 생성기 - CreateMy-QR (No Signup) | 개인 정보 보호 정책
무료 온라인 QR 코드 생성기 - CreateMy-QR (No Signup) | CreateMy-QR
Privacy Policy - CreateMy-QR",text/html; charset=utf-8,false,200,0,0,"Read our privacy policy.
브라우저에서 직접 URL / 링크 데이터를 맞춤 QR 코드로 변환하세요. 절대적인 개인정보 보호를 위해 100% 오프라인으로 처리됩니다. 무료이며 제한이 없으며 매우 안전합니다.",,,"24
99",2,true
20,https://createmy-qr.com/vi/compare,"Tạo Mã QR Miễn Phí Trực Tuyến - CreateMy-QR (No Signup) | Công cụ so sánh
Tạo Mã QR Miễn Phí Trực Tuyến - CreateMy-QR (No Signup) | CreateMy-QR
Compare Plans - CreateMy-QR",text/html; charset=utf-8,false,200,0,0,"Compare our free features.
Chuyển đổi dữ liệu URL / Liên kết của bạn thành mã QR tùy chỉnh trực tiếp trong trình duyệt của bạn. 100% được xử lý ngoại tuyến để đảm bảo quyền riêng tư tuyệt đối. Miễn phí, không giới hạn và có tính bảo mật cao.",,,"26
214",2,true
20,https://createmy-qr.com/uk/scan-barcode,"Безкоштовний онлайн-сканер штрих-кодів - сканування UPC і EAN
Безкоштовний Генератор QR-кодів Онлайн - CreateMy-QR (No Signup) | CreateMy-QR
Scan Barcode Online",text/html; charset=utf-8,false,200,0,0,"Scan Barcodes directly from your browser.
Перетворіть свої дані URL / Посилання на власний QR-код безпосередньо у своєму браузері. 100% обробка офлайн для повної конфіденційності. Безкоштовно, без обмежень і дуже безпечно.
Скануйте штрих-коди онлайн безкоштовно за допомогою камери свого пристрою або завантажте зображення.Підтримує UPC, EAN, Code 128 тощо.100% конфіденційність і безпека.",,,"41
180
166",3,true
20,https://createmy-qr.com/zh/compare,"免费在线二维码生成器 - CreateMy-QR (No Signup) | 比较工具
免费在线二维码生成器 - CreateMy-QR (No Signup) | CreateMy-QR
Compare Plans - CreateMy-QR",text/html; charset=utf-8,false,200,0,0,"Compare our free features.
直接在浏览器中将您的 网址/链接 数据转换为自定义二维码。 100% 离线处理，绝对隐私。免费、无限制且高度安全。",,,"26
57",2,true
20,https://createmy-qr.com/hu/terms,"Ingyenes Online QR-kód Generátor - CreateMy-QR (No Signup) | Szolgáltatási feltételek
Ingyenes Online QR-kód Generátor - CreateMy-QR (No Signup) | CreateMy-QR
Terms of Service - CreateMy-QR",text/html; charset=utf-8,false,200,0,0,"Read our terms of service.
Alakítsa át URL adatait egyéni QR-kóddá közvetlenül a böngészőjében. 100%-ban offline feldolgozva az abszolút adatvédelem érdekében. Ingyenes, korlátok nélkül és rendkívül biztonságos.",,,"26
184",2,true
20,https://createmy-qr.com/zh/email-qr-code-for-newsletter-signup,"通过电子邮件发送 QR 码以进行新闻通讯注册 | CreateMy-QR
通过电子邮件发送 QR 码以进行新闻通讯注册 | CreateMy-QR",text/html; charset=utf-8,false,200,0,0,"从实际位置增加您的电子邮件列表。生成电子邮件二维码，将订阅请求预先填写到您的邮件列表中。
从实际位置增加您的电子邮件列表。生成电子邮件二维码，将订阅请求预先填写到您的邮件列表中。",,,"44
44",2,true
20,https://createmy-qr.com/vi/scan-barcode,"Máy quét mã vạch trực tuyến miễn phí - Quét UPC & EAN
Tạo Mã QR Miễn Phí Trực Tuyến - CreateMy-QR (No Signup) | CreateMy-QR
Scan Barcode Online",text/html; charset=utf-8,false,200,0,0,"Scan Barcodes directly from your browser.
Chuyển đổi dữ liệu URL / Liên kết của bạn thành mã QR tùy chỉnh trực tiếp trong trình duyệt của bạn. 100% được xử lý ngoại tuyến để đảm bảo quyền riêng tư tuyệt đối. Miễn phí, không giới hạn và có tính bảo mật cao.
Quét mã vạch trực tuyến miễn phí bằng máy ảnh của thiết bị hoặc tải hình ảnh lên.Hỗ trợ UPC, EAN, Mã 128 và hơn thế nữa.100% riêng tư và an toàn.",,,"41
214
145",3,true
20,https://createmy-qr.com/ja/terms,"無料QRコード作成・ジェネレーター - CreateMy-QR (No Signup) | 利用規約
無料QRコード作成・ジェネレーター - CreateMy-QR (No Signup) | CreateMy-QR
Terms of Service - CreateMy-QR",text/html; charset=utf-8,false,200,0,0,"Read our terms of service.
ブラウザで直接、URL / リンク データをカスタム QR コードに変換します。完全なプライバシーを確​​保するために 100% オフラインで処理されます。無料、制限なし、そして非常に安全です。",,,"26
97",2,true
20,https://createmy-qr.com/cs/compare,"Zdarma Online Generátor QR Kódů - CreateMy-QR (No Signup) | Nástroje pro porovnání
Zdarma Online Generátor QR Kódů - CreateMy-QR (No Signup) | CreateMy-QR
Compare Plans - CreateMy-QR",text/html; charset=utf-8,false,200,0,0,"Compare our free features.
Převeďte svá data URL / odkaz na vlastní QR kód přímo ve vašem prohlížeči. 100% zpracováno offline pro absolutní soukromí. Zdarma, bez omezení a vysoce bezpečné.",,,"26
161",2,true
20,https://createmy-qr.com/ko/wifi-qr-code-for-cafe-hotel,"카페 및 호텔용 WiFi QR 코드 | CreateMy-QR
카페 및 호텔용 WiFi QR 코드 | CreateMy-QR",text/html; charset=utf-8,false,200,0,0,"손님이 비밀번호를 입력하지 않고도 즉시 Wi-Fi 네트워크에 연결할 수 있습니다. 카페나 호텔에 대한 무료 WiFi QR 코드를 생성하세요.
손님이 비밀번호를 입력하지 않고도 즉시 Wi-Fi 네트워크에 연결할 수 있습니다. 카페나 호텔에 대한 무료 WiFi QR 코드를 생성하세요.",,,"78
78",2,true
20,https://createmy-qr.com/ko/about,"무료 온라인 QR 코드 생성기 - CreateMy-QR (No Signup) | 회사 소개
무료 온라인 QR 코드 생성기 - CreateMy-QR (No Signup) | CreateMy-QR
About CreateMy-QR",text/html; charset=utf-8,false,200,0,0,"Learn more about CreateMy-QR.
브라우저에서 직접 URL / 링크 데이터를 맞춤 QR 코드로 변환하세요. 절대적인 개인정보 보호를 위해 100% 오프라인으로 처리됩니다. 무료이며 제한이 없으며 매우 안전합니다.",,,"29
99",2,true
20,https://createmy-qr.com/vi/terms,"Tạo Mã QR Miễn Phí Trực Tuyến - CreateMy-QR (No Signup) | Điều khoản dịch vụ
Tạo Mã QR Miễn Phí Trực Tuyến - CreateMy-QR (No Signup) | CreateMy-QR
Terms of Service - CreateMy-QR",text/html; charset=utf-8,false,200,0,0,"Read our terms of service.
Chuyển đổi dữ liệu URL / Liên kết của bạn thành mã QR tùy chỉnh trực tiếp trong trình duyệt của bạn. 100% được xử lý ngoại tuyến để đảm bảo quyền riêng tư tuyệt đối. Miễn phí, không giới hạn và có tính bảo mật cao.",,,"26
214",2,true
20,https://createmy-qr.com/it/about,"Generatore di Codici QR Gratis Online - CreateMy-QR (No Signup) | Chi siamo
Generatore di Codici QR Gratis Online - CreateMy-QR (No Signup) | CreateMy-QR
About CreateMy-QR",text/html; charset=utf-8,false,200,0,0,"Learn more about CreateMy-QR.
Converti i tuoi dati URL/collegamento in un codice QR personalizzato direttamente nel tuo browser. Elaborato offline al 100% per una privacy assoluta. Gratuito, senza limiti e altamente sicuro.",,,"29
193",2,true
20,https://createmy-qr.com/ru/scan-barcode,"Бесплатный онлайн-сканер штрих-кодов — сканирование UPC и EAN
Бесплатный генератор QR-кодов онлайн - CreateMy-QR (No Signup) | CreateMy-QR
Scan Barcode Online",text/html; charset=utf-8,false,200,0,0,"Scan Barcodes directly from your browser.
Преобразуйте данные URL/ссылка в собственный QR-код прямо в браузере. 100% обработка в автономном режиме для абсолютной конфиденциальности. Бесплатно, без ограничений и очень безопасно.
Сканируйте штрих-коды онлайн бесплатно с помощью камеры вашего устройства или загрузите изображение.Поддерживает UPC, EAN, код 128 и другие.100% конфиденциальность и безопасность.",,,"41
185
179",3,true
20,https://createmy-qr.com/fi/about,"Ilmainen QR-koodigeneraattori Netissä - CreateMy-QR (No Signup) | Meistä
Ilmainen QR-koodigeneraattori Netissä - CreateMy-QR (No Signup) | CreateMy-QR
About CreateMy-QR",text/html; charset=utf-8,false,200,0,0,"Learn more about CreateMy-QR.
Muunna URL / linkki-tietosi mukautetuksi QR-koodiksi suoraan selaimessasi. 100 % käsitelty offline-tilassa täydellisen yksityisyyden takaamiseksi. Ilmainen, ei rajoituksia ja erittäin turvallinen.",,,"29
196",2,true
20,https://createmy-qr.com/de/compare,"Kostenloser QR-Code Generator Online - CreateMy-QR (No Signup) | Tools vergleichen
Kostenloser QR-Code Generator Online - CreateMy-QR (No Signup) | CreateMy-QR
Compare Plans - CreateMy-QR",text/html; charset=utf-8,false,200,0,0,"Compare our free features.
Wandeln Sie Ihre URL/Link-Daten direkt in Ihrem Browser in einen benutzerdefinierten QR-Code um. 100 % offline verarbeitet für absolute Privatsphäre. Kostenlos, ohne Grenzen und äußerst sicher.",,,"26
193",2,true
20,https://createmy-qr.com/pl/terms,"Darmowy Generator Kodów QR Online - CreateMy-QR (No Signup) | Warunki świadczenia usług
Darmowy Generator Kodów QR Online - CreateMy-QR (No Signup) | CreateMy-QR
Terms of Service - CreateMy-QR",text/html; charset=utf-8,false,200,0,0,"Read our terms of service.
Konwertuj dane Adres URL / Link na niestandardowy kod QR bezpośrednio w przeglądarce. 100% przetwarzane w trybie offline, aby zapewnić całkowitą prywatność. Bezpłatnie, bez ograniczeń i bardzo bezpiecznie.",,,"26
205",2,true
20,https://createmy-qr.com/vi/privacy,"Tạo Mã QR Miễn Phí Trực Tuyến - CreateMy-QR (No Signup) | Chính sách bảo mật
Tạo Mã QR Miễn Phí Trực Tuyến - CreateMy-QR (No Signup) | CreateMy-QR
Privacy Policy - CreateMy-QR",text/html; charset=utf-8,false,200,0,0,"Read our privacy policy.
Chuyển đổi dữ liệu URL / Liên kết của bạn thành mã QR tùy chỉnh trực tiếp trong trình duyệt của bạn. 100% được xử lý ngoại tuyến để đảm bảo quyền riêng tư tuyệt đối. Miễn phí, không giới hạn và có tính bảo mật cao.",,,"24
214",2,true
20,https://createmy-qr.com/ko/paypal-qr-code-for-donations,"비영리 및 기부를 위한 PayPal QR 코드 | CreateMy-QR
비영리 및 기부를 위한 PayPal QR 코드 | CreateMy-QR",text/html; charset=utf-8,false,200,0,0,"모금 활동을 원활하게 진행하세요. 자선 행사, 교회 서비스 또는 지역 사회 모임에서 즉시 기부를 받으려면 PayPal QR 코드를 생성하세요.
모금 활동을 원활하게 진행하세요. 자선 행사, 교회 서비스 또는 지역 사회 모임에서 즉시 기부를 받으려면 PayPal QR 코드를 생성하세요.",,,"79
79",2,true
20,https://createmy-qr.com/nl/scan-barcode,"Gratis barcodescanner online - Scan UPC en EAN
Gratis QR Code Generator Online - CreateMy-QR (No Signup) | CreateMy-QR
Scan Barcode Online",text/html; charset=utf-8,false,200,0,0,"Scan Barcodes directly from your browser.
Converteer uw URL/link-gegevens rechtstreeks in uw browser naar een aangepaste QR-code. 100% offline verwerkt voor absolute privacy. Gratis, geen grenzen en zeer veilig.
Scan streepjescodes gratis online met de camera van uw apparaat of upload een afbeelding.Ondersteunt UPC, EAN, Code 128 en meer.100% privé en veilig.",,,"41
169
149",3,true
20,https://createmy-qr.com/vi/barcode-generator,"Trình tạo mã vạch trực tuyến miễn phí - Tạo mã vạch 1D
Tạo Mã QR Miễn Phí Trực Tuyến - CreateMy-QR (No Signup) | CreateMy-QR
Free Barcode Generator",text/html; charset=utf-8,false,200,0,0,"Generate barcodes instantly.
Chuyển đổi dữ liệu URL / Liên kết của bạn thành mã QR tùy chỉnh trực tiếp trong trình duyệt của bạn. 100% được xử lý ngoại tuyến để đảm bảo quyền riêng tư tuyệt đối. Miễn phí, không giới hạn và có tính bảo mật cao.
Tạo mã vạch 1D chuyên nghiệp ngay lập tức. Hỗ trợ Code-128, UPC, EAN, ITF-14, v.v. Miễn phí, an toàn và sẵn sàng tải xuống ở định dạng PNG có độ phân giải cao.",,,"28
214
159",3,true
20,https://createmy-qr.com/zh/privacy,"免费在线二维码生成器 - CreateMy-QR (No Signup) | 隐私政策
免费在线二维码生成器 - CreateMy-QR (No Signup) | CreateMy-QR
Privacy Policy - CreateMy-QR",text/html; charset=utf-8,false,200,0,0,"Read our privacy policy.
直接在浏览器中将您的 网址/链接 数据转换为自定义二维码。 100% 离线处理，绝对隐私。免费、无限制且高度安全。",,,"24
57",2,true
20,https://createmy-qr.com/vi/about,"Tạo Mã QR Miễn Phí Trực Tuyến - CreateMy-QR (No Signup) | Về chúng tôi
Tạo Mã QR Miễn Phí Trực Tuyến - CreateMy-QR (No Signup) | CreateMy-QR
About CreateMy-QR",text/html; charset=utf-8,false,200,0,0,"Learn more about CreateMy-QR.
Chuyển đổi dữ liệu URL / Liên kết của bạn thành mã QR tùy chỉnh trực tiếp trong trình duyệt của bạn. 100% được xử lý ngoại tuyến để đảm bảo quyền riêng tư tuyệt đối. Miễn phí, không giới hạn và có tính bảo mật cao.",,,"29
214",2,true
20,https://createmy-qr.com/sv/barcode-generator,"Gratis streckkodsgenerator online - Skapa 1D streckkoder
Gratis QR-kod Generator Online - CreateMy-QR (No Signup) | CreateMy-QR
Free Barcode Generator",text/html; charset=utf-8,false,200,0,0,"Generate barcodes instantly.
Konvertera dina URL/länk-data till en anpassad QR-kod direkt i din webbläsare. 100 % bearbetad offline för absolut integritet. Gratis, inga gränser och mycket säker.
Generera professionella 1D-streckkoder direkt. Stöd för Code-128, UPC, EAN, ITF-14 och mer. Gratis, säker och redo att laddas ner i högupplöst PNG.",,,"28
165
147",3,true
20,https://createmy-qr.com/da/about,"Gratis QR Kode Generator Online - CreateMy-QR (No Signup) | Om os
Gratis QR Kode Generator Online - CreateMy-QR (No Signup) | CreateMy-QR
About CreateMy-QR",text/html; charset=utf-8,false,200,0,0,"Learn more about CreateMy-QR.
Konverter dine URL / Link-data til en tilpasset QR-kode direkte i din browser. 100 % behandlet offline for absolut privatliv. Gratis, ingen grænser og meget sikker.",,,"29
164",2,true
20,https://createmy-qr.com/hi/scan-qr,"निःशुल्क क्यूआर कोड स्कैनर ऑनलाइन - तुरंत क्यूआर स्कैन करें
मुफ़्त ऑनलाइन क्यूआर कोड जनरेटर - CreateMy-QR (No Signup) | CreateMy-QR
Scan QR Code Online",text/html; charset=utf-8,false,200,0,0,"Scan QR codes directly from your browser.
अपने यूआरएल/लिंक डेटा को सीधे अपने ब्राउज़र में एक कस्टम क्यूआर कोड में बदलें। पूर्ण गोपनीयता के लिए 100% ऑफ़लाइन संसाधित। निःशुल्क, कोई सीमा नहीं, और अत्यधिक सुरक्षित।
अपने कैमरे का उपयोग करके या छवि अपलोड करके तुरंत क्यूआर कोड स्कैन करें। 100% सुरक्षित, निजी और क्लाइंट-साइड प्रोसेसिंग।",,,"41
168
119",3,true
20,https://createmy-qr.com/id/terms,"Generator QR Code Gratis Online - CreateMy-QR (No Signup) | Ketentuan Layanan
Generator QR Code Gratis Online - CreateMy-QR (No Signup) | CreateMy-QR
Terms of Service - CreateMy-QR",text/html; charset=utf-8,false,200,0,0,"Read our terms of service.
Ubah data URL / Tautan Anda menjadi QR code kustom langsung di browser. 100% diproses offline untuk privasi absolut. Gratis, tanpa batas, dan sangat aman.",,,"26
154",2,true
20,https://createmy-qr.com/cs/terms,"Zdarma Online Generátor QR Kódů - CreateMy-QR (No Signup) | Podmínky služby
Zdarma Online Generátor QR Kódů - CreateMy-QR (No Signup) | CreateMy-QR
Terms of Service - CreateMy-QR",text/html; charset=utf-8,false,200,0,0,"Read our terms of service.
Převeďte svá data URL / odkaz na vlastní QR kód přímo ve vašem prohlížeči. 100% zpracováno offline pro absolutní soukromí. Zdarma, bez omezení a vysoce bezpečné.",,,"26
161",2,true
20,https://createmy-qr.com/ar/scan-qr,"ماسح رمز QR المجاني عبر الإنترنت - مسح QR على الفور
مولد رمز الاستجابة السريعة مجاني - CreateMy-QR (No Signup) | CreateMy-QR
Scan QR Code Online",text/html; charset=utf-8,false,200,0,0,"Scan QR codes directly from your browser.
قم بتحويل بيانات عنوان URL / الرابط الخاصة بك إلى رمز QR مخصص مباشرةً في متصفحك. تمت معالجتها بنسبة 100% دون الاتصال بالإنترنت لتوفير الخصوصية المطلقة. مجاني، بلا حدود، وآمن للغاية.
قم بمسح رموز QR على الفور باستخدام الكاميرا أو عن طريق تحميل صورة. معالجة آمنة وخاصة من جانب العميل بنسبة 100%.",,,"41
181
111",3,true
20,https://createmy-qr.com/hu/about,"Ingyenes Online QR-kód Generátor - CreateMy-QR (No Signup) | Rólunk
Ingyenes Online QR-kód Generátor - CreateMy-QR (No Signup) | CreateMy-QR
About CreateMy-QR",text/html; charset=utf-8,false,200,0,0,"Learn more about CreateMy-QR.
Alakítsa át URL adatait egyéni QR-kóddá közvetlenül a böngészőjében. 100%-ban offline feldolgozva az abszolút adatvédelem érdekében. Ingyenes, korlátok nélkül és rendkívül biztonságos.",,,"29
184",2,true
20,https://createmy-qr.com/ro/about,"Generator de Coduri QR Gratuit Online - CreateMy-QR (No Signup) | Despre noi
Generator de Coduri QR Gratuit Online - CreateMy-QR (No Signup) | CreateMy-QR
About CreateMy-QR",text/html; charset=utf-8,false,200,0,0,"Learn more about CreateMy-QR.
Transformați datele dvs. URL / Link într-un cod QR personalizat direct în browser. Procesat 100% offline pentru confidențialitate absolută. Gratuit, fără limite și foarte sigur.",,,"29
177",2,true
20,https://createmy-qr.com/ko/google-review-qr-code-for-local-business,"Google은 지역 비즈니스를 위한 QR 코드를 검토합니다. | CreateMy-QR
Google은 지역 비즈니스를 위한 QR 코드를 검토합니다. | CreateMy-QR",text/html; charset=utf-8,false,200,0,0,"고객이 쉽게 별 5개 평점을 남길 수 있도록 하여 지역 SEO를 급상승시키세요. 무료 Google 리뷰 QR 코드를 만드세요.
고객이 쉽게 별 5개 평점을 남길 수 있도록 하여 지역 SEO를 급상승시키세요. 무료 Google 리뷰 QR 코드를 만드세요.",,,"70
70",2,true
20,https://createmy-qr.com/th/terms,"เครื่องมือสร้างคิวอาร์โค้ดออนไลน์ฟรี - CreateMy-QR (No Signup) | ข้อกำหนดในการให้บริการ
เครื่องมือสร้างคิวอาร์โค้ดออนไลน์ฟรี - CreateMy-QR (No Signup) | CreateMy-QR
Terms of Service - CreateMy-QR",text/html; charset=utf-8,false,200,0,0,"Read our terms of service.
แปลงข้อมูล URL / ลิงค์ ของคุณให้เป็นโค้ด QR ที่กำหนดเองได้โดยตรงในเบราว์เซอร์ของคุณ ประมวลผลแบบออฟไลน์ 100% เพื่อความเป็นส่วนตัวอย่างแท้จริง ฟรี ไม่จำกัด และมีความปลอดภัยสูง",,,"26
173",2,true
20,https://createmy-qr.com/ru/compare,"Бесплатный генератор QR-кодов онлайн - CreateMy-QR (No Signup) | Сравнить инструменты
Бесплатный генератор QR-кодов онлайн - CreateMy-QR (No Signup) | CreateMy-QR
Compare Plans - CreateMy-QR",text/html; charset=utf-8,false,200,0,0,"Compare our free features.
Преобразуйте данные URL/ссылка в собственный QR-код прямо в браузере. 100% обработка в автономном режиме для абсолютной конфиденциальности. Бесплатно, без ограничений и очень безопасно.",,,"26
185",2,true
20,https://createmy-qr.com/id/compare,"Generator QR Code Gratis Online - CreateMy-QR (No Signup) | Bandingkan Alat
Generator QR Code Gratis Online - CreateMy-QR (No Signup) | CreateMy-QR
Compare Plans - CreateMy-QR",text/html; charset=utf-8,false,200,0,0,"Compare our free features.
Ubah data URL / Tautan Anda menjadi QR code kustom langsung di browser. 100% diproses offline untuk privasi absolut. Gratis, tanpa batas, dan sangat aman.",,,"26
154",2,true
20,https://createmy-qr.com/bn/about,"ফ্রি অনলাইন কিউআর কোড জেনারেটর - CreateMy-QR (No Signup) | আমাদের সম্পর্কে
ফ্রি অনলাইন কিউআর কোড জেনারেটর - CreateMy-QR (No Signup) | CreateMy-QR
About CreateMy-QR",text/html; charset=utf-8,false,200,0,0,"Learn more about CreateMy-QR.
আপনার ব্রাউজারে সরাসরি একটি কাস্টম QR কোডে আপনার URL / লিঙ্ক ডেটা রূপান্তর করুন। সম্পূর্ণ গোপনীয়তার জন্য 100% অফলাইনে প্রক্রিয়া করা হয়েছে। বিনামূল্যে, কোন সীমা নেই, এবং অত্যন্ত নিরাপদ।",,,"29
187",2,true
20,https://createmy-qr.com/id/scan-barcode,"Pemindai Kode Batang Online Gratis - Pindai UPC & EAN
Generator QR Code Gratis Online - CreateMy-QR (No Signup) | CreateMy-QR
Scan Barcode Online",text/html; charset=utf-8,false,200,0,0,"Scan Barcodes directly from your browser.
Ubah data URL / Tautan Anda menjadi QR code kustom langsung di browser. 100% diproses offline untuk privasi absolut. Gratis, tanpa batas, dan sangat aman.
Pindai kode batang secara online secara gratis menggunakan kamera perangkat Anda atau unggah gambar.Mendukung UPC, EAN, Kode 128 dan banyak lagi.100% pribadi dan aman.",,,"41
154
167",3,true
20,https://createmy-qr.com/da/barcode-generator,"Gratis stregkodegenerator online - Opret 1D stregkoder
Gratis QR Kode Generator Online - CreateMy-QR (No Signup) | CreateMy-QR
Free Barcode Generator",text/html; charset=utf-8,false,200,0,0,"Generate barcodes instantly.
Konverter dine URL / Link-data til en tilpasset QR-kode direkte i din browser. 100 % behandlet offline for absolut privatliv. Gratis, ingen grænser og meget sikker.
Generer professionelle 1D-stregkoder med det samme. Understøttelse af Code-128, UPC, EAN, ITF-14 og mere. Gratis, sikker og klar til download i højopløselig PNG.",,,"28
164
161",3,true
20,https://createmy-qr.com/ja/pdf-qr-code-for-restaurant-menu,"レストランメニューのPDF QRコード | CreateMy-QR
レストランメニューのPDF QRコード | CreateMy-QR",text/html; charset=utf-8,false,200,0,0,"紙のメニューを非接触のデジタル体験に置き換えます。レストランのメニュー用の無料で安全な PDF QR コードを即座に作成します。
紙のメニューを非接触のデジタル体験に置き換えます。レストランのメニュー用の無料で安全な PDF QR コードを即座に作成します。",,,"64
64",2,true
20,https://createmy-qr.com/zh/google-review-qr-code-for-local-business,"Google 审核本地企业的二维码 | CreateMy-QR
Google 审核本地企业的二维码 | CreateMy-QR",text/html; charset=utf-8,false,200,0,0,"让客户轻松留下 5 星评级，从而大幅提升您的本地 SEO。创建免费的 Google 评论二维码。
让客户轻松留下 5 星评级，从而大幅提升您的本地 SEO。创建免费的 Google 评论二维码。",,,"48
48",2,true
20,https://createmy-qr.com/ru/scan-qr,"Бесплатный онлайн-сканер QR-кода — мгновенное сканирование QR-кода
Бесплатный генератор QR-кодов онлайн - CreateMy-QR (No Signup) | CreateMy-QR
Scan QR Code Online",text/html; charset=utf-8,false,200,0,0,"Scan QR codes directly from your browser.
Преобразуйте данные URL/ссылка в собственный QR-код прямо в браузере. 100% обработка в автономном режиме для абсолютной конфиденциальности. Бесплатно, без ограничений и очень безопасно.
Мгновенно сканируйте QR-коды с помощью камеры или загрузив изображение. 100% безопасная, конфиденциальная обработка на стороне клиента.",,,"41
185
135",3,true
20,https://createmy-qr.com/pt/privacy,"Gerador de Código QR Grátis Online - CreateMy-QR (No Signup) | Política de Privacidade
Gerador de Código QR Grátis Online - CreateMy-QR (No Signup) | CreateMy-QR
Privacy Policy - CreateMy-QR",text/html; charset=utf-8,false,200,0,0,"Read our privacy policy.
Converta seus dados do URL/Link em um código QR personalizado diretamente no seu navegador. 100% processado offline para privacidade absoluta. Gratuito, sem limites e altamente seguro.",,,"24
184",2,true
20,https://createmy-qr.com/ko/app-store-qr-code-for-game-downloads,"모바일 게임 다운로드를 위한 App Store QR 코드 | CreateMy-QR
모바일 게임 다운로드를 위한 App Store QR 코드 | CreateMy-QR",text/html; charset=utf-8,false,200,0,0,"옥외 광고에서 직접 앱 설치를 유도합니다. iOS App Store 또는 Google Play의 게임으로 바로 연결되는 QR 코드를 생성하세요.
옥외 광고에서 직접 앱 설치를 유도합니다. iOS App Store 또는 Google Play의 게임으로 바로 연결되는 QR 코드를 생성하세요.",,,"80
80",2,true
20,https://createmy-qr.com/ar/compare,"مولد رمز الاستجابة السريعة مجاني - CreateMy-QR (No Signup) | أدوات المقارنة
مولد رمز الاستجابة السريعة مجاني - CreateMy-QR (No Signup) | CreateMy-QR
Compare Plans - CreateMy-QR",text/html; charset=utf-8,false,200,0,0,"Compare our free features.
قم بتحويل بيانات عنوان URL / الرابط الخاصة بك إلى رمز QR مخصص مباشرةً في متصفحك. تمت معالجتها بنسبة 100% دون الاتصال بالإنترنت لتوفير الخصوصية المطلقة. مجاني، بلا حدود، وآمن للغاية.",,,"26
181",2,true
20,https://createmy-qr.com/pl/compare,"Darmowy Generator Kodów QR Online - CreateMy-QR (No Signup) | Porównaj narzędzia
Darmowy Generator Kodów QR Online - CreateMy-QR (No Signup) | CreateMy-QR
Compare Plans - CreateMy-QR",text/html; charset=utf-8,false,200,0,0,"Compare our free features.
Konwertuj dane Adres URL / Link na niestandardowy kod QR bezpośrednio w przeglądarce. 100% przetwarzane w trybie offline, aby zapewnić całkowitą prywatność. Bezpłatnie, bez ograniczeń i bardzo bezpiecznie.",,,"26
205",2,true
20,https://createmy-qr.com/ja/scan-qr,"無料の QR コード スキャナー オンライン - QR を即座にスキャン
無料QRコード作成・ジェネレーター - CreateMy-QR (No Signup) | CreateMy-QR
Scan QR Code Online",text/html; charset=utf-8,false,200,0,0,"Scan QR codes directly from your browser.
ブラウザで直接、URL / リンク データをカスタム QR コードに変換します。完全なプライバシーを確​​保するために 100% オフラインで処理されます。無料、制限なし、そして非常に安全です。
カメラを使用するか、画像をアップロードして、QR コードを即座にスキャンします。 100% 安全でプライベートなクライアント側の処理。",,,"41
97
67",3,true
20,https://createmy-qr.com/bn/compare,"ফ্রি অনলাইন কিউআর কোড জেনারেটর - CreateMy-QR (No Signup) | টুল তুলনা করুন
ফ্রি অনলাইন কিউআর কোড জেনারেটর - CreateMy-QR (No Signup) | CreateMy-QR
Compare Plans - CreateMy-QR",text/html; charset=utf-8,false,200,0,0,"Compare our free features.
আপনার ব্রাউজারে সরাসরি একটি কাস্টম QR কোডে আপনার URL / লিঙ্ক ডেটা রূপান্তর করুন। সম্পূর্ণ গোপনীয়তার জন্য 100% অফলাইনে প্রক্রিয়া করা হয়েছে। বিনামূল্যে, কোন সীমা নেই, এবং অত্যন্ত নিরাপদ।",,,"26
187",2,true
20,https://createmy-qr.com/zh/app-store-qr-code-for-game-downloads,"App Store 手游二维码下载 | CreateMy-QR
App Store 手游二维码下载 | CreateMy-QR",text/html; charset=utf-8,false,200,0,0,"直接通过户外广告推动应用安装。创建一个直接链接到您在 iOS App Store 或 Google Play 上的游戏的二维码。
直接通过户外广告推动应用安装。创建一个直接链接到您在 iOS App Store 或 Google Play 上的游戏的二维码。",,,"64
64",2,true
20,https://createmy-qr.com/fr/about,"Générateur de Code QR Gratuit en Ligne - CreateMy-QR (No Signup) | À propos de nous
Générateur de Code QR Gratuit en Ligne - CreateMy-QR (No Signup) | CreateMy-QR
About CreateMy-QR",text/html; charset=utf-8,false,200,0,0,"Learn more about CreateMy-QR.
Convertissez vos données URL/Lien en un code QR personnalisé directement dans votre navigateur. 100 % traité hors ligne pour une confidentialité absolue. Gratuit, sans limites et hautement sécurisé.",,,"29
198",2,true
20,https://createmy-qr.com/ja/whatsapp-qr-code-for-customer-support,"カスタマーサポート用のWhatsApp QRコード | CreateMy-QR
カスタマーサポート用のWhatsApp QRコード | CreateMy-QR",text/html; charset=utf-8,false,200,0,0,"即時の顧客サービスを提供します。サポート チームとの直接チャットを開始する WhatsApp QR コードを生成し、事前に入力されたメッセージを入力します。
即時の顧客サービスを提供します。サポート チームとの直接チャットを開始する WhatsApp QR コードを生成し、事前に入力されたメッセージを入力します。",,,"78
78",2,true
20,https://createmy-qr.com/bn/terms,"ফ্রি অনলাইন কিউআর কোড জেনারেটর - CreateMy-QR (No Signup) | পরিষেবার শর্তাবলী
ফ্রি অনলাইন কিউআর কোড জেনারেটর - CreateMy-QR (No Signup) | CreateMy-QR
Terms of Service - CreateMy-QR",text/html; charset=utf-8,false,200,0,0,"Read our terms of service.
আপনার ব্রাউজারে সরাসরি একটি কাস্টম QR কোডে আপনার URL / লিঙ্ক ডেটা রূপান্তর করুন। সম্পূর্ণ গোপনীয়তার জন্য 100% অফলাইনে প্রক্রিয়া করা হয়েছে। বিনামূল্যে, কোন সীমা নেই, এবং অত্যন্ত নিরাপদ।",,,"26
187",2,true
20,https://createmy-qr.com/ro/scan-barcode,"Free Barcode Scanner Online - Scan UPC & EAN
Generator de Coduri QR Gratuit Online - CreateMy-QR (No Signup) | CreateMy-QR
Scan Barcode Online",text/html; charset=utf-8,false,200,0,0,"Scan Barcodes directly from your browser.
Transformați datele dvs. URL / Link într-un cod QR personalizat direct în browser. Procesat 100% offline pentru confidențialitate absolută. Gratuit, fără limite și foarte sigur.
Scan barcodes online for free using your device's camera or upload an image. Supports UPC, EAN, Code 128 and more. 100% private and secure.",,,"41
177
139",3,true
20,https://createmy-qr.com/uk/barcode-generator,"Безкоштовний онлайн-генератор штрих-кодів - створюйте одновимірні штрих-коди
Безкоштовний Генератор QR-кодів Онлайн - CreateMy-QR (No Signup) | CreateMy-QR
Free Barcode Generator",text/html; charset=utf-8,false,200,0,0,"Generate barcodes instantly.
Перетворіть свої дані URL / Посилання на власний QR-код безпосередньо у своєму браузері. 100% обробка офлайн для повної конфіденційності. Безкоштовно, без обмежень і дуже безпечно.
Миттєво створюйте професійні одновимірні штрих-коди. Підтримка Code-128, UPC, EAN, ITF-14 тощо. Безкоштовний, безпечний і готовий для завантаження у форматі PNG високої роздільної здатності.",,,"28
180
190",3,true
20,https://createmy-qr.com/fr/compare,"Générateur de Code QR Gratuit en Ligne - CreateMy-QR (No Signup) | Comparer les outils
Générateur de Code QR Gratuit en Ligne - CreateMy-QR (No Signup) | CreateMy-QR
Compare Plans - CreateMy-QR",text/html; charset=utf-8,false,200,0,0,"Compare our free features.
Convertissez vos données URL/Lien en un code QR personnalisé directement dans votre navigateur. 100 % traité hors ligne pour une confidentialité absolue. Gratuit, sans limites et hautement sécurisé.",,,"26
198",2,true
20,https://createmy-qr.com/ko/whatsapp-qr-code-for-customer-support,"고객 지원을 위한 WhatsApp QR 코드 | CreateMy-QR
고객 지원을 위한 WhatsApp QR 코드 | CreateMy-QR",text/html; charset=utf-8,false,200,0,0,"즉각적인 고객 서비스를 제공하세요. 미리 채워진 메시지가 포함된 지원팀과의 직접 채팅을 여는 WhatsApp QR 코드를 생성하세요.
즉각적인 고객 서비스를 제공하세요. 미리 채워진 메시지가 포함된 지원팀과의 직접 채팅을 여는 WhatsApp QR 코드를 생성하세요.",,,"74
74",2,true
20,https://createmy-qr.com/nl/compare,"Gratis QR Code Generator Online - CreateMy-QR (No Signup) | Hulpmiddelen vergelijken
Gratis QR Code Generator Online - CreateMy-QR (No Signup) | CreateMy-QR
Compare Plans - CreateMy-QR",text/html; charset=utf-8,false,200,0,0,"Compare our free features.
Converteer uw URL/link-gegevens rechtstreeks in uw browser naar een aangepaste QR-code. 100% offline verwerkt voor absolute privacy. Gratis, geen grenzen en zeer veilig.",,,"26
169",2,true
20,https://createmy-qr.com/tr/barcode-generator,"Ücretsiz Çevrimiçi Barkod Oluşturucu - 1D Barkodlar Oluşturun
Ücretsiz Çevrimiçi QR Kod Oluşturucu - CreateMy-QR (No Signup) | CreateMy-QR
Free Barcode Generator",text/html; charset=utf-8,false,200,0,0,"Generate barcodes instantly.
URL / Bağlantı verilerinizi doğrudan tarayıcınızda özel bir QR koduna dönüştürün. Mutlak gizlilik için %100 çevrimdışı işlenir. Ücretsiz, sınırsız ve son derece güvenli.
Anında profesyonel 1D barkodlar oluşturun. Code-128, UPC, EAN, ITF-14 ve daha fazlası için destek. Ücretsiz, güvenli ve yüksek çözünürlüklü PNG formatında indirmeye hazır.",,,"28
169
171",3,true
20,https://createmy-qr.com/de/about,"Kostenloser QR-Code Generator Online - CreateMy-QR (No Signup) | Über uns
Kostenloser QR-Code Generator Online - CreateMy-QR (No Signup) | CreateMy-QR
About CreateMy-QR",text/html; charset=utf-8,false,200,0,0,"Learn more about CreateMy-QR.
Wandeln Sie Ihre URL/Link-Daten direkt in Ihrem Browser in einen benutzerdefinierten QR-Code um. 100 % offline verarbeitet für absolute Privatsphäre. Kostenlos, ohne Grenzen und äußerst sicher.",,,"29
193",2,true
20,https://createmy-qr.com/th/barcode-generator,"เครื่องสร้างบาร์โค้ดออนไลน์ฟรี - สร้างบาร์โค้ด 1D
เครื่องมือสร้างคิวอาร์โค้ดออนไลน์ฟรี - CreateMy-QR (No Signup) | CreateMy-QR
Free Barcode Generator",text/html; charset=utf-8,false,200,0,0,"Generate barcodes instantly.
แปลงข้อมูล URL / ลิงค์ ของคุณให้เป็นโค้ด QR ที่กำหนดเองได้โดยตรงในเบราว์เซอร์ของคุณ ประมวลผลแบบออฟไลน์ 100% เพื่อความเป็นส่วนตัวอย่างแท้จริง ฟรี ไม่จำกัด และมีความปลอดภัยสูง
สร้างบาร์โค้ด 1D ระดับมืออาชีพได้ทันที รองรับ Code-128, UPC, EAN, ITF-14 และอื่นๆ ฟรี ปลอดภัย และพร้อมดาวน์โหลดในรูปแบบ PNG ความละเอียดสูง",,,"28
173
138",3,true
20,https://createmy-qr.com/sv/privacy,"Gratis QR-kod Generator Online - CreateMy-QR (No Signup) | Sekretesspolicy
Gratis QR-kod Generator Online - CreateMy-QR (No Signup) | CreateMy-QR
Privacy Policy - CreateMy-QR",text/html; charset=utf-8,false,200,0,0,"Read our privacy policy.
Konvertera dina URL/länk-data till en anpassad QR-kod direkt i din webbläsare. 100 % bearbetad offline för absolut integritet. Gratis, inga gränser och mycket säker.",,,"24
165",2,true
20,https://createmy-qr.com/ko/url-qr-code-for-event-tickets-registration,"이벤트 티켓 및 등록을 위한 URL QR 코드 | CreateMy-QR
이벤트 티켓 및 등록을 위한 URL QR 코드 | CreateMy-QR",text/html; charset=utf-8,false,200,0,0,"실제 전단지를 디지털 티켓팅 페이지에 연결하여 이벤트 참석률을 높여보세요. 이벤트 등록을 위한 빠르고 무료 URL QR 코드를 생성하세요.
실제 전단지를 디지털 티켓팅 페이지에 연결하여 이벤트 참석률을 높여보세요. 이벤트 등록을 위한 빠르고 무료 URL QR 코드를 생성하세요.",,,"77
77",2,true
20,https://createmy-qr.com/tr/privacy,"Ücretsiz Çevrimiçi QR Kod Oluşturucu - CreateMy-QR (No Signup) | Gizlilik Politikası
Ücretsiz Çevrimiçi QR Kod Oluşturucu - CreateMy-QR (No Signup) | CreateMy-QR
Privacy Policy - CreateMy-QR",text/html; charset=utf-8,false,200,0,0,"Read our privacy policy.
URL / Bağlantı verilerinizi doğrudan tarayıcınızda özel bir QR koduna dönüştürün. Mutlak gizlilik için %100 çevrimdışı işlenir. Ücretsiz, sınırsız ve son derece güvenli.",,,"24
169",2,true
20,https://createmy-qr.com/pt/barcode-generator,"Gerador de código de barras online gratuito - Crie códigos de barras 1D
Gerador de Código QR Grátis Online - CreateMy-QR (No Signup) | CreateMy-QR
Free Barcode Generator",text/html; charset=utf-8,false,200,0,0,"Generate barcodes instantly.
Converta seus dados do URL/Link em um código QR personalizado diretamente no seu navegador. 100% processado offline para privacidade absoluta. Gratuito, sem limites e altamente seguro.
Gere códigos de barras 1D profissionais instantaneamente. Suporte para Code-128, UPC, EAN, ITF-14 e muito mais. Gratuito, seguro e pronto para download em PNG de alta resolução.",,,"28
184
177",3,true
20,https://createmy-qr.com/fi/scan-barcode,"Ilmainen viivakoodilukija verkossa - Skannaa UPC & EAN
Ilmainen QR-koodigeneraattori Netissä - CreateMy-QR (No Signup) | CreateMy-QR
Scan Barcode Online",text/html; charset=utf-8,false,200,0,0,"Scan Barcodes directly from your browser.
Muunna URL / linkki-tietosi mukautetuksi QR-koodiksi suoraan selaimessasi. 100 % käsitelty offline-tilassa täydellisen yksityisyyden takaamiseksi. Ilmainen, ei rajoituksia ja erittäin turvallinen.
Skannaa viivakoodeja verkossa ilmaiseksi laitteesi kameralla tai lataa kuva.Tukee UPC-, EAN-, Code 128- ja muita koodeja.100% yksityinen ja turvallinen.",,,"41
196
152",3,true
20,https://createmy-qr.com/pt/about,"Gerador de Código QR Grátis Online - CreateMy-QR (No Signup) | Sobre nós
Gerador de Código QR Grátis Online - CreateMy-QR (No Signup) | CreateMy-QR
About CreateMy-QR",text/html; charset=utf-8,false,200,0,0,"Learn more about CreateMy-QR.
Converta seus dados do URL/Link em um código QR personalizado diretamente no seu navegador. 100% processado offline para privacidade absoluta. Gratuito, sem limites e altamente seguro.",,,"29
184",2,true
20,https://createmy-qr.com/no/barcode-generator,"Gratis strekkodegenerator online - Lag 1D strekkoder
Gratis QR-kode Generator Online - CreateMy-QR (No Signup) | CreateMy-QR
Free Barcode Generator",text/html; charset=utf-8,false,200,0,0,"Generate barcodes instantly.
Konverter URL / Link-dataene dine til en tilpasset QR-kode direkte i nettleseren din. 100 % behandlet offline for absolutt personvern. Gratis, ingen grenser og svært sikker.
Generer profesjonelle 1D-strekkoder umiddelbart. Støtte for Code-128, UPC, EAN, ITF-14 og mer. Gratis, sikker og klar til nedlasting i høyoppløselig PNG.",,,"28
173
153",3,true
20,https://createmy-qr.com/ja/privacy,"無料QRコード作成・ジェネレーター - CreateMy-QR (No Signup) | プライバシー ポリシー
無料QRコード作成・ジェネレーター - CreateMy-QR (No Signup) | CreateMy-QR
Privacy Policy - CreateMy-QR",text/html; charset=utf-8,false,200,0,0,"Read our privacy policy.
ブラウザで直接、URL / リンク データをカスタム QR コードに変換します。完全なプライバシーを確​​保するために 100% オフラインで処理されます。無料、制限なし、そして非常に安全です。",,,"24
97",2,true
20,https://createmy-qr.com/ko/scan-barcode,"무료 온라인 바코드 스캐너 - UPC 및 EAN 스캔
무료 온라인 QR 코드 생성기 - CreateMy-QR (No Signup) | CreateMy-QR
Scan Barcode Online",text/html; charset=utf-8,false,200,0,0,"Scan Barcodes directly from your browser.
브라우저에서 직접 URL / 링크 데이터를 맞춤 QR 코드로 변환하세요. 절대적인 개인정보 보호를 위해 100% 오프라인으로 처리됩니다. 무료이며 제한이 없으며 매우 안전합니다.
장치의 카메라를 사용하여 온라인에서 무료로 바코드를 스캔하거나 이미지를 업로드하세요.UPC, EAN, 코드 128 등을 지원합니다.100% 비공개이며 안전합니다.",,,"41
99
90",3,true
20,https://createmy-qr.com/da/compare,"Gratis QR Kode Generator Online - CreateMy-QR (No Signup) | Sammenlign værktøjer
Gratis QR Kode Generator Online - CreateMy-QR (No Signup) | CreateMy-QR
Compare Plans - CreateMy-QR",text/html; charset=utf-8,false,200,0,0,"Compare our free features.
Konverter dine URL / Link-data til en tilpasset QR-kode direkte i din browser. 100 % behandlet offline for absolut privatliv. Gratis, ingen grænser og meget sikker.",,,"26
164",2,true
20,https://createmy-qr.com/el/terms,"Δωρεάν Δημιουργία QR Code Online - CreateMy-QR (No Signup) | Όροι Παροχής Υπηρεσιών
Δωρεάν Δημιουργία QR Code Online - CreateMy-QR (No Signup) | CreateMy-QR
Terms of Service - CreateMy-QR",text/html; charset=utf-8,false,200,0,0,"Read our terms of service.
Μετατρέψτε τα δεδομένα σας URL / Σύνδεσμος σε προσαρμοσμένο κωδικό QR απευθείας στο πρόγραμμα περιήγησής σας. 100% επεξεργασία εκτός σύνδεσης για απόλυτη προστασία της ιδιωτικής ζωής. Δωρεάν, χωρίς όρια και εξαιρετικά ασφαλές.",,,"26
226",2,true
20,https://createmy-qr.com/bn/barcode-generator,"বিনামূল্যে বারকোড জেনারেটর অনলাইন - 1D বারকোড তৈরি করুন
ফ্রি অনলাইন কিউআর কোড জেনারেটর - CreateMy-QR (No Signup) | CreateMy-QR
Free Barcode Generator",text/html; charset=utf-8,false,200,0,0,"Generate barcodes instantly.
আপনার ব্রাউজারে সরাসরি একটি কাস্টম QR কোডে আপনার URL / লিঙ্ক ডেটা রূপান্তর করুন। সম্পূর্ণ গোপনীয়তার জন্য 100% অফলাইনে প্রক্রিয়া করা হয়েছে। বিনামূল্যে, কোন সীমা নেই, এবং অত্যন্ত নিরাপদ।
তাত্ক্ষণিকভাবে পেশাদার 1D বারকোড তৈরি করুন। কোড-128, UPC, EAN, ITF-14 এবং আরও অনেক কিছুর জন্য সমর্থন। বিনামূল্যে, নিরাপদ, এবং উচ্চ-রেজোলিউশন PNG তে ডাউনলোড করার জন্য প্রস্তুত৷",,,"28
187
175",3,true
20,https://createmy-qr.com/zh/wifi-qr-code-for-cafe-hotel,"咖啡馆和酒店 WiFi 二维码 | CreateMy-QR
咖啡馆和酒店 WiFi 二维码 | CreateMy-QR",text/html; charset=utf-8,false,200,0,0,"让您的客人无需输入密码即可立即连接到您的 WiFi 网络。为您的咖啡馆或酒店生成免费 WiFi 二维码。
让您的客人无需输入密码即可立即连接到您的 WiFi 网络。为您的咖啡馆或酒店生成免费 WiFi 二维码。",,,"52
52",2,true
20,https://createmy-qr.com/sv/scan-barcode,"Gratis streckkodsläsare online - Skanna UPC & EAN
Gratis QR-kod Generator Online - CreateMy-QR (No Signup) | CreateMy-QR
Scan Barcode Online",text/html; charset=utf-8,false,200,0,0,"Scan Barcodes directly from your browser.
Konvertera dina URL/länk-data till en anpassad QR-kod direkt i din webbläsare. 100 % bearbetad offline för absolut integritet. Gratis, inga gränser och mycket säker.
Skanna streckkoder online gratis med enhetens kamera eller ladda upp en bild.Stöder UPC, EAN, Code 128 och mer.100 % privat och säkert.",,,"41
165
135",3,true
20,https://createmy-qr.com/tl/compare,"Libreng Online QR Code Generator - CreateMy-QR (No Signup) | Paghambingin ang Mga Tool
Libreng Online QR Code Generator - CreateMy-QR (No Signup) | CreateMy-QR
Compare Plans - CreateMy-QR",text/html; charset=utf-8,false,200,0,0,"Compare our free features.
I-convert ang iyong URL / Link data sa isang custom na QR code nang direkta sa iyong browser. 100% na naproseso offline para sa ganap na privacy. Libre, walang limitasyon, at lubos na secure.",,,"26
191",2,true
20,https://createmy-qr.com/zh/barcode-generator,"免费在线条码生成器 - 创建一维条码
免费在线二维码生成器 - CreateMy-QR (No Signup) | CreateMy-QR
Free Barcode Generator",text/html; charset=utf-8,false,200,0,0,"Generate barcodes instantly.
直接在浏览器中将您的 网址/链接 数据转换为自定义二维码。 100% 离线处理，绝对隐私。免费、无限制且高度安全。
立即生成专业的一维条形码。支持 Code-128、UPC、EAN、ITF-14 等。免费、安全且可下载高分辨率 PNG 格式。",,,"28
57
63",3,true
20,https://createmy-qr.com/ja/barcode-generator,"無料のオンライン バーコード ジェネレーター - 1D バーコードを作成
無料QRコード作成・ジェネレーター - CreateMy-QR (No Signup) | CreateMy-QR
Free Barcode Generator",text/html; charset=utf-8,false,200,0,0,"Generate barcodes instantly.
ブラウザで直接、URL / リンク データをカスタム QR コードに変換します。完全なプライバシーを確​​保するために 100% オフラインで処理されます。無料、制限なし、そして非常に安全です。
プロフェッショナルな 1D バーコードを瞬時に生成します。 Code-128、UPC、EAN、ITF-14 などのサポート。無料、安全、高解像度の PNG でダウンロードできます。",,,"28
97
90",3,true
20,https://createmy-qr.com/zh/scan-barcode,"免费在线条码扫描仪 - 扫描 UPC 和 EAN
免费在线二维码生成器 - CreateMy-QR (No Signup) | CreateMy-QR
Scan Barcode Online",text/html; charset=utf-8,false,200,0,0,"Scan Barcodes directly from your browser.
直接在浏览器中将您的 网址/链接 数据转换为自定义二维码。 100% 离线处理，绝对隐私。免费、无限制且高度安全。
使用设备的相机免费在线扫描条形码或上传图像。支持 UPC、EAN、Code 128 等。100% 私密且安全。",,,"41
57
55",3,true
20,https://createmy-qr.com/da/privacy,"Gratis QR Kode Generator Online - CreateMy-QR (No Signup) | Privatlivspolitik
Gratis QR Kode Generator Online - CreateMy-QR (No Signup) | CreateMy-QR
Privacy Policy - CreateMy-QR",text/html; charset=utf-8,false,200,0,0,"Read our privacy policy.
Konverter dine URL / Link-data til en tilpasset QR-kode direkte i din browser. 100 % behandlet offline for absolut privatliv. Gratis, ingen grænser og meget sikker.",,,"24
164",2,true
20,https://createmy-qr.com/el/scan-barcode,"Δωρεάν Online Scanner Barcode - Σάρωση UPC & EAN
Δωρεάν Δημιουργία QR Code Online - CreateMy-QR (No Signup) | CreateMy-QR
Scan Barcode Online",text/html; charset=utf-8,false,200,0,0,"Scan Barcodes directly from your browser.
Μετατρέψτε τα δεδομένα σας URL / Σύνδεσμος σε προσαρμοσμένο κωδικό QR απευθείας στο πρόγραμμα περιήγησής σας. 100% επεξεργασία εκτός σύνδεσης για απόλυτη προστασία της ιδιωτικής ζωής. Δωρεάν, χωρίς όρια και εξαιρετικά ασφαλές.
Σαρώστε γραμμικούς κώδικες στο διαδίκτυο δωρεάν χρησιμοποιώντας την κάμερα της συσκευής σας ή ανεβάστε μια εικόνα.Υποστηρίζει UPC, EAN, Code 128 και άλλα.100% ιδιωτικό και ασφαλές.",,,"41
226
180",3,true
20,https://createmy-qr.com/id/privacy,"Generator QR Code Gratis Online - CreateMy-QR (No Signup) | Kebijakan Privasi
Generator QR Code Gratis Online - CreateMy-QR (No Signup) | CreateMy-QR
Privacy Policy - CreateMy-QR",text/html; charset=utf-8,false,200,0,0,"Read our privacy policy.
Ubah data URL / Tautan Anda menjadi QR code kustom langsung di browser. 100% diproses offline untuk privasi absolut. Gratis, tanpa batas, dan sangat aman.",,,"24
154",2,true
20,https://createmy-qr.com/zh/pdf-qr-code-for-restaurant-menu,"餐厅菜单 PDF 二维码 | CreateMy-QR
餐厅菜单 PDF 二维码 | CreateMy-QR",text/html; charset=utf-8,false,200,0,0,"用非接触式数字体验取代纸质菜单。立即为您的餐厅菜单创建免费、安全的 PDF 二维码。
用非接触式数字体验取代纸质菜单。立即为您的餐厅菜单创建免费、安全的 PDF 二维码。",,,"42
42",2,true
20,https://createmy-qr.com/el/scan-qr,"Δωρεάν σαρωτής κωδικών QR Online - Σάρωση QR άμεσα
Δωρεάν Δημιουργία QR Code Online - CreateMy-QR (No Signup) | CreateMy-QR
Scan QR Code Online",text/html; charset=utf-8,false,200,0,0,"Scan QR codes directly from your browser.
Μετατρέψτε τα δεδομένα σας URL / Σύνδεσμος σε προσαρμοσμένο κωδικό QR απευθείας στο πρόγραμμα περιήγησής σας. 100% επεξεργασία εκτός σύνδεσης για απόλυτη προστασία της ιδιωτικής ζωής. Δωρεάν, χωρίς όρια και εξαιρετικά ασφαλές.
Σαρώστε τους κωδικούς QR άμεσα χρησιμοποιώντας την κάμερά σας ή ανεβάζοντας μια εικόνα. 100% ασφαλής, ιδιωτική επεξεργασία και επεξεργασία από την πλευρά του πελάτη.",,,"41
226
165",3,true
20,https://createmy-qr.com/ru/barcode-generator,"Бесплатный онлайн-генератор штрих-кодов — создание 1D-штрих-кодов
Бесплатный генератор QR-кодов онлайн - CreateMy-QR (No Signup) | CreateMy-QR
Free Barcode Generator",text/html; charset=utf-8,false,200,0,0,"Generate barcodes instantly.
Преобразуйте данные URL/ссылка в собственный QR-код прямо в браузере. 100% обработка в автономном режиме для абсолютной конфиденциальности. Бесплатно, без ограничений и очень безопасно.
Мгновенно создавайте профессиональные 1D-штрихкоды. Поддержка Code-128, UPC, EAN, ITF-14 и других. Бесплатно, безопасно и готово к загрузке в формате PNG в высоком разрешении.",,,"28
185
175",3,true
20,https://createmy-qr.com/bn/privacy,"ফ্রি অনলাইন কিউআর কোড জেনারেটর - CreateMy-QR (No Signup) | গোপনীয়তা নীতি
ফ্রি অনলাইন কিউআর কোড জেনারেটর - CreateMy-QR (No Signup) | CreateMy-QR
Privacy Policy - CreateMy-QR",text/html; charset=utf-8,false,200,0,0,"Read our privacy policy.
আপনার ব্রাউজারে সরাসরি একটি কাস্টম QR কোডে আপনার URL / লিঙ্ক ডেটা রূপান্তর করুন। সম্পূর্ণ গোপনীয়তার জন্য 100% অফলাইনে প্রক্রিয়া করা হয়েছে। বিনামূল্যে, কোন সীমা নেই, এবং অত্যন্ত নিরাপদ।",,,"24
187",2,true
20,https://createmy-qr.com/cs/privacy,"Zdarma Online Generátor QR Kódů - CreateMy-QR (No Signup) | Zásady ochrany osobních údajů
Zdarma Online Generátor QR Kódů - CreateMy-QR (No Signup) | CreateMy-QR
Privacy Policy - CreateMy-QR",text/html; charset=utf-8,false,200,0,0,"Read our privacy policy.
Převeďte svá data URL / odkaz na vlastní QR kód přímo ve vašem prohlížeči. 100% zpracováno offline pro absolutní soukromí. Zdarma, bez omezení a vysoce bezpečné.",,,"24
161",2,true
20,https://createmy-qr.com/el/barcode-generator,"Δωρεάν Online Generator Barcode - Δημιουργήστε γραμμωτούς κώδικες 1D
Δωρεάν Δημιουργία QR Code Online - CreateMy-QR (No Signup) | CreateMy-QR
Free Barcode Generator",text/html; charset=utf-8,false,200,0,0,"Generate barcodes instantly.
Μετατρέψτε τα δεδομένα σας URL / Σύνδεσμος σε προσαρμοσμένο κωδικό QR απευθείας στο πρόγραμμα περιήγησής σας. 100% επεξεργασία εκτός σύνδεσης για απόλυτη προστασία της ιδιωτικής ζωής. Δωρεάν, χωρίς όρια και εξαιρετικά ασφαλές.
Δημιουργήστε επαγγελματικούς γραμμωτούς κώδικες 1D αμέσως. Υποστήριξη για Code-128, UPC, EAN, ITF-14 και άλλα. Δωρεάν, ασφαλές και έτοιμο για λήψη σε PNG υψηλής ανάλυσης.",,,"28
226
170",3,true
20,https://createmy-qr.com/de/privacy,"Kostenloser QR-Code Generator Online - CreateMy-QR (No Signup) | Datenschutzrichtlinie
Kostenloser QR-Code Generator Online - CreateMy-QR (No Signup) | CreateMy-QR
Privacy Policy - CreateMy-QR",text/html; charset=utf-8,false,200,0,0,"Read our privacy policy.
Wandeln Sie Ihre URL/Link-Daten direkt in Ihrem Browser in einen benutzerdefinierten QR-Code um. 100 % offline verarbeitet für absolute Privatsphäre. Kostenlos, ohne Grenzen und äußerst sicher.",,,"24
193",2,true
20,https://createmy-qr.com/hu/compare,"Ingyenes Online QR-kód Generátor - CreateMy-QR (No Signup) | Eszközök összehasonlítása
Ingyenes Online QR-kód Generátor - CreateMy-QR (No Signup) | CreateMy-QR
Compare Plans - CreateMy-QR",text/html; charset=utf-8,false,200,0,0,"Compare our free features.
Alakítsa át URL adatait egyéni QR-kóddá közvetlenül a böngészőjében. 100%-ban offline feldolgozva az abszolút adatvédelem érdekében. Ingyenes, korlátok nélkül és rendkívül biztonságos.",,,"26
184",2,true
20,https://createmy-qr.com/ru/privacy,"Бесплатный генератор QR-кодов онлайн - CreateMy-QR (No Signup) | Политика конфиденциальности
Бесплатный генератор QR-кодов онлайн - CreateMy-QR (No Signup) | CreateMy-QR
Privacy Policy - CreateMy-QR",text/html; charset=utf-8,false,200,0,0,"Read our privacy policy.
Преобразуйте данные URL/ссылка в собственный QR-код прямо в браузере. 100% обработка в автономном режиме для абсолютной конфиденциальности. Бесплатно, без ограничений и очень безопасно.",,,"24
185",2,true
20,https://createmy-qr.com/ms/compare,"Penjana Kod QR Percuma Dalam Talian - CreateMy-QR (No Signup) | Bandingkan Alat
Penjana Kod QR Percuma Dalam Talian - CreateMy-QR (No Signup) | CreateMy-QR
Compare Plans - CreateMy-QR",text/html; charset=utf-8,false,200,0,0,"Compare our free features.
Tukar data URL / Pautan anda kepada kod QR tersuai terus dalam penyemak imbas anda. 100% diproses di luar talian untuk privasi mutlak. Percuma, tiada had dan sangat selamat.",,,"26
173",2,true
20,https://createmy-qr.com/tr/terms,"Ücretsiz Çevrimiçi QR Kod Oluşturucu - CreateMy-QR (No Signup) | Hizmet Şartları
Ücretsiz Çevrimiçi QR Kod Oluşturucu - CreateMy-QR (No Signup) | CreateMy-QR
Terms of Service - CreateMy-QR",text/html; charset=utf-8,false,200,0,0,"Read our terms of service.
URL / Bağlantı verilerinizi doğrudan tarayıcınızda özel bir QR koduna dönüştürün. Mutlak gizlilik için %100 çevrimdışı işlenir. Ücretsiz, sınırsız ve son derece güvenli.",,,"26
169",2,true
20,https://createmy-qr.com/fr/scan-barcode,"Scanner de codes-barres gratuit en ligne - Scannez UPC et EAN
Générateur de Code QR Gratuit en Ligne - CreateMy-QR (No Signup) | CreateMy-QR
Scan Barcode Online",text/html; charset=utf-8,false,200,0,0,"Scan Barcodes directly from your browser.
Convertissez vos données URL/Lien en un code QR personnalisé directement dans votre navigateur. 100 % traité hors ligne pour une confidentialité absolue. Gratuit, sans limites et hautement sécurisé.
Scannez gratuitement les codes-barres en ligne à l'aide de l'appareil photo de votre appareil ou téléchargez une image.Prend en charge UPC, EAN, Code 128 et plus.100% privé et sécurisé.",,,"41
198
185",3,true
20,https://createmy-qr.com/pt/scan-barcode,"Scanner de código de barras online gratuito - Digitalize UPC e EAN
Gerador de Código QR Grátis Online - CreateMy-QR (No Signup) | CreateMy-QR
Scan Barcode Online",text/html; charset=utf-8,false,200,0,0,"Scan Barcodes directly from your browser.
Converta seus dados do URL/Link em um código QR personalizado diretamente no seu navegador. 100% processado offline para privacidade absoluta. Gratuito, sem limites e altamente seguro.
Digitalize códigos de barras online gratuitamente usando a câmera do seu dispositivo ou carregue uma imagem.Suporta UPC, EAN, Código 128 e mais.100% privado e seguro.",,,"41
184
166",3,true
20,https://createmy-qr.com/tr/compare,"Ücretsiz Çevrimiçi QR Kod Oluşturucu - CreateMy-QR (No Signup) | Araçları Karşılaştır
Ücretsiz Çevrimiçi QR Kod Oluşturucu - CreateMy-QR (No Signup) | CreateMy-QR
Compare Plans - CreateMy-QR",text/html; charset=utf-8,false,200,0,0,"Compare our free features.
URL / Bağlantı verilerinizi doğrudan tarayıcınızda özel bir QR koduna dönüştürün. Mutlak gizlilik için %100 çevrimdışı işlenir. Ücretsiz, sınırsız ve son derece güvenli.",,,"26
169",2,true
20,https://createmy-qr.com/ja/google-review-qr-code-for-local-business,"Google がローカル ビジネス向けの QR コードをレビューする | CreateMy-QR
Google がローカル ビジネス向けの QR コードをレビューする | CreateMy-QR",text/html; charset=utf-8,false,200,0,0,"顧客が簡単に 5 つ星の評価を残せるようにすることで、ローカル SEO を飛躍的に高めます。無料の Google レビュー QR コードを作成します。
顧客が簡単に 5 つ星の評価を残せるようにすることで、ローカル SEO を飛躍的に高めます。無料の Google レビュー QR コードを作成します。",,,"75
75",2,true
20,https://createmy-qr.com/pl/barcode-generator,"Darmowy generator kodów kreskowych online — twórz kody kreskowe 1D
Darmowy Generator Kodów QR Online - CreateMy-QR (No Signup) | CreateMy-QR
Free Barcode Generator",text/html; charset=utf-8,false,200,0,0,"Generate barcodes instantly.
Konwertuj dane Adres URL / Link na niestandardowy kod QR bezpośrednio w przeglądarce. 100% przetwarzane w trybie offline, aby zapewnić całkowitą prywatność. Bezpłatnie, bez ograniczeń i bardzo bezpiecznie.
Błyskawicznie generuj profesjonalne kody kreskowe 1D. Obsługa Code-128, UPC, EAN, ITF-14 i innych. Bezpłatny, bezpieczny i gotowy do pobrania w formacie PNG o wysokiej rozdzielczości.",,,"28
205
183",3,true
20,https://createmy-qr.com/it/scan-qr,"Scanner di codici QR online gratuito: scansiona QR istantaneamente
Generatore di Codici QR Gratis Online - CreateMy-QR (No Signup) | CreateMy-QR
Scan QR Code Online",text/html; charset=utf-8,false,200,0,0,"Scan QR codes directly from your browser.
Converti i tuoi dati URL/collegamento in un codice QR personalizzato direttamente nel tuo browser. Elaborato offline al 100% per una privacy assoluta. Gratuito, senza limiti e altamente sicuro.
Scansiona istantaneamente i codici QR utilizzando la fotocamera o caricando un'immagine. Elaborazione sicura, privata e lato client al 100%.",,,"41
193
140",3,true
20,https://createmy-qr.com/uk/terms,"Безкоштовний Генератор QR-кодів Онлайн - CreateMy-QR (No Signup) | Умови надання послуг
Безкоштовний Генератор QR-кодів Онлайн - CreateMy-QR (No Signup) | CreateMy-QR
Terms of Service - CreateMy-QR",text/html; charset=utf-8,false,200,0,0,"Read our terms of service.
Перетворіть свої дані URL / Посилання на власний QR-код безпосередньо у своєму браузері. 100% обробка офлайн для повної конфіденційності. Безкоштовно, без обмежень і дуже безпечно.",,,"26
180",2,true
20,https://createmy-qr.com/it/privacy,"Generatore di Codici QR Gratis Online - CreateMy-QR (No Signup) | Informativa sulla privacy
Generatore di Codici QR Gratis Online - CreateMy-QR (No Signup) | CreateMy-QR
Privacy Policy - CreateMy-QR",text/html; charset=utf-8,false,200,0,0,"Read our privacy policy.
Converti i tuoi dati URL/collegamento in un codice QR personalizzato direttamente nel tuo browser. Elaborato offline al 100% per una privacy assoluta. Gratuito, senza limiti e altamente sicuro.",,,"24
193",2,true
20,https://createmy-qr.com/ko/pdf-qr-code-for-restaurant-menu,"레스토랑 메뉴용 PDF QR 코드 | CreateMy-QR
레스토랑 메뉴용 PDF QR 코드 | CreateMy-QR",text/html; charset=utf-8,false,200,0,0,"종이 메뉴를 비접촉식 디지털 경험으로 바꾸세요. 레스토랑 메뉴에 대한 무료 보안 PDF QR 코드를 즉시 생성하세요.
종이 메뉴를 비접촉식 디지털 경험으로 바꾸세요. 레스토랑 메뉴에 대한 무료 보안 PDF QR 코드를 즉시 생성하세요.",,,"65
65",2,true
20,https://createmy-qr.com/no/scan-barcode,"Gratis strekkodeskanner på nett - Skann UPC og EAN
Gratis QR-kode Generator Online - CreateMy-QR (No Signup) | CreateMy-QR
Scan Barcode Online",text/html; charset=utf-8,false,200,0,0,"Scan Barcodes directly from your browser.
Konverter URL / Link-dataene dine til en tilpasset QR-kode direkte i nettleseren din. 100 % behandlet offline for absolutt personvern. Gratis, ingen grenser og svært sikker.
Skann strekkoder online gratis ved å bruke enhetens kamera eller last opp et bilde.Støtter UPC, EAN, Code 128 og mer.100 % privat og sikkert.",,,"41
173
141",3,true
20,https://createmy-qr.com/zh/whatsapp-qr-code-for-customer-support,"WhatsApp 二维码用于客户支持 | CreateMy-QR
WhatsApp 二维码用于客户支持 | CreateMy-QR",text/html; charset=utf-8,false,200,0,0,"提供即时客户服务。生成 WhatsApp 二维码，用于打开与您的支持团队的直接聊天，并附有预先填写的消息。
提供即时客户服务。生成 WhatsApp 二维码，用于打开与您的支持团队的直接聊天，并附有预先填写的消息。",,,"53
53",2,true
20,https://createmy-qr.com/zh/url-qr-code-for-event-tickets-registration,"活动门票和注册的 URL 二维码 | CreateMy-QR
活动门票和注册的 URL 二维码 | CreateMy-QR",text/html; charset=utf-8,false,200,0,0,"通过将实体传单链接到数字票务页面来提高活动出席率。生成快速、免费的 URL 二维码以进行活动注册。
通过将实体传单链接到数字票务页面来提高活动出席率。生成快速、免费的 URL 二维码以进行活动注册。",,,"49
49",2,true
20,https://createmy-qr.com/ru/terms,"Бесплатный генератор QR-кодов онлайн - CreateMy-QR (No Signup) | Условия обслуживания
Бесплатный генератор QR-кодов онлайн - CreateMy-QR (No Signup) | CreateMy-QR
Terms of Service - CreateMy-QR",text/html; charset=utf-8,false,200,0,0,"Read our terms of service.
Преобразуйте данные URL/ссылка в собственный QR-код прямо в браузере. 100% обработка в автономном режиме для абсолютной конфиденциальности. Бесплатно, без ограничений и очень безопасно.",,,"26
185",2,true
20,https://createmy-qr.com/ja/paypal-qr-code-for-donations,"非営利および寄付用の PayPal QR コード | CreateMy-QR
非営利および寄付用の PayPal QR コード | CreateMy-QR",text/html; charset=utf-8,false,200,0,0,"資金調達をスムーズに行います。 PayPal QR コードを生成して、慈善イベント、教会の礼拝、地域の集まりで即時寄付を受け付けます。
資金調達をスムーズに行います。 PayPal QR コードを生成して、慈善イベント、教会の礼拝、地域の集まりで即時寄付を受け付けます。",,,"67
67",2,true
20,https://createmy-qr.com/ar/terms,"مولد رمز الاستجابة السريعة مجاني - CreateMy-QR (No Signup) | شروط الخدمة
مولد رمز الاستجابة السريعة مجاني - CreateMy-QR (No Signup) | CreateMy-QR
Terms of Service - CreateMy-QR",text/html; charset=utf-8,false,200,0,0,"Read our terms of service.
قم بتحويل بيانات عنوان URL / الرابط الخاصة بك إلى رمز QR مخصص مباشرةً في متصفحك. تمت معالجتها بنسبة 100% دون الاتصال بالإنترنت لتوفير الخصوصية المطلقة. مجاني، بلا حدود، وآمن للغاية.",,,"26
181",2,true
20,https://createmy-qr.com/vi/scan-qr,"Máy quét mã QR trực tuyến miễn phí - Quét QR ngay lập tức
Tạo Mã QR Miễn Phí Trực Tuyến - CreateMy-QR (No Signup) | CreateMy-QR
Scan QR Code Online",text/html; charset=utf-8,false,200,0,0,"Scan QR codes directly from your browser.
Chuyển đổi dữ liệu URL / Liên kết của bạn thành mã QR tùy chỉnh trực tiếp trong trình duyệt của bạn. 100% được xử lý ngoại tuyến để đảm bảo quyền riêng tư tuyệt đối. Miễn phí, không giới hạn và có tính bảo mật cao.
Quét mã QR ngay lập tức bằng máy ảnh của bạn hoặc bằng cách tải hình ảnh lên. Xử lý 100% an toàn, riêng tư và phía khách hàng.",,,"41
214
126",3,true
