PR,URL,Title,Content type,Is rendered page,HTTP status code,Organic traffic,Depth,H1,H1 length,No. of H1,Is indexable page
21,https://createmy-qr.com/tr/snapchat-ucretsiz-cevrimici-qr-kod-olusturucu,"Snapchat QR Kod Oluşturucu - Ücretsiz ve Özel | CreateMy-QR
Snapchat - Ücretsiz Çevrimiçi QR Kod Oluşturucu - CreateMy-QR",text/html; charset=utf-8,false,200,0,0,"Snapchat QR Kodu
Gerçekten Çalışan QR Kodlar","16
27",2,true
21,https://createmy-qr.com/es/venmo-generador-de-codigos-qr-gratis-online,"Generador de códigos QR Venmo: gratuito y personalizado | CreateMy-QR
Venmo - Generador de Códigos QR Gratis Online - CreateMy-QR",text/html; charset=utf-8,false,200,0,0,"Venmo Código QR
Códigos QR Que Realmente Funcionan","15
34",2,true
21,https://createmy-qr.com/ar/discord-mwld-rmz-lstjb-lsryaa-mjny,"خلاف QR Code Generator - مجاني ومخصص | CreateMy-QR
خلاف - مولد رمز الاستجابة السريعة مجاني - CreateMy-QR",text/html; charset=utf-8,false,200,0,0,"خلاف رمز QR
Welcome to #welcome!","11
20",2,true
21,https://createmy-qr.com/fr/reservation-generateur-de-code-qr-gratuit-en-ligne,"Générateur de code QR Réservation - Gratuit et personnalisé | CreateMy-QR
Réservation - Générateur de Code QR Gratuit en Ligne - CreateMy-QR",text/html; charset=utf-8,false,200,0,0,"Réservation Code QR
Des QR Codes Qui Fonctionnent Vraiment","19
38",2,true
21,https://createmy-qr.com/ko/google-forms-muryo-onrain-qr-kodeu-saengseonggi,"Google 양식 QR 코드 생성기 - 무료 및 사용자 정의 | CreateMy-QR
Google 양식 - 무료 온라인 QR 코드 생성기 - CreateMy-QR",text/html; charset=utf-8,false,200,0,0,"Google 양식 QR 코드
실제로 작동하는 QR 코드","15
14",2,true
21,https://createmy-qr.com/vcard-qr-code-for-real-estate-agents,"vCard QR Code for Real Estate Agents | CreateMy-QR
vCard QR Code for Real Estate Agents | CreateMy-QR",text/html; charset=utf-8,false,200,0,0,"vCard QR Code for Real Estate Agents
vCard QR Code for Real Estate Agents","36
36",2,true
21,https://createmy-qr.com/de/google-review-kostenloser-qr-code-generator-online,"Google-Rezension QR-Code-Generator – kostenlos und benutzerdefiniert | CreateMy-QR
Google-Rezension - Kostenloser QR-Code Generator Online - CreateMy-QR",text/html; charset=utf-8,false,200,0,0,"Google-Rezension QR-Code
QR-Codes, Die Wirklich Funktionieren","24
36",2,true
21,https://createmy-qr.com/cs/snapchat-zdarma-online-generator-qr-kodu,"Snapchat generátor QR kódu – zdarma a na míru | CreateMy-QR
Snapchat - Zdarma Online Generátor QR Kódů - CreateMy-QR",text/html; charset=utf-8,false,200,0,0,"Snapchat QR kód
QR kódy, které skutečně fungují","15
31",2,true
21,https://createmy-qr.com/zh/snapchat-mian-fei-zai-xian-er-wei-ma-sheng-cheng-qi,"快照 QR 代码生成器 - 免费和自定义 | CreateMy-QR
快照 - 免费在线二维码生成器 - CreateMy-QR",text/html; charset=utf-8,false,200,0,0,"快照二维码
真正有效的二维码","5
8",2,true
21,https://createmy-qr.com/bn/discord-phri-anlaain-kiuaar-kodd-jenaarettr,"বিরোধ QR কোড জেনারেটর - বিনামূল্যে এবং কাস্টম | CreateMy-QR
বিরোধ - ফ্রি অনলাইন কিউআর কোড জেনারেটর - CreateMy-QR",text/html; charset=utf-8,false,200,0,0,"বিরোধ QR কোড
Welcome to #welcome!","12
20",2,true
21,https://createmy-qr.com/fi/venmo-ilmainen-qr-koodigeneraattori-netissa,"Venmo QR-koodigeneraattori - ilmainen ja räätälöity | CreateMy-QR
Venmo - Ilmainen QR-koodigeneraattori Netissä - CreateMy-QR",text/html; charset=utf-8,false,200,0,0,"Venmo QR-koodi
QR-koodit, jotka todella toimivat","14
33",2,true
21,https://createmy-qr.com/hu/foglalas-ingyenes-online-qr-kod-generator,"Foglalás QR-kód generátor - ingyenes és egyedi | CreateMy-QR
Foglalás - Ingyenes Online QR-kód Generátor - CreateMy-QR",text/html; charset=utf-8,false,200,0,0,"Foglalás QR-kód
QR-kódok, amelyek valóban működnek","15
34",2,true
21,https://createmy-qr.com/hi/piiddiieph-muph-t-onnlaain-kyuuaar-kodd-jnrettr,"पीडीएफ QR कोड जेनरेटर - मुफ़्त और कस्टम | CreateMy-QR
पीडीएफ - मुफ़्त ऑनलाइन क्यूआर कोड जनरेटर - CreateMy-QR",text/html; charset=utf-8,false,200,0,0,"पीडीएफ क्यूआर कोड
QR कोड जो वास्तव में काम करते हैं","17
33",2,true
21,https://createmy-qr.com/id/audio-generator-qr-code-gratis-online,"Audio Pembuat Kode QR - Gratis & Khusus | CreateMy-QR
Audio - Generator QR Code Gratis Online - CreateMy-QR",text/html; charset=utf-8,false,200,0,0,"QR Code Audio
QR Code yang Benar-Benar Berfungsi","13
34",2,true
21,https://createmy-qr.com/zh/paypal-mian-fei-zai-xian-er-wei-ma-sheng-cheng-qi,"贝宝 QR 代码生成器 - 免费和自定义 | CreateMy-QR
贝宝 - 免费在线二维码生成器 - CreateMy-QR",text/html; charset=utf-8,false,200,0,0,"贝宝二维码
真正有效的二维码","5
8",2,true
21,https://createmy-qr.com/ja/google-forms-wu-liao-qrkodozuo-cheng-zienereta,"Google フォーム QR コード ジェネレーター - 無料 & カスタム | CreateMy-QR
Google フォーム - 無料QRコード作成・ジェネレーター - CreateMy-QR",text/html; charset=utf-8,false,200,0,0,"Google フォーム QR コード
本当に機能するQRコード","18
12",2,true
21,https://createmy-qr.com/ja/huairu-wu-liao-qrkodozuo-cheng-zienereta,"ファイル QR コード ジェネレーター - 無料 & カスタム | CreateMy-QR
ファイル - 無料QRコード作成・ジェネレーター - CreateMy-QR",text/html; charset=utf-8,false,200,0,0,"ファイル QR コード
本当に機能するQRコード","11
12",2,true
21,https://createmy-qr.com/tr/google-review-ucretsiz-cevrimici-qr-kod-olusturucu,"Google İncelemesi QR Kod Oluşturucu - Ücretsiz ve Özel | CreateMy-QR
Google İncelemesi - Ücretsiz Çevrimiçi QR Kod Oluşturucu - CreateMy-QR",text/html; charset=utf-8,false,200,0,0,"Google İncelemesi QR Kodu
Gerçekten Çalışan QR Kodlar","25
27",2,true
21,https://createmy-qr.com/it/discord-generatore-di-codici-qr-gratis-online,"Generatore di codici QR Discordia - Gratuito e personalizzato | CreateMy-QR
Discordia - Generatore di Codici QR Gratis Online - CreateMy-QR",text/html; charset=utf-8,false,200,0,0,"Discordia Codice QR
Welcome to #welcome!","19
20",2,true
21,https://createmy-qr.com/fr/x-twitter-generateur-de-code-qr-gratuit-en-ligne,"Générateur de code QR X (Twitter) - Gratuit et personnalisé | CreateMy-QR
X (Twitter) - Générateur de Code QR Gratuit en Ligne - CreateMy-QR",text/html; charset=utf-8,false,200,0,0,"X (Twitter) Code QR
X (Twitter) Explorer","19
20",2,true
21,https://createmy-qr.com/fi/paypal-ilmainen-qr-koodigeneraattori-netissa,"PayPal QR-koodigeneraattori - ilmainen ja räätälöity | CreateMy-QR
PayPal - Ilmainen QR-koodigeneraattori Netissä - CreateMy-QR",text/html; charset=utf-8,false,200,0,0,"PayPal QR-koodi
QR-koodit, jotka todella toimivat","15
33",2,true
21,https://createmy-qr.com/pl/plik-darmowy-generator-kodow-qr-online,"Generator kodów QR Plik — bezpłatny i niestandardowy | CreateMy-QR
Plik - Darmowy Generator Kodów QR Online - CreateMy-QR",text/html; charset=utf-8,false,200,0,0,"Plik Kod QR
Kody QR, Które Naprawdę Działają","11
32",2,true
21,https://createmy-qr.com/zh/tu-pian-mian-fei-zai-xian-er-wei-ma-sheng-cheng-qi,"图片 QR 代码生成器 - 免费和自定义 | CreateMy-QR
图片 - 免费在线二维码生成器 - CreateMy-QR",text/html; charset=utf-8,false,200,0,0,"图片二维码
真正有效的二维码","5
8",2,true
21,https://createmy-qr.com/ar/snapchat-mwld-rmz-lstjb-lsryaa-mjny,"سناب شات QR Code Generator - مجاني ومخصص | CreateMy-QR
سناب شات - مولد رمز الاستجابة السريعة مجاني - CreateMy-QR",text/html; charset=utf-8,false,200,0,0,"سناب شات رمز QR
رموز QR تعمل فعلاً","15
18",2,true
21,https://createmy-qr.com/cs/online-rezervace-zdarma-online-generator-qr-kodu,"Online rezervace generátor QR kódu – zdarma a na míru | CreateMy-QR
Online rezervace - Zdarma Online Generátor QR Kódů - CreateMy-QR",text/html; charset=utf-8,false,200,0,0,"Online rezervace QR kód
QR kódy, které skutečně fungují","23
31",2,true
21,https://createmy-qr.com/no/lyd-gratis-qr-kode-generator-online,"Lyd QR Code Generator - Gratis og tilpasset | CreateMy-QR
Lyd - Gratis QR-kode Generator Online - CreateMy-QR",text/html; charset=utf-8,false,200,0,0,"Lyd QR-kode
QR-koder som faktisk fungerer","11
29",2,true
21,https://createmy-qr.com/vi/dat-cho-tao-ma-qr-mien-phi-truc-tuyen,"Trình tạo mã QR Đặt chỗ - Miễn phí & Tùy chỉnh | CreateMy-QR
Đặt chỗ - Tạo Mã QR Miễn Phí Trực Tuyến - CreateMy-QR",text/html; charset=utf-8,false,200,0,0,"Đặt chỗ Mã QR
Mã QR Thực Sự Hoạt Động","13
23",2,true
21,https://createmy-qr.com/no/google-forms-gratis-qr-kode-generator-online,"Google Skjemaer QR Code Generator - Gratis og tilpasset | CreateMy-QR
Google Skjemaer - Gratis QR-kode Generator Online - CreateMy-QR",text/html; charset=utf-8,false,200,0,0,"Google Skjemaer QR-kode
QR-koder som faktisk fungerer","23
29",2,true
21,https://createmy-qr.com/ru/video-besplatnyy-generator-qr-kodov-onlayn,"Видео Генератор QR-кодов — бесплатный и настраиваемый | CreateMy-QR
Видео - Бесплатный генератор QR-кодов онлайн - CreateMy-QR",text/html; charset=utf-8,false,200,0,0,"Видео QR-код
QR-Коды, Которые Действительно Работают","12
39",2,true
21,https://createmy-qr.com/vi/pdf-tao-ma-qr-mien-phi-truc-tuyen,"Trình tạo mã QR PDF - Miễn phí & Tùy chỉnh | CreateMy-QR
PDF - Tạo Mã QR Miễn Phí Trực Tuyến - CreateMy-QR",text/html; charset=utf-8,false,200,0,0,"PDF Mã QR
Mã QR Thực Sự Hoạt Động","9
23",2,true
21,https://createmy-qr.com/zh/wen-jian-mian-fei-zai-xian-er-wei-ma-sheng-cheng-qi,"文件 QR 代码生成器 - 免费和自定义 | CreateMy-QR
文件 - 免费在线二维码生成器 - CreateMy-QR",text/html; charset=utf-8,false,200,0,0,"文件二维码
真正有效的二维码","5
8",2,true
21,https://createmy-qr.com/id/linkedin-generator-qr-code-gratis-online,"LinkedIn Pembuat Kode QR - Gratis & Khusus | CreateMy-QR
LinkedIn - Generator QR Code Gratis Online - CreateMy-QR",text/html; charset=utf-8,false,200,0,0,"QR Code LinkedIn
QR Code yang Benar-Benar Berfungsi for LinkedIn","16
47",2,true
21,https://createmy-qr.com/vi/tap-tin-tao-ma-qr-mien-phi-truc-tuyen,"Trình tạo mã QR Tập tin - Miễn phí & Tùy chỉnh | CreateMy-QR
Tập tin - Tạo Mã QR Miễn Phí Trực Tuyến - CreateMy-QR",text/html; charset=utf-8,false,200,0,0,"Tập tin Mã QR
Mã QR Thực Sự Hoạt Động","13
23",2,true
21,https://createmy-qr.com/hi/viiddiyo-muph-t-onnlaain-kyuuaar-kodd-jnrettr,"वीडियो QR कोड जेनरेटर - मुफ़्त और कस्टम | CreateMy-QR
वीडियो - मुफ़्त ऑनलाइन क्यूआर कोड जनरेटर - CreateMy-QR",text/html; charset=utf-8,false,200,0,0,"वीडियो क्यूआर कोड
QR कोड जो वास्तव में काम करते हैं","17
33",2,true
21,https://createmy-qr.com/ja/pdf-wu-liao-qrkodozuo-cheng-zienereta,"PDF QR コード ジェネレーター - 無料 & カスタム | CreateMy-QR
PDF - 無料QRコード作成・ジェネレーター - CreateMy-QR",text/html; charset=utf-8,false,200,0,0,"PDF QR コード
本当に機能するQRコード","10
12",2,true
21,https://createmy-qr.com/de/video-kostenloser-qr-code-generator-online,"Video QR-Code-Generator – kostenlos und benutzerdefiniert | CreateMy-QR
Video - Kostenloser QR-Code Generator Online - CreateMy-QR",text/html; charset=utf-8,false,200,0,0,"Video QR-Code
QR-Codes, Die Wirklich Funktionieren","13
36",2,true
21,https://createmy-qr.com/sv/pdf-gratis-qr-kod-generator-online,"PDF QR Code Generator - Gratis & anpassad | CreateMy-QR
PDF - Gratis QR-kod Generator Online - CreateMy-QR",text/html; charset=utf-8,false,200,0,0,"PDF QR-kod
QR-koder Som Faktiskt Fungerar","10
30",2,true
21,https://createmy-qr.com/id/amazon-generator-qr-code-gratis-online,"Amazon Pembuat Kode QR - Gratis & Khusus | CreateMy-QR
Amazon - Generator QR Code Gratis Online - CreateMy-QR",text/html; charset=utf-8,false,200,0,0,"QR Code Amazon
QR Code yang Benar-Benar Berfungsi","14
34",2,true
21,https://createmy-qr.com/el/paypal-dorean-dimioyrgia-qr-code-online,"PayPal QR Code Generator - Δωρεάν & Προσαρμοσμένο | CreateMy-QR
PayPal - Δωρεάν Δημιουργία QR Code Online - CreateMy-QR",text/html; charset=utf-8,false,200,0,0,"PayPal Κωδικός QR
Κωδικοί QR που λειτουργούν πραγματικά","17
37",2,true
21,https://createmy-qr.com/de/venmo-kostenloser-qr-code-generator-online,"Venmo QR-Code-Generator – kostenlos und benutzerdefiniert | CreateMy-QR
Venmo - Kostenloser QR-Code Generator Online - CreateMy-QR",text/html; charset=utf-8,false,200,0,0,"Venmo QR-Code
QR-Codes, Die Wirklich Funktionieren","13
36",2,true
21,https://createmy-qr.com/vi/am-thanh-tao-ma-qr-mien-phi-truc-tuyen,"Trình tạo mã QR Âm thanh - Miễn phí & Tùy chỉnh | CreateMy-QR
Âm thanh - Tạo Mã QR Miễn Phí Trực Tuyến - CreateMy-QR",text/html; charset=utf-8,false,200,0,0,"Âm thanh Mã QR
Mã QR Thực Sự Hoạt Động","14
23",2,true
21,https://createmy-qr.com/ar/paypal-mwld-rmz-lstjb-lsryaa-mjny,"باي بال QR Code Generator - مجاني ومخصص | CreateMy-QR
باي بال - مولد رمز الاستجابة السريعة مجاني - CreateMy-QR",text/html; charset=utf-8,false,200,0,0,"باي بال رمز QR
رموز QR تعمل فعلاً","14
18",2,true
21,https://createmy-qr.com/bn/snapchat-phri-anlaain-kiuaar-kodd-jenaarettr,"স্ন্যাপচ্যাট QR কোড জেনারেটর - বিনামূল্যে এবং কাস্টম | CreateMy-QR
স্ন্যাপচ্যাট - ফ্রি অনলাইন কিউআর কোড জেনারেটর - CreateMy-QR",text/html; charset=utf-8,false,200,0,0,"স্ন্যাপচ্যাট QR কোড
QR কোড যা আসলে কাজ করে","19
22",2,true
21,https://createmy-qr.com/ms/tempahan-penjana-kod-qr-percuma-dalam-talian,"Penjana Kod QR Tempahan - Percuma & Tersuai | CreateMy-QR
Tempahan - Penjana Kod QR Percuma Dalam Talian - CreateMy-QR",text/html; charset=utf-8,false,200,0,0,"Tempahan Kod QR
Kod QR Yang Sebenarnya Berfungsi","15
32",2,true
21,https://createmy-qr.com/de/audio-kostenloser-qr-code-generator-online,"Audio QR-Code-Generator – kostenlos und benutzerdefiniert | CreateMy-QR
Audio - Kostenloser QR-Code Generator Online - CreateMy-QR",text/html; charset=utf-8,false,200,0,0,"Audio QR-Code
QR-Codes, Die Wirklich Funktionieren","13
36",2,true
21,https://createmy-qr.com/bn/venmo-phri-anlaain-kiuaar-kodd-jenaarettr,"ভেনমো QR কোড জেনারেটর - বিনামূল্যে এবং কাস্টম | CreateMy-QR
ভেনমো - ফ্রি অনলাইন কিউআর কোড জেনারেটর - CreateMy-QR",text/html; charset=utf-8,false,200,0,0,"ভেনমো QR কোড
QR কোড যা আসলে কাজ করে","12
22",2,true
21,https://createmy-qr.com/no/snapchat-gratis-qr-kode-generator-online,"Snapchat QR Code Generator - Gratis og tilpasset | CreateMy-QR
Snapchat - Gratis QR-kode Generator Online - CreateMy-QR",text/html; charset=utf-8,false,200,0,0,"Snapchat QR-kode
QR-koder som faktisk fungerer","16
29",2,true
21,https://createmy-qr.com/it/amazon-generatore-di-codici-qr-gratis-online,"Generatore di codici QR Amazzonia - Gratuito e personalizzato | CreateMy-QR
Amazzonia - Generatore di Codici QR Gratis Online - CreateMy-QR",text/html; charset=utf-8,false,200,0,0,"Amazzonia Codice QR
Codici QR Che Funzionano Davvero","19
32",2,true
21,https://createmy-qr.com/bn/paypal-phri-anlaain-kiuaar-kodd-jenaarettr,"পেপ্যাল ​​ QR কোড জেনারেটর - বিনামূল্যে এবং কাস্টম | CreateMy-QR
পেপ্যাল ​​ - ফ্রি অনলাইন কিউআর কোড জেনারেটর - CreateMy-QR",text/html; charset=utf-8,false,200,0,0,"পেপ্যাল ​​ QR কোড
QR কোড যা আসলে কাজ করে","17
22",2,true
21,https://createmy-qr.com/bn/google-forms-phri-anlaain-kiuaar-kodd-jenaarettr,"Google Forms QR কোড জেনারেটর - বিনামূল্যে এবং কাস্টম | CreateMy-QR
Google Forms - ফ্রি অনলাইন কিউআর কোড জেনারেটর - CreateMy-QR",text/html; charset=utf-8,false,200,0,0,"Google Forms QR কোড
QR কোড যা আসলে কাজ করে","19
22",2,true
21,https://createmy-qr.com/zh/pdf-mian-fei-zai-xian-er-wei-ma-sheng-cheng-qi,"PDF QR 代码生成器 - 免费和自定义 | CreateMy-QR
PDF - 免费在线二维码生成器 - CreateMy-QR",text/html; charset=utf-8,false,200,0,0,"PDF二维码
真正有效的二维码","6
8",2,true
21,https://createmy-qr.com/sv/video-gratis-qr-kod-generator-online,"Video QR Code Generator - Gratis & anpassad | CreateMy-QR
Video - Gratis QR-kod Generator Online - CreateMy-QR",text/html; charset=utf-8,false,200,0,0,"Video QR-kod
QR-koder Som Faktiskt Fungerar","12
30",2,true
21,https://createmy-qr.com/fi/pdf-ilmainen-qr-koodigeneraattori-netissa,"PDF QR-koodigeneraattori - ilmainen ja räätälöity | CreateMy-QR
PDF - Ilmainen QR-koodigeneraattori Netissä - CreateMy-QR",text/html; charset=utf-8,false,200,0,0,"PDF QR-koodi
QR-koodit, jotka todella toimivat","12
33",2,true
21,https://createmy-qr.com/ar/mlf-brks-mwld-rmz-lstjb-lsryaa-mjny,"ملف / بركاس QR Code Generator - مجاني ومخصص | CreateMy-QR
ملف / بركاس - مولد رمز الاستجابة السريعة مجاني - CreateMy-QR",text/html; charset=utf-8,false,200,0,0,"ملف / بركاس رمز QR
رموز QR تعمل فعلاً","18
18",2,true
21,https://createmy-qr.com/sv/bild-gratis-qr-kod-generator-online,"Bild QR Code Generator - Gratis & anpassad | CreateMy-QR
Bild - Gratis QR-kod Generator Online - CreateMy-QR",text/html; charset=utf-8,false,200,0,0,"Bild QR-kod
QR-koder Som Faktiskt Fungerar","11
30",2,true
21,https://createmy-qr.com/zh/google-review-mian-fei-zai-xian-er-wei-ma-sheng-cheng-qi,"谷歌评论 QR 代码生成器 - 免费和自定义 | CreateMy-QR
谷歌评论 - 免费在线二维码生成器 - CreateMy-QR",text/html; charset=utf-8,false,200,0,0,"谷歌评论二维码
真正有效的二维码","7
8",2,true
21,https://createmy-qr.com/pl/discord-darmowy-generator-kodow-qr-online,"Generator kodów QR Niezgoda — bezpłatny i niestandardowy | CreateMy-QR
Niezgoda - Darmowy Generator Kodów QR Online - CreateMy-QR",text/html; charset=utf-8,false,200,0,0,"Niezgoda Kod QR
Welcome to #welcome!","15
20",2,true
21,https://createmy-qr.com/cs/pdf-zdarma-online-generator-qr-kodu,"PDF generátor QR kódu – zdarma a na míru | CreateMy-QR
PDF - Zdarma Online Generátor QR Kódů - CreateMy-QR",text/html; charset=utf-8,false,200,0,0,"PDF QR kód
QR kódy, které skutečně fungují","10
31",2,true
21,https://createmy-qr.com/zh/x-tui-te-mian-fei-zai-xian-er-wei-ma-sheng-cheng-qi,"X（推特） QR 代码生成器 - 免费和自定义 | CreateMy-QR
X（推特） - 免费在线二维码生成器 - CreateMy-QR",text/html; charset=utf-8,false,200,0,0,"X（推特）二维码
X（推特） Explorer","8
14",2,true
21,https://createmy-qr.com/sv/google-forms-gratis-qr-kod-generator-online,"Google Formulär QR Code Generator - Gratis & anpassad | CreateMy-QR
Google Formulär - Gratis QR-kod Generator Online - CreateMy-QR",text/html; charset=utf-8,false,200,0,0,"Google Formulär QR-kod
QR-koder Som Faktiskt Fungerar","22
30",2,true
21,https://createmy-qr.com/cs/zvuk-podcast-zdarma-online-generator-qr-kodu,"Zvuk / podcast generátor QR kódu – zdarma a na míru | CreateMy-QR
Zvuk / podcast - Zdarma Online Generátor QR Kódů - CreateMy-QR",text/html; charset=utf-8,false,200,0,0,"Zvuk / podcast QR kód
QR kódy, které skutečně fungují","21
31",2,true
21,https://createmy-qr.com/hi/buking-muph-t-onnlaain-kyuuaar-kodd-jnrettr,"बुकिंग QR कोड जेनरेटर - मुफ़्त और कस्टम | CreateMy-QR
बुकिंग - मुफ़्त ऑनलाइन क्यूआर कोड जनरेटर - CreateMy-QR",text/html; charset=utf-8,false,200,0,0,"बुकिंग क्यूआर कोड
QR कोड जो वास्तव में काम करते हैं","17
33",2,true
21,https://createmy-qr.com/fr/google-review-generateur-de-code-qr-gratuit-en-ligne,"Générateur de code QR Avis Google - Gratuit et personnalisé | CreateMy-QR
Avis Google - Générateur de Code QR Gratuit en Ligne - CreateMy-QR",text/html; charset=utf-8,false,200,0,0,"Avis Google Code QR
Des QR Codes Qui Fonctionnent Vraiment","19
38",2,true
21,https://createmy-qr.com/ja/bideo-wu-liao-qrkodozuo-cheng-zienereta,"ビデオ QR コード ジェネレーター - 無料 & カスタム | CreateMy-QR
ビデオ - 無料QRコード作成・ジェネレーター - CreateMy-QR",text/html; charset=utf-8,false,200,0,0,"ビデオ QR コード
本当に機能するQRコード","10
12",2,true
21,https://createmy-qr.com/hi/google-forms-muph-t-onnlaain-kyuuaar-kodd-jnrettr,"गूगल फ़ॉर्म QR कोड जेनरेटर - मुफ़्त और कस्टम | CreateMy-QR
गूगल फ़ॉर्म - मुफ़्त ऑनलाइन क्यूआर कोड जनरेटर - CreateMy-QR",text/html; charset=utf-8,false,200,0,0,"गूगल फ़ॉर्म क्यूआर कोड
QR कोड जो वास्तव में काम करते हैं","22
33",2,true
21,https://createmy-qr.com/tl/google-forms-libreng-online-qr-code-generator,"Google Forms QR Code Generator - Libre at Custom | CreateMy-QR
Google Forms - Libreng Online QR Code Generator - CreateMy-QR",text/html; charset=utf-8,false,200,0,0,"Google Forms QR Code
Mga QR Code na Talagang Gumagana","20
32",2,true
21,https://createmy-qr.com/ko/google-review-muryo-onrain-qr-kodeu-saengseonggi,"구글 리뷰 QR 코드 생성기 - 무료 및 사용자 정의 | CreateMy-QR
구글 리뷰 - 무료 온라인 QR 코드 생성기 - CreateMy-QR",text/html; charset=utf-8,false,200,0,0,"구글 리뷰 QR 코드
실제로 작동하는 QR 코드","11
14",2,true
21,https://createmy-qr.com/es/discord-generador-de-codigos-qr-gratis-online,"Generador de códigos QR Discordia: gratuito y personalizado | CreateMy-QR
Discordia - Generador de Códigos QR Gratis Online - CreateMy-QR",text/html; charset=utf-8,false,200,0,0,"Discordia Código QR
Welcome to #welcome!","19
20",2,true
21,https://createmy-qr.com/fr/snapchat-generateur-de-code-qr-gratuit-en-ligne,"Générateur de code QR Snapchat - Gratuit et personnalisé | CreateMy-QR
Snapchat - Générateur de Code QR Gratuit en Ligne - CreateMy-QR",text/html; charset=utf-8,false,200,0,0,"Snapchat Code QR
Des QR Codes Qui Fonctionnent Vraiment","16
38",2,true
21,https://createmy-qr.com/ru/google-forms-besplatnyy-generator-qr-kodov-onlayn,"Google Формы Генератор QR-кодов — бесплатный и настраиваемый | CreateMy-QR
Google Формы - Бесплатный генератор QR-кодов онлайн - CreateMy-QR",text/html; charset=utf-8,false,200,0,0,"Google Формы QR-код
QR-Коды, Которые Действительно Работают","19
39",2,true
21,https://createmy-qr.com/el/x-twitter-dorean-dimioyrgia-qr-code-online,"X (Twitter) QR Code Generator - Δωρεάν & Προσαρμοσμένο | CreateMy-QR
X (Twitter) - Δωρεάν Δημιουργία QR Code Online - CreateMy-QR",text/html; charset=utf-8,false,200,0,0,"X (Twitter) Κωδικός QR
X (Twitter) Explorer","22
20",2,true
21,https://createmy-qr.com/amazon-qr-code-generator,"Amazon QR Code Generator - Free & Custom | CreateMy-QR
Amazon - Free QR Code Generator Online - CreateMy-QR",text/html; charset=utf-8,false,200,0,0,"Amazon QR Code
Premium QR Codes","14
16",2,true
21,https://createmy-qr.com/fr/pdf-generateur-de-code-qr-gratuit-en-ligne,"Générateur de code QR PDF - Gratuit et personnalisé | CreateMy-QR
PDF - Générateur de Code QR Gratuit en Ligne - CreateMy-QR",text/html; charset=utf-8,false,200,0,0,"PDF Code QR
Des QR Codes Qui Fonctionnent Vraiment","11
38",2,true
21,https://createmy-qr.com/tr/rezervasyon-ucretsiz-cevrimici-qr-kod-olusturucu,"Rezervasyon QR Kod Oluşturucu - Ücretsiz ve Özel | CreateMy-QR
Rezervasyon - Ücretsiz Çevrimiçi QR Kod Oluşturucu - CreateMy-QR",text/html; charset=utf-8,false,200,0,0,"Rezervasyon QR Kodu
Gerçekten Çalışan QR Kodlar","19
27",2,true
21,https://createmy-qr.com/vi/amazon-tao-ma-qr-mien-phi-truc-tuyen,"Trình tạo mã QR Amazon - Miễn phí & Tùy chỉnh | CreateMy-QR
Amazon - Tạo Mã QR Miễn Phí Trực Tuyến - CreateMy-QR",text/html; charset=utf-8,false,200,0,0,"Amazon Mã QR
Mã QR Thực Sự Hoạt Động","12
23",2,true
21,https://createmy-qr.com/tr/video-ucretsiz-cevrimici-qr-kod-olusturucu,"Video QR Kod Oluşturucu - Ücretsiz ve Özel | CreateMy-QR
Video - Ücretsiz Çevrimiçi QR Kod Oluşturucu - CreateMy-QR",text/html; charset=utf-8,false,200,0,0,"Video QR Kodu
Gerçekten Çalışan QR Kodlar","13
27",2,true
21,https://createmy-qr.com/da/billede-gratis-qr-kode-generator-online,"Billede QR Code Generator - Gratis og brugerdefineret | CreateMy-QR
Billede - Gratis QR Kode Generator Online - CreateMy-QR",text/html; charset=utf-8,false,200,0,0,"Billede QR-kode
QR-koder, der faktisk virker","15
28",2,true
21,https://createmy-qr.com/ro/google-review-generator-de-coduri-qr-gratuit-online,"Google Review QR Code Generator - Gratuit și personalizat | CreateMy-QR
Google Review - Generator de Coduri QR Gratuit Online - CreateMy-QR",text/html; charset=utf-8,false,200,0,0,"Google Review Cod QR
Coduri QR care funcționează de fapt","20
35",2,true
21,https://createmy-qr.com/it/immagine-generatore-di-codici-qr-gratis-online,"Generatore di codici QR Immagine - Gratuito e personalizzato | CreateMy-QR
Immagine - Generatore di Codici QR Gratis Online - CreateMy-QR",text/html; charset=utf-8,false,200,0,0,"Immagine Codice QR
Codici QR Che Funzionano Davvero","18
32",2,true
21,https://createmy-qr.com/de/x-twitter-kostenloser-qr-code-generator-online,"X (Twitter) QR-Code-Generator – kostenlos und benutzerdefiniert | CreateMy-QR
X (Twitter) - Kostenloser QR-Code Generator Online - CreateMy-QR",text/html; charset=utf-8,false,200,0,0,"X (Twitter) QR-Code
X (Twitter) Explorer","19
20",2,true
21,https://createmy-qr.com/no/venmo-gratis-qr-kode-generator-online,"Venmo QR Code Generator - Gratis og tilpasset | CreateMy-QR
Venmo - Gratis QR-kode Generator Online - CreateMy-QR",text/html; charset=utf-8,false,200,0,0,"Venmo QR-kode
QR-koder som faktisk fungerer","13
29",2,true
21,https://createmy-qr.com/tr/discord-ucretsiz-cevrimici-qr-kod-olusturucu,"Anlaşmazlık QR Kod Oluşturucu - Ücretsiz ve Özel | CreateMy-QR
Anlaşmazlık - Ücretsiz Çevrimiçi QR Kod Oluşturucu - CreateMy-QR",text/html; charset=utf-8,false,200,0,0,"Anlaşmazlık QR Kodu
Welcome to #welcome!","19
20",2,true
21,https://createmy-qr.com/sv/snapchat-gratis-qr-kod-generator-online,"Snapchat QR Code Generator - Gratis & anpassad | CreateMy-QR
Snapchat - Gratis QR-kod Generator Online - CreateMy-QR",text/html; charset=utf-8,false,200,0,0,"Snapchat QR-kod
QR-koder Som Faktiskt Fungerar","15
30",2,true
21,https://createmy-qr.com/es/imagen-generador-de-codigos-qr-gratis-online,"Generador de códigos QR Imagen: gratuito y personalizado | CreateMy-QR
Imagen - Generador de Códigos QR Gratis Online - CreateMy-QR",text/html; charset=utf-8,false,200,0,0,"Imagen Código QR
Códigos QR Que Realmente Funcionan","16
34",2,true
21,https://createmy-qr.com/no/amazon-gratis-qr-kode-generator-online,"Amazon QR Code Generator - Gratis og tilpasset | CreateMy-QR
Amazon - Gratis QR-kode Generator Online - CreateMy-QR",text/html; charset=utf-8,false,200,0,0,"Amazon QR-kode
QR-koder som faktisk fungerer","14
29",2,true
21,https://createmy-qr.com/fr/fichier-generateur-de-code-qr-gratuit-en-ligne,"Générateur de code QR Fichier - Gratuit et personnalisé | CreateMy-QR
Fichier - Générateur de Code QR Gratuit en Ligne - CreateMy-QR",text/html; charset=utf-8,false,200,0,0,"Fichier Code QR
Des QR Codes Qui Fonctionnent Vraiment","15
38",2,true
21,https://createmy-qr.com/whatsapp-qr-code-for-customer-support,"WhatsApp QR Code for Customer Support | CreateMy-QR
WhatsApp QR Code for Customer Support | CreateMy-QR",text/html; charset=utf-8,false,200,0,0,"WhatsApp QR Code for Customer Support
WhatsApp QR Code for Customer Support","37
37",2,true
21,https://createmy-qr.com/pl/snapchat-darmowy-generator-kodow-qr-online,"Generator kodów QR Snapchata — bezpłatny i niestandardowy | CreateMy-QR
Snapchata - Darmowy Generator Kodów QR Online - CreateMy-QR",text/html; charset=utf-8,false,200,0,0,"Snapchata Kod QR
Kody QR, Które Naprawdę Działają","16
32",2,true
21,https://createmy-qr.com/el/google-forms-dorean-dimioyrgia-qr-code-online,"Φόρμες Google QR Code Generator - Δωρεάν & Προσαρμοσμένο | CreateMy-QR
Φόρμες Google - Δωρεάν Δημιουργία QR Code Online - CreateMy-QR",text/html; charset=utf-8,false,200,0,0,"Φόρμες Google Κωδικός QR
Κωδικοί QR που λειτουργούν πραγματικά","24
37",2,true
21,https://createmy-qr.com/ms/venmo-penjana-kod-qr-percuma-dalam-talian,"Penjana Kod QR Venmo - Percuma & Tersuai | CreateMy-QR
Venmo - Penjana Kod QR Percuma Dalam Talian - CreateMy-QR",text/html; charset=utf-8,false,200,0,0,"Venmo Kod QR
Kod QR Yang Sebenarnya Berfungsi","12
32",2,true
21,https://createmy-qr.com/id/paypal-generator-qr-code-gratis-online,"PayPal Pembuat Kode QR - Gratis & Khusus | CreateMy-QR
PayPal - Generator QR Code Gratis Online - CreateMy-QR",text/html; charset=utf-8,false,200,0,0,"QR Code PayPal
QR Code yang Benar-Benar Berfungsi","14
34",2,true
21,https://createmy-qr.com/ru/snapchat-besplatnyy-generator-qr-kodov-onlayn,"Снапчат Генератор QR-кодов — бесплатный и настраиваемый | CreateMy-QR
Снапчат - Бесплатный генератор QR-кодов онлайн - CreateMy-QR",text/html; charset=utf-8,false,200,0,0,"Снапчат QR-код
QR-Коды, Которые Действительно Работают","14
39",2,true
21,https://createmy-qr.com/online-booking-qr-code,"Booking QR Code Generator - Free & Custom | CreateMy-QR
Booking - Free QR Code Generator Online - CreateMy-QR",text/html; charset=utf-8,false,200,0,0,"Booking QR Code
Premium QR Codes","15
16",2,true
21,https://createmy-qr.com/sv/arkiv-gratis-qr-kod-generator-online,"Arkiv QR Code Generator - Gratis & anpassad | CreateMy-QR
Arkiv - Gratis QR-kod Generator Online - CreateMy-QR",text/html; charset=utf-8,false,200,0,0,"Arkiv QR-kod
QR-koder Som Faktiskt Fungerar","12
30",2,true
21,https://createmy-qr.com/fi/tiedosto-ilmainen-qr-koodigeneraattori-netissa,"Tiedosto QR-koodigeneraattori - ilmainen ja räätälöity | CreateMy-QR
Tiedosto - Ilmainen QR-koodigeneraattori Netissä - CreateMy-QR",text/html; charset=utf-8,false,200,0,0,"Tiedosto QR-koodi
QR-koodit, jotka todella toimivat","17
33",2,true
21,https://createmy-qr.com/uk/posilannya-v-bio-bezkoshtovniy-generator-qr-kodiv-onlayn,"Генератор QR-коду Посилання в біо – безкоштовний і користувацький | CreateMy-QR
Посилання в біо - Безкоштовний Генератор QR-кодів Онлайн - CreateMy-QR",text/html; charset=utf-8,false,200,0,0,"Посилання в біо QR-код
QR-коди, які дійсно працюють","22
28",2,true
21,https://createmy-qr.com/fi/google-review-ilmainen-qr-koodigeneraattori-netissa,"Google-arvostelu QR-koodigeneraattori - ilmainen ja räätälöity | CreateMy-QR
Google-arvostelu - Ilmainen QR-koodigeneraattori Netissä - CreateMy-QR",text/html; charset=utf-8,false,200,0,0,"Google-arvostelu QR-koodi
QR-koodit, jotka todella toimivat","25
33",2,true
21,https://createmy-qr.com/fi/linkedin-ilmainen-qr-koodigeneraattori-netissa,"LinkedIn QR-koodigeneraattori - ilmainen ja räätälöity | CreateMy-QR
LinkedIn - Ilmainen QR-koodigeneraattori Netissä - CreateMy-QR",text/html; charset=utf-8,false,200,0,0,"LinkedIn QR-koodi
QR-koodit, jotka todella toimivat for LinkedIn","17
46",2,true
21,https://createmy-qr.com/de/buchung-kostenloser-qr-code-generator-online,"Buchung QR-Code-Generator – kostenlos und benutzerdefiniert | CreateMy-QR
Buchung - Kostenloser QR-Code Generator Online - CreateMy-QR",text/html; charset=utf-8,false,200,0,0,"Buchung QR-Code
QR-Codes, Die Wirklich Funktionieren","15
36",2,true
21,https://createmy-qr.com/th/aifl-ekhruue-ngmuue-sraangkhiw-aarokhd-nailnfrii,"ไฟล์ เครื่องสร้างโค้ด QR - ฟรีและกำหนดเอง | CreateMy-QR
ไฟล์ - เครื่องมือสร้างคิวอาร์โค้ดออนไลน์ฟรี - CreateMy-QR",text/html; charset=utf-8,false,200,0,0,"ไฟล์ รหัส QR
QR Code ที่ทำงานได้จริง","12
23",2,true
21,https://createmy-qr.com/ro/x-twitter-generator-de-coduri-qr-gratuit-online,"X (Twitter) QR Code Generator - Gratuit și personalizat | CreateMy-QR
X (Twitter) - Generator de Coduri QR Gratuit Online - CreateMy-QR",text/html; charset=utf-8,false,200,0,0,"X (Twitter) Cod QR
X (Twitter) Explorer","18
20",2,true
21,https://createmy-qr.com/uk/zobrazhennya-bezkoshtovniy-generator-qr-kodiv-onlayn,"Генератор QR-коду Зображення – безкоштовний і користувацький | CreateMy-QR
Зображення - Безкоштовний Генератор QR-кодів Онлайн - CreateMy-QR",text/html; charset=utf-8,false,200,0,0,"Зображення QR-код
QR-коди, які дійсно працюють","17
28",2,true
21,https://createmy-qr.com/pl/link-w-bio-darmowy-generator-kodow-qr-online,"Generator kodów QR Link w Bio — bezpłatny i niestandardowy | CreateMy-QR
Link w Bio - Darmowy Generator Kodów QR Online - CreateMy-QR",text/html; charset=utf-8,false,200,0,0,"Link w Bio Kod QR
Kody QR, Które Naprawdę Działają","17
32",2,true
21,https://createmy-qr.com/ru/fayl-besplatnyy-generator-qr-kodov-onlayn,"Файл Генератор QR-кодов — бесплатный и настраиваемый | CreateMy-QR
Файл - Бесплатный генератор QR-кодов онлайн - CreateMy-QR",text/html; charset=utf-8,false,200,0,0,"Файл QR-код
QR-Коды, Которые Действительно Работают","11
39",2,true
21,https://createmy-qr.com/uk/bronyuvannya-bezkoshtovniy-generator-qr-kodiv-onlayn,"Генератор QR-коду Бронювання – безкоштовний і користувацький | CreateMy-QR
Бронювання - Безкоштовний Генератор QR-кодів Онлайн - CreateMy-QR",text/html; charset=utf-8,false,200,0,0,"Бронювання QR-код
QR-коди, які дійсно працюють","17
28",2,true
21,https://createmy-qr.com/tl/larawan-libreng-online-qr-code-generator,"Larawan QR Code Generator - Libre at Custom | CreateMy-QR
Larawan - Libreng Online QR Code Generator - CreateMy-QR",text/html; charset=utf-8,false,200,0,0,"Larawan QR Code
Mga QR Code na Talagang Gumagana","15
32",2,true
21,https://createmy-qr.com/vi/video-tao-ma-qr-mien-phi-truc-tuyen,"Trình tạo mã QR Video - Miễn phí & Tùy chỉnh | CreateMy-QR
Video - Tạo Mã QR Miễn Phí Trực Tuyến - CreateMy-QR",text/html; charset=utf-8,false,200,0,0,"Video Mã QR
Mã QR Thực Sự Hoạt Động","11
23",2,true
21,https://createmy-qr.com/bn/eks-ttuittaar-phri-anlaain-kiuaar-kodd-jenaarettr,"এক্স (টুইটার) QR কোড জেনারেটর - বিনামূল্যে এবং কাস্টম | CreateMy-QR
এক্স (টুইটার) - ফ্রি অনলাইন কিউআর কোড জেনারেটর - CreateMy-QR",text/html; charset=utf-8,false,200,0,0,"এক্স (টুইটার) QR কোড
এক্স (টুইটার) Explorer","20
22",2,true
21,https://createmy-qr.com/fr/venmo-generateur-de-code-qr-gratuit-en-ligne,"Générateur de code QR Venmo - Gratuit et personnalisé | CreateMy-QR
Venmo - Générateur de Code QR Gratuit en Ligne - CreateMy-QR",text/html; charset=utf-8,false,200,0,0,"Venmo Code QR
Des QR Codes Qui Fonctionnent Vraiment","13
38",2,true
21,https://createmy-qr.com/ko/bidio-muryo-onrain-qr-kodeu-saengseonggi,"비디오 QR 코드 생성기 - 무료 및 사용자 정의 | CreateMy-QR
비디오 - 무료 온라인 QR 코드 생성기 - CreateMy-QR",text/html; charset=utf-8,false,200,0,0,"비디오 QR 코드
실제로 작동하는 QR 코드","9
14",2,true
21,https://createmy-qr.com/ar/lrbt-fy-lsyr-ldhty-mwld-rmz-lstjb-lsryaa-mjny,"الرابط في السيرة الذاتية QR Code Generator - مجاني ومخصص | CreateMy-QR
الرابط في السيرة الذاتية - مولد رمز الاستجابة السريعة مجاني - CreateMy-QR",text/html; charset=utf-8,false,200,0,0,"الرابط في السيرة الذاتية رمز QR
رموز QR تعمل فعلاً","31
18",2,true
21,https://createmy-qr.com/sv/venmo-gratis-qr-kod-generator-online,"Venmo QR Code Generator - Gratis & anpassad | CreateMy-QR
Venmo - Gratis QR-kod Generator Online - CreateMy-QR",text/html; charset=utf-8,false,200,0,0,"Venmo QR-kod
QR-koder Som Faktiskt Fungerar","12
30",2,true
21,https://createmy-qr.com/bn/phaail-berkaas-phri-anlaain-kiuaar-kodd-jenaarettr,"ফাইল/বেরকাস QR কোড জেনারেটর - বিনামূল্যে এবং কাস্টম | CreateMy-QR
ফাইল/বেরকাস - ফ্রি অনলাইন কিউআর কোড জেনারেটর - CreateMy-QR",text/html; charset=utf-8,false,200,0,0,"ফাইল/বেরকাস QR কোড
QR কোড যা আসলে কাজ করে","18
22",2,true
21,https://createmy-qr.com/sv/x-twitter-gratis-qr-kod-generator-online,"X (Twitter) QR Code Generator - Gratis & anpassad | CreateMy-QR
X (Twitter) - Gratis QR-kod Generator Online - CreateMy-QR",text/html; charset=utf-8,false,200,0,0,"X (Twitter) QR-kod
X (Twitter) Explorer","18
20",2,true
21,https://createmy-qr.com/hu/google-review-ingyenes-online-qr-kod-generator,"Google Review QR-kód generátor - ingyenes és egyedi | CreateMy-QR
Google Review - Ingyenes Online QR-kód Generátor - CreateMy-QR",text/html; charset=utf-8,false,200,0,0,"Google Review QR-kód
QR-kódok, amelyek valóban működnek","20
34",2,true
21,https://createmy-qr.com/uk/linkedin-bezkoshtovniy-generator-qr-kodiv-onlayn,"Генератор QR-коду LinkedIn – безкоштовний і користувацький | CreateMy-QR
LinkedIn - Безкоштовний Генератор QR-кодів Онлайн - CreateMy-QR",text/html; charset=utf-8,false,200,0,0,"LinkedIn QR-код
QR-коди, які дійсно працюють for LinkedIn","15
41",2,true
21,https://createmy-qr.com/vi/discord-tao-ma-qr-mien-phi-truc-tuyen,"Trình tạo mã QR Bất hòa - Miễn phí & Tùy chỉnh | CreateMy-QR
Bất hòa - Tạo Mã QR Miễn Phí Trực Tuyến - CreateMy-QR",text/html; charset=utf-8,false,200,0,0,"Bất hòa Mã QR
Welcome to #welcome!","13
20",2,true
21,https://createmy-qr.com/tl/paypal-libreng-online-qr-code-generator,"PayPal QR Code Generator - Libre at Custom | CreateMy-QR
PayPal - Libreng Online QR Code Generator - CreateMy-QR",text/html; charset=utf-8,false,200,0,0,"PayPal QR Code
Mga QR Code na Talagang Gumagana","14
32",2,true
21,https://createmy-qr.com/el/syndesmos-sto-bio-dorean-dimioyrgia-qr-code-online,"Σύνδεσμος στο Bio QR Code Generator - Δωρεάν & Προσαρμοσμένο | CreateMy-QR
Σύνδεσμος στο Bio - Δωρεάν Δημιουργία QR Code Online - CreateMy-QR",text/html; charset=utf-8,false,200,0,0,"Σύνδεσμος στο Bio Κωδικός QR
Κωδικοί QR που λειτουργούν πραγματικά","28
37",2,true
21,https://createmy-qr.com/da/linkedin-gratis-qr-kode-generator-online,"LinkedIn QR Code Generator - Gratis og brugerdefineret | CreateMy-QR
LinkedIn - Gratis QR Kode Generator Online - CreateMy-QR",text/html; charset=utf-8,false,200,0,0,"LinkedIn QR-kode
QR-koder, der faktisk virker for LinkedIn","16
41",2,true
21,https://createmy-qr.com/hi/linkedin-muph-t-onnlaain-kyuuaar-kodd-jnrettr,"लिंक्डइन QR कोड जेनरेटर - मुफ़्त और कस्टम | CreateMy-QR
लिंक्डइन - मुफ़्त ऑनलाइन क्यूआर कोड जनरेटर - CreateMy-QR",text/html; charset=utf-8,false,200,0,0,"लिंक्डइन क्यूआर कोड
QR कोड जो वास्तव में काम करते हैं for लिंक्डइन","19
46",2,true
21,https://createmy-qr.com/tr/ses-ucretsiz-cevrimici-qr-kod-olusturucu,"Ses QR Kod Oluşturucu - Ücretsiz ve Özel | CreateMy-QR
Ses - Ücretsiz Çevrimiçi QR Kod Oluşturucu - CreateMy-QR",text/html; charset=utf-8,false,200,0,0,"Ses QR Kodu
Gerçekten Çalışan QR Kodlar","11
27",2,true
21,https://createmy-qr.com/audio-qr-code-generator,"Audio QR Code Generator - Free & Custom | CreateMy-QR
Audio - Free QR Code Generator Online - CreateMy-QR",text/html; charset=utf-8,false,200,0,0,"Audio QR Code
Premium QR Codes","13
16",2,true
21,https://createmy-qr.com/nl/boeking-gratis-qr-code-generator-online,"Boeking QR-codegenerator - gratis en aangepast | CreateMy-QR
Boeking - Gratis QR Code Generator Online - CreateMy-QR",text/html; charset=utf-8,false,200,0,0,"Boeking QR-code
QR-codes Die Echt Werken","15
24",2,true
21,https://createmy-qr.com/no/google-review-gratis-qr-kode-generator-online,"Google-anmeldelse QR Code Generator - Gratis og tilpasset | CreateMy-QR
Google-anmeldelse - Gratis QR-kode Generator Online - CreateMy-QR",text/html; charset=utf-8,false,200,0,0,"Google-anmeldelse QR-kode
QR-koder som faktisk fungerer","25
29",2,true
21,https://createmy-qr.com/de/link-in-bio-kostenloser-qr-code-generator-online,"Link in Bio QR-Code-Generator – kostenlos und benutzerdefiniert | CreateMy-QR
Link in Bio - Kostenloser QR-Code Generator Online - CreateMy-QR",text/html; charset=utf-8,false,200,0,0,"Link in Bio QR-Code
QR-Codes, Die Wirklich Funktionieren","19
36",2,true
21,https://createmy-qr.com/ar/lswt-tdwyn-swty-mwld-rmz-lstjb-lsryaa-mjny,"الصوت / تدوين صوتي QR Code Generator - مجاني ومخصص | CreateMy-QR
الصوت / تدوين صوتي - مولد رمز الاستجابة السريعة مجاني - CreateMy-QR",text/html; charset=utf-8,false,200,0,0,"الصوت / تدوين صوتي رمز QR
رموز QR تعمل فعلاً","25
18",2,true
21,https://createmy-qr.com/da/google-forms-gratis-qr-kode-generator-online,"Google Forms QR Code Generator - Gratis og brugerdefineret | CreateMy-QR
Google Forms - Gratis QR Kode Generator Online - CreateMy-QR",text/html; charset=utf-8,false,200,0,0,"Google Forms QR-kode
QR-koder, der faktisk virker","20
28",2,true
21,https://createmy-qr.com/el/vinteo-dorean-dimioyrgia-qr-code-online,"Βίντεο QR Code Generator - Δωρεάν & Προσαρμοσμένο | CreateMy-QR
Βίντεο - Δωρεάν Δημιουργία QR Code Online - CreateMy-QR",text/html; charset=utf-8,false,200,0,0,"Βίντεο Κωδικός QR
Κωδικοί QR που λειτουργούν πραγματικά","17
37",2,true
21,https://createmy-qr.com/sv/paypal-gratis-qr-kod-generator-online,"PayPal QR Code Generator - Gratis & anpassad | CreateMy-QR
PayPal - Gratis QR-kod Generator Online - CreateMy-QR",text/html; charset=utf-8,false,200,0,0,"PayPal QR-kod
QR-koder Som Faktiskt Fungerar","13
30",2,true
21,https://createmy-qr.com/pl/paypal-darmowy-generator-kodow-qr-online,"Generator kodów QR PayPal — bezpłatny i niestandardowy | CreateMy-QR
PayPal - Darmowy Generator Kodów QR Online - CreateMy-QR",text/html; charset=utf-8,false,200,0,0,"PayPal Kod QR
Kody QR, Które Naprawdę Działają","13
32",2,true
21,https://createmy-qr.com/de/amazon-kostenloser-qr-code-generator-online,"Amazon QR-Code-Generator – kostenlos und benutzerdefiniert | CreateMy-QR
Amazon - Kostenloser QR-Code Generator Online - CreateMy-QR",text/html; charset=utf-8,false,200,0,0,"Amazon QR-Code
QR-Codes, Die Wirklich Funktionieren","14
36",2,true
21,https://createmy-qr.com/sv/lank-i-bio-gratis-qr-kod-generator-online,"Länk i bio QR Code Generator - Gratis & anpassad | CreateMy-QR
Länk i bio - Gratis QR-kod Generator Online - CreateMy-QR",text/html; charset=utf-8,false,200,0,0,"Länk i bio QR-kod
QR-koder Som Faktiskt Fungerar","17
30",2,true
21,https://createmy-qr.com/uk/snapchat-bezkoshtovniy-generator-qr-kodiv-onlayn,"Генератор QR-коду Snapchat – безкоштовний і користувацький | CreateMy-QR
Snapchat - Безкоштовний Генератор QR-кодів Онлайн - CreateMy-QR",text/html; charset=utf-8,false,200,0,0,"Snapchat QR-код
QR-коди, які дійсно працюють","15
28",2,true
21,https://createmy-qr.com/ar/fydyw-mwld-rmz-lstjb-lsryaa-mjny,"فيديو QR Code Generator - مجاني ومخصص | CreateMy-QR
فيديو - مولد رمز الاستجابة السريعة مجاني - CreateMy-QR",text/html; charset=utf-8,false,200,0,0,"فيديو رمز QR
رموز QR تعمل فعلاً","12
18",2,true
21,https://createmy-qr.com/da/snapchat-gratis-qr-kode-generator-online,"Snapchat QR Code Generator - Gratis og brugerdefineret | CreateMy-QR
Snapchat - Gratis QR Kode Generator Online - CreateMy-QR",text/html; charset=utf-8,false,200,0,0,"Snapchat QR-kode
QR-koder, der faktisk virker","16
28",2,true
21,https://createmy-qr.com/th/discord-ekhruue-ngmuue-sraangkhiw-aarokhd-nailnfrii,"ความไม่ลงรอยกัน เครื่องสร้างโค้ด QR - ฟรีและกำหนดเอง | CreateMy-QR
ความไม่ลงรอยกัน - เครื่องมือสร้างคิวอาร์โค้ดออนไลน์ฟรี - CreateMy-QR",text/html; charset=utf-8,false,200,0,0,"ความไม่ลงรอยกัน รหัส QR
Welcome to #welcome!","23
20",2,true
21,https://createmy-qr.com/nl/venmo-gratis-qr-code-generator-online,"Venmo QR-codegenerator - gratis en aangepast | CreateMy-QR
Venmo - Gratis QR Code Generator Online - CreateMy-QR",text/html; charset=utf-8,false,200,0,0,"Venmo QR-code
QR-codes Die Echt Werken","13
24",2,true
21,https://createmy-qr.com/hu/snapchat-ingyenes-online-qr-kod-generator,"Snapchat QR-kód generátor - ingyenes és egyedi | CreateMy-QR
Snapchat - Ingyenes Online QR-kód Generátor - CreateMy-QR",text/html; charset=utf-8,false,200,0,0,"Snapchat QR-kód
QR-kódok, amelyek valóban működnek","15
34",2,true
21,https://createmy-qr.com/hu/linkedin-ingyenes-online-qr-kod-generator,"LinkedIn QR-kód generátor - ingyenes és egyedi | CreateMy-QR
LinkedIn - Ingyenes Online QR-kód Generátor - CreateMy-QR",text/html; charset=utf-8,false,200,0,0,"LinkedIn QR-kód
QR-kódok, amelyek valóban működnek for LinkedIn","15
47",2,true
21,https://createmy-qr.com/hi/snapchat-muph-t-onnlaain-kyuuaar-kodd-jnrettr,"स्नैपचैट QR कोड जेनरेटर - मुफ़्त और कस्टम | CreateMy-QR
स्नैपचैट - मुफ़्त ऑनलाइन क्यूआर कोड जनरेटर - CreateMy-QR",text/html; charset=utf-8,false,200,0,0,"स्नैपचैट क्यूआर कोड
QR कोड जो वास्तव में काम करते हैं","19
33",2,true
21,https://createmy-qr.com/video-qr-code-generator,"Video QR Code Generator - Free & Custom | CreateMy-QR
Video - Free QR Code Generator Online - CreateMy-QR",text/html; charset=utf-8,false,200,0,0,"Video QR Code
Premium QR Codes","13
16",2,true
21,https://createmy-qr.com/pl/wideo-darmowy-generator-kodow-qr-online,"Generator kodów QR Wideo — bezpłatny i niestandardowy | CreateMy-QR
Wideo - Darmowy Generator Kodów QR Online - CreateMy-QR",text/html; charset=utf-8,false,200,0,0,"Wideo Kod QR
Kody QR, Które Naprawdę Działają","12
32",2,true
21,https://createmy-qr.com/hi/onddiyo-muph-t-onnlaain-kyuuaar-kodd-jnrettr,"ऑडियो QR कोड जेनरेटर - मुफ़्त और कस्टम | CreateMy-QR
ऑडियो - मुफ़्त ऑनलाइन क्यूआर कोड जनरेटर - CreateMy-QR",text/html; charset=utf-8,false,200,0,0,"ऑडियो क्यूआर कोड
QR कोड जो वास्तव में काम करते हैं","16
33",2,true
21,https://createmy-qr.com/pl/google-review-darmowy-generator-kodow-qr-online,"Generator kodów QR Recenzja Google — bezpłatny i niestandardowy | CreateMy-QR
Recenzja Google - Darmowy Generator Kodów QR Online - CreateMy-QR",text/html; charset=utf-8,false,200,0,0,"Recenzja Google Kod QR
Kody QR, Które Naprawdę Działają","22
32",2,true
21,https://createmy-qr.com/id/discord-generator-qr-code-gratis-online,"Perselisihan Pembuat Kode QR - Gratis & Khusus | CreateMy-QR
Perselisihan - Generator QR Code Gratis Online - CreateMy-QR",text/html; charset=utf-8,false,200,0,0,"QR Code Perselisihan
Welcome to #welcome!","20
20",2,true
21,https://createmy-qr.com/sv/google-review-gratis-qr-kod-generator-online,"Google Review QR Code Generator - Gratis & anpassad | CreateMy-QR
Google Review - Gratis QR-kod Generator Online - CreateMy-QR",text/html; charset=utf-8,false,200,0,0,"Google Review QR-kod
QR-koder Som Faktiskt Fungerar","20
30",2,true
21,https://createmy-qr.com/tr/google-forms-ucretsiz-cevrimici-qr-kod-olusturucu,"Google Formları QR Kod Oluşturucu - Ücretsiz ve Özel | CreateMy-QR
Google Formları - Ücretsiz Çevrimiçi QR Kod Oluşturucu - CreateMy-QR",text/html; charset=utf-8,false,200,0,0,"Google Formları QR Kodu
Gerçekten Çalışan QR Kodlar","23
27",2,true
21,https://createmy-qr.com/id/google-forms-generator-qr-code-gratis-online,"Google Formulir Pembuat Kode QR - Gratis & Khusus | CreateMy-QR
Google Formulir - Generator QR Code Gratis Online - CreateMy-QR",text/html; charset=utf-8,false,200,0,0,"QR Code Google Formulir
QR Code yang Benar-Benar Berfungsi","23
34",2,true
21,https://createmy-qr.com/it/google-review-generatore-di-codici-qr-gratis-online,"Generatore di codici QR Recensione Google - Gratuito e personalizzato | CreateMy-QR
Recensione Google - Generatore di Codici QR Gratis Online - CreateMy-QR",text/html; charset=utf-8,false,200,0,0,"Recensione Google Codice QR
Codici QR Che Funzionano Davvero","27
32",2,true
21,https://createmy-qr.com/ru/bronirovanie-besplatnyy-generator-qr-kodov-onlayn,"Бронирование Генератор QR-кодов — бесплатный и настраиваемый | CreateMy-QR
Бронирование - Бесплатный генератор QR-кодов онлайн - CreateMy-QR",text/html; charset=utf-8,false,200,0,0,"Бронирование QR-код
QR-Коды, Которые Действительно Работают","19
39",2,true
21,https://createmy-qr.com/fi/linkki-biossa-ilmainen-qr-koodigeneraattori-netissa,"Linkki Biossa QR-koodigeneraattori - ilmainen ja räätälöity | CreateMy-QR
Linkki Biossa - Ilmainen QR-koodigeneraattori Netissä - CreateMy-QR",text/html; charset=utf-8,false,200,0,0,"Linkki Biossa QR-koodi
QR-koodit, jotka todella toimivat","22
33",2,true
21,https://createmy-qr.com/zh/google-forms-mian-fei-zai-xian-er-wei-ma-sheng-cheng-qi,"谷歌表格 QR 代码生成器 - 免费和自定义 | CreateMy-QR
谷歌表格 - 免费在线二维码生成器 - CreateMy-QR",text/html; charset=utf-8,false,200,0,0,"谷歌表格二维码
真正有效的二维码","7
8",2,true
21,https://createmy-qr.com/de/pdf-kostenloser-qr-code-generator-online,"PDF QR-Code-Generator – kostenlos und benutzerdefiniert | CreateMy-QR
PDF - Kostenloser QR-Code Generator Online - CreateMy-QR",text/html; charset=utf-8,false,200,0,0,"PDF QR-Code
QR-Codes, Die Wirklich Funktionieren","11
36",2,true
21,https://createmy-qr.com/th/linkedin-ekhruue-ngmuue-sraangkhiw-aarokhd-nailnfrii,"ลิงค์อิน เครื่องสร้างโค้ด QR - ฟรีและกำหนดเอง | CreateMy-QR
ลิงค์อิน - เครื่องมือสร้างคิวอาร์โค้ดออนไลน์ฟรี - CreateMy-QR",text/html; charset=utf-8,false,200,0,0,"ลิงค์อิน รหัส QR
QR Code ที่ทำงานได้จริง for ลิงค์อิน","16
36",2,true
21,https://createmy-qr.com/nl/link-in-bio-gratis-qr-code-generator-online,"Link in bio QR-codegenerator - gratis en aangepast | CreateMy-QR
Link in bio - Gratis QR Code Generator Online - CreateMy-QR",text/html; charset=utf-8,false,200,0,0,"Link in bio QR-code
QR-codes Die Echt Werken","19
24",2,true
21,https://createmy-qr.com/ja/amazon-wu-liao-qrkodozuo-cheng-zienereta,"アマゾン QR コード ジェネレーター - 無料 & カスタム | CreateMy-QR
アマゾン - 無料QRコード作成・ジェネレーター - CreateMy-QR",text/html; charset=utf-8,false,200,0,0,"アマゾン QR コード
本当に機能するQRコード","11
12",2,true
21,https://createmy-qr.com/zh/yu-ding-mian-fei-zai-xian-er-wei-ma-sheng-cheng-qi,"预订 QR 代码生成器 - 免费和自定义 | CreateMy-QR
预订 - 免费在线二维码生成器 - CreateMy-QR",text/html; charset=utf-8,false,200,0,0,"预订二维码
真正有效的二维码","5
8",2,true
21,https://createmy-qr.com/fi/video-ilmainen-qr-koodigeneraattori-netissa,"Video QR-koodigeneraattori - ilmainen ja räätälöity | CreateMy-QR
Video - Ilmainen QR-koodigeneraattori Netissä - CreateMy-QR",text/html; charset=utf-8,false,200,0,0,"Video QR-koodi
QR-koodit, jotka todella toimivat","14
33",2,true
21,https://createmy-qr.com/pl/x-twitter-darmowy-generator-kodow-qr-online,"Generator kodów QR X (Twitter) — bezpłatny i niestandardowy | CreateMy-QR
X (Twitter) - Darmowy Generator Kodów QR Online - CreateMy-QR",text/html; charset=utf-8,false,200,0,0,"X (Twitter) Kod QR
X (Twitter) Explorer","18
20",2,true
21,https://createmy-qr.com/cs/x-twitter-zdarma-online-generator-qr-kodu,"X (Twitter) generátor QR kódu – zdarma a na míru | CreateMy-QR
X (Twitter) - Zdarma Online Generátor QR Kódů - CreateMy-QR",text/html; charset=utf-8,false,200,0,0,"X (Twitter) QR kód
X (Twitter) Explorer","18
20",2,true
21,https://createmy-qr.com/nl/snapchat-gratis-qr-code-generator-online,"Snapchat QR-codegenerator - gratis en aangepast | CreateMy-QR
Snapchat - Gratis QR Code Generator Online - CreateMy-QR",text/html; charset=utf-8,false,200,0,0,"Snapchat QR-code
QR-codes Die Echt Werken","16
24",2,true
21,https://createmy-qr.com/pl/linkedin-darmowy-generator-kodow-qr-online,"Generator kodów QR LinkedIn — bezpłatny i niestandardowy | CreateMy-QR
LinkedIn - Darmowy Generator Kodów QR Online - CreateMy-QR",text/html; charset=utf-8,false,200,0,0,"LinkedIn Kod QR
Kody QR, Które Naprawdę Działają for LinkedIn","15
45",2,true
21,https://createmy-qr.com/ro/rezervare-generator-de-coduri-qr-gratuit-online,"Rezervare QR Code Generator - Gratuit și personalizat | CreateMy-QR
Rezervare - Generator de Coduri QR Gratuit Online - CreateMy-QR",text/html; charset=utf-8,false,200,0,0,"Rezervare Cod QR
Coduri QR care funcționează de fapt","16
35",2,true
21,https://createmy-qr.com/no/fil-gratis-qr-kode-generator-online,"Fil QR Code Generator - Gratis og tilpasset | CreateMy-QR
Fil - Gratis QR-kode Generator Online - CreateMy-QR",text/html; charset=utf-8,false,200,0,0,"Fil QR-kode
QR-koder som faktisk fungerer","11
29",2,true
21,https://createmy-qr.com/th/lingainaibo-ekhruue-ngmuue-sraangkhiw-aarokhd-nailnfrii,"ลิ้งในไบโอ เครื่องสร้างโค้ด QR - ฟรีและกำหนดเอง | CreateMy-QR
ลิ้งในไบโอ - เครื่องมือสร้างคิวอาร์โค้ดออนไลน์ฟรี - CreateMy-QR",text/html; charset=utf-8,false,200,0,0,"ลิ้งในไบโอ รหัส QR
QR Code ที่ทำงานได้จริง","18
23",2,true
21,https://createmy-qr.com/hu/x-twitter-ingyenes-online-qr-kod-generator,"X / Twitter QR-kód generátor - ingyenes és egyedi | CreateMy-QR
X / Twitter - Ingyenes Online QR-kód Generátor - CreateMy-QR",text/html; charset=utf-8,false,200,0,0,"X / Twitter QR-kód
X / Twitter Explorer","18
20",2,true
21,https://createmy-qr.com/da/video-gratis-qr-kode-generator-online,"Video QR Code Generator - Gratis og brugerdefineret | CreateMy-QR
Video - Gratis QR Kode Generator Online - CreateMy-QR",text/html; charset=utf-8,false,200,0,0,"Video QR-kode
QR-koder, der faktisk virker","13
28",2,true
21,https://createmy-qr.com/hi/baayo-men-link-muph-t-onnlaain-kyuuaar-kodd-jnrettr,"बायो में लिंक QR कोड जेनरेटर - मुफ़्त और कस्टम | CreateMy-QR
बायो में लिंक - मुफ़्त ऑनलाइन क्यूआर कोड जनरेटर - CreateMy-QR",text/html; charset=utf-8,false,200,0,0,"बायो में लिंक क्यूआर कोड
QR कोड जो वास्तव में काम करते हैं","24
33",2,true
21,https://createmy-qr.com/ru/google-review-besplatnyy-generator-qr-kodov-onlayn,"Обзор Google Генератор QR-кодов — бесплатный и настраиваемый | CreateMy-QR
Обзор Google - Бесплатный генератор QR-кодов онлайн - CreateMy-QR",text/html; charset=utf-8,false,200,0,0,"Обзор Google QR-код
QR-Коды, Которые Действительно Работают","19
39",2,true
21,https://createmy-qr.com/vi/lien-ket-trong-bio-tao-ma-qr-mien-phi-truc-tuyen,"Trình tạo mã QR Liên kết trong Bio - Miễn phí & Tùy chỉnh | CreateMy-QR
Liên kết trong Bio - Tạo Mã QR Miễn Phí Trực Tuyến - CreateMy-QR",text/html; charset=utf-8,false,200,0,0,"Liên kết trong Bio Mã QR
Mã QR Thực Sự Hoạt Động","24
23",2,true
21,https://createmy-qr.com/cs/soubor-berkas-zdarma-online-generator-qr-kodu,"Soubor / Berkas generátor QR kódu – zdarma a na míru | CreateMy-QR
Soubor / Berkas - Zdarma Online Generátor QR Kódů - CreateMy-QR",text/html; charset=utf-8,false,200,0,0,"Soubor / Berkas QR kód
QR kódy, které skutečně fungují","22
31",2,true
21,https://createmy-qr.com/pt/google-review-gerador-de-codigo-qr-gratis-online,"Gerador de código QR Revisão do Google - gratuito e personalizado | CreateMy-QR
Revisão do Google - Gerador de Código QR Grátis Online - CreateMy-QR",text/html; charset=utf-8,false,200,0,0,"Revisão do Google Código QR
Códigos QR Que Realmente Funcionam","27
34",2,true
21,https://createmy-qr.com/es/paypal-generador-de-codigos-qr-gratis-online,"Generador de códigos QR PayPal: gratuito y personalizado | CreateMy-QR
PayPal - Generador de Códigos QR Gratis Online - CreateMy-QR",text/html; charset=utf-8,false,200,0,0,"PayPal Código QR
Códigos QR Que Realmente Funcionan","16
34",2,true
21,https://createmy-qr.com/bn/addio-pddkaastt-phri-anlaain-kiuaar-kodd-jenaarettr,"অডিও/পডকাস্ট QR কোড জেনারেটর - বিনামূল্যে এবং কাস্টম | CreateMy-QR
অডিও/পডকাস্ট - ফ্রি অনলাইন কিউআর কোড জেনারেটর - CreateMy-QR",text/html; charset=utf-8,false,200,0,0,"অডিও/পডকাস্ট QR কোড
QR কোড যা আসলে কাজ করে","19
22",2,true
21,https://createmy-qr.com/uk/paypal-bezkoshtovniy-generator-qr-kodiv-onlayn,"Генератор QR-коду PayPal – безкоштовний і користувацький | CreateMy-QR
PayPal - Безкоштовний Генератор QR-кодів Онлайн - CreateMy-QR",text/html; charset=utf-8,false,200,0,0,"PayPal QR-код
QR-коди, які дійсно працюють","13
28",2,true
21,https://createmy-qr.com/pt/audio-gerador-de-codigo-qr-gratis-online,"Gerador de código QR Áudio - gratuito e personalizado | CreateMy-QR
Áudio - Gerador de Código QR Grátis Online - CreateMy-QR",text/html; charset=utf-8,false,200,0,0,"Áudio Código QR
Códigos QR Que Realmente Funcionam","15
34",2,true
21,https://createmy-qr.com/ms/snapchat-penjana-kod-qr-percuma-dalam-talian,"Penjana Kod QR Snapchat - Percuma & Tersuai | CreateMy-QR
Snapchat - Penjana Kod QR Percuma Dalam Talian - CreateMy-QR",text/html; charset=utf-8,false,200,0,0,"Snapchat Kod QR
Kod QR Yang Sebenarnya Berfungsi","15
32",2,true
21,https://createmy-qr.com/ar/amazon-mwld-rmz-lstjb-lsryaa-mjny,"أمازون QR Code Generator - مجاني ومخصص | CreateMy-QR
أمازون - مولد رمز الاستجابة السريعة مجاني - CreateMy-QR",text/html; charset=utf-8,false,200,0,0,"أمازون رمز QR
رموز QR تعمل فعلاً","13
18",2,true
21,https://createmy-qr.com/ro/audio-generator-de-coduri-qr-gratuit-online,"Audio QR Code Generator - Gratuit și personalizat | CreateMy-QR
Audio - Generator de Coduri QR Gratuit Online - CreateMy-QR",text/html; charset=utf-8,false,200,0,0,"Audio Cod QR
Coduri QR care funcționează de fapt","12
35",2,true
21,https://createmy-qr.com/es/google-review-generador-de-codigos-qr-gratis-online,"Generador de códigos QR Revisión de Google: gratuito y personalizado | CreateMy-QR
Revisión de Google - Generador de Códigos QR Gratis Online - CreateMy-QR",text/html; charset=utf-8,false,200,0,0,"Revisión de Google Código QR
Códigos QR Que Realmente Funcionan","28
34",2,true
21,https://createmy-qr.com/tl/x-twitter-libreng-online-qr-code-generator,"X (Twitter) QR Code Generator - Libre at Custom | CreateMy-QR
X (Twitter) - Libreng Online QR Code Generator - CreateMy-QR",text/html; charset=utf-8,false,200,0,0,"X (Twitter) QR Code
X (Twitter) Explorer","19
20",2,true
21,https://createmy-qr.com/ko/venmo-muryo-onrain-qr-kodeu-saengseonggi,"벤모 QR 코드 생성기 - 무료 및 사용자 정의 | CreateMy-QR
벤모 - 무료 온라인 QR 코드 생성기 - CreateMy-QR",text/html; charset=utf-8,false,200,0,0,"벤모 QR 코드
실제로 작동하는 QR 코드","8
14",2,true
21,https://createmy-qr.com/ar/venmo-mwld-rmz-lstjb-lsryaa-mjny,"فينمو QR Code Generator - مجاني ومخصص | CreateMy-QR
فينمو - مولد رمز الاستجابة السريعة مجاني - CreateMy-QR",text/html; charset=utf-8,false,200,0,0,"فينمو رمز QR
رموز QR تعمل فعلاً","12
18",2,true
21,https://createmy-qr.com/pl/dzwiek-darmowy-generator-kodow-qr-online,"Generator kodów QR Dźwięk — bezpłatny i niestandardowy | CreateMy-QR
Dźwięk - Darmowy Generator Kodów QR Online - CreateMy-QR",text/html; charset=utf-8,false,200,0,0,"Dźwięk Kod QR
Kody QR, Które Naprawdę Działają","13
32",2,true
21,https://createmy-qr.com/tr/dosya-ucretsiz-cevrimici-qr-kod-olusturucu,"Dosya QR Kod Oluşturucu - Ücretsiz ve Özel | CreateMy-QR
Dosya - Ücretsiz Çevrimiçi QR Kod Oluşturucu - CreateMy-QR",text/html; charset=utf-8,false,200,0,0,"Dosya QR Kodu
Gerçekten Çalışan QR Kodlar","13
27",2,true
21,https://createmy-qr.com/hi/venmo-muph-t-onnlaain-kyuuaar-kodd-jnrettr,"वेनमो QR कोड जेनरेटर - मुफ़्त और कस्टम | CreateMy-QR
वेनमो - मुफ़्त ऑनलाइन क्यूआर कोड जनरेटर - CreateMy-QR",text/html; charset=utf-8,false,200,0,0,"वेनमो क्यूआर कोड
QR कोड जो वास्तव में काम करते हैं","16
33",2,true
21,https://createmy-qr.com/pt/arquivo-gerador-de-codigo-qr-gratis-online,"Gerador de código QR Arquivo - gratuito e personalizado | CreateMy-QR
Arquivo - Gerador de Código QR Grátis Online - CreateMy-QR",text/html; charset=utf-8,false,200,0,0,"Arquivo Código QR
Códigos QR Que Realmente Funcionam","17
34",2,true
21,https://createmy-qr.com/ro/video-generator-de-coduri-qr-gratuit-online,"Video QR Code Generator - Gratuit și personalizat | CreateMy-QR
Video - Generator de Coduri QR Gratuit Online - CreateMy-QR",text/html; charset=utf-8,false,200,0,0,"Video Cod QR
Coduri QR care funcționează de fapt","12
35",2,true
21,https://createmy-qr.com/de/bild-kostenloser-qr-code-generator-online,"Bild QR-Code-Generator – kostenlos und benutzerdefiniert | CreateMy-QR
Bild - Kostenloser QR-Code Generator Online - CreateMy-QR",text/html; charset=utf-8,false,200,0,0,"Bild QR-Code
QR-Codes, Die Wirklich Funktionieren","12
36",2,true
21,https://createmy-qr.com/de/paypal-kostenloser-qr-code-generator-online,"PayPal QR-Code-Generator – kostenlos und benutzerdefiniert | CreateMy-QR
PayPal - Kostenloser QR-Code Generator Online - CreateMy-QR",text/html; charset=utf-8,false,200,0,0,"PayPal QR-Code
QR-Codes, Die Wirklich Funktionieren","14
36",2,true
21,https://createmy-qr.com/ro/fisier-generator-de-coduri-qr-gratuit-online,"Fișier QR Code Generator - Gratuit și personalizat | CreateMy-QR
Fișier - Generator de Coduri QR Gratuit Online - CreateMy-QR",text/html; charset=utf-8,false,200,0,0,"Fișier Cod QR
Coduri QR care funcționează de fapt","13
35",2,true
21,https://createmy-qr.com/fr/google-forms-generateur-de-code-qr-gratuit-en-ligne,"Générateur de code QR Formulaires Google - Gratuit et personnalisé | CreateMy-QR
Formulaires Google - Générateur de Code QR Gratuit en Ligne - CreateMy-QR",text/html; charset=utf-8,false,200,0,0,"Formulaires Google Code QR
Des QR Codes Qui Fonctionnent Vraiment","26
38",2,true
21,https://createmy-qr.com/zh/sheng-wu-lian-jie-mian-fei-zai-xian-er-wei-ma-sheng-cheng-qi,"生物链接 QR 代码生成器 - 免费和自定义 | CreateMy-QR
生物链接 - 免费在线二维码生成器 - CreateMy-QR",text/html; charset=utf-8,false,200,0,0,"生物链接二维码
真正有效的二维码","7
8",2,true
21,https://createmy-qr.com/youtube-qr-code-for-product-manuals,"YouTube Video QR Code for Product Manuals | CreateMy-QR
YouTube Video QR Code for Product Manuals | CreateMy-QR",text/html; charset=utf-8,false,200,0,0,"YouTube Video QR Code for Product Manuals
YouTube Video QR Code for Product Manuals","41
41",2,true
21,https://createmy-qr.com/it/link-nella-biografia-generatore-di-codici-qr-gratis-online,"Generatore di codici QR Link nella biografia - Gratuito e personalizzato | CreateMy-QR
Link nella biografia - Generatore di Codici QR Gratis Online - CreateMy-QR",text/html; charset=utf-8,false,200,0,0,"Link nella biografia Codice QR
Codici QR Che Funzionano Davvero","30
32",2,true
21,https://createmy-qr.com/bn/baay-ote-lingk-phri-anlaain-kiuaar-kodd-jenaarettr,"বায়োতে ​​লিঙ্ক QR কোড জেনারেটর - বিনামূল্যে এবং কাস্টম | CreateMy-QR
বায়োতে ​​লিঙ্ক - ফ্রি অনলাইন কিউআর কোড জেনারেটর - CreateMy-QR",text/html; charset=utf-8,false,200,0,0,"বায়োতে ​​লিঙ্ক QR কোড
QR কোড যা আসলে কাজ করে","22
22",2,true
21,https://createmy-qr.com/fi/varaus-ilmainen-qr-koodigeneraattori-netissa,"Varaus QR-koodigeneraattori - ilmainen ja räätälöity | CreateMy-QR
Varaus - Ilmainen QR-koodigeneraattori Netissä - CreateMy-QR",text/html; charset=utf-8,false,200,0,0,"Varaus QR-koodi
QR-koodit, jotka todella toimivat","15
33",2,true
21,https://createmy-qr.com/zh/venmo-mian-fei-zai-xian-er-wei-ma-sheng-cheng-qi,"文莫 QR 代码生成器 - 免费和自定义 | CreateMy-QR
文莫 - 免费在线二维码生成器 - CreateMy-QR",text/html; charset=utf-8,false,200,0,0,"文莫二维码
真正有效的二维码","5
8",2,true
21,https://createmy-qr.com/de/datei-kostenloser-qr-code-generator-online,"Datei QR-Code-Generator – kostenlos und benutzerdefiniert | CreateMy-QR
Datei - Kostenloser QR-Code Generator Online - CreateMy-QR",text/html; charset=utf-8,false,200,0,0,"Datei QR-Code
QR-Codes, Die Wirklich Funktionieren","13
36",2,true
21,https://createmy-qr.com/es/pdf-generador-de-codigos-qr-gratis-online,"Generador de códigos QR PDF: gratuito y personalizado | CreateMy-QR
PDF - Generador de Códigos QR Gratis Online - CreateMy-QR",text/html; charset=utf-8,false,200,0,0,"PDF Código QR
Códigos QR Que Realmente Funcionan","13
34",2,true
21,https://createmy-qr.com/ko/amazon-muryo-onrain-qr-kodeu-saengseonggi,"아마존 QR 코드 생성기 - 무료 및 사용자 정의 | CreateMy-QR
아마존 - 무료 온라인 QR 코드 생성기 - CreateMy-QR",text/html; charset=utf-8,false,200,0,0,"아마존 QR 코드
실제로 작동하는 QR 코드","9
14",2,true
21,https://createmy-qr.com/de/linkedin-kostenloser-qr-code-generator-online,"LinkedIn QR-Code-Generator – kostenlos und benutzerdefiniert | CreateMy-QR
LinkedIn - Kostenloser QR-Code Generator Online - CreateMy-QR",text/html; charset=utf-8,false,200,0,0,"LinkedIn QR-Code
QR-Codes, Die Wirklich Funktionieren for LinkedIn","16
49",2,true
21,https://createmy-qr.com/ro/venmo-generator-de-coduri-qr-gratuit-online,"Venmo QR Code Generator - Gratuit și personalizat | CreateMy-QR
Venmo - Generator de Coduri QR Gratuit Online - CreateMy-QR",text/html; charset=utf-8,false,200,0,0,"Venmo Cod QR
Coduri QR care funcționează de fapt","12
35",2,true
21,https://createmy-qr.com/da/google-review-gratis-qr-kode-generator-online,"Google anmeldelse QR Code Generator - Gratis og brugerdefineret | CreateMy-QR
Google anmeldelse - Gratis QR Kode Generator Online - CreateMy-QR",text/html; charset=utf-8,false,200,0,0,"Google anmeldelse QR-kode
QR-koder, der faktisk virker","25
28",2,true
21,https://createmy-qr.com/bn/amazon-phri-anlaain-kiuaar-kodd-jenaarettr,"আমাজন QR কোড জেনারেটর - বিনামূল্যে এবং কাস্টম | CreateMy-QR
আমাজন - ফ্রি অনলাইন কিউআর কোড জেনারেটর - CreateMy-QR",text/html; charset=utf-8,false,200,0,0,"আমাজন QR কোড
QR কোড যা আসলে কাজ করে","12
22",2,true
21,https://createmy-qr.com/ru/izobrazhenie-besplatnyy-generator-qr-kodov-onlayn,"Изображение Генератор QR-кодов — бесплатный и настраиваемый | CreateMy-QR
Изображение - Бесплатный генератор QR-кодов онлайн - CreateMy-QR",text/html; charset=utf-8,false,200,0,0,"Изображение QR-код
QR-Коды, Которые Действительно Работают","18
39",2,true
21,https://createmy-qr.com/ms/discord-penjana-kod-qr-percuma-dalam-talian,"Penjana Kod QR Perselisihan - Percuma & Tersuai | CreateMy-QR
Perselisihan - Penjana Kod QR Percuma Dalam Talian - CreateMy-QR",text/html; charset=utf-8,false,200,0,0,"Perselisihan Kod QR
Welcome to #welcome!","19
20",2,true
21,https://createmy-qr.com/cs/galerie-obrazku-zdarma-online-generator-qr-kodu,"Galerie obrázků generátor QR kódu – zdarma a na míru | CreateMy-QR
Galerie obrázků - Zdarma Online Generátor QR Kódů - CreateMy-QR",text/html; charset=utf-8,false,200,0,0,"Galerie obrázků QR kód
QR kódy, které skutečně fungují","22
31",2,true
21,https://createmy-qr.com/ko/yagryeoge-ringkeu-muryo-onrain-qr-kodeu-saengseonggi,"약력에 링크 QR 코드 생성기 - 무료 및 사용자 정의 | CreateMy-QR
약력에 링크 - 무료 온라인 QR 코드 생성기 - CreateMy-QR",text/html; charset=utf-8,false,200,0,0,"약력에 링크 QR 코드
실제로 작동하는 QR 코드","12
14",2,true
21,https://createmy-qr.com/hu/paypal-ingyenes-online-qr-kod-generator,"PayPal QR-kód generátor - ingyenes és egyedi | CreateMy-QR
PayPal - Ingyenes Online QR-kód Generátor - CreateMy-QR",text/html; charset=utf-8,false,200,0,0,"PayPal QR-kód
QR-kódok, amelyek valóban működnek","13
34",2,true
21,https://createmy-qr.com/ja/odeio-wu-liao-qrkodozuo-cheng-zienereta,"オーディオ QR コード ジェネレーター - 無料 & カスタム | CreateMy-QR
オーディオ - 無料QRコード作成・ジェネレーター - CreateMy-QR",text/html; charset=utf-8,false,200,0,0,"オーディオ QR コード
本当に機能するQRコード","12
12",2,true
21,https://createmy-qr.com/fi/kuva-ilmainen-qr-koodigeneraattori-netissa,"Kuva QR-koodigeneraattori - ilmainen ja räätälöity | CreateMy-QR
Kuva - Ilmainen QR-koodigeneraattori Netissä - CreateMy-QR",text/html; charset=utf-8,false,200,0,0,"Kuva QR-koodi
QR-koodit, jotka todella toimivat","13
33",2,true
21,https://createmy-qr.com/es/enlace-en-biografia-generador-de-codigos-qr-gratis-online,"Generador de códigos QR Enlace en biografía: gratuito y personalizado | CreateMy-QR
Enlace en biografía - Generador de Códigos QR Gratis Online - CreateMy-QR",text/html; charset=utf-8,false,200,0,0,"Enlace en biografía Código QR
Códigos QR Que Realmente Funcionan","29
34",2,true
21,https://createmy-qr.com/it/venmo-generatore-di-codici-qr-gratis-online,"Generatore di codici QR Venmo - Gratuito e personalizzato | CreateMy-QR
Venmo - Generatore di Codici QR Gratis Online - CreateMy-QR",text/html; charset=utf-8,false,200,0,0,"Venmo Codice QR
Codici QR Che Funzionano Davvero","15
32",2,true
21,https://createmy-qr.com/ja/zi-ji-shao-jie-nei-norinku-wu-liao-qrkodozuo-cheng-zienereta,"自己紹介内のリンク QR コード ジェネレーター - 無料 & カスタム | CreateMy-QR
自己紹介内のリンク - 無料QRコード作成・ジェネレーター - CreateMy-QR",text/html; charset=utf-8,false,200,0,0,"自己紹介内のリンク QR コード
本当に機能するQRコード","16
12",2,true
21,https://createmy-qr.com/ar/ks-twytr-mwld-rmz-lstjb-lsryaa-mjny,"اكس (تويتر) QR Code Generator - مجاني ومخصص | CreateMy-QR
اكس (تويتر) - مولد رمز الاستجابة السريعة مجاني - CreateMy-QR",text/html; charset=utf-8,false,200,0,0,"اكس (تويتر) رمز QR
اكس (تويتر) Explorer","18
20",2,true
21,https://createmy-qr.com/linkedin-qr-code-generator,"LinkedIn QR Code Generator - Free & Custom | CreateMy-QR
LinkedIn - Free QR Code Generator Online - CreateMy-QR",text/html; charset=utf-8,false,200,0,0,"LinkedIn QR Code
Premium QR Codes for LinkedIn","16
29",2,true
21,https://createmy-qr.com/ko/egseu-teuwiteo-muryo-onrain-qr-kodeu-saengseonggi,"엑스(트위터) QR 코드 생성기 - 무료 및 사용자 정의 | CreateMy-QR
엑스(트위터) - 무료 온라인 QR 코드 생성기 - CreateMy-QR",text/html; charset=utf-8,false,200,0,0,"엑스(트위터) QR 코드
엑스(트위터) Explorer","13
16",2,true
21,https://createmy-qr.com/zh/yin-pin-mian-fei-zai-xian-er-wei-ma-sheng-cheng-qi,"音频 QR 代码生成器 - 免费和自定义 | CreateMy-QR
音频 - 免费在线二维码生成器 - CreateMy-QR",text/html; charset=utf-8,false,200,0,0,"音频二维码
真正有效的二维码","5
8",2,true
21,https://createmy-qr.com/bn/linkedin-phri-anlaain-kiuaar-kodd-jenaarettr,"লিঙ্কডইন QR কোড জেনারেটর - বিনামূল্যে এবং কাস্টম | CreateMy-QR
লিঙ্কডইন - ফ্রি অনলাইন কিউআর কোড জেনারেটর - CreateMy-QR",text/html; charset=utf-8,false,200,0,0,"লিঙ্কডইন QR কোড
QR কোড যা আসলে কাজ করে for লিঙ্কডইন","15
35",2,true
21,https://createmy-qr.com/th/cch-ng-ekhruue-ngmuue-sraangkhiw-aarokhd-nailnfrii,"จอง เครื่องสร้างโค้ด QR - ฟรีและกำหนดเอง | CreateMy-QR
จอง - เครื่องมือสร้างคิวอาร์โค้ดออนไลน์ฟรี - CreateMy-QR",text/html; charset=utf-8,false,200,0,0,"จอง รหัส QR
QR Code ที่ทำงานได้จริง","11
23",2,true
21,https://createmy-qr.com/el/ihos-dorean-dimioyrgia-qr-code-online,"Ήχος QR Code Generator - Δωρεάν & Προσαρμοσμένο | CreateMy-QR
Ήχος - Δωρεάν Δημιουργία QR Code Online - CreateMy-QR",text/html; charset=utf-8,false,200,0,0,"Ήχος Κωδικός QR
Κωδικοί QR που λειτουργούν πραγματικά","15
37",2,true
21,https://createmy-qr.com/ru/amazon-besplatnyy-generator-qr-kodov-onlayn,"Амазонка Генератор QR-кодов — бесплатный и настраиваемый | CreateMy-QR
Амазонка - Бесплатный генератор QR-кодов онлайн - CreateMy-QR",text/html; charset=utf-8,false,200,0,0,"Амазонка QR-код
QR-Коды, Которые Действительно Работают","15
39",2,true
21,https://createmy-qr.com/da/x-twitter-gratis-qr-kode-generator-online,"X (Twitter) QR Code Generator - Gratis og brugerdefineret | CreateMy-QR
X (Twitter) - Gratis QR Kode Generator Online - CreateMy-QR",text/html; charset=utf-8,false,200,0,0,"X (Twitter) QR-kode
X (Twitter) Explorer","19
20",2,true
21,https://createmy-qr.com/ms/paypal-penjana-kod-qr-percuma-dalam-talian,"Penjana Kod QR PayPal - Percuma & Tersuai | CreateMy-QR
PayPal - Penjana Kod QR Percuma Dalam Talian - CreateMy-QR",text/html; charset=utf-8,false,200,0,0,"PayPal Kod QR
Kod QR Yang Sebenarnya Berfungsi","13
32",2,true
21,https://createmy-qr.com/es/google-forms-generador-de-codigos-qr-gratis-online,"Generador de códigos QR Formularios de Google: gratuito y personalizado | CreateMy-QR
Formularios de Google - Generador de Códigos QR Gratis Online - CreateMy-QR",text/html; charset=utf-8,false,200,0,0,"Formularios de Google Código QR
Códigos QR Que Realmente Funcionan","31
34",2,true
21,https://createmy-qr.com/ms/linkedin-penjana-kod-qr-percuma-dalam-talian,"Penjana Kod QR LinkedIn - Percuma & Tersuai | CreateMy-QR
LinkedIn - Penjana Kod QR Percuma Dalam Talian - CreateMy-QR",text/html; charset=utf-8,false,200,0,0,"LinkedIn Kod QR
Kod QR Yang Sebenarnya Berfungsi for LinkedIn","15
45",2,true
21,https://createmy-qr.com/ro/discord-generator-de-coduri-qr-gratuit-online,"Discordia QR Code Generator - Gratuit și personalizat | CreateMy-QR
Discordia - Generator de Coduri QR Gratuit Online - CreateMy-QR",text/html; charset=utf-8,false,200,0,0,"Discordia Cod QR
Welcome to #welcome!","16
20",2,true
21,https://createmy-qr.com/tl/linkedin-libreng-online-qr-code-generator,"LinkedIn QR Code Generator - Libre at Custom | CreateMy-QR
LinkedIn - Libreng Online QR Code Generator - CreateMy-QR",text/html; charset=utf-8,false,200,0,0,"LinkedIn QR Code
Mga QR Code na Talagang Gumagana for LinkedIn","16
45",2,true
21,https://createmy-qr.com/uk/amazon-bezkoshtovniy-generator-qr-kodiv-onlayn,"Генератор QR-коду Amazon – безкоштовний і користувацький | CreateMy-QR
Amazon - Безкоштовний Генератор QR-кодів Онлайн - CreateMy-QR",text/html; charset=utf-8,false,200,0,0,"Amazon QR-код
QR-коди, які дійсно працюють","13
28",2,true
21,https://createmy-qr.com/pl/amazon-darmowy-generator-kodow-qr-online,"Generator kodów QR Amazonka — bezpłatny i niestandardowy | CreateMy-QR
Amazonka - Darmowy Generator Kodów QR Online - CreateMy-QR",text/html; charset=utf-8,false,200,0,0,"Amazonka Kod QR
Kody QR, Które Naprawdę Działają","15
32",2,true
21,https://createmy-qr.com/tr/pdf-ucretsiz-cevrimici-qr-kod-olusturucu,"PDF QR Kod Oluşturucu - Ücretsiz ve Özel | CreateMy-QR
PDF - Ücretsiz Çevrimiçi QR Kod Oluşturucu - CreateMy-QR",text/html; charset=utf-8,false,200,0,0,"PDF QR Kodu
Gerçekten Çalışan QR Kodlar","11
27",2,true
21,https://createmy-qr.com/ro/google-forms-generator-de-coduri-qr-gratuit-online,"Formulare Google QR Code Generator - Gratuit și personalizat | CreateMy-QR
Formulare Google - Generator de Coduri QR Gratuit Online - CreateMy-QR",text/html; charset=utf-8,false,200,0,0,"Formulare Google Cod QR
Coduri QR care funcționează de fapt","23
35",2,true
21,https://createmy-qr.com/el/eikona-dorean-dimioyrgia-qr-code-online,"Εικόνα QR Code Generator - Δωρεάν & Προσαρμοσμένο | CreateMy-QR
Εικόνα - Δωρεάν Δημιουργία QR Code Online - CreateMy-QR",text/html; charset=utf-8,false,200,0,0,"Εικόνα Κωδικός QR
Κωδικοί QR που λειτουργούν πραγματικά","17
37",2,true
21,https://createmy-qr.com/es/reserva-generador-de-codigos-qr-gratis-online,"Generador de códigos QR Reserva: gratuito y personalizado | CreateMy-QR
Reserva - Generador de Códigos QR Gratis Online - CreateMy-QR",text/html; charset=utf-8,false,200,0,0,"Reserva Código QR
Códigos QR Que Realmente Funcionan","17
34",2,true
21,https://createmy-qr.com/bn/google-review-phri-anlaain-kiuaar-kodd-jenaarettr,"গুগল রিভিউ QR কোড জেনারেটর - বিনামূল্যে এবং কাস্টম | CreateMy-QR
গুগল রিভিউ - ফ্রি অনলাইন কিউআর কোড জেনারেটর - CreateMy-QR",text/html; charset=utf-8,false,200,0,0,"গুগল রিভিউ QR কোড
QR কোড যা আসলে কাজ করে","17
22",2,true
21,https://createmy-qr.com/sv/ljud-gratis-qr-kod-generator-online,"Ljud QR Code Generator - Gratis & anpassad | CreateMy-QR
Ljud - Gratis QR-kod Generator Online - CreateMy-QR",text/html; charset=utf-8,false,200,0,0,"Ljud QR-kod
QR-koder Som Faktiskt Fungerar","11
30",2,true
21,https://createmy-qr.com/cs/amazon-zdarma-online-generator-qr-kodu,"Amazon generátor QR kódu – zdarma a na míru | CreateMy-QR
Amazon - Zdarma Online Generátor QR Kódů - CreateMy-QR",text/html; charset=utf-8,false,200,0,0,"Amazon QR kód
QR kódy, které skutečně fungují","13
31",2,true
21,https://createmy-qr.com/tl/google-review-libreng-online-qr-code-generator,"Google Review QR Code Generator - Libre at Custom | CreateMy-QR
Google Review - Libreng Online QR Code Generator - CreateMy-QR",text/html; charset=utf-8,false,200,0,0,"Google Review QR Code
Mga QR Code na Talagang Gumagana","21
32",2,true
21,https://createmy-qr.com/hi/discord-muph-t-onnlaain-kyuuaar-kodd-jnrettr,"कलह QR कोड जेनरेटर - मुफ़्त और कस्टम | CreateMy-QR
कलह - मुफ़्त ऑनलाइन क्यूआर कोड जनरेटर - CreateMy-QR",text/html; charset=utf-8,false,200,0,0,"कलह क्यूआर कोड
Welcome to #welcome!","14
20",2,true
21,https://createmy-qr.com/pl/rezerwacja-darmowy-generator-kodow-qr-online,"Generator kodów QR Rezerwacja — bezpłatny i niestandardowy | CreateMy-QR
Rezerwacja - Darmowy Generator Kodów QR Online - CreateMy-QR",text/html; charset=utf-8,false,200,0,0,"Rezerwacja Kod QR
Kody QR, Które Naprawdę Działają","17
32",2,true
21,https://createmy-qr.com/ar/google-review-mwld-rmz-lstjb-lsryaa-mjny,"مراجعة جوجل QR Code Generator - مجاني ومخصص | CreateMy-QR
مراجعة جوجل - مولد رمز الاستجابة السريعة مجاني - CreateMy-QR",text/html; charset=utf-8,false,200,0,0,"مراجعة جوجل رمز QR
رموز QR تعمل فعلاً","18
18",2,true
21,https://createmy-qr.com/bn/anlaain-bukin-phri-anlaain-kiuaar-kodd-jenaarettr,"অনলাইন বুকিং QR কোড জেনারেটর - বিনামূল্যে এবং কাস্টম | CreateMy-QR
অনলাইন বুকিং - ফ্রি অনলাইন কিউআর কোড জেনারেটর - CreateMy-QR",text/html; charset=utf-8,false,200,0,0,"অনলাইন বুকিং QR কোড
QR কোড যা আসলে কাজ করে","19
22",2,true
21,https://createmy-qr.com/tl/amazon-libreng-online-qr-code-generator,"Amazon QR Code Generator - Libre at Custom | CreateMy-QR
Amazon - Libreng Online QR Code Generator - CreateMy-QR",text/html; charset=utf-8,false,200,0,0,"Amazon QR Code
Mga QR Code na Talagang Gumagana","14
32",2,true
21,https://createmy-qr.com/pl/google-forms-darmowy-generator-kodow-qr-online,"Generator kodów QR Formularze Google — bezpłatny i niestandardowy | CreateMy-QR
Formularze Google - Darmowy Generator Kodów QR Online - CreateMy-QR",text/html; charset=utf-8,false,200,0,0,"Formularze Google Kod QR
Kody QR, Które Naprawdę Działają","24
32",2,true
21,https://createmy-qr.com/bn/imej-gyaalaari-phri-anlaain-kiuaar-kodd-jenaarettr,"ইমেজ গ্যালারি QR কোড জেনারেটর - বিনামূল্যে এবং কাস্টম | CreateMy-QR
ইমেজ গ্যালারি - ফ্রি অনলাইন কিউআর কোড জেনারেটর - CreateMy-QR",text/html; charset=utf-8,false,200,0,0,"ইমেজ গ্যালারি QR কোড
QR কোড যা আসলে কাজ করে","20
22",2,true
21,https://createmy-qr.com/it/snapchat-generatore-di-codici-qr-gratis-online,"Generatore di codici QR Snapchat - Gratuito e personalizzato | CreateMy-QR
Snapchat - Generatore di Codici QR Gratis Online - CreateMy-QR",text/html; charset=utf-8,false,200,0,0,"Snapchat Codice QR
Codici QR Che Funzionano Davvero","18
32",2,true
21,https://createmy-qr.com/id/pdf-generator-qr-code-gratis-online,"PDF Pembuat Kode QR - Gratis & Khusus | CreateMy-QR
PDF - Generator QR Code Gratis Online - CreateMy-QR",text/html; charset=utf-8,false,200,0,0,"QR Code PDF
QR Code yang Benar-Benar Berfungsi","11
34",2,true
21,https://createmy-qr.com/da/fil-gratis-qr-kode-generator-online,"Fil QR Code Generator - Gratis og brugerdefineret | CreateMy-QR
Fil - Gratis QR Kode Generator Online - CreateMy-QR",text/html; charset=utf-8,false,200,0,0,"Fil QR-kode
QR-koder, der faktisk virker","11
28",2,true
21,https://createmy-qr.com/ja/snapchat-wu-liao-qrkodozuo-cheng-zienereta,"スナップチャット QR コード ジェネレーター - 無料 & カスタム | CreateMy-QR
スナップチャット - 無料QRコード作成・ジェネレーター - CreateMy-QR",text/html; charset=utf-8,false,200,0,0,"スナップチャット QR コード
本当に機能するQRコード","15
12",2,true
21,https://createmy-qr.com/ja/discord-wu-liao-qrkodozuo-cheng-zienereta,"不協和音 QR コード ジェネレーター - 無料 & カスタム | CreateMy-QR
不協和音 - 無料QRコード作成・ジェネレーター - CreateMy-QR",text/html; charset=utf-8,false,200,0,0,"不協和音 QR コード
Welcome to #welcome!","11
20",2,true
21,https://createmy-qr.com/nl/x-twitter-gratis-qr-code-generator-online,"X (Twitter) QR-codegenerator - gratis en aangepast | CreateMy-QR
X (Twitter) - Gratis QR Code Generator Online - CreateMy-QR",text/html; charset=utf-8,false,200,0,0,"X (Twitter) QR-code
X (Twitter) Explorer","19
20",2,true
21,https://createmy-qr.com/fr/discord-generateur-de-code-qr-gratuit-en-ligne,"Générateur de code QR Discorde - Gratuit et personnalisé | CreateMy-QR
Discorde - Générateur de Code QR Gratuit en Ligne - CreateMy-QR",text/html; charset=utf-8,false,200,0,0,"Discorde Code QR
Welcome to #welcome!","16
20",2,true
21,https://createmy-qr.com/tl/venmo-libreng-online-qr-code-generator,"Venmo QR Code Generator - Libre at Custom | CreateMy-QR
Venmo - Libreng Online QR Code Generator - CreateMy-QR",text/html; charset=utf-8,false,200,0,0,"Venmo QR Code
Mga QR Code na Talagang Gumagana","13
32",2,true
21,https://createmy-qr.com/th/amazon-ekhruue-ngmuue-sraangkhiw-aarokhd-nailnfrii,"อเมซอน เครื่องสร้างโค้ด QR - ฟรีและกำหนดเอง | CreateMy-QR
อเมซอน - เครื่องมือสร้างคิวอาร์โค้ดออนไลน์ฟรี - CreateMy-QR",text/html; charset=utf-8,false,200,0,0,"อเมซอน รหัส QR
QR Code ที่ทำงานได้จริง","14
23",2,true
21,https://createmy-qr.com/twitter-qr-code-generator,"X (Twitter) QR Code Generator - Free & Custom | CreateMy-QR
X (Twitter) - Free QR Code Generator Online - CreateMy-QR",text/html; charset=utf-8,false,200,0,0,"X (Twitter) QR Code
X (Twitter) Explorer","19
20",2,true
21,https://createmy-qr.com/ja/hua-xiang-wu-liao-qrkodozuo-cheng-zienereta,"画像 QR コード ジェネレーター - 無料 & カスタム | CreateMy-QR
画像 - 無料QRコード作成・ジェネレーター - CreateMy-QR",text/html; charset=utf-8,false,200,0,0,"画像 QR コード
本当に機能するQRコード","9
12",2,true
21,https://createmy-qr.com/ko/pail-muryo-onrain-qr-kodeu-saengseonggi,"파일 QR 코드 생성기 - 무료 및 사용자 정의 | CreateMy-QR
파일 - 무료 온라인 QR 코드 생성기 - CreateMy-QR",text/html; charset=utf-8,false,200,0,0,"파일 QR 코드
실제로 작동하는 QR 코드","8
14",2,true
21,https://createmy-qr.com/cs/paypal-zdarma-online-generator-qr-kodu,"PayPal generátor QR kódu – zdarma a na míru | CreateMy-QR
PayPal - Zdarma Online Generátor QR Kódů - CreateMy-QR",text/html; charset=utf-8,false,200,0,0,"PayPal QR kód
QR kódy, které skutečně fungují","13
31",2,true
21,https://createmy-qr.com/ar/linkedin-mwld-rmz-lstjb-lsryaa-mjny,"ينكدين QR Code Generator - مجاني ومخصص | CreateMy-QR
ينكدين - مولد رمز الاستجابة السريعة مجاني - CreateMy-QR",text/html; charset=utf-8,false,200,0,0,"ينكدين رمز QR
رموز QR تعمل فعلاً for ينكدين","13
29",2,true
21,https://createmy-qr.com/el/discord-dorean-dimioyrgia-qr-code-online,"Διχόνοια QR Code Generator - Δωρεάν & Προσαρμοσμένο | CreateMy-QR
Διχόνοια - Δωρεάν Δημιουργία QR Code Online - CreateMy-QR",text/html; charset=utf-8,false,200,0,0,"Διχόνοια Κωδικός QR
Welcome to #welcome!","19
20",2,true
21,https://createmy-qr.com/it/file-generatore-di-codici-qr-gratis-online,"Generatore di codici QR File - Gratuito e personalizzato | CreateMy-QR
File - Generatore di Codici QR Gratis Online - CreateMy-QR",text/html; charset=utf-8,false,200,0,0,"File Codice QR
Codici QR Che Funzionano Davvero","14
32",2,true
21,https://createmy-qr.com/ro/paypal-generator-de-coduri-qr-gratuit-online,"PayPal QR Code Generator - Gratuit și personalizat | CreateMy-QR
PayPal - Generator de Coduri QR Gratuit Online - CreateMy-QR",text/html; charset=utf-8,false,200,0,0,"PayPal Cod QR
Coduri QR care funcționează de fapt","13
35",2,true
21,https://createmy-qr.com/uk/x-tvitter-bezkoshtovniy-generator-qr-kodiv-onlayn,"Генератор QR-коду X (Твіттер) – безкоштовний і користувацький | CreateMy-QR
X (Твіттер) - Безкоштовний Генератор QR-кодів Онлайн - CreateMy-QR",text/html; charset=utf-8,false,200,0,0,"X (Твіттер) QR-код
X (Твіттер) Explorer","18
20",2,true
21,https://createmy-qr.com/fi/discord-ilmainen-qr-koodigeneraattori-netissa,"Erimielisyys QR-koodigeneraattori - ilmainen ja räätälöity | CreateMy-QR
Erimielisyys - Ilmainen QR-koodigeneraattori Netissä - CreateMy-QR",text/html; charset=utf-8,false,200,0,0,"Erimielisyys QR-koodi
Welcome to #welcome!","21
20",2,true
21,https://createmy-qr.com/hu/pdf-ingyenes-online-qr-kod-generator,"PDF QR-kód generátor - ingyenes és egyedi | CreateMy-QR
PDF - Ingyenes Online QR-kód Generátor - CreateMy-QR",text/html; charset=utf-8,false,200,0,0,"PDF QR-kód
QR-kódok, amelyek valóban működnek","10
34",2,true
21,https://createmy-qr.com/vi/google-review-tao-ma-qr-mien-phi-truc-tuyen,"Trình tạo mã QR Đánh giá của Google - Miễn phí & Tùy chỉnh | CreateMy-QR
Đánh giá của Google - Tạo Mã QR Miễn Phí Trực Tuyến - CreateMy-QR",text/html; charset=utf-8,false,200,0,0,"Đánh giá của Google Mã QR
Mã QR Thực Sự Hoạt Động","25
23",2,true
21,https://createmy-qr.com/id/snapchat-generator-qr-code-gratis-online,"Snapchat Pembuat Kode QR - Gratis & Khusus | CreateMy-QR
Snapchat - Generator QR Code Gratis Online - CreateMy-QR",text/html; charset=utf-8,false,200,0,0,"QR Code Snapchat
QR Code yang Benar-Benar Berfungsi","16
34",2,true
21,https://createmy-qr.com/ru/discord-besplatnyy-generator-qr-kodov-onlayn,"Раздор Генератор QR-кодов — бесплатный и настраиваемый | CreateMy-QR
Раздор - Бесплатный генератор QR-кодов онлайн - CreateMy-QR",text/html; charset=utf-8,false,200,0,0,"Раздор QR-код
Welcome to #welcome!","13
20",2,true
21,https://createmy-qr.com/ro/linkedin-generator-de-coduri-qr-gratuit-online,"LinkedIn QR Code Generator - Gratuit și personalizat | CreateMy-QR
LinkedIn - Generator de Coduri QR Gratuit Online - CreateMy-QR",text/html; charset=utf-8,false,200,0,0,"LinkedIn Cod QR
Coduri QR care funcționează de fapt for LinkedIn","15
48",2,true
21,https://createmy-qr.com/wifi-qr-code-for-cafe-hotel,"WiFi QR Code for Cafes & Hotels | CreateMy-QR
WiFi QR Code for Cafes & Hotels | CreateMy-QR",text/html; charset=utf-8,false,200,0,0,"WiFi QR Code for Cafes & Hotels
WiFi QR Code for Cafes & Hotels","31
31",2,true
21,https://createmy-qr.com/sv/discord-gratis-qr-kod-generator-online,"Discord QR Code Generator - Gratis & anpassad | CreateMy-QR
Discord - Gratis QR-kod Generator Online - CreateMy-QR",text/html; charset=utf-8,false,200,0,0,"Discord QR-kod
Welcome to #welcome!","14
20",2,true
21,https://createmy-qr.com/uk/google-forms-bezkoshtovniy-generator-qr-kodiv-onlayn,"Генератор QR-коду Форми Google – безкоштовний і користувацький | CreateMy-QR
Форми Google - Безкоштовний Генератор QR-кодів Онлайн - CreateMy-QR",text/html; charset=utf-8,false,200,0,0,"Форми Google QR-код
QR-коди, які дійсно працюють","19
28",2,true
21,https://createmy-qr.com/ar/google-forms-mwld-rmz-lstjb-lsryaa-mjny,"نماذج جوجل QR Code Generator - مجاني ومخصص | CreateMy-QR
نماذج جوجل - مولد رمز الاستجابة السريعة مجاني - CreateMy-QR",text/html; charset=utf-8,false,200,0,0,"نماذج جوجل رمز QR
رموز QR تعمل فعلاً","17
18",2,true
21,https://createmy-qr.com/ms/audio-penjana-kod-qr-percuma-dalam-talian,"Penjana Kod QR Audio - Percuma & Tersuai | CreateMy-QR
Audio - Penjana Kod QR Percuma Dalam Talian - CreateMy-QR",text/html; charset=utf-8,false,200,0,0,"Audio Kod QR
Kod QR Yang Sebenarnya Berfungsi","12
32",2,true
21,https://createmy-qr.com/tl/discord-libreng-online-qr-code-generator,"Discord QR Code Generator - Libre at Custom | CreateMy-QR
Discord - Libreng Online QR Code Generator - CreateMy-QR",text/html; charset=utf-8,false,200,0,0,"Discord QR Code
Welcome to #welcome!","15
20",2,true
21,https://createmy-qr.com/tr/venmo-ucretsiz-cevrimici-qr-kod-olusturucu,"Venmo QR Kod Oluşturucu - Ücretsiz ve Özel | CreateMy-QR
Venmo - Ücretsiz Çevrimiçi QR Kod Oluşturucu - CreateMy-QR",text/html; charset=utf-8,false,200,0,0,"Venmo QR Kodu
Gerçekten Çalışan QR Kodlar","13
27",2,true
21,https://createmy-qr.com/sv/bokning-gratis-qr-kod-generator-online,"Bokning QR Code Generator - Gratis & anpassad | CreateMy-QR
Bokning - Gratis QR-kod Generator Online - CreateMy-QR",text/html; charset=utf-8,false,200,0,0,"Bokning QR-kod
QR-koder Som Faktiskt Fungerar","14
30",2,true
21,https://createmy-qr.com/ar/maard-lswr-mwld-rmz-lstjb-lsryaa-mjny,"معرض الصور QR Code Generator - مجاني ومخصص | CreateMy-QR
معرض الصور - مولد رمز الاستجابة السريعة مجاني - CreateMy-QR",text/html; charset=utf-8,false,200,0,0,"معرض الصور رمز QR
رموز QR تعمل فعلاً","17
18",2,true
21,https://createmy-qr.com/fi/aani-ilmainen-qr-koodigeneraattori-netissa,"Ääni QR-koodigeneraattori - ilmainen ja räätälöity | CreateMy-QR
Ääni - Ilmainen QR-koodigeneraattori Netissä - CreateMy-QR",text/html; charset=utf-8,false,200,0,0,"Ääni QR-koodi
QR-koodit, jotka todella toimivat","13
33",2,true
21,https://createmy-qr.com/it/linkedin-generatore-di-codici-qr-gratis-online,"Generatore di codici QR LinkedIn - Gratuito e personalizzato | CreateMy-QR
LinkedIn - Generatore di Codici QR Gratis Online - CreateMy-QR",text/html; charset=utf-8,false,200,0,0,"LinkedIn Codice QR
Codici QR Che Funzionano Davvero for LinkedIn","18
45",2,true
21,https://createmy-qr.com/hi/google-review-muph-t-onnlaain-kyuuaar-kodd-jnrettr,"गूगल समीक्षा QR कोड जेनरेटर - मुफ़्त और कस्टम | CreateMy-QR
गूगल समीक्षा - मुफ़्त ऑनलाइन क्यूआर कोड जनरेटर - CreateMy-QR",text/html; charset=utf-8,false,200,0,0,"गूगल समीक्षा क्यूआर कोड
QR कोड जो वास्तव में काम करते हैं","23
33",2,true
21,https://createmy-qr.com/link-in-bio-qr-code-generator,"Link in Bio QR Code Generator - Free & Custom | CreateMy-QR
Link in Bio - Free QR Code Generator Online - CreateMy-QR",text/html; charset=utf-8,false,200,0,0,"Link in Bio QR Code
Premium QR Codes","19
16",2,true
21,https://createmy-qr.com/ko/snapchat-muryo-onrain-qr-kodeu-saengseonggi,"스냅챗 QR 코드 생성기 - 무료 및 사용자 정의 | CreateMy-QR
스냅챗 - 무료 온라인 QR 코드 생성기 - CreateMy-QR",text/html; charset=utf-8,false,200,0,0,"스냅챗 QR 코드
실제로 작동하는 QR 코드","9
14",2,true
21,https://createmy-qr.com/es/video-generador-de-codigos-qr-gratis-online,"Generador de códigos QR Vídeo: gratuito y personalizado | CreateMy-QR
Vídeo - Generador de Códigos QR Gratis Online - CreateMy-QR",text/html; charset=utf-8,false,200,0,0,"Vídeo Código QR
Códigos QR Que Realmente Funcionan","15
34",2,true
21,https://createmy-qr.com/ko/odio-muryo-onrain-qr-kodeu-saengseonggi,"오디오 QR 코드 생성기 - 무료 및 사용자 정의 | CreateMy-QR
오디오 - 무료 온라인 QR 코드 생성기 - CreateMy-QR",text/html; charset=utf-8,false,200,0,0,"오디오 QR 코드
실제로 작동하는 QR 코드","9
14",2,true
21,https://createmy-qr.com/no/bestilling-gratis-qr-kode-generator-online,"Bestilling QR Code Generator - Gratis og tilpasset | CreateMy-QR
Bestilling - Gratis QR-kode Generator Online - CreateMy-QR",text/html; charset=utf-8,false,200,0,0,"Bestilling QR-kode
QR-koder som faktisk fungerer","18
29",2,true
21,https://createmy-qr.com/pl/obraz-darmowy-generator-kodow-qr-online,"Generator kodów QR Obraz — bezpłatny i niestandardowy | CreateMy-QR
Obraz - Darmowy Generator Kodów QR Online - CreateMy-QR",text/html; charset=utf-8,false,200,0,0,"Obraz Kod QR
Kody QR, Które Naprawdę Działają","12
32",2,true
21,https://createmy-qr.com/nl/video-gratis-qr-code-generator-online,"Video QR-codegenerator - gratis en aangepast | CreateMy-QR
Video - Gratis QR Code Generator Online - CreateMy-QR",text/html; charset=utf-8,false,200,0,0,"Video QR-code
QR-codes Die Echt Werken","13
24",2,true
21,https://createmy-qr.com/cs/google-review-zdarma-online-generator-qr-kodu,"Recenze Google generátor QR kódu – zdarma a na míru | CreateMy-QR
Recenze Google - Zdarma Online Generátor QR Kódů - CreateMy-QR",text/html; charset=utf-8,false,200,0,0,"Recenze Google QR kód
QR kódy, které skutečně fungují","21
31",2,true
21,https://createmy-qr.com/pt/amazon-gerador-de-codigo-qr-gratis-online,"Gerador de código QR Amazônia - gratuito e personalizado | CreateMy-QR
Amazônia - Gerador de Código QR Grátis Online - CreateMy-QR",text/html; charset=utf-8,false,200,0,0,"Amazônia Código QR
Códigos QR Que Realmente Funcionam","18
34",2,true
21,https://createmy-qr.com/pt/discord-gerador-de-codigo-qr-gratis-online,"Gerador de código QR Discórdia - gratuito e personalizado | CreateMy-QR
Discórdia - Gerador de Código QR Grátis Online - CreateMy-QR",text/html; charset=utf-8,false,200,0,0,"Discórdia Código QR
Welcome to #welcome!","19
20",2,true
21,https://createmy-qr.com/ro/pdf-generator-de-coduri-qr-gratuit-online,"PDF QR Code Generator - Gratuit și personalizat | CreateMy-QR
PDF - Generator de Coduri QR Gratuit Online - CreateMy-QR",text/html; charset=utf-8,false,200,0,0,"PDF Cod QR
Coduri QR care funcționează de fapt","10
35",2,true
21,https://createmy-qr.com/el/venmo-dorean-dimioyrgia-qr-code-online,"Venmo QR Code Generator - Δωρεάν & Προσαρμοσμένο | CreateMy-QR
Venmo - Δωρεάν Δημιουργία QR Code Online - CreateMy-QR",text/html; charset=utf-8,false,200,0,0,"Venmo Κωδικός QR
Κωδικοί QR που λειτουργούν πραγματικά","16
37",2,true
21,https://createmy-qr.com/ja/x-tuituta-wu-liao-qrkodozuo-cheng-zienereta,"X (ツイッター) QR コード ジェネレーター - 無料 & カスタム | CreateMy-QR
X (ツイッター) - 無料QRコード作成・ジェネレーター - CreateMy-QR",text/html; charset=utf-8,false,200,0,0,"X (ツイッター) QR コード
X (ツイッター) Explorer","16
18",2,true
21,https://createmy-qr.com/id/google-review-generator-qr-code-gratis-online,"Ulasan Google Pembuat Kode QR - Gratis & Khusus | CreateMy-QR
Ulasan Google - Generator QR Code Gratis Online - CreateMy-QR",text/html; charset=utf-8,false,200,0,0,"QR Code Ulasan Google
QR Code yang Benar-Benar Berfungsi","21
34",2,true
21,https://createmy-qr.com/vi/paypal-tao-ma-qr-mien-phi-truc-tuyen,"Trình tạo mã QR PayPal - Miễn phí & Tùy chỉnh | CreateMy-QR
PayPal - Tạo Mã QR Miễn Phí Trực Tuyến - CreateMy-QR",text/html; charset=utf-8,false,200,0,0,"PayPal Mã QR
Mã QR Thực Sự Hoạt Động","12
23",2,true
21,https://createmy-qr.com/ko/linkedin-muryo-onrain-qr-kodeu-saengseonggi,"링크드인 QR 코드 생성기 - 무료 및 사용자 정의 | CreateMy-QR
링크드인 - 무료 온라인 QR 코드 생성기 - CreateMy-QR",text/html; charset=utf-8,false,200,0,0,"링크드인 QR 코드
실제로 작동하는 QR 코드 for 링크드인","10
23",2,true
21,https://createmy-qr.com/uk/video-bezkoshtovniy-generator-qr-kodiv-onlayn,"Генератор QR-коду Відео – безкоштовний і користувацький | CreateMy-QR
Відео - Безкоштовний Генератор QR-кодів Онлайн - CreateMy-QR",text/html; charset=utf-8,false,200,0,0,"Відео QR-код
QR-коди, які дійсно працюють","12
28",2,true
21,https://createmy-qr.com/es/linkedin-generador-de-codigos-qr-gratis-online,"Generador de códigos QR LinkedIn: gratuito y personalizado | CreateMy-QR
LinkedIn - Generador de Códigos QR Gratis Online - CreateMy-QR",text/html; charset=utf-8,false,200,0,0,"LinkedIn Código QR
Códigos QR Que Realmente Funcionan for LinkedIn","18
47",2,true
21,https://createmy-qr.com/no/linkedin-gratis-qr-kode-generator-online,"LinkedIn QR Code Generator - Gratis og tilpasset | CreateMy-QR
LinkedIn - Gratis QR-kode Generator Online - CreateMy-QR",text/html; charset=utf-8,false,200,0,0,"LinkedIn QR-kode
QR-koder som faktisk fungerer for LinkedIn","16
42",2,true
21,https://createmy-qr.com/uk/google-review-bezkoshtovniy-generator-qr-kodiv-onlayn,"Генератор QR-коду Огляд Google – безкоштовний і користувацький | CreateMy-QR
Огляд Google - Безкоштовний Генератор QR-кодів Онлайн - CreateMy-QR",text/html; charset=utf-8,false,200,0,0,"Огляд Google QR-код
QR-коди, які дійсно працюють","19
28",2,true
21,https://createmy-qr.com/da/amazon-gratis-qr-kode-generator-online,"Amazon QR Code Generator - Gratis og brugerdefineret | CreateMy-QR
Amazon - Gratis QR Kode Generator Online - CreateMy-QR",text/html; charset=utf-8,false,200,0,0,"Amazon QR-kode
QR-koder, der faktisk virker","14
28",2,true
21,https://createmy-qr.com/id/x-twitter-generator-qr-code-gratis-online,"X (Twitter) Pembuat Kode QR - Gratis & Khusus | CreateMy-QR
X (Twitter) - Generator QR Code Gratis Online - CreateMy-QR",text/html; charset=utf-8,false,200,0,0,"QR Code X (Twitter)
X (Twitter) Explorer","19
20",2,true
21,https://createmy-qr.com/ar/lhjz-aabr-lntrnt-mwld-rmz-lstjb-lsryaa-mjny,"الحجز عبر الإنترنت QR Code Generator - مجاني ومخصص | CreateMy-QR
الحجز عبر الإنترنت - مولد رمز الاستجابة السريعة مجاني - CreateMy-QR",text/html; charset=utf-8,false,200,0,0,"الحجز عبر الإنترنت رمز QR
رموز QR تعمل فعلاً","25
18",2,true
21,https://createmy-qr.com/ru/linkedin-besplatnyy-generator-qr-kodov-onlayn,"LinkedIn Генератор QR-кодов — бесплатный и настраиваемый | CreateMy-QR
LinkedIn - Бесплатный генератор QR-кодов онлайн - CreateMy-QR",text/html; charset=utf-8,false,200,0,0,"LinkedIn QR-код
QR-Коды, Которые Действительно Работают for LinkedIn","15
52",2,true
21,https://createmy-qr.com/uk/audio-bezkoshtovniy-generator-qr-kodiv-onlayn,"Генератор QR-коду Аудіо – безкоштовний і користувацький | CreateMy-QR
Аудіо - Безкоштовний Генератор QR-кодів Онлайн - CreateMy-QR",text/html; charset=utf-8,false,200,0,0,"Аудіо QR-код
QR-коди, які дійсно працюють","12
28",2,true
21,https://createmy-qr.com/ru/paypal-besplatnyy-generator-qr-kodov-onlayn,"PayPal Генератор QR-кодов — бесплатный и настраиваемый | CreateMy-QR
PayPal - Бесплатный генератор QR-кодов онлайн - CreateMy-QR",text/html; charset=utf-8,false,200,0,0,"PayPal QR-код
QR-Коды, Которые Действительно Работают","13
39",2,true
21,https://createmy-qr.com/da/venmo-gratis-qr-kode-generator-online,"Venmo QR Code Generator - Gratis og brugerdefineret | CreateMy-QR
Venmo - Gratis QR Kode Generator Online - CreateMy-QR",text/html; charset=utf-8,false,200,0,0,"Venmo QR-kode
QR-koder, der faktisk virker","13
28",2,true
21,https://createmy-qr.com/pt/paypal-gerador-de-codigo-qr-gratis-online,"Gerador de código QR PayPal - gratuito e personalizado | CreateMy-QR
PayPal - Gerador de Código QR Grátis Online - CreateMy-QR",text/html; charset=utf-8,false,200,0,0,"PayPal Código QR
Códigos QR Que Realmente Funcionam","16
34",2,true
21,https://createmy-qr.com/vi/venmo-tao-ma-qr-mien-phi-truc-tuyen,"Trình tạo mã QR Venmo - Miễn phí & Tùy chỉnh | CreateMy-QR
Venmo - Tạo Mã QR Miễn Phí Trực Tuyến - CreateMy-QR",text/html; charset=utf-8,false,200,0,0,"Venmo Mã QR
Mã QR Thực Sự Hoạt Động","11
23",2,true
21,https://createmy-qr.com/no/link-i-bio-gratis-qr-kode-generator-online,"Link i bio QR Code Generator - Gratis og tilpasset | CreateMy-QR
Link i bio - Gratis QR-kode Generator Online - CreateMy-QR",text/html; charset=utf-8,false,200,0,0,"Link i bio QR-kode
QR-koder som faktisk fungerer","18
29",2,true
21,https://createmy-qr.com/uk/venmo-bezkoshtovniy-generator-qr-kodiv-onlayn,"Генератор QR-коду Венмо – безкоштовний і користувацький | CreateMy-QR
Венмо - Безкоштовний Генератор QR-кодів Онлайн - CreateMy-QR",text/html; charset=utf-8,false,200,0,0,"Венмо QR-код
QR-коди, які дійсно працюють","12
28",2,true
21,https://createmy-qr.com/pdf-qr-code-for-restaurant-menu,"PDF QR Code for Restaurant Menus | CreateMy-QR
PDF QR Code for Restaurant Menus | CreateMy-QR",text/html; charset=utf-8,false,200,0,0,"PDF QR Code for Restaurant Menus
PDF QR Code for Restaurant Menus","32
32",2,true
21,https://createmy-qr.com/pt/google-forms-gerador-de-codigo-qr-gratis-online,"Gerador de código QR Formulários Google - gratuito e personalizado | CreateMy-QR
Formulários Google - Gerador de Código QR Grátis Online - CreateMy-QR",text/html; charset=utf-8,false,200,0,0,"Formulários Google Código QR
Códigos QR Que Realmente Funcionam","28
34",2,true
21,https://createmy-qr.com/el/linkedin-dorean-dimioyrgia-qr-code-online,"LinkedIn QR Code Generator - Δωρεάν & Προσαρμοσμένο | CreateMy-QR
LinkedIn - Δωρεάν Δημιουργία QR Code Online - CreateMy-QR",text/html; charset=utf-8,false,200,0,0,"LinkedIn Κωδικός QR
Κωδικοί QR που λειτουργούν πραγματικά for LinkedIn","19
50",2,true
21,https://createmy-qr.com/pt/link-na-bio-gerador-de-codigo-qr-gratis-online,"Gerador de código QR Link na Bio - gratuito e personalizado | CreateMy-QR
Link na Bio - Gerador de Código QR Grátis Online - CreateMy-QR",text/html; charset=utf-8,false,200,0,0,"Link na Bio Código QR
Códigos QR Que Realmente Funcionam","21
34",2,true
21,https://createmy-qr.com/th/paypal-ekhruue-ngmuue-sraangkhiw-aarokhd-nailnfrii,"เพย์พาล เครื่องสร้างโค้ด QR - ฟรีและกำหนดเอง | CreateMy-QR
เพย์พาล - เครื่องมือสร้างคิวอาร์โค้ดออนไลน์ฟรี - CreateMy-QR",text/html; charset=utf-8,false,200,0,0,"เพย์พาล รหัส QR
QR Code ที่ทำงานได้จริง","15
23",2,true
21,https://createmy-qr.com/ms/fail-penjana-kod-qr-percuma-dalam-talian,"Penjana Kod QR Fail - Percuma & Tersuai | CreateMy-QR
Fail - Penjana Kod QR Percuma Dalam Talian - CreateMy-QR",text/html; charset=utf-8,false,200,0,0,"Fail Kod QR
Kod QR Yang Sebenarnya Berfungsi","11
32",2,true
21,https://createmy-qr.com/hu/venmo-ingyenes-online-qr-kod-generator,"Venmo QR-kód generátor - ingyenes és egyedi | CreateMy-QR
Venmo - Ingyenes Online QR-kód Generátor - CreateMy-QR",text/html; charset=utf-8,false,200,0,0,"Venmo QR-kód
QR-kódok, amelyek valóban működnek","12
34",2,true
21,https://createmy-qr.com/ru/iks-tvitter-besplatnyy-generator-qr-kodov-onlayn,"Икс (Твиттер) Генератор QR-кодов — бесплатный и настраиваемый | CreateMy-QR
Икс (Твиттер) - Бесплатный генератор QR-кодов онлайн - CreateMy-QR",text/html; charset=utf-8,false,200,0,0,"Икс (Твиттер) QR-код
Икс (Твиттер) Explorer","20
22",2,true
21,https://createmy-qr.com/hi/eks-ttvittr-muph-t-onnlaain-kyuuaar-kodd-jnrettr,"एक्स (ट्विटर) QR कोड जेनरेटर - मुफ़्त और कस्टम | CreateMy-QR
एक्स (ट्विटर) - मुफ़्त ऑनलाइन क्यूआर कोड जनरेटर - CreateMy-QR",text/html; charset=utf-8,false,200,0,0,"एक्स (ट्विटर) क्यूआर कोड
एक्स (ट्विटर) Explorer","24
22",2,true
21,https://createmy-qr.com/fi/amazon-ilmainen-qr-koodigeneraattori-netissa,"Amazon QR-koodigeneraattori - ilmainen ja räätälöity | CreateMy-QR
Amazon - Ilmainen QR-koodigeneraattori Netissä - CreateMy-QR",text/html; charset=utf-8,false,200,0,0,"Amazon QR-koodi
QR-koodit, jotka todella toimivat","15
33",2,true
21,https://createmy-qr.com/fr/paypal-generateur-de-code-qr-gratuit-en-ligne,"Générateur de code QR PayPal - Gratuit et personnalisé | CreateMy-QR
PayPal - Générateur de Code QR Gratuit en Ligne - CreateMy-QR",text/html; charset=utf-8,false,200,0,0,"PayPal Code QR
Des QR Codes Qui Fonctionnent Vraiment","14
38",2,true
21,https://createmy-qr.com/ja/venmo-wu-liao-qrkodozuo-cheng-zienereta,"ヴェンモ QR コード ジェネレーター - 無料 & カスタム | CreateMy-QR
ヴェンモ - 無料QRコード作成・ジェネレーター - CreateMy-QR",text/html; charset=utf-8,false,200,0,0,"ヴェンモ QR コード
本当に機能するQRコード","11
12",2,true
21,https://createmy-qr.com/es/snapchat-generador-de-codigos-qr-gratis-online,"Generador de códigos QR Snapchat: gratuito y personalizado | CreateMy-QR
Snapchat - Generador de Códigos QR Gratis Online - CreateMy-QR",text/html; charset=utf-8,false,200,0,0,"Snapchat Código QR
Códigos QR Que Realmente Funcionan","18
34",2,true
21,https://createmy-qr.com/vi/linkedin-tao-ma-qr-mien-phi-truc-tuyen,"Trình tạo mã QR LinkedIn - Miễn phí & Tùy chỉnh | CreateMy-QR
LinkedIn - Tạo Mã QR Miễn Phí Trực Tuyến - CreateMy-QR",text/html; charset=utf-8,false,200,0,0,"LinkedIn Mã QR
Mã QR Thực Sự Hoạt Động for LinkedIn","14
36",2,true
21,https://createmy-qr.com/paypal-qr-code-for-donations,"PayPal QR Code for Non-Profits & Donations | CreateMy-QR
PayPal QR Code for Non-Profits & Donations | CreateMy-QR",text/html; charset=utf-8,false,200,0,0,"PayPal QR Code for Non-Profits & Donations
PayPal QR Code for Non-Profits & Donations","42
42",2,true
21,https://createmy-qr.com/ro/snapchat-generator-de-coduri-qr-gratuit-online,"Snapchat QR Code Generator - Gratuit și personalizat | CreateMy-QR
Snapchat - Generator de Coduri QR Gratuit Online - CreateMy-QR",text/html; charset=utf-8,false,200,0,0,"Snapchat Cod QR
Coduri QR care funcționează de fapt","15
35",2,true
21,https://createmy-qr.com/pt/x-twitter-gerador-de-codigo-qr-gratis-online,"Gerador de código QR X (Twitter) - gratuito e personalizado | CreateMy-QR
X (Twitter) - Gerador de Código QR Grátis Online - CreateMy-QR",text/html; charset=utf-8,false,200,0,0,"X (Twitter) Código QR
X (Twitter) Explorer","21
20",2,true
21,https://createmy-qr.com/ru/ssylka-v-bio-besplatnyy-generator-qr-kodov-onlayn,"Ссылка в био Генератор QR-кодов — бесплатный и настраиваемый | CreateMy-QR
Ссылка в био - Бесплатный генератор QR-кодов онлайн - CreateMy-QR",text/html; charset=utf-8,false,200,0,0,"Ссылка в био QR-код
QR-Коды, Которые Действительно Работают","19
39",2,true
21,https://createmy-qr.com/bn/bhiddio-phri-anlaain-kiuaar-kodd-jenaarettr,"ভিডিও QR কোড জেনারেটর - বিনামূল্যে এবং কাস্টম | CreateMy-QR
ভিডিও - ফ্রি অনলাইন কিউআর কোড জেনারেটর - CreateMy-QR",text/html; charset=utf-8,false,200,0,0,"ভিডিও QR কোড
QR কোড যা আসলে কাজ করে","12
22",2,true
21,https://createmy-qr.com/fr/lien-dans-la-bio-generateur-de-code-qr-gratuit-en-ligne,"Générateur de code QR Lien dans la bio - Gratuit et personnalisé | CreateMy-QR
Lien dans la bio - Générateur de Code QR Gratuit en Ligne - CreateMy-QR",text/html; charset=utf-8,false,200,0,0,"Lien dans la bio Code QR
Des QR Codes Qui Fonctionnent Vraiment","24
38",2,true
21,https://createmy-qr.com/pdf-qr-code-generator,"PDF QR Code Generator - Free & Custom | CreateMy-QR
PDF - Free QR Code Generator Online - CreateMy-QR",text/html; charset=utf-8,false,200,0,0,"PDF QR Code
Premium QR Codes","11
16",2,true
21,https://createmy-qr.com/pt/imagem-gerador-de-codigo-qr-gratis-online,"Gerador de código QR Imagem - gratuito e personalizado | CreateMy-QR
Imagem - Gerador de Código QR Grátis Online - CreateMy-QR",text/html; charset=utf-8,false,200,0,0,"Imagem Código QR
Códigos QR Que Realmente Funcionam","16
34",2,true
21,https://createmy-qr.com/paypal-qr-code-generator,"PayPal QR Code Generator - Free & Custom | CreateMy-QR
PayPal - Free QR Code Generator Online - CreateMy-QR",text/html; charset=utf-8,false,200,0,0,"PayPal QR Code
Premium QR Codes","14
16",2,true
21,https://createmy-qr.com/tr/resim-ucretsiz-cevrimici-qr-kod-olusturucu,"Resim QR Kod Oluşturucu - Ücretsiz ve Özel | CreateMy-QR
Resim - Ücretsiz Çevrimiçi QR Kod Oluşturucu - CreateMy-QR",text/html; charset=utf-8,false,200,0,0,"Resim QR Kodu
Gerçekten Çalışan QR Kodlar","13
27",2,true
21,https://createmy-qr.com/tr/linkedin-ucretsiz-cevrimici-qr-kod-olusturucu,"LinkedIn QR Kod Oluşturucu - Ücretsiz ve Özel | CreateMy-QR
LinkedIn - Ücretsiz Çevrimiçi QR Kod Oluşturucu - CreateMy-QR",text/html; charset=utf-8,false,200,0,0,"LinkedIn QR Kodu
Gerçekten Çalışan QR Kodlar for LinkedIn","16
40",2,true
21,https://createmy-qr.com/ms/amazon-penjana-kod-qr-percuma-dalam-talian,"Penjana Kod QR Amazon - Percuma & Tersuai | CreateMy-QR
Amazon - Penjana Kod QR Percuma Dalam Talian - CreateMy-QR",text/html; charset=utf-8,false,200,0,0,"Amazon Kod QR
Kod QR Yang Sebenarnya Berfungsi","13
32",2,true
21,https://createmy-qr.com/vi/google-forms-tao-ma-qr-mien-phi-truc-tuyen,"Trình tạo mã QR Google Biểu mẫu - Miễn phí & Tùy chỉnh | CreateMy-QR
Google Biểu mẫu - Tạo Mã QR Miễn Phí Trực Tuyến - CreateMy-QR",text/html; charset=utf-8,false,200,0,0,"Google Biểu mẫu Mã QR
Mã QR Thực Sự Hoạt Động","21
23",2,true
21,https://createmy-qr.com/fr/audio-generateur-de-code-qr-gratuit-en-ligne,"Générateur de code QR Audio - Gratuit et personnalisé | CreateMy-QR
Audio - Générateur de Code QR Gratuit en Ligne - CreateMy-QR",text/html; charset=utf-8,false,200,0,0,"Audio Code QR
Des QR Codes Qui Fonctionnent Vraiment","13
38",2,true
21,https://createmy-qr.com/ja/linkedin-wu-liao-qrkodozuo-cheng-zienereta,"リンクトイン QR コード ジェネレーター - 無料 & カスタム | CreateMy-QR
リンクトイン - 無料QRコード作成・ジェネレーター - CreateMy-QR",text/html; charset=utf-8,false,200,0,0,"リンクトイン QR コード
本当に機能するQRコード for リンクトイン","13
23",2,true
21,https://createmy-qr.com/vi/hinh-anh-tao-ma-qr-mien-phi-truc-tuyen,"Trình tạo mã QR Hình ảnh - Miễn phí & Tùy chỉnh | CreateMy-QR
Hình ảnh - Tạo Mã QR Miễn Phí Trực Tuyến - CreateMy-QR",text/html; charset=utf-8,false,200,0,0,"Hình ảnh Mã QR
Mã QR Thực Sự Hoạt Động","14
23",2,true
21,https://createmy-qr.com/hu/link-a-bioban-ingyenes-online-qr-kod-generator,"Link a Bioban QR-kód generátor - ingyenes és egyedi | CreateMy-QR
Link a Bioban - Ingyenes Online QR-kód Generátor - CreateMy-QR",text/html; charset=utf-8,false,200,0,0,"Link a Bioban QR-kód
QR-kódok, amelyek valóban működnek","20
34",2,true
21,https://createmy-qr.com/no/x-twitter-gratis-qr-kode-generator-online,"X (Twitter) QR Code Generator - Gratis og tilpasset | CreateMy-QR
X (Twitter) - Gratis QR-kode Generator Online - CreateMy-QR",text/html; charset=utf-8,false,200,0,0,"X (Twitter) QR-kode
X (Twitter) Explorer","19
20",2,true
21,https://createmy-qr.com/ms/pautan-di-bio-penjana-kod-qr-percuma-dalam-talian,"Penjana Kod QR Pautan di Bio - Percuma & Tersuai | CreateMy-QR
Pautan di Bio - Penjana Kod QR Percuma Dalam Talian - CreateMy-QR",text/html; charset=utf-8,false,200,0,0,"Pautan di Bio Kod QR
Kod QR Yang Sebenarnya Berfungsi","20
32",2,true
21,https://createmy-qr.com/nl/google-forms-gratis-qr-code-generator-online,"Google-formulieren QR-codegenerator - gratis en aangepast | CreateMy-QR
Google-formulieren - Gratis QR Code Generator Online - CreateMy-QR",text/html; charset=utf-8,false,200,0,0,"Google-formulieren QR-code
QR-codes Die Echt Werken","26
24",2,true
21,https://createmy-qr.com/nl/google-review-gratis-qr-code-generator-online,"Google-recensie QR-codegenerator - gratis en aangepast | CreateMy-QR
Google-recensie - Gratis QR Code Generator Online - CreateMy-QR",text/html; charset=utf-8,false,200,0,0,"Google-recensie QR-code
QR-codes Die Echt Werken","23
24",2,true
21,https://createmy-qr.com/fr/video-generateur-de-code-qr-gratuit-en-ligne,"Générateur de code QR Vidéo - Gratuit et personnalisé | CreateMy-QR
Vidéo - Générateur de Code QR Gratuit en Ligne - CreateMy-QR",text/html; charset=utf-8,false,200,0,0,"Vidéo Code QR
Des QR Codes Qui Fonctionnent Vraiment","13
38",2,true
21,https://createmy-qr.com/th/x-thwitet-r-ekhruue-ngmuue-sraangkhiw-aarokhd-nailnfrii,"X (ทวิตเตอร์) เครื่องสร้างโค้ด QR - ฟรีและกำหนดเอง | CreateMy-QR
X (ทวิตเตอร์) - เครื่องมือสร้างคิวอาร์โค้ดออนไลน์ฟรี - CreateMy-QR",text/html; charset=utf-8,false,200,0,0,"X (ทวิตเตอร์) รหัส QR
X (ทวิตเตอร์) Explorer","21
22",2,true
21,https://createmy-qr.com/el/google-review-dorean-dimioyrgia-qr-code-online,"Αναθεώρηση Google QR Code Generator - Δωρεάν & Προσαρμοσμένο | CreateMy-QR
Αναθεώρηση Google - Δωρεάν Δημιουργία QR Code Online - CreateMy-QR",text/html; charset=utf-8,false,200,0,0,"Αναθεώρηση Google Κωδικός QR
Κωδικοί QR που λειτουργούν πραγματικά","28
37",2,true
21,https://createmy-qr.com/url-qr-code-for-event-tickets-registration,"URL QR Code for Event Tickets & Registration | CreateMy-QR
URL QR Code for Event Tickets & Registration | CreateMy-QR",text/html; charset=utf-8,false,200,0,0,"URL QR Code for Event Tickets & Registration
URL QR Code for Event Tickets & Registration","44
44",2,true
21,https://createmy-qr.com/ja/google-review-wu-liao-qrkodozuo-cheng-zienereta,"Google レビュー QR コード ジェネレーター - 無料 & カスタム | CreateMy-QR
Google レビュー - 無料QRコード作成・ジェネレーター - CreateMy-QR",text/html; charset=utf-8,false,200,0,0,"Google レビュー QR コード
本当に機能するQRコード","18
12",2,true
21,https://createmy-qr.com/ko/pdf-muryo-onrain-qr-kodeu-saengseonggi,"PDF QR 코드 생성기 - 무료 및 사용자 정의 | CreateMy-QR
PDF - 무료 온라인 QR 코드 생성기 - CreateMy-QR",text/html; charset=utf-8,false,200,0,0,"PDF QR 코드
실제로 작동하는 QR 코드","9
14",2,true
21,https://createmy-qr.com/hi/chvi-muph-t-onnlaain-kyuuaar-kodd-jnrettr,"छवि QR कोड जेनरेटर - मुफ़्त और कस्टम | CreateMy-QR
छवि - मुफ़्त ऑनलाइन क्यूआर कोड जनरेटर - CreateMy-QR",text/html; charset=utf-8,false,200,0,0,"छवि क्यूआर कोड
QR कोड जो वास्तव में काम करते हैं","14
33",2,true
21,https://createmy-qr.com/pt/venmo-gerador-de-codigo-qr-gratis-online,"Gerador de código QR Venmo - gratuito e personalizado | CreateMy-QR
Venmo - Gerador de Código QR Grátis Online - CreateMy-QR",text/html; charset=utf-8,false,200,0,0,"Venmo Código QR
Códigos QR Que Realmente Funcionam","15
34",2,true
21,https://createmy-qr.com/hu/fajl-ingyenes-online-qr-kod-generator,"Fájl QR-kód generátor - ingyenes és egyedi | CreateMy-QR
Fájl - Ingyenes Online QR-kód Generátor - CreateMy-QR",text/html; charset=utf-8,false,200,0,0,"Fájl QR-kód
QR-kódok, amelyek valóban működnek","11
34",2,true
21,https://createmy-qr.com/hu/kep-ingyenes-online-qr-kod-generator,"Kép QR-kód generátor - ingyenes és egyedi | CreateMy-QR
Kép - Ingyenes Online QR-kód Generátor - CreateMy-QR",text/html; charset=utf-8,false,200,0,0,"Kép QR-kód
QR-kódok, amelyek valóban működnek","10
34",2,true
21,https://createmy-qr.com/hi/ph-aail-muph-t-onnlaain-kyuuaar-kodd-jnrettr,"फ़ाइल QR कोड जेनरेटर - मुफ़्त और कस्टम | CreateMy-QR
फ़ाइल - मुफ़्त ऑनलाइन क्यूआर कोड जनरेटर - CreateMy-QR",text/html; charset=utf-8,false,200,0,0,"फ़ाइल क्यूआर कोड
QR कोड जो वास्तव में काम करते हैं","16
33",2,true
21,https://createmy-qr.com/zh/amazon-mian-fei-zai-xian-er-wei-ma-sheng-cheng-qi,"亚马逊 QR 代码生成器 - 免费和自定义 | CreateMy-QR
亚马逊 - 免费在线二维码生成器 - CreateMy-QR",text/html; charset=utf-8,false,200,0,0,"亚马逊二维码
真正有效的二维码","6
8",2,true
21,https://createmy-qr.com/el/kratisi-dorean-dimioyrgia-qr-code-online,"Κράτηση QR Code Generator - Δωρεάν & Προσαρμοσμένο | CreateMy-QR
Κράτηση - Δωρεάν Δημιουργία QR Code Online - CreateMy-QR",text/html; charset=utf-8,false,200,0,0,"Κράτηση Κωδικός QR
Κωδικοί QR που λειτουργούν πραγματικά","18
37",2,true
21,https://createmy-qr.com/fi/snapchat-ilmainen-qr-koodigeneraattori-netissa,"Snapchat QR-koodigeneraattori - ilmainen ja räätälöity | CreateMy-QR
Snapchat - Ilmainen QR-koodigeneraattori Netissä - CreateMy-QR",text/html; charset=utf-8,false,200,0,0,"Snapchat QR-koodi
QR-koodit, jotka todella toimivat","17
33",2,true
21,https://createmy-qr.com/ms/pdf-penjana-kod-qr-percuma-dalam-talian,"Penjana Kod QR PDF - Percuma & Tersuai | CreateMy-QR
PDF - Penjana Kod QR Percuma Dalam Talian - CreateMy-QR",text/html; charset=utf-8,false,200,0,0,"PDF Kod QR
Kod QR Yang Sebenarnya Berfungsi","10
32",2,true
21,https://createmy-qr.com/hi/amazon-muph-t-onnlaain-kyuuaar-kodd-jnrettr,"अमेज़न QR कोड जेनरेटर - मुफ़्त और कस्टम | CreateMy-QR
अमेज़न - मुफ़्त ऑनलाइन क्यूआर कोड जनरेटर - CreateMy-QR",text/html; charset=utf-8,false,200,0,0,"अमेज़न क्यूआर कोड
QR कोड जो वास्तव में काम करते हैं","17
33",2,true
21,https://createmy-qr.com/de/discord-kostenloser-qr-code-generator-online,"Zwietracht QR-Code-Generator – kostenlos und benutzerdefiniert | CreateMy-QR
Zwietracht - Kostenloser QR-Code Generator Online - CreateMy-QR",text/html; charset=utf-8,false,200,0,0,"Zwietracht QR-Code
Welcome to #welcome!","18
20",2,true
21,https://createmy-qr.com/ko/discord-muryo-onrain-qr-kodeu-saengseonggi,"불화 QR 코드 생성기 - 무료 및 사용자 정의 | CreateMy-QR
불화 - 무료 온라인 QR 코드 생성기 - CreateMy-QR",text/html; charset=utf-8,false,200,0,0,"불화 QR 코드
Welcome to #welcome!","8
20",2,true
21,https://createmy-qr.com/no/video-gratis-qr-kode-generator-online,"Video QR Code Generator - Gratis og tilpasset | CreateMy-QR
Video - Gratis QR-kode Generator Online - CreateMy-QR",text/html; charset=utf-8,false,200,0,0,"Video QR-kode
QR-koder som faktisk fungerer","13
29",2,true
21,https://createmy-qr.com/no/paypal-gratis-qr-kode-generator-online,"PayPal QR Code Generator - Gratis og tilpasset | CreateMy-QR
PayPal - Gratis QR-kode Generator Online - CreateMy-QR",text/html; charset=utf-8,false,200,0,0,"PayPal QR-kode
QR-koder som faktisk fungerer","14
29",2,true
21,https://createmy-qr.com/es/audio-generador-de-codigos-qr-gratis-online,"Generador de códigos QR Audio: gratuito y personalizado | CreateMy-QR
Audio - Generador de Códigos QR Gratis Online - CreateMy-QR",text/html; charset=utf-8,false,200,0,0,"Audio Código QR
Códigos QR Que Realmente Funcionan","15
34",2,true
21,https://createmy-qr.com/it/paypal-generatore-di-codici-qr-gratis-online,"Generatore di codici QR PayPal - Gratuito e personalizzato | CreateMy-QR
PayPal - Generatore di Codici QR Gratis Online - CreateMy-QR",text/html; charset=utf-8,false,200,0,0,"PayPal Codice QR
Codici QR Che Funzionano Davvero","16
32",2,true
21,https://createmy-qr.com/hu/amazon-ingyenes-online-qr-kod-generator,"Amazon QR-kód generátor - ingyenes és egyedi | CreateMy-QR
Amazon - Ingyenes Online QR-kód Generátor - CreateMy-QR",text/html; charset=utf-8,false,200,0,0,"Amazon QR-kód
QR-kódok, amelyek valóban működnek","13
34",2,true
21,https://createmy-qr.com/tl/pag-book-libreng-online-qr-code-generator,"Pag-book QR Code Generator - Libre at Custom | CreateMy-QR
Pag-book - Libreng Online QR Code Generator - CreateMy-QR",text/html; charset=utf-8,false,200,0,0,"Pag-book QR Code
Mga QR Code na Talagang Gumagana","16
32",2,true
21,https://createmy-qr.com/es/amazon-generador-de-codigos-qr-gratis-online,"Generador de códigos QR Amazonas: gratuito y personalizado | CreateMy-QR
Amazonas - Generador de Códigos QR Gratis Online - CreateMy-QR",text/html; charset=utf-8,false,200,0,0,"Amazonas Código QR
Códigos QR Que Realmente Funcionan","18
34",2,true
21,https://createmy-qr.com/ru/venmo-besplatnyy-generator-qr-kodov-onlayn,"Венмо Генератор QR-кодов — бесплатный и настраиваемый | CreateMy-QR
Венмо - Бесплатный генератор QR-кодов онлайн - CreateMy-QR",text/html; charset=utf-8,false,200,0,0,"Венмо QR-код
QR-Коды, Которые Действительно Работают","12
39",2,true
21,https://createmy-qr.com/th/widiio-ekhruue-ngmuue-sraangkhiw-aarokhd-nailnfrii,"วิดีโอ เครื่องสร้างโค้ด QR - ฟรีและกำหนดเอง | CreateMy-QR
วิดีโอ - เครื่องมือสร้างคิวอาร์โค้ดออนไลน์ฟรี - CreateMy-QR",text/html; charset=utf-8,false,200,0,0,"วิดีโอ รหัส QR
QR Code ที่ทำงานได้จริง","14
23",2,true
21,https://createmy-qr.com/fr/linkedin-generateur-de-code-qr-gratuit-en-ligne,"Générateur de code QR LinkedIn - Gratuit et personnalisé | CreateMy-QR
LinkedIn - Générateur de Code QR Gratuit en Ligne - CreateMy-QR",text/html; charset=utf-8,false,200,0,0,"LinkedIn Code QR
Des QR Codes Qui Fonctionnent Vraiment for LinkedIn","16
51",2,true
21,https://createmy-qr.com/ko/imiji-muryo-onrain-qr-kodeu-saengseonggi,"이미지 QR 코드 생성기 - 무료 및 사용자 정의 | CreateMy-QR
이미지 - 무료 온라인 QR 코드 생성기 - CreateMy-QR",text/html; charset=utf-8,false,200,0,0,"이미지 QR 코드
실제로 작동하는 QR 코드","9
14",2,true
21,https://createmy-qr.com/th/google-forms-ekhruue-ngmuue-sraangkhiw-aarokhd-nailnfrii,"Google ฟอร์ม เครื่องสร้างโค้ด QR - ฟรีและกำหนดเอง | CreateMy-QR
Google ฟอร์ม - เครื่องมือสร้างคิวอาร์โค้ดออนไลน์ฟรี - CreateMy-QR",text/html; charset=utf-8,false,200,0,0,"Google ฟอร์ม รหัส QR
QR Code ที่ทำงานได้จริง","20
23",2,true
21,https://createmy-qr.com/es/x-twitter-generador-de-codigos-qr-gratis-online,"Generador de códigos QR X (Twitter): gratuito y personalizado | CreateMy-QR
X (Twitter) - Generador de Códigos QR Gratis Online - CreateMy-QR",text/html; charset=utf-8,false,200,0,0,"X (Twitter) Código QR
X (Twitter) Explorer","21
20",2,true
21,https://createmy-qr.com/da/booking-gratis-qr-kode-generator-online,"Booking QR Code Generator - Gratis og brugerdefineret | CreateMy-QR
Booking - Gratis QR Kode Generator Online - CreateMy-QR",text/html; charset=utf-8,false,200,0,0,"Booking QR-kode
QR-koder, der faktisk virker","15
28",2,true
21,https://createmy-qr.com/google-review-qr-code-generator,"Google Review QR Code Generator - Free & Custom | CreateMy-QR
Google Review - Free QR Code Generator Online - CreateMy-QR",text/html; charset=utf-8,false,200,0,0,"Google Review QR Code
Premium QR Codes","21
16",2,true
21,https://createmy-qr.com/nl/geluid-gratis-qr-code-generator-online,"Geluid QR-codegenerator - gratis en aangepast | CreateMy-QR
Geluid - Gratis QR Code Generator Online - CreateMy-QR",text/html; charset=utf-8,false,200,0,0,"Geluid QR-code
QR-codes Die Echt Werken","14
24",2,true
21,https://createmy-qr.com/nl/amazon-gratis-qr-code-generator-online,"Amazone QR-codegenerator - gratis en aangepast | CreateMy-QR
Amazone - Gratis QR Code Generator Online - CreateMy-QR",text/html; charset=utf-8,false,200,0,0,"Amazone QR-code
QR-codes Die Echt Werken","15
24",2,true
21,https://createmy-qr.com/tl/link-sa-bio-libreng-online-qr-code-generator,"Link sa Bio QR Code Generator - Libre at Custom | CreateMy-QR
Link sa Bio - Libreng Online QR Code Generator - CreateMy-QR",text/html; charset=utf-8,false,200,0,0,"Link sa Bio QR Code
Mga QR Code na Talagang Gumagana","19
32",2,true
21,https://createmy-qr.com/pt/video-gerador-de-codigo-qr-gratis-online,"Gerador de código QR Vídeo - gratuito e personalizado | CreateMy-QR
Vídeo - Gerador de Código QR Grátis Online - CreateMy-QR",text/html; charset=utf-8,false,200,0,0,"Vídeo Código QR
Códigos QR Que Realmente Funcionam","15
34",2,true
21,https://createmy-qr.com/tr/paypal-ucretsiz-cevrimici-qr-kod-olusturucu,"PayPal QR Kod Oluşturucu - Ücretsiz ve Özel | CreateMy-QR
PayPal - Ücretsiz Çevrimiçi QR Kod Oluşturucu - CreateMy-QR",text/html; charset=utf-8,false,200,0,0,"PayPal QR Kodu
Gerçekten Çalışan QR Kodlar","14
27",2,true
21,https://createmy-qr.com/it/google-forms-generatore-di-codici-qr-gratis-online,"Generatore di codici QR Moduli Google - Gratuito e personalizzato | CreateMy-QR
Moduli Google - Generatore di Codici QR Gratis Online - CreateMy-QR",text/html; charset=utf-8,false,200,0,0,"Moduli Google Codice QR
Codici QR Che Funzionano Davvero","23
32",2,true
21,https://createmy-qr.com/hu/hang-ingyenes-online-qr-kod-generator,"Hang QR-kód generátor - ingyenes és egyedi | CreateMy-QR
Hang - Ingyenes Online QR-kód Generátor - CreateMy-QR",text/html; charset=utf-8,false,200,0,0,"Hang QR-kód
QR-kódok, amelyek valóban működnek","11
34",2,true
21,https://createmy-qr.com/th/ruupphaaph-ekhruue-ngmuue-sraangkhiw-aarokhd-nailnfrii,"รูปภาพ เครื่องสร้างโค้ด QR - ฟรีและกำหนดเอง | CreateMy-QR
รูปภาพ - เครื่องมือสร้างคิวอาร์โค้ดออนไลน์ฟรี - CreateMy-QR",text/html; charset=utf-8,false,200,0,0,"รูปภาพ รหัส QR
QR Code ที่ทำงานได้จริง","14
23",2,true
21,https://createmy-qr.com/ko/paypal-muryo-onrain-qr-kodeu-saengseonggi,"페이팔 QR 코드 생성기 - 무료 및 사용자 정의 | CreateMy-QR
페이팔 - 무료 온라인 QR 코드 생성기 - CreateMy-QR",text/html; charset=utf-8,false,200,0,0,"페이팔 QR 코드
실제로 작동하는 QR 코드","9
14",2,true
21,https://createmy-qr.com/snapchat-qr-code-generator,"Snapchat QR Code Generator - Free & Custom | CreateMy-QR
Snapchat - Free QR Code Generator Online - CreateMy-QR",text/html; charset=utf-8,false,200,0,0,"Snapchat QR Code
Premium QR Codes","16
16",2,true
21,https://createmy-qr.com/ja/yu-yue-wu-liao-qrkodozuo-cheng-zienereta,"予約 QR コード ジェネレーター - 無料 & カスタム | CreateMy-QR
予約 - 無料QRコード作成・ジェネレーター - CreateMy-QR",text/html; charset=utf-8,false,200,0,0,"予約 QR コード
本当に機能するQRコード","9
12",2,true
21,https://createmy-qr.com/tl/snapchat-libreng-online-qr-code-generator,"Snapchat QR Code Generator - Libre at Custom | CreateMy-QR
Snapchat - Libreng Online QR Code Generator - CreateMy-QR",text/html; charset=utf-8,false,200,0,0,"Snapchat QR Code
Mga QR Code na Talagang Gumagana","16
32",2,true
21,https://createmy-qr.com/tr/baglanti-bio-da-ucretsiz-cevrimici-qr-kod-olusturucu,"Bağlantı Bio'da QR Kod Oluşturucu - Ücretsiz ve Özel | CreateMy-QR
Bağlantı Bio'da - Ücretsiz Çevrimiçi QR Kod Oluşturucu - CreateMy-QR",text/html; charset=utf-8,false,200,0,0,"Bağlantı Bio'da QR Kodu
Gerçekten Çalışan QR Kodlar","23
27",2,true
21,https://createmy-qr.com/zh/shi-pin-mian-fei-zai-xian-er-wei-ma-sheng-cheng-qi,"视频 QR 代码生成器 - 免费和自定义 | CreateMy-QR
视频 - 免费在线二维码生成器 - CreateMy-QR",text/html; charset=utf-8,false,200,0,0,"视频二维码
真正有效的二维码","5
8",2,true
21,https://createmy-qr.com/it/video-generatore-di-codici-qr-gratis-online,"Generatore di codici QR Video - Gratuito e personalizzato | CreateMy-QR
Video - Generatore di Codici QR Gratis Online - CreateMy-QR",text/html; charset=utf-8,false,200,0,0,"Video Codice QR
Codici QR Che Funzionano Davvero","15
32",2,true
21,https://createmy-qr.com/fi/google-forms-ilmainen-qr-koodigeneraattori-netissa,"Google Forms QR-koodigeneraattori - ilmainen ja räätälöity | CreateMy-QR
Google Forms - Ilmainen QR-koodigeneraattori Netissä - CreateMy-QR",text/html; charset=utf-8,false,200,0,0,"Google Forms QR-koodi
QR-koodit, jotka todella toimivat","21
33",2,true
21,https://createmy-qr.com/no/bilde-gratis-qr-kode-generator-online,"Bilde QR Code Generator - Gratis og tilpasset | CreateMy-QR
Bilde - Gratis QR-kode Generator Online - CreateMy-QR",text/html; charset=utf-8,false,200,0,0,"Bilde QR-kode
QR-koder som faktisk fungerer","13
29",2,true
21,https://createmy-qr.com/th/google-review-ekhruue-ngmuue-sraangkhiw-aarokhd-nailnfrii,"รีวิวของ Google เครื่องสร้างโค้ด QR - ฟรีและกำหนดเอง | CreateMy-QR
รีวิวของ Google - เครื่องมือสร้างคิวอาร์โค้ดออนไลน์ฟรี - CreateMy-QR",text/html; charset=utf-8,false,200,0,0,"รีวิวของ Google รหัส QR
QR Code ที่ทำงานได้จริง","23
23",2,true
21,https://createmy-qr.com/app-store-qr-code-for-game-downloads,"App Store QR Code for Mobile Game Downloads | CreateMy-QR
App Store QR Code for Mobile Game Downloads | CreateMy-QR",text/html; charset=utf-8,false,200,0,0,"App Store QR Code for Mobile Game Downloads
App Store QR Code for Mobile Game Downloads","43
43",2,true
21,https://createmy-qr.com/th/snapchat-ekhruue-ngmuue-sraangkhiw-aarokhd-nailnfrii,"สแนปแชท เครื่องสร้างโค้ด QR - ฟรีและกำหนดเอง | CreateMy-QR
สแนปแชท - เครื่องมือสร้างคิวอาร์โค้ดออนไลน์ฟรี - CreateMy-QR",text/html; charset=utf-8,false,200,0,0,"สแนปแชท รหัส QR
QR Code ที่ทำงานได้จริง","15
23",2,true
21,https://createmy-qr.com/id/gambar-generator-qr-code-gratis-online,"Gambar Pembuat Kode QR - Gratis & Khusus | CreateMy-QR
Gambar - Generator QR Code Gratis Online - CreateMy-QR",text/html; charset=utf-8,false,200,0,0,"QR Code Gambar
QR Code yang Benar-Benar Berfungsi","14
34",2,true
21,https://createmy-qr.com/venmo-qr-code-generator,"Venmo QR Code Generator - Free & Custom | CreateMy-QR
Venmo - Free QR Code Generator Online - CreateMy-QR",text/html; charset=utf-8,false,200,0,0,"Venmo QR Code
Premium QR Codes","13
16",2,true
21,https://createmy-qr.com/hu/google-forms-ingyenes-online-qr-kod-generator,"Google Forms QR-kód generátor - ingyenes és egyedi | CreateMy-QR
Google Forms - Ingyenes Online QR-kód Generátor - CreateMy-QR",text/html; charset=utf-8,false,200,0,0,"Google Forms QR-kód
QR-kódok, amelyek valóban működnek","19
34",2,true
21,https://createmy-qr.com/it/prenotazione-generatore-di-codici-qr-gratis-online,"Generatore di codici QR Prenotazione - Gratuito e personalizzato | CreateMy-QR
Prenotazione - Generatore di Codici QR Gratis Online - CreateMy-QR",text/html; charset=utf-8,false,200,0,0,"Prenotazione Codice QR
Codici QR Che Funzionano Davvero","22
32",2,true
21,https://createmy-qr.com/ms/google-review-penjana-kod-qr-percuma-dalam-talian,"Penjana Kod QR Ulasan Google - Percuma & Tersuai | CreateMy-QR
Ulasan Google - Penjana Kod QR Percuma Dalam Talian - CreateMy-QR",text/html; charset=utf-8,false,200,0,0,"Ulasan Google Kod QR
Kod QR Yang Sebenarnya Berfungsi","20
32",2,true
21,https://createmy-qr.com/uk/pdf-bezkoshtovniy-generator-qr-kodiv-onlayn,"Генератор QR-коду PDF – безкоштовний і користувацький | CreateMy-QR
PDF - Безкоштовний Генератор QR-кодів Онлайн - CreateMy-QR",text/html; charset=utf-8,false,200,0,0,"PDF QR-код
QR-коди, які дійсно працюють","10
28",2,true
21,https://createmy-qr.com/da/paypal-gratis-qr-kode-generator-online,"PayPal QR Code Generator - Gratis og brugerdefineret | CreateMy-QR
PayPal - Gratis QR Kode Generator Online - CreateMy-QR",text/html; charset=utf-8,false,200,0,0,"PayPal QR-kode
QR-koder, der faktisk virker","14
28",2,true
21,https://createmy-qr.com/pt/snapchat-gerador-de-codigo-qr-gratis-online,"Gerador de código QR Snapchat - gratuito e personalizado | CreateMy-QR
Snapchat - Gerador de Código QR Grátis Online - CreateMy-QR",text/html; charset=utf-8,false,200,0,0,"Snapchat Código QR
Códigos QR Que Realmente Funcionam","18
34",2,true
21,https://createmy-qr.com/pl/venmo-darmowy-generator-kodow-qr-online,"Generator kodów QR Venmo — bezpłatny i niestandardowy | CreateMy-QR
Venmo - Darmowy Generator Kodów QR Online - CreateMy-QR",text/html; charset=utf-8,false,200,0,0,"Venmo Kod QR
Kody QR, Które Naprawdę Działają","12
32",2,true
21,https://createmy-qr.com/ms/imej-penjana-kod-qr-percuma-dalam-talian,"Penjana Kod QR Imej - Percuma & Tersuai | CreateMy-QR
Imej - Penjana Kod QR Percuma Dalam Talian - CreateMy-QR",text/html; charset=utf-8,false,200,0,0,"Imej Kod QR
Kod QR Yang Sebenarnya Berfungsi","11
32",2,true
21,https://createmy-qr.com/uk/discord-bezkoshtovniy-generator-qr-kodiv-onlayn,"Генератор QR-коду Розлад – безкоштовний і користувацький | CreateMy-QR
Розлад - Безкоштовний Генератор QR-кодів Онлайн - CreateMy-QR",text/html; charset=utf-8,false,200,0,0,"Розлад QR-код
Welcome to #welcome!","13
20",2,true
21,https://createmy-qr.com/it/x-twitter-generatore-di-codici-qr-gratis-online,"Generatore di codici QR X (Twitter) - Gratuito e personalizzato | CreateMy-QR
X (Twitter) - Generatore di Codici QR Gratis Online - CreateMy-QR",text/html; charset=utf-8,false,200,0,0,"X (Twitter) Codice QR
X (Twitter) Explorer","21
20",2,true
21,https://createmy-qr.com/it/pdf-generatore-di-codici-qr-gratis-online,"Generatore di codici QR PDF - Gratuito e personalizzato | CreateMy-QR
PDF - Generatore di Codici QR Gratis Online - CreateMy-QR",text/html; charset=utf-8,false,200,0,0,"PDF Codice QR
Codici QR Che Funzionano Davvero","13
32",2,true
21,https://createmy-qr.com/id/pemesanan-generator-qr-code-gratis-online,"Pemesanan Pembuat Kode QR - Gratis & Khusus | CreateMy-QR
Pemesanan - Generator QR Code Gratis Online - CreateMy-QR",text/html; charset=utf-8,false,200,0,0,"QR Code Pemesanan
QR Code yang Benar-Benar Berfungsi","17
34",2,true
21,https://createmy-qr.com/de/google-forms-kostenloser-qr-code-generator-online,"Google-Formulare QR-Code-Generator – kostenlos und benutzerdefiniert | CreateMy-QR
Google-Formulare - Kostenloser QR-Code Generator Online - CreateMy-QR",text/html; charset=utf-8,false,200,0,0,"Google-Formulare QR-Code
QR-Codes, Die Wirklich Funktionieren","24
36",2,true
21,https://createmy-qr.com/tl/audio-libreng-online-qr-code-generator,"Audio QR Code Generator - Libre at Custom | CreateMy-QR
Audio - Libreng Online QR Code Generator - CreateMy-QR",text/html; charset=utf-8,false,200,0,0,"Audio QR Code
Mga QR Code na Talagang Gumagana","13
32",2,true
21,https://createmy-qr.com/sv/linkedin-gratis-qr-kod-generator-online,"LinkedIn QR Code Generator - Gratis & anpassad | CreateMy-QR
LinkedIn - Gratis QR-kod Generator Online - CreateMy-QR",text/html; charset=utf-8,false,200,0,0,"LinkedIn QR-kod
QR-koder Som Faktiskt Fungerar for LinkedIn","15
43",2,true
21,https://createmy-qr.com/it/audio-generatore-di-codici-qr-gratis-online,"Generatore di codici QR Audio - Gratuito e personalizzato | CreateMy-QR
Audio - Generatore di Codici QR Gratis Online - CreateMy-QR",text/html; charset=utf-8,false,200,0,0,"Audio Codice QR
Codici QR Che Funzionano Davvero","15
32",2,true
21,https://createmy-qr.com/pl/pdf-darmowy-generator-kodow-qr-online,"Generator kodów QR PDF — bezpłatny i niestandardowy | CreateMy-QR
PDF - Darmowy Generator Kodów QR Online - CreateMy-QR",text/html; charset=utf-8,false,200,0,0,"PDF Kod QR
Kody QR, Które Naprawdę Działają","10
32",2,true
21,https://createmy-qr.com/th/pdf-ekhruue-ngmuue-sraangkhiw-aarokhd-nailnfrii,"PDF เครื่องสร้างโค้ด QR - ฟรีและกำหนดเอง | CreateMy-QR
PDF - เครื่องมือสร้างคิวอาร์โค้ดออนไลน์ฟรี - CreateMy-QR",text/html; charset=utf-8,false,200,0,0,"PDF รหัส QR
QR Code ที่ทำงานได้จริง","11
23",2,true
21,https://createmy-qr.com/cs/google-forms-zdarma-online-generator-qr-kodu,"Formuláře Google generátor QR kódu – zdarma a na míru | CreateMy-QR
Formuláře Google - Zdarma Online Generátor QR Kódů - CreateMy-QR",text/html; charset=utf-8,false,200,0,0,"Formuláře Google QR kód
QR kódy, které skutečně fungují","23
31",2,true
21,https://createmy-qr.com/discord-qr-code-generator,"Discord QR Code Generator - Free & Custom | CreateMy-QR
Discord - Free QR Code Generator Online - CreateMy-QR",text/html; charset=utf-8,false,200,0,0,"Discord QR Code
Welcome to #welcome!","15
20",2,true
21,https://createmy-qr.com/no/discord-gratis-qr-kode-generator-online,"Discord QR Code Generator - Gratis og tilpasset | CreateMy-QR
Discord - Gratis QR-kode Generator Online - CreateMy-QR",text/html; charset=utf-8,false,200,0,0,"Discord QR-kode
Welcome to #welcome!","15
20",2,true
21,https://createmy-qr.com/ja/paypal-wu-liao-qrkodozuo-cheng-zienereta,"ペイパル QR コード ジェネレーター - 無料 & カスタム | CreateMy-QR
ペイパル - 無料QRコード作成・ジェネレーター - CreateMy-QR",text/html; charset=utf-8,false,200,0,0,"ペイパル QR コード
本当に機能するQRコード","11
12",2,true
21,https://createmy-qr.com/ms/video-penjana-kod-qr-percuma-dalam-talian,"Penjana Kod QR Video - Percuma & Tersuai | CreateMy-QR
Video - Penjana Kod QR Percuma Dalam Talian - CreateMy-QR",text/html; charset=utf-8,false,200,0,0,"Video Kod QR
Kod QR Yang Sebenarnya Berfungsi","12
32",2,true
21,https://createmy-qr.com/el/arheio-dorean-dimioyrgia-qr-code-online,"Αρχείο QR Code Generator - Δωρεάν & Προσαρμοσμένο | CreateMy-QR
Αρχείο - Δωρεάν Δημιουργία QR Code Online - CreateMy-QR",text/html; charset=utf-8,false,200,0,0,"Αρχείο Κωδικός QR
Κωδικοί QR που λειτουργούν πραγματικά","17
37",2,true
21,https://createmy-qr.com/image-qr-code-generator,"Image QR Code Generator - Free & Custom | CreateMy-QR
Image - Free QR Code Generator Online - CreateMy-QR",text/html; charset=utf-8,false,200,0,0,"Image QR Code
Premium QR Codes","13
16",2,true
21,https://createmy-qr.com/fr/amazon-generateur-de-code-qr-gratuit-en-ligne,"Générateur de code QR Amazone - Gratuit et personnalisé | CreateMy-QR
Amazone - Générateur de Code QR Gratuit en Ligne - CreateMy-QR",text/html; charset=utf-8,false,200,0,0,"Amazone Code QR
Des QR Codes Qui Fonctionnent Vraiment","15
38",2,true
21,https://createmy-qr.com/hi/paypal-muph-t-onnlaain-kyuuaar-kodd-jnrettr,"पेपैल QR कोड जेनरेटर - मुफ़्त और कस्टम | CreateMy-QR
पेपैल - मुफ़्त ऑनलाइन क्यूआर कोड जनरेटर - CreateMy-QR",text/html; charset=utf-8,false,200,0,0,"पेपैल क्यूआर कोड
QR कोड जो वास्तव में काम करते हैं","16
33",2,true
21,https://createmy-qr.com/tl/file-libreng-online-qr-code-generator,"File QR Code Generator - Libre at Custom | CreateMy-QR
File - Libreng Online QR Code Generator - CreateMy-QR",text/html; charset=utf-8,false,200,0,0,"File QR Code
Mga QR Code na Talagang Gumagana","12
32",2,true
21,https://createmy-qr.com/nl/afbeelding-gratis-qr-code-generator-online,"Afbeelding QR-codegenerator - gratis en aangepast | CreateMy-QR
Afbeelding - Gratis QR Code Generator Online - CreateMy-QR",text/html; charset=utf-8,false,200,0,0,"Afbeelding QR-code
QR-codes Die Echt Werken","18
24",2,true
21,https://createmy-qr.com/el/snapchat-dorean-dimioyrgia-qr-code-online,"Snapchat QR Code Generator - Δωρεάν & Προσαρμοσμένο | CreateMy-QR
Snapchat - Δωρεάν Δημιουργία QR Code Online - CreateMy-QR",text/html; charset=utf-8,false,200,0,0,"Snapchat Κωδικός QR
Κωδικοί QR που λειτουργούν πραγματικά","19
37",2,true
21,https://createmy-qr.com/ro/link-in-bio-generator-de-coduri-qr-gratuit-online,"Link in Bio QR Code Generator - Gratuit și personalizat | CreateMy-QR
Link in Bio - Generator de Coduri QR Gratuit Online - CreateMy-QR",text/html; charset=utf-8,false,200,0,0,"Link in Bio Cod QR
Coduri QR care funcționează de fapt","18
35",2,true
21,https://createmy-qr.com/ko/yeyag-muryo-onrain-qr-kodeu-saengseonggi,"예약 QR 코드 생성기 - 무료 및 사용자 정의 | CreateMy-QR
예약 - 무료 온라인 QR 코드 생성기 - CreateMy-QR",text/html; charset=utf-8,false,200,0,0,"예약 QR 코드
실제로 작동하는 QR 코드","8
14",2,true
21,https://createmy-qr.com/zh/linkedin-mian-fei-zai-xian-er-wei-ma-sheng-cheng-qi,"领英 QR 代码生成器 - 免费和自定义 | CreateMy-QR
领英 - 免费在线二维码生成器 - CreateMy-QR",text/html; charset=utf-8,false,200,0,0,"领英二维码
真正有效的二维码 for 领英","5
15",2,true
21,https://createmy-qr.com/tl/video-libreng-online-qr-code-generator,"Video QR Code Generator - Libre at Custom | CreateMy-QR
Video - Libreng Online QR Code Generator - CreateMy-QR",text/html; charset=utf-8,false,200,0,0,"Video QR Code
Mga QR Code na Talagang Gumagana","13
32",2,true
21,https://createmy-qr.com/id/venmo-generator-qr-code-gratis-online,"Racun Pembuat Kode QR - Gratis & Khusus | CreateMy-QR
Racun - Generator QR Code Gratis Online - CreateMy-QR",text/html; charset=utf-8,false,200,0,0,"QR Code Racun
QR Code yang Benar-Benar Berfungsi","13
34",2,true
21,https://createmy-qr.com/zh/discord-mian-fei-zai-xian-er-wei-ma-sheng-cheng-qi,"不和谐 QR 代码生成器 - 免费和自定义 | CreateMy-QR
不和谐 - 免费在线二维码生成器 - CreateMy-QR",text/html; charset=utf-8,false,200,0,0,"不和谐二维码
Welcome to #welcome!","6
20",2,true
21,https://createmy-qr.com/ar/pdf-mwld-rmz-lstjb-lsryaa-mjny,"قوات الدفاع الشعبي QR Code Generator - مجاني ومخصص | CreateMy-QR
قوات الدفاع الشعبي - مولد رمز الاستجابة السريعة مجاني - CreateMy-QR",text/html; charset=utf-8,false,200,0,0,"قوات الدفاع الشعبي رمز QR
رموز QR تعمل فعلاً","25
18",2,true
21,https://createmy-qr.com/file-qr-code-generator,"File QR Code Generator - Free & Custom | CreateMy-QR
File - Free QR Code Generator Online - CreateMy-QR",text/html; charset=utf-8,false,200,0,0,"File QR Code
Premium QR Codes","12
16",2,true
21,https://createmy-qr.com/sv/amazon-gratis-qr-kod-generator-online,"Amazon QR Code Generator - Gratis & anpassad | CreateMy-QR
Amazon - Gratis QR-kod Generator Online - CreateMy-QR",text/html; charset=utf-8,false,200,0,0,"Amazon QR-kod
QR-koder Som Faktiskt Fungerar","13
30",2,true
21,https://createmy-qr.com/th/esiiyng-ekhruue-ngmuue-sraangkhiw-aarokhd-nailnfrii,"เสียง เครื่องสร้างโค้ด QR - ฟรีและกำหนดเอง | CreateMy-QR
เสียง - เครื่องมือสร้างคิวอาร์โค้ดออนไลน์ฟรี - CreateMy-QR",text/html; charset=utf-8,false,200,0,0,"เสียง รหัส QR
QR Code ที่ทำงานได้จริง","13
23",2,true
21,https://createmy-qr.com/id/video-generator-qr-code-gratis-online,"Video Pembuat Kode QR - Gratis & Khusus | CreateMy-QR
Video - Generator QR Code Gratis Online - CreateMy-QR",text/html; charset=utf-8,false,200,0,0,"QR Code Video
QR Code yang Benar-Benar Berfungsi","13
34",2,true
21,https://createmy-qr.com/cs/venmo-zdarma-online-generator-qr-kodu,"Venmo generátor QR kódu – zdarma a na míru | CreateMy-QR
Venmo - Zdarma Online Generátor QR Kódů - CreateMy-QR",text/html; charset=utf-8,false,200,0,0,"Venmo QR kód
QR kódy, které skutečně fungují","12
31",2,true
21,https://createmy-qr.com/cs/discord-zdarma-online-generator-qr-kodu,"Rozpor generátor QR kódu – zdarma a na míru | CreateMy-QR
Rozpor - Zdarma Online Generátor QR Kódů - CreateMy-QR",text/html; charset=utf-8,false,200,0,0,"Rozpor QR kód
Welcome to #welcome!","13
20",2,true
21,https://createmy-qr.com/pt/reserva-gerador-de-codigo-qr-gratis-online,"Gerador de código QR Reserva - gratuito e personalizado | CreateMy-QR
Reserva - Gerador de Código QR Grátis Online - CreateMy-QR",text/html; charset=utf-8,false,200,0,0,"Reserva Código QR
Códigos QR Que Realmente Funcionam","17
34",2,true
21,https://createmy-qr.com/id/tautan-di-bio-generator-qr-code-gratis-online,"Tautan di Bio Pembuat Kode QR - Gratis & Khusus | CreateMy-QR
Tautan di Bio - Generator QR Code Gratis Online - CreateMy-QR",text/html; charset=utf-8,false,200,0,0,"QR Code Tautan di Bio
QR Code yang Benar-Benar Berfungsi","21
34",2,true
21,https://createmy-qr.com/pt/linkedin-gerador-de-codigo-qr-gratis-online,"Gerador de código QR LinkedIn - gratuito e personalizado | CreateMy-QR
LinkedIn - Gerador de Código QR Grátis Online - CreateMy-QR",text/html; charset=utf-8,false,200,0,0,"LinkedIn Código QR
Códigos QR Que Realmente Funcionam for LinkedIn","18
47",2,true
21,https://createmy-qr.com/cs/odkaz-v-biu-zdarma-online-generator-qr-kodu,"Odkaz v Biu generátor QR kódu – zdarma a na míru | CreateMy-QR
Odkaz v Biu - Zdarma Online Generátor QR Kódů - CreateMy-QR",text/html; charset=utf-8,false,200,0,0,"Odkaz v Biu QR kód
QR kódy, které skutečně fungují","18
31",2,true
21,https://createmy-qr.com/nl/linkedin-gratis-qr-code-generator-online,"LinkedIn QR-codegenerator - gratis en aangepast | CreateMy-QR
LinkedIn - Gratis QR Code Generator Online - CreateMy-QR",text/html; charset=utf-8,false,200,0,0,"LinkedIn QR-code
QR-codes Die Echt Werken for LinkedIn","16
37",2,true
21,https://createmy-qr.com/nl/pdf-gratis-qr-code-generator-online,"Pdf QR-codegenerator - gratis en aangepast | CreateMy-QR
Pdf - Gratis QR Code Generator Online - CreateMy-QR",text/html; charset=utf-8,false,200,0,0,"Pdf QR-code
QR-codes Die Echt Werken","11
24",2,true
21,https://createmy-qr.com/pt/pdf-gerador-de-codigo-qr-gratis-online,"Gerador de código QR PDF - gratuito e personalizado | CreateMy-QR
PDF - Gerador de Código QR Grátis Online - CreateMy-QR",text/html; charset=utf-8,false,200,0,0,"PDF Código QR
Códigos QR Que Realmente Funcionam","13
34",2,true
21,https://createmy-qr.com/es/archivo-generador-de-codigos-qr-gratis-online,"Generador de códigos QR Archivo: gratuito y personalizado | CreateMy-QR
Archivo - Generador de Códigos QR Gratis Online - CreateMy-QR",text/html; charset=utf-8,false,200,0,0,"Archivo Código QR
Códigos QR Que Realmente Funcionan","17
34",2,true
21,https://createmy-qr.com/ru/pdf-besplatnyy-generator-qr-kodov-onlayn,"PDF Генератор QR-кодов — бесплатный и настраиваемый | CreateMy-QR
PDF - Бесплатный генератор QR-кодов онлайн - CreateMy-QR",text/html; charset=utf-8,false,200,0,0,"PDF QR-код
QR-Коды, Которые Действительно Работают","10
39",2,true
21,https://createmy-qr.com/da/discord-gratis-qr-kode-generator-online,"Discord QR Code Generator - Gratis og brugerdefineret | CreateMy-QR
Discord - Gratis QR Kode Generator Online - CreateMy-QR",text/html; charset=utf-8,false,200,0,0,"Discord QR-kode
Welcome to #welcome!","15
20",2,true
21,https://createmy-qr.com/nl/bestand-gratis-qr-code-generator-online,"Bestand QR-codegenerator - gratis en aangepast | CreateMy-QR
Bestand - Gratis QR Code Generator Online - CreateMy-QR",text/html; charset=utf-8,false,200,0,0,"Bestand QR-code
QR-codes Die Echt Werken","15
24",2,true
21,https://createmy-qr.com/el/pdf-dorean-dimioyrgia-qr-code-online,"PDF QR Code Generator - Δωρεάν & Προσαρμοσμένο | CreateMy-QR
PDF - Δωρεάν Δημιουργία QR Code Online - CreateMy-QR",text/html; charset=utf-8,false,200,0,0,"PDF Κωδικός QR
Κωδικοί QR που λειτουργούν πραγματικά","14
37",2,true
21,https://createmy-qr.com/no/pdf-gratis-qr-kode-generator-online,"PDF QR Code Generator - Gratis og tilpasset | CreateMy-QR
PDF - Gratis QR-kode Generator Online - CreateMy-QR",text/html; charset=utf-8,false,200,0,0,"PDF QR-kode
QR-koder som faktisk fungerer","11
29",2,true
21,https://createmy-qr.com/da/pdf-gratis-qr-kode-generator-online,"PDF QR Code Generator - Gratis og brugerdefineret | CreateMy-QR
PDF - Gratis QR Kode Generator Online - CreateMy-QR",text/html; charset=utf-8,false,200,0,0,"PDF QR-kode
QR-koder, der faktisk virker","11
28",2,true
21,https://createmy-qr.com/email-qr-code-for-newsletter-signup,"Email QR Code for Newsletter Signups | CreateMy-QR
Email QR Code for Newsletter Signups | CreateMy-QR",text/html; charset=utf-8,false,200,0,0,"Email QR Code for Newsletter Signups
Email QR Code for Newsletter Signups","36
36",2,true
21,https://createmy-qr.com/cs/linkedin-zdarma-online-generator-qr-kodu,"LinkedIn generátor QR kódu – zdarma a na míru | CreateMy-QR
LinkedIn - Zdarma Online Generátor QR Kódů - CreateMy-QR",text/html; charset=utf-8,false,200,0,0,"LinkedIn QR kód
QR kódy, které skutečně fungují for LinkedIn","15
44",2,true
21,https://createmy-qr.com/ro/amazon-generator-de-coduri-qr-gratuit-online,"Amazon QR Code Generator - Gratuit și personalizat | CreateMy-QR
Amazon - Generator de Coduri QR Gratuit Online - CreateMy-QR",text/html; charset=utf-8,false,200,0,0,"Amazon Cod QR
Coduri QR care funcționează de fapt","13
35",2,true
21,https://createmy-qr.com/fr/images-generateur-de-code-qr-gratuit-en-ligne,"Générateur de code QR Images - Gratuit et personnalisé | CreateMy-QR
Images - Générateur de Code QR Gratuit en Ligne - CreateMy-QR",text/html; charset=utf-8,false,200,0,0,"Images Code QR
Des QR Codes Qui Fonctionnent Vraiment","14
38",2,true
21,https://createmy-qr.com/tl/pdf-libreng-online-qr-code-generator,"PDF QR Code Generator - Libre at Custom | CreateMy-QR
PDF - Libreng Online QR Code Generator - CreateMy-QR",text/html; charset=utf-8,false,200,0,0,"PDF QR Code
Mga QR Code na Talagang Gumagana","11
32",2,true
21,https://createmy-qr.com/da/link-i-bio-gratis-qr-kode-generator-online,"Link i bio QR Code Generator - Gratis og brugerdefineret | CreateMy-QR
Link i bio - Gratis QR Kode Generator Online - CreateMy-QR",text/html; charset=utf-8,false,200,0,0,"Link i bio QR-kode
QR-koder, der faktisk virker","18
28",2,true
21,https://createmy-qr.com/hu/discord-ingyenes-online-qr-kod-generator,"Discord QR-kód generátor - ingyenes és egyedi | CreateMy-QR
Discord - Ingyenes Online QR-kód Generátor - CreateMy-QR",text/html; charset=utf-8,false,200,0,0,"Discord QR-kód
Welcome to #welcome!","14
20",2,true
21,https://createmy-qr.com/tr/x-twitter-ucretsiz-cevrimici-qr-kod-olusturucu,"X (Twitter) QR Kod Oluşturucu - Ücretsiz ve Özel | CreateMy-QR
X (Twitter) - Ücretsiz Çevrimiçi QR Kod Oluşturucu - CreateMy-QR",text/html; charset=utf-8,false,200,0,0,"X (Twitter) QR Kodu
X (Twitter) Explorer","19
20",2,true
21,https://createmy-qr.com/nl/discord-gratis-qr-code-generator-online,"Onenigheid QR-codegenerator - gratis en aangepast | CreateMy-QR
Onenigheid - Gratis QR Code Generator Online - CreateMy-QR",text/html; charset=utf-8,false,200,0,0,"Onenigheid QR-code
Welcome to #welcome!","18
20",2,true
21,https://createmy-qr.com/google-review-qr-code-for-local-business,"Google Review QR Code for Local Businesses | CreateMy-QR
Google Review QR Code for Local Businesses | CreateMy-QR",text/html; charset=utf-8,false,200,0,0,"Google Review QR Code for Local Businesses
Google Review QR Code for Local Businesses","42
42",2,true
21,https://createmy-qr.com/th/venmo-ekhruue-ngmuue-sraangkhiw-aarokhd-nailnfrii,"เวนโม เครื่องสร้างโค้ด QR - ฟรีและกำหนดเอง | CreateMy-QR
เวนโม - เครื่องมือสร้างคิวอาร์โค้ดออนไลน์ฟรี - CreateMy-QR",text/html; charset=utf-8,false,200,0,0,"เวนโม รหัส QR
QR Code ที่ทำงานได้จริง","13
23",2,true
21,https://createmy-qr.com/bn/pdf-phri-anlaain-kiuaar-kodd-jenaarettr,"পিডিএফ QR কোড জেনারেটর - বিনামূল্যে এবং কাস্টম | CreateMy-QR
পিডিএফ - ফ্রি অনলাইন কিউআর কোড জেনারেটর - CreateMy-QR",text/html; charset=utf-8,false,200,0,0,"পিডিএফ QR কোড
QR কোড যা আসলে কাজ করে","13
22",2,true
21,https://createmy-qr.com/tr/amazon-ucretsiz-cevrimici-qr-kod-olusturucu,"Amazon QR Kod Oluşturucu - Ücretsiz ve Özel | CreateMy-QR
Amazon - Ücretsiz Çevrimiçi QR Kod Oluşturucu - CreateMy-QR",text/html; charset=utf-8,false,200,0,0,"Amazon QR Kodu
Gerçekten Çalışan QR Kodlar","14
27",2,true
21,https://createmy-qr.com/ru/audio-besplatnyy-generator-qr-kodov-onlayn,"Аудио Генератор QR-кодов — бесплатный и настраиваемый | CreateMy-QR
Аудио - Бесплатный генератор QR-кодов онлайн - CreateMy-QR",text/html; charset=utf-8,false,200,0,0,"Аудио QR-код
QR-Коды, Которые Действительно Работают","12
39",2,true
21,https://createmy-qr.com/ms/google-forms-penjana-kod-qr-percuma-dalam-talian,"Penjana Kod QR Borang Google - Percuma & Tersuai | CreateMy-QR
Borang Google - Penjana Kod QR Percuma Dalam Talian - CreateMy-QR",text/html; charset=utf-8,false,200,0,0,"Borang Google Kod QR
Kod QR Yang Sebenarnya Berfungsi","20
32",2,true
21,https://createmy-qr.com/nl/paypal-gratis-qr-code-generator-online,"PayPal QR-codegenerator - gratis en aangepast | CreateMy-QR
PayPal - Gratis QR Code Generator Online - CreateMy-QR",text/html; charset=utf-8,false,200,0,0,"PayPal QR-code
QR-codes Die Echt Werken","14
24",2,true
21,https://createmy-qr.com/vi/snapchat-tao-ma-qr-mien-phi-truc-tuyen,"Trình tạo mã QR Snapchat - Miễn phí & Tùy chỉnh | CreateMy-QR
Snapchat - Tạo Mã QR Miễn Phí Trực Tuyến - CreateMy-QR",text/html; charset=utf-8,false,200,0,0,"Snapchat Mã QR
Mã QR Thực Sự Hoạt Động","14
23",2,true
21,https://createmy-qr.com/uk/fayl-bezkoshtovniy-generator-qr-kodiv-onlayn,"Генератор QR-коду Файл – безкоштовний і користувацький | CreateMy-QR
Файл - Безкоштовний Генератор QR-кодів Онлайн - CreateMy-QR",text/html; charset=utf-8,false,200,0,0,"Файл QR-код
QR-коди, які дійсно працюють","11
28",2,true
21,https://createmy-qr.com/id/berkas-generator-qr-code-gratis-online,"Berkas Pembuat Kode QR - Gratis & Khusus | CreateMy-QR
Berkas - Generator QR Code Gratis Online - CreateMy-QR",text/html; charset=utf-8,false,200,0,0,"QR Code Berkas
QR Code yang Benar-Benar Berfungsi","14
34",2,true
21,https://createmy-qr.com/de/snapchat-kostenloser-qr-code-generator-online,"Snapchat QR-Code-Generator – kostenlos und benutzerdefiniert | CreateMy-QR
Snapchat - Kostenloser QR-Code Generator Online - CreateMy-QR",text/html; charset=utf-8,false,200,0,0,"Snapchat QR-Code
QR-Codes, Die Wirklich Funktionieren","16
36",2,true
21,https://createmy-qr.com/da/lyd-gratis-qr-kode-generator-online,"Lyd QR Code Generator - Gratis og brugerdefineret | CreateMy-QR
Lyd - Gratis QR Kode Generator Online - CreateMy-QR",text/html; charset=utf-8,false,200,0,0,"Lyd QR-kode
QR-koder, der faktisk virker","11
28",2,true
21,https://createmy-qr.com/ro/imagine-generator-de-coduri-qr-gratuit-online,"Imagine QR Code Generator - Gratuit și personalizat | CreateMy-QR
Imagine - Generator de Coduri QR Gratuit Online - CreateMy-QR",text/html; charset=utf-8,false,200,0,0,"Imagine Cod QR
Coduri QR care funcționează de fapt","14
35",2,true
21,https://createmy-qr.com/google-forms-qr-code-generator,"Google Forms QR Code Generator - Free & Custom | CreateMy-QR
Google Forms - Free QR Code Generator Online - CreateMy-QR",text/html; charset=utf-8,false,200,0,0,"Google Forms QR Code
Premium QR Codes","20
16",2,true
21,https://createmy-qr.com/el/amazon-dorean-dimioyrgia-qr-code-online,"Amazon QR Code Generator - Δωρεάν & Προσαρμοσμένο | CreateMy-QR
Amazon - Δωρεάν Δημιουργία QR Code Online - CreateMy-QR",text/html; charset=utf-8,false,200,0,0,"Amazon Κωδικός QR
Κωδικοί QR που λειτουργούν πραγματικά","17
37",2,true
21,https://createmy-qr.com/ms/x-twitter-penjana-kod-qr-percuma-dalam-talian,"Penjana Kod QR X (Twitter) - Percuma & Tersuai | CreateMy-QR
X (Twitter) - Penjana Kod QR Percuma Dalam Talian - CreateMy-QR",text/html; charset=utf-8,false,200,0,0,"X (Twitter) Kod QR
X (Twitter) Explorer","18
20",2,true
21,https://createmy-qr.com/vi/x-twitter-tao-ma-qr-mien-phi-truc-tuyen,"Trình tạo mã QR X (Twitter) - Miễn phí & Tùy chỉnh | CreateMy-QR
X (Twitter) - Tạo Mã QR Miễn Phí Trực Tuyến - CreateMy-QR",text/html; charset=utf-8,false,200,0,0,"X (Twitter) Mã QR
X (Twitter) Explorer","17
20",2,true
21,https://createmy-qr.com/fi/x-twitter-ilmainen-qr-koodigeneraattori-netissa,"X (Twitter) QR-koodigeneraattori - ilmainen ja räätälöity | CreateMy-QR
X (Twitter) - Ilmainen QR-koodigeneraattori Netissä - CreateMy-QR",text/html; charset=utf-8,false,200,0,0,"X (Twitter) QR-koodi
X (Twitter) Explorer","20
20",2,true
21,https://createmy-qr.com/hu/video-ingyenes-online-qr-kod-generator,"Videó QR-kód generátor - ingyenes és egyedi | CreateMy-QR
Videó - Ingyenes Online QR-kód Generátor - CreateMy-QR",text/html; charset=utf-8,false,200,0,0,"Videó QR-kód
QR-kódok, amelyek valóban működnek","12
34",2,true
21,https://createmy-qr.com/cs/video-zdarma-online-generator-qr-kodu,"Video generátor QR kódu – zdarma a na míru | CreateMy-QR
Video - Zdarma Online Generátor QR Kódů - CreateMy-QR",text/html; charset=utf-8,false,200,0,0,"Video QR kód
QR kódy, které skutečně fungují","12
31",2,true
20,https://createmy-qr.com/id/kode-qr-wifi-untuk-kafe-hotel,"Kode QR WiFi untuk Kafe & Hotel | CreateMy-QR
Kode QR WiFi untuk Kafe & Hotel | CreateMy-QR",text/html; charset=utf-8,false,200,0,0,"Kode QR WiFi untuk Kafe & Hotel
Kode QR WiFi untuk Kafe & Hotel","31
31",2,true
20,https://createmy-qr.com/id/url-kode-qr-untuk-pendaftaran-tiket-acara,"URL Kode QR untuk Tiket Acara & Pendaftaran | CreateMy-QR
URL Kode QR untuk Tiket Acara & Pendaftaran | CreateMy-QR",text/html; charset=utf-8,false,200,0,0,"URL Kode QR untuk Tiket Acara & Pendaftaran
URL Kode QR untuk Tiket Acara & Pendaftaran","43
43",2,true
20,https://createmy-qr.com/sv/google-recension-qr-kod-for-lokala-foretag,"Google Granska QR-kod för lokala företag | CreateMy-QR
Google Granska QR-kod för lokala företag | CreateMy-QR",text/html; charset=utf-8,false,200,0,0,"Google Granska QR-kod för lokala företag
Google Granska QR-kod för lokala företag","40
40",2,true
20,https://createmy-qr.com/sv/paypal-qr-kod-for-donationer,"PayPal QR-kod för ideella organisationer och donationer | CreateMy-QR
PayPal QR-kod för ideella organisationer och donationer | CreateMy-QR",text/html; charset=utf-8,false,200,0,0,"PayPal QR-kod för ideella organisationer och donationer
PayPal QR-kod för ideella organisationer och donationer","55
55",2,true
20,https://createmy-qr.com/tl/tl-wifi-qr-code-for-cafe-hotel,"[TL] WiFi QR Code for Cafes & Hotels | CreateMy-QR
[TL] WiFi QR Code for Cafes & Hotels | CreateMy-QR",text/html; charset=utf-8,false,200,0,0,"[TL] WiFi QR Code for Cafes & Hotels
[TL] WiFi QR Code for Cafes & Hotels","36
36",2,true
20,https://createmy-qr.com/vi/email-ma-qr-e-ang-ky-ban-tin,"Mã QR qua email để đăng ký bản tin | CreateMy-QR
Mã QR qua email để đăng ký bản tin | CreateMy-QR",text/html; charset=utf-8,false,200,0,0,"Mã QR qua email để đăng ký bản tin
Mã QR qua email để đăng ký bản tin","34
34",2,true
20,https://createmy-qr.com/pl/google-sprawdz-kod-qr-dla-lokalnej-firmy,"Google Sprawdź kod QR dla lokalnych firm | CreateMy-QR
Google Sprawdź kod QR dla lokalnych firm | CreateMy-QR",text/html; charset=utf-8,false,200,0,0,"Google Sprawdź kod QR dla lokalnych firm
Google Sprawdź kod QR dla lokalnych firm","40
40",2,true
20,https://createmy-qr.com/vi/url-qr-code-e-ang-ky-ve-su-kien,"Mã QR URL cho vé sự kiện và đăng ký | CreateMy-QR
Mã QR URL cho vé sự kiện và đăng ký | CreateMy-QR",text/html; charset=utf-8,false,200,0,0,"Mã QR URL cho vé sự kiện và đăng ký
Mã QR URL cho vé sự kiện và đăng ký","35
35",2,true
20,https://createmy-qr.com/ru/paypal-qr-code-for-donations,"QR-код PayPal для некоммерческих организаций и пожертвований | CreateMy-QR
QR-код PayPal для некоммерческих организаций и пожертвований | CreateMy-QR",text/html; charset=utf-8,false,200,0,0,"QR-код PayPal для некоммерческих организаций и пожертвований
QR-код PayPal для некоммерческих организаций и пожертвований","60
60",2,true
20,https://createmy-qr.com/hi/google-review-qr-code-for-local-business,"Google स्थानीय व्यवसायों के लिए QR कोड की समीक्षा करता है | CreateMy-QR
Google स्थानीय व्यवसायों के लिए QR कोड की समीक्षा करता है | CreateMy-QR",text/html; charset=utf-8,false,200,0,0,"Google स्थानीय व्यवसायों के लिए QR कोड की समीक्षा करता है
Google स्थानीय व्यवसायों के लिए QR कोड की समीक्षा करता है","57
57",2,true
20,https://createmy-qr.com/ru/pdf-qr-code-for-restaurant-menu,"PDF QR-код для меню ресторана | CreateMy-QR
PDF QR-код для меню ресторана | CreateMy-QR",text/html; charset=utf-8,false,200,0,0,"PDF QR-код для меню ресторана
PDF QR-код для меню ресторана","29
29",2,true
20,https://createmy-qr.com/ja/url-qr-code-for-event-tickets-registration,"イベントチケット＆登録用URL QRコード | CreateMy-QR
イベントチケット＆登録用URL QRコード | CreateMy-QR",text/html; charset=utf-8,false,200,0,0,"イベントチケット＆登録用URL QRコード
イベントチケット＆登録用URL QRコード","21
21",2,true
20,https://createmy-qr.com/hi/youtube-qr-code-for-product-manuals,"उत्पाद नियमावली के लिए यूट्यूब वीडियो क्यूआर कोड | CreateMy-QR
उत्पाद नियमावली के लिए यूट्यूब वीडियो क्यूआर कोड | CreateMy-QR",text/html; charset=utf-8,false,200,0,0,"उत्पाद नियमावली के लिए यूट्यूब वीडियो क्यूआर कोड
उत्पाद नियमावली के लिए यूट्यूब वीडियो क्यूआर कोड","48
48",2,true
20,https://createmy-qr.com/no/pdf-qr-kode-for-restaurantmeny,"PDF QR-kode for restaurantmenyer | CreateMy-QR
PDF QR-kode for restaurantmenyer | CreateMy-QR",text/html; charset=utf-8,false,200,0,0,"PDF QR-kode for restaurantmenyer
PDF QR-kode for restaurantmenyer","32
32",2,true
20,https://createmy-qr.com/vi/ma-qr-vcard-danh-cho-ai-ly-bat-ong-san,"Mã QR vCard dành cho đại lý bất động sản | CreateMy-QR
Mã QR vCard dành cho đại lý bất động sản | CreateMy-QR",text/html; charset=utf-8,false,200,0,0,"Mã QR vCard dành cho đại lý bất động sản
Mã QR vCard dành cho đại lý bất động sản","40
40",2,true
20,https://createmy-qr.com/de/whatsapp-qr-code-fur-den-kundensupport,"WhatsApp-QR-Code für den Kundensupport | CreateMy-QR
WhatsApp-QR-Code für den Kundensupport | CreateMy-QR",text/html; charset=utf-8,false,200,0,0,"WhatsApp-QR-Code für den Kundensupport
WhatsApp-QR-Code für den Kundensupport","38
38",2,true
20,https://createmy-qr.com/el/whatsapp-qr-code-for-customer-support,"WhatsApp QR Code για υποστήριξη πελατών | CreateMy-QR
WhatsApp QR Code για υποστήριξη πελατών | CreateMy-QR",text/html; charset=utf-8,false,200,0,0,"WhatsApp QR Code για υποστήριξη πελατών
WhatsApp QR Code για υποστήριξη πελατών","39
39",2,true
20,https://createmy-qr.com/da/vcard-qr-kode-til-ejendomsmglere,"vCard QR-kode til ejendomsmæglere | CreateMy-QR
vCard QR-kode til ejendomsmæglere | CreateMy-QR",text/html; charset=utf-8,false,200,0,0,"vCard QR-kode til ejendomsmæglere
vCard QR-kode til ejendomsmæglere","33
33",2,true
20,https://createmy-qr.com/de/vcard-qr-code-fur-immobilienmakler,"vCard-QR-Code für Immobilienmakler | CreateMy-QR
vCard-QR-Code für Immobilienmakler | CreateMy-QR",text/html; charset=utf-8,false,200,0,0,"vCard-QR-Code für Immobilienmakler
vCard-QR-Code für Immobilienmakler","34
34",2,true
20,https://createmy-qr.com/ar/wifi-qr-code-for-cafe-hotel,"رمز QR للواي فاي للمقاهي والفنادق | CreateMy-QR
رمز QR للواي فاي للمقاهي والفنادق | CreateMy-QR",text/html; charset=utf-8,false,200,0,0,"رمز QR للواي فاي للمقاهي والفنادق
رمز QR للواي فاي للمقاهي والفنادق","33
33",2,true
20,https://createmy-qr.com/hi/paypal-qr-code-for-donations,"गैर-लाभकारी और दान के लिए पेपैल क्यूआर कोड | CreateMy-QR
गैर-लाभकारी और दान के लिए पेपैल क्यूआर कोड | CreateMy-QR",text/html; charset=utf-8,false,200,0,0,"गैर-लाभकारी और दान के लिए पेपैल क्यूआर कोड
गैर-लाभकारी और दान के लिए पेपैल क्यूआर कोड","42
42",2,true
20,https://createmy-qr.com/ja/youtube-qr-code-for-product-manuals,"製品マニュアルの YouTube ビデオ QR コード | CreateMy-QR
製品マニュアルの YouTube ビデオ QR コード | CreateMy-QR",text/html; charset=utf-8,false,200,0,0,"製品マニュアルの YouTube ビデオ QR コード
製品マニュアルの YouTube ビデオ QR コード","27
27",2,true
20,https://createmy-qr.com/ru/whatsapp-qr-code-for-customer-support,"QR-код WhatsApp для службы поддержки клиентов | CreateMy-QR
QR-код WhatsApp для службы поддержки клиентов | CreateMy-QR",text/html; charset=utf-8,false,200,0,0,"QR-код WhatsApp для службы поддержки клиентов
QR-код WhatsApp для службы поддержки клиентов","45
45",2,true
20,https://createmy-qr.com/cs/google-recenze-qr-kod-pro-mistni-firmu,"QR kód recenze Google pro místní firmy | CreateMy-QR
QR kód recenze Google pro místní firmy | CreateMy-QR",text/html; charset=utf-8,false,200,0,0,"QR kód recenze Google pro místní firmy
QR kód recenze Google pro místní firmy","38
38",2,true
20,https://createmy-qr.com/fr/code-qr-youtube-pour-les-manuels-des-produits,"Code QR vidéo YouTube pour les manuels de produits | CreateMy-QR
Code QR vidéo YouTube pour les manuels de produits | CreateMy-QR",text/html; charset=utf-8,false,200,0,0,"Code QR vidéo YouTube pour les manuels de produits
Code QR vidéo YouTube pour les manuels de produits","50
50",2,true
20,https://createmy-qr.com/tr/kafe-otel-icin-wifi-qr-kodu,"Kafeler ve Oteller için WiFi QR Kodu | CreateMy-QR
Kafeler ve Oteller için WiFi QR Kodu | CreateMy-QR",text/html; charset=utf-8,false,200,0,0,"Kafeler ve Oteller için WiFi QR Kodu
Kafeler ve Oteller için WiFi QR Kodu","36
36",2,true
20,https://createmy-qr.com/uk/wifi-qr-code-for-cafe-hotel,"QR-код WiFi для кафе та готелів | CreateMy-QR
QR-код WiFi для кафе та готелів | CreateMy-QR",text/html; charset=utf-8,false,200,0,0,"QR-код WiFi для кафе та готелів
QR-код WiFi для кафе та готелів","31
31",2,true
20,https://createmy-qr.com/fi/paypal-qr-koodi-lahjoituksia-varten,"PayPal QR-koodi voittoa tavoitteleville ja lahjoituksille | CreateMy-QR
PayPal QR-koodi voittoa tavoitteleville ja lahjoituksille | CreateMy-QR",text/html; charset=utf-8,false,200,0,0,"PayPal QR-koodi voittoa tavoitteleville ja lahjoituksille
PayPal QR-koodi voittoa tavoitteleville ja lahjoituksille","57
57",2,true
20,https://createmy-qr.com/hi/wifi-qr-code-for-cafe-hotel,"कैफे और होटलों के लिए वाईफाई क्यूआर कोड | CreateMy-QR
कैफे और होटलों के लिए वाईफाई क्यूआर कोड | CreateMy-QR",text/html; charset=utf-8,false,200,0,0,"कैफे और होटलों के लिए वाईफाई क्यूआर कोड
कैफे और होटलों के लिए वाईफाई क्यूआर कोड","39
39",2,true
20,https://createmy-qr.com/uk/youtube-qr-code-for-product-manuals,"Відео YouTube QR-код для посібників з продукту | CreateMy-QR
Відео YouTube QR-код для посібників з продукту | CreateMy-QR",text/html; charset=utf-8,false,200,0,0,"Відео YouTube QR-код для посібників з продукту
Відео YouTube QR-код для посібників з продукту","46
46",2,true
20,https://createmy-qr.com/tl/tl-paypal-qr-code-for-donations,"[TL] PayPal QR Code for Non-Profits & Donations | CreateMy-QR
[TL] PayPal QR Code for Non-Profits & Donations | CreateMy-QR",text/html; charset=utf-8,false,200,0,0,"[TL] PayPal QR Code for Non-Profits & Donations
[TL] PayPal QR Code for Non-Profits & Donations","47
47",2,true
20,https://createmy-qr.com/tr/bagslar-icin-paypal-qr-kodu,"Kâr Amacı Gütmeyen Kuruluşlar ve Bağışlar için PayPal QR Kodu | CreateMy-QR
Kâr Amacı Gütmeyen Kuruluşlar ve Bağışlar için PayPal QR Kodu | CreateMy-QR",text/html; charset=utf-8,false,200,0,0,"Kâr Amacı Gütmeyen Kuruluşlar ve Bağışlar için PayPal QR Kodu
Kâr Amacı Gütmeyen Kuruluşlar ve Bağışlar için PayPal QR Kodu","61
61",2,true
20,https://createmy-qr.com/ro/e-mail-cod-qr-pentru-inscrierea-la-newsletter,"Cod QR prin e-mail pentru înscrieri la buletine informative | CreateMy-QR
Cod QR prin e-mail pentru înscrieri la buletine informative | CreateMy-QR",text/html; charset=utf-8,false,200,0,0,"Cod QR prin e-mail pentru înscrieri la buletine informative
Cod QR prin e-mail pentru înscrieri la buletine informative","59
59",2,true
20,https://createmy-qr.com/id/kode-qr-pdf-untuk-menu-restoran,"Kode QR PDF untuk Menu Restoran | CreateMy-QR
Kode QR PDF untuk Menu Restoran | CreateMy-QR",text/html; charset=utf-8,false,200,0,0,"Kode QR PDF untuk Menu Restoran
Kode QR PDF untuk Menu Restoran","31
31",2,true
20,https://createmy-qr.com/de/wlan-qr-code-fur-cafe-hotel,"WLAN-QR-Code für Cafés und Hotels | CreateMy-QR
WLAN-QR-Code für Cafés und Hotels | CreateMy-QR",text/html; charset=utf-8,false,200,0,0,"WLAN-QR-Code für Cafés und Hotels
WLAN-QR-Code für Cafés und Hotels","33
33",2,true
20,https://createmy-qr.com/pt/e-mail-com-codigo-qr-para-inscricao-no-boletim-informativo,"Código QR por e-mail para inscrições em boletins informativos | CreateMy-QR
Código QR por e-mail para inscrições em boletins informativos | CreateMy-QR",text/html; charset=utf-8,false,200,0,0,"Código QR por e-mail para inscrições em boletins informativos
Código QR por e-mail para inscrições em boletins informativos","61
61",2,true
20,https://createmy-qr.com/ja/vcard-qr-code-for-real-estate-agents,"不動産業者向け vCard QR コード | CreateMy-QR
不動産業者向け vCard QR コード | CreateMy-QR",text/html; charset=utf-8,false,200,0,0,"不動産業者向け vCard QR コード
不動産業者向け vCard QR コード","20
20",2,true
20,https://createmy-qr.com/hi/vcard-qr-code-for-real-estate-agents,"रियल एस्टेट एजेंटों के लिए वीकार्ड क्यूआर कोड | CreateMy-QR
रियल एस्टेट एजेंटों के लिए वीकार्ड क्यूआर कोड | CreateMy-QR",text/html; charset=utf-8,false,200,0,0,"रियल एस्टेट एजेंटों के लिए वीकार्ड क्यूआर कोड
रियल एस्टेट एजेंटों के लिए वीकार्ड क्यूआर कोड","45
45",2,true
20,https://createmy-qr.com/id/kode-qr-toko-aplikasi-untuk-unduhan-game,"Kode QR App Store untuk Unduhan Game Seluler | CreateMy-QR
Kode QR App Store untuk Unduhan Game Seluler | CreateMy-QR",text/html; charset=utf-8,false,200,0,0,"Kode QR App Store untuk Unduhan Game Seluler
Kode QR App Store untuk Unduhan Game Seluler","44
44",2,true
20,https://createmy-qr.com/es/codigo-qr-de-youtube-para-manuales-de-productos,"Código QR de vídeo de YouTube para manuales de productos | CreateMy-QR
Código QR de vídeo de YouTube para manuales de productos | CreateMy-QR",text/html; charset=utf-8,false,200,0,0,"Código QR de vídeo de YouTube para manuales de productos
Código QR de vídeo de YouTube para manuales de productos","56
56",2,true
20,https://createmy-qr.com/uk/email-qr-code-for-newsletter-signup,"Надішліть QR-код електронною поштою для підписки на розсилку | CreateMy-QR
Надішліть QR-код електронною поштою для підписки на розсилку | CreateMy-QR",text/html; charset=utf-8,false,200,0,0,"Надішліть QR-код електронною поштою для підписки на розсилку
Надішліть QR-код електронною поштою для підписки на розсилку","60
60",2,true
20,https://createmy-qr.com/ro/cod-qr-paypal-pentru-donatii,"Cod QR PayPal pentru organizații nonprofit și donații | CreateMy-QR
Cod QR PayPal pentru organizații nonprofit și donații | CreateMy-QR",text/html; charset=utf-8,false,200,0,0,"Cod QR PayPal pentru organizații nonprofit și donații
Cod QR PayPal pentru organizații nonprofit și donații","53
53",2,true
20,https://createmy-qr.com/ko/youtube-qr-code-for-product-manuals,"제품 설명서용 YouTube 비디오 QR 코드 | CreateMy-QR
제품 설명서용 YouTube 비디오 QR 코드 | CreateMy-QR",text/html; charset=utf-8,false,200,0,0,"제품 설명서용 YouTube 비디오 QR 코드
제품 설명서용 YouTube 비디오 QR 코드","25
25",2,true
20,https://createmy-qr.com/pt/codigo-qr-da-loja-de-aplicativos-para-downloads-de-jogos,"Código QR da App Store para downloads de jogos para celular | CreateMy-QR
Código QR da App Store para downloads de jogos para celular | CreateMy-QR",text/html; charset=utf-8,false,200,0,0,"Código QR da App Store para downloads de jogos para celular
Código QR da App Store para downloads de jogos para celular","59
59",2,true
20,https://createmy-qr.com/zh/youtube-qr-code-for-product-manuals,"产品手册的 YouTube 视频二维码 | CreateMy-QR
产品手册的 YouTube 视频二维码 | CreateMy-QR",text/html; charset=utf-8,false,200,0,0,"产品手册的 YouTube 视频二维码
产品手册的 YouTube 视频二维码","19
19",2,true
20,https://createmy-qr.com/es/codigo-qr-vcard-para-agentes-inmobiliarios,"Código QR vCard para agentes inmobiliarios | CreateMy-QR
Código QR vCard para agentes inmobiliarios | CreateMy-QR",text/html; charset=utf-8,false,200,0,0,"Código QR vCard para agentes inmobiliarios
Código QR vCard para agentes inmobiliarios","42
42",2,true
20,https://createmy-qr.com/ar/google-review-qr-code-for-local-business,"جوجل مراجعة رمز الاستجابة السريعة للشركات المحلية | CreateMy-QR
جوجل مراجعة رمز الاستجابة السريعة للشركات المحلية | CreateMy-QR",text/html; charset=utf-8,false,200,0,0,"جوجل مراجعة رمز الاستجابة السريعة للشركات المحلية
جوجل مراجعة رمز الاستجابة السريعة للشركات المحلية","49
49",2,true
20,https://createmy-qr.com/sv/mejla-qr-kod-for-nyhetsbrevsregistrering,"E-posta QR-kod för nyhetsbrevsregistreringar | CreateMy-QR
E-posta QR-kod för nyhetsbrevsregistreringar | CreateMy-QR",text/html; charset=utf-8,false,200,0,0,"E-posta QR-kod för nyhetsbrevsregistreringar
E-posta QR-kod för nyhetsbrevsregistreringar","44
44",2,true
20,https://createmy-qr.com/bn/wifi-qr-code-for-cafe-hotel,"ক্যাফে এবং হোটেলের জন্য ওয়াইফাই কিউআর কোড | CreateMy-QR
ক্যাফে এবং হোটেলের জন্য ওয়াইফাই কিউআর কোড | CreateMy-QR",text/html; charset=utf-8,false,200,0,0,"ক্যাফে এবং হোটেলের জন্য ওয়াইফাই কিউআর কোড
ক্যাফে এবং হোটেলের জন্য ওয়াইফাই কিউআর কোড","42
42",2,true
20,https://createmy-qr.com/tr/oyun-indirmeleri-icin-uygulama-magazas-qr-kodu,"Mobil Oyun İndirmeleri için App Store QR Kodu | CreateMy-QR
Mobil Oyun İndirmeleri için App Store QR Kodu | CreateMy-QR",text/html; charset=utf-8,false,200,0,0,"Mobil Oyun İndirmeleri için App Store QR Kodu
Mobil Oyun İndirmeleri için App Store QR Kodu","45
45",2,true
20,https://createmy-qr.com/it/codice-qr-url-per-la-registrazione-dei-biglietti-per-gli-eventi,"Codice QR URL per biglietti e registrazione per eventi | CreateMy-QR
Codice QR URL per biglietti e registrazione per eventi | CreateMy-QR",text/html; charset=utf-8,false,200,0,0,"Codice QR URL per biglietti e registrazione per eventi
Codice QR URL per biglietti e registrazione per eventi","54
54",2,true
20,https://createmy-qr.com/tl/tl-app-store-qr-code-for-game-downloads,"[TL] App Store QR Code for Mobile Game Downloads | CreateMy-QR
[TL] App Store QR Code for Mobile Game Downloads | CreateMy-QR",text/html; charset=utf-8,false,200,0,0,"[TL] App Store QR Code for Mobile Game Downloads
[TL] App Store QR Code for Mobile Game Downloads","48
48",2,true
20,https://createmy-qr.com/nl/pdf-qr-code-voor-restaurantmenu,"PDF QR-code voor restaurantmenu's | CreateMy-QR
PDF QR-code voor restaurantmenu's | CreateMy-QR",text/html; charset=utf-8,false,200,0,0,"PDF QR-code voor restaurantmenu's
PDF QR-code voor restaurantmenu's","33
33",2,true
20,https://createmy-qr.com/sv/wifi-qr-kod-for-cafehotell,"WiFi QR-kod för kaféer och hotell | CreateMy-QR
WiFi QR-kod för kaféer och hotell | CreateMy-QR",text/html; charset=utf-8,false,200,0,0,"WiFi QR-kod för kaféer och hotell
WiFi QR-kod för kaféer och hotell","33
33",2,true
20,https://createmy-qr.com/cs/wifi-qr-kod-pro-kavarnu-hotelu,"WiFi QR kód pro kavárny a hotely | CreateMy-QR
WiFi QR kód pro kavárny a hotely | CreateMy-QR",text/html; charset=utf-8,false,200,0,0,"WiFi QR kód pro kavárny a hotely
WiFi QR kód pro kavárny a hotely","32
32",2,true
20,https://createmy-qr.com/hi/app-store-qr-code-for-game-downloads,"मोबाइल गेम डाउनलोड के लिए ऐप स्टोर क्यूआर कोड | CreateMy-QR
मोबाइल गेम डाउनलोड के लिए ऐप स्टोर क्यूआर कोड | CreateMy-QR",text/html; charset=utf-8,false,200,0,0,"मोबाइल गेम डाउनलोड के लिए ऐप स्टोर क्यूआर कोड
मोबाइल गेम डाउनलोड के लिए ऐप स्टोर क्यूआर कोड","45
45",2,true
20,https://createmy-qr.com/ar/paypal-qr-code-for-donations,"رمز QR الخاص بـ PayPal للمؤسسات غير الربحية والتبرعات | CreateMy-QR
رمز QR الخاص بـ PayPal للمؤسسات غير الربحية والتبرعات | CreateMy-QR",text/html; charset=utf-8,false,200,0,0,"رمز QR الخاص بـ PayPal للمؤسسات غير الربحية والتبرعات
رمز QR الخاص بـ PayPal للمؤسسات غير الربحية والتبرعات","53
53",2,true
20,https://createmy-qr.com/ms/whatsapp-kod-qr-untuk-sokongan-pelanggan,"Kod QR WhatsApp untuk Sokongan Pelanggan | CreateMy-QR
Kod QR WhatsApp untuk Sokongan Pelanggan | CreateMy-QR",text/html; charset=utf-8,false,200,0,0,"Kod QR WhatsApp untuk Sokongan Pelanggan
Kod QR WhatsApp untuk Sokongan Pelanggan","40
40",2,true
20,https://createmy-qr.com/da/url-qr-kode-til-registrering-af-arrangementsbilletter,"URL QR-kode til begivenhedsbilletter og registrering | CreateMy-QR
URL QR-kode til begivenhedsbilletter og registrering | CreateMy-QR",text/html; charset=utf-8,false,200,0,0,"URL QR-kode til begivenhedsbilletter og registrering
URL QR-kode til begivenhedsbilletter og registrering","52
52",2,true
20,https://createmy-qr.com/ko/email-qr-code-for-newsletter-signup,"뉴스레터 가입을 위한 이메일 QR 코드 | CreateMy-QR
뉴스레터 가입을 위한 이메일 QR 코드 | CreateMy-QR",text/html; charset=utf-8,false,200,0,0,"뉴스레터 가입을 위한 이메일 QR 코드
뉴스레터 가입을 위한 이메일 QR 코드","21
21",2,true
20,https://createmy-qr.com/th/youtube-qr-code-for-product-manuals,"รหัส QR วิดีโอ YouTube สำหรับคู่มือผลิตภัณฑ์ | CreateMy-QR
รหัส QR วิดีโอ YouTube สำหรับคู่มือผลิตภัณฑ์ | CreateMy-QR",text/html; charset=utf-8,false,200,0,0,"รหัส QR วิดีโอ YouTube สำหรับคู่มือผลิตภัณฑ์
รหัส QR วิดีโอ YouTube สำหรับคู่มือผลิตภัณฑ์","44
44",2,true
20,https://createmy-qr.com/ja/wifi-qr-code-for-cafe-hotel,"カフェとホテルの WiFi QR コード | CreateMy-QR
カフェとホテルの WiFi QR コード | CreateMy-QR",text/html; charset=utf-8,false,200,0,0,"カフェとホテルの WiFi QR コード
カフェとホテルの WiFi QR コード","20
20",2,true
20,https://createmy-qr.com/pt/codigo-qr-vcard-para-agentes-imobiliarios,"Código QR vCard para agentes imobiliários | CreateMy-QR
Código QR vCard para agentes imobiliários | CreateMy-QR",text/html; charset=utf-8,false,200,0,0,"Código QR vCard para agentes imobiliários
Código QR vCard para agentes imobiliários","41
41",2,true
20,https://createmy-qr.com/bn/pdf-qr-code-for-restaurant-menu,"রেস্তোরাঁ মেনুর জন্য PDF QR কোড | CreateMy-QR
রেস্তোরাঁ মেনুর জন্য PDF QR কোড | CreateMy-QR",text/html; charset=utf-8,false,200,0,0,"রেস্তোরাঁ মেনুর জন্য PDF QR কোড
রেস্তোরাঁ মেনুর জন্য PDF QR কোড","31
31",2,true
20,https://createmy-qr.com/id/kode-qr-whatsapp-untuk-dukungan-pelanggan,"Kode QR WhatsApp untuk Dukungan Pelanggan | CreateMy-QR
Kode QR WhatsApp untuk Dukungan Pelanggan | CreateMy-QR",text/html; charset=utf-8,false,200,0,0,"Kode QR WhatsApp untuk Dukungan Pelanggan
Kode QR WhatsApp untuk Dukungan Pelanggan","41
41",2,true
20,https://createmy-qr.com/cs/url-qr-kod-pro-registraci-vstupenek-na-akci,"URL QR kód pro vstupenky na akce a registraci | CreateMy-QR
URL QR kód pro vstupenky na akce a registraci | CreateMy-QR",text/html; charset=utf-8,false,200,0,0,"URL QR kód pro vstupenky na akce a registraci
URL QR kód pro vstupenky na akce a registraci","45
45",2,true
20,https://createmy-qr.com/da/paypal-qr-kode-til-donationer,"PayPal QR-kode til non-profit og donationer | CreateMy-QR
PayPal QR-kode til non-profit og donationer | CreateMy-QR",text/html; charset=utf-8,false,200,0,0,"PayPal QR-kode til non-profit og donationer
PayPal QR-kode til non-profit og donationer","43
43",2,true
20,https://createmy-qr.com/ru/email-qr-code-for-newsletter-signup,"QR-код электронной почты для подписки на рассылку новостей | CreateMy-QR
QR-код электронной почты для подписки на рассылку новостей | CreateMy-QR",text/html; charset=utf-8,false,200,0,0,"QR-код электронной почты для подписки на рассылку новостей
QR-код электронной почты для подписки на рассылку новостей","58
58",2,true
20,https://createmy-qr.com/ro/cod-qr-pdf-pentru-meniul-restaurantului,"Cod QR PDF pentru meniurile restaurantelor | CreateMy-QR
Cod QR PDF pentru meniurile restaurantelor | CreateMy-QR",text/html; charset=utf-8,false,200,0,0,"Cod QR PDF pentru meniurile restaurantelor
Cod QR PDF pentru meniurile restaurantelor","42
42",2,true
20,https://createmy-qr.com/sv/app-store-qr-kod-for-nedladdning-av-spel,"App Store QR-kod för nedladdning av mobilspel | CreateMy-QR
App Store QR-kod för nedladdning av mobilspel | CreateMy-QR",text/html; charset=utf-8,false,200,0,0,"App Store QR-kod för nedladdning av mobilspel
App Store QR-kod för nedladdning av mobilspel","45
45",2,true
20,https://createmy-qr.com/ms/e-mel-kod-qr-untuk-pendaftaran-surat-berita,"E-mel Kod QR untuk Pendaftaran Surat Berita | CreateMy-QR
E-mel Kod QR untuk Pendaftaran Surat Berita | CreateMy-QR",text/html; charset=utf-8,false,200,0,0,"E-mel Kod QR untuk Pendaftaran Surat Berita
E-mel Kod QR untuk Pendaftaran Surat Berita","43
43",2,true
20,https://createmy-qr.com/th/wifi-qr-code-for-cafe-hotel,"รหัส QR WiFi สำหรับร้านกาแฟและโรงแรม | CreateMy-QR
รหัส QR WiFi สำหรับร้านกาแฟและโรงแรม | CreateMy-QR",text/html; charset=utf-8,false,200,0,0,"รหัส QR WiFi สำหรับร้านกาแฟและโรงแรม
รหัส QR WiFi สำหรับร้านกาแฟและโรงแรม","36
36",2,true
20,https://createmy-qr.com/es/codigo-qr-pdf-para-menu-de-restaurante,"Código QR PDF para Menús de Restaurante | CreateMy-QR
Código QR PDF para Menús de Restaurante | CreateMy-QR",text/html; charset=utf-8,false,200,0,0,"Código QR PDF para Menús de Restaurante
Código QR PDF para Menús de Restaurante","39
39",2,true
20,https://createmy-qr.com/bn/paypal-qr-code-for-donations,"অলাভজনক এবং অনুদানের জন্য PayPal QR কোড | CreateMy-QR
অলাভজনক এবং অনুদানের জন্য PayPal QR কোড | CreateMy-QR",text/html; charset=utf-8,false,200,0,0,"অলাভজনক এবং অনুদানের জন্য PayPal QR কোড
অলাভজনক এবং অনুদানের জন্য PayPal QR কোড","39
39",2,true
20,https://createmy-qr.com/ar/pdf-qr-code-for-restaurant-menu,"PDF QR Code لقوائم المطاعم | CreateMy-QR
PDF QR Code لقوائم المطاعم | CreateMy-QR",text/html; charset=utf-8,false,200,0,0,"PDF QR Code لقوائم المطاعم
PDF QR Code لقوائم المطاعم","26
26",2,true
20,https://createmy-qr.com/nl/youtube-qr-code-voor-producthandleidingen,"YouTube Video QR-code voor producthandleidingen | CreateMy-QR
YouTube Video QR-code voor producthandleidingen | CreateMy-QR",text/html; charset=utf-8,false,200,0,0,"YouTube Video QR-code voor producthandleidingen
YouTube Video QR-code voor producthandleidingen","47
47",2,true
20,https://createmy-qr.com/ms/kod-qr-youtube-untuk-manual-produk,"Kod QR Video YouTube untuk Manual Produk | CreateMy-QR
Kod QR Video YouTube untuk Manual Produk | CreateMy-QR",text/html; charset=utf-8,false,200,0,0,"Kod QR Video YouTube untuk Manual Produk
Kod QR Video YouTube untuk Manual Produk","40
40",2,true
20,https://createmy-qr.com/it/codice-qr-wifi-per-lhotel-bar,"Codice QR WiFi per bar e hotel | CreateMy-QR
Codice QR WiFi per bar e hotel | CreateMy-QR",text/html; charset=utf-8,false,200,0,0,"Codice QR WiFi per bar e hotel
Codice QR WiFi per bar e hotel","30
30",2,true
20,https://createmy-qr.com/hu/paypal-qr-kod-adomanyokhoz,"PayPal QR-kód non-profit szervezetekhez és adományokhoz | CreateMy-QR
PayPal QR-kód non-profit szervezetekhez és adományokhoz | CreateMy-QR",text/html; charset=utf-8,false,200,0,0,"PayPal QR-kód non-profit szervezetekhez és adományokhoz
PayPal QR-kód non-profit szervezetekhez és adományokhoz","55
55",2,true
20,https://createmy-qr.com/ro/cod-qr-whatsapp-pentru-asistenta-clienti,"Cod QR WhatsApp pentru asistență clienți | CreateMy-QR
Cod QR WhatsApp pentru asistență clienți | CreateMy-QR",text/html; charset=utf-8,false,200,0,0,"Cod QR WhatsApp pentru asistență clienți
Cod QR WhatsApp pentru asistență clienți","40
40",2,true
20,https://createmy-qr.com/ru/wifi-qr-code-for-cafe-hotel,"QR-код WiFi для кафе и отелей | CreateMy-QR
QR-код WiFi для кафе и отелей | CreateMy-QR",text/html; charset=utf-8,false,200,0,0,"QR-код WiFi для кафе и отелей
QR-код WiFi для кафе и отелей","29
29",2,true
20,https://createmy-qr.com/vi/ma-qr-cua-hang-ung-dung-e-tai-xuong-tro-choi,"Mã QR App Store để tải xuống trò chơi di động | CreateMy-QR
Mã QR App Store để tải xuống trò chơi di động | CreateMy-QR",text/html; charset=utf-8,false,200,0,0,"Mã QR App Store để tải xuống trò chơi di động
Mã QR App Store để tải xuống trò chơi di động","45
45",2,true
20,https://createmy-qr.com/es/codigo-qr-url-para-registro-de-entradas-para-eventos,"Código QR URL para entradas y registro de eventos | CreateMy-QR
Código QR URL para entradas y registro de eventos | CreateMy-QR",text/html; charset=utf-8,false,200,0,0,"Código QR URL para entradas y registro de eventos
Código QR URL para entradas y registro de eventos","49
49",2,true
20,https://createmy-qr.com/vi/google-anh-gia-ma-qr-cho-doanh-nghiep-ia-phuong,"Google Review Mã QR dành cho doanh nghiệp địa phương | CreateMy-QR
Google Review Mã QR dành cho doanh nghiệp địa phương | CreateMy-QR",text/html; charset=utf-8,false,200,0,0,"Google Review Mã QR dành cho doanh nghiệp địa phương
Google Review Mã QR dành cho doanh nghiệp địa phương","52
52",2,true
20,https://createmy-qr.com/cs/pdf-qr-kod-pro-menu-restaurace,"PDF QR kód pro jídelní lístky restaurací | CreateMy-QR
PDF QR kód pro jídelní lístky restaurací | CreateMy-QR",text/html; charset=utf-8,false,200,0,0,"PDF QR kód pro jídelní lístky restaurací
PDF QR kód pro jídelní lístky restaurací","40
40",2,true
20,https://createmy-qr.com/ru/url-qr-code-for-event-tickets-registration,"URL-адрес QR-кода для билетов на мероприятия и регистрации | CreateMy-QR
URL-адрес QR-кода для билетов на мероприятия и регистрации | CreateMy-QR",text/html; charset=utf-8,false,200,0,0,"URL-адрес QR-кода для билетов на мероприятия и регистрации
URL-адрес QR-кода для билетов на мероприятия и регистрации","58
58",2,true
20,https://createmy-qr.com/vi/ma-qr-youtube-cho-huong-dan-su-dung-san-pham,"Mã QR Video YouTube dành cho Hướng dẫn sử dụng sản phẩm | CreateMy-QR
Mã QR Video YouTube dành cho Hướng dẫn sử dụng sản phẩm | CreateMy-QR",text/html; charset=utf-8,false,200,0,0,"Mã QR Video YouTube dành cho Hướng dẫn sử dụng sản phẩm
Mã QR Video YouTube dành cho Hướng dẫn sử dụng sản phẩm","55
55",2,true
20,https://createmy-qr.com/nl/e-mail-qr-code-voor-aanmelding-op-de-nieuwsbrief,"E-mail QR-code voor aanmeldingen voor de nieuwsbrief | CreateMy-QR
E-mail QR-code voor aanmeldingen voor de nieuwsbrief | CreateMy-QR",text/html; charset=utf-8,false,200,0,0,"E-mail QR-code voor aanmeldingen voor de nieuwsbrief
E-mail QR-code voor aanmeldingen voor de nieuwsbrief","52
52",2,true
20,https://createmy-qr.com/nl/app-store-qr-code-voor-gamedownloads,"App Store QR-code voor mobiele gamedownloads | CreateMy-QR
App Store QR-code voor mobiele gamedownloads | CreateMy-QR",text/html; charset=utf-8,false,200,0,0,"App Store QR-code voor mobiele gamedownloads
App Store QR-code voor mobiele gamedownloads","44
44",2,true
20,https://createmy-qr.com/uk/vcard-qr-code-for-real-estate-agents,"QR-код vCard для агентів з нерухомості | CreateMy-QR
QR-код vCard для агентів з нерухомості | CreateMy-QR",text/html; charset=utf-8,false,200,0,0,"QR-код vCard для агентів з нерухомості
QR-код vCard для агентів з нерухомості","38
38",2,true
20,https://createmy-qr.com/ru/youtube-qr-code-for-product-manuals,"QR-код видео YouTube для руководств по продуктам | CreateMy-QR
QR-код видео YouTube для руководств по продуктам | CreateMy-QR",text/html; charset=utf-8,false,200,0,0,"QR-код видео YouTube для руководств по продуктам
QR-код видео YouTube для руководств по продуктам","48
48",2,true
20,https://createmy-qr.com/it/inviare-via-email-il-codice-qr-per-liscrizione-alla-newsletter,"Invia il codice QR via e-mail per le iscrizioni alla newsletter | CreateMy-QR
Invia il codice QR via e-mail per le iscrizioni alla newsletter | CreateMy-QR",text/html; charset=utf-8,false,200,0,0,"Invia il codice QR via e-mail per le iscrizioni alla newsletter
Invia il codice QR via e-mail per le iscrizioni alla newsletter","63
63",2,true
20,https://createmy-qr.com/ar/url-qr-code-for-event-tickets-registration,"URL رمز الاستجابة السريعة لتذاكر الحدث والتسجيل | CreateMy-QR
URL رمز الاستجابة السريعة لتذاكر الحدث والتسجيل | CreateMy-QR",text/html; charset=utf-8,false,200,0,0,"URL رمز الاستجابة السريعة لتذاكر الحدث والتسجيل
URL رمز الاستجابة السريعة لتذاكر الحدث والتسجيل","47
47",2,true
20,https://createmy-qr.com/uk/paypal-qr-code-for-donations,"QR-код PayPal для некомерційних організацій і пожертв | CreateMy-QR
QR-код PayPal для некомерційних організацій і пожертв | CreateMy-QR",text/html; charset=utf-8,false,200,0,0,"QR-код PayPal для некомерційних організацій і пожертв
QR-код PayPal для некомерційних організацій і пожертв","53
53",2,true
20,https://createmy-qr.com/ar/email-qr-code-for-newsletter-signup,"إرسال رمز الاستجابة السريعة عبر البريد الإلكتروني للاشتراك في النشرة الإخبارية | CreateMy-QR
إرسال رمز الاستجابة السريعة عبر البريد الإلكتروني للاشتراك في النشرة الإخبارية | CreateMy-QR",text/html; charset=utf-8,false,200,0,0,"إرسال رمز الاستجابة السريعة عبر البريد الإلكتروني للاشتراك في النشرة الإخبارية
إرسال رمز الاستجابة السريعة عبر البريد الإلكتروني للاشتراك في النشرة الإخبارية","78
78",2,true
20,https://createmy-qr.com/fi/whatsapp-qr-koodi-asiakastukea-varten,"WhatsApp QR-koodi asiakastuelle | CreateMy-QR
WhatsApp QR-koodi asiakastuelle | CreateMy-QR",text/html; charset=utf-8,false,200,0,0,"WhatsApp QR-koodi asiakastuelle
WhatsApp QR-koodi asiakastuelle","31
31",2,true
20,https://createmy-qr.com/da/youtube-qr-kode-til-produktmanualer,"YouTube Video QR-kode til produktmanualer | CreateMy-QR
YouTube Video QR-kode til produktmanualer | CreateMy-QR",text/html; charset=utf-8,false,200,0,0,"YouTube Video QR-kode til produktmanualer
YouTube Video QR-kode til produktmanualer","41
41",2,true
20,https://createmy-qr.com/it/codice-qr-di-youtube-per-i-manuali-dei-prodotti,"Codice QR video YouTube per manuali di prodotto | CreateMy-QR
Codice QR video YouTube per manuali di prodotto | CreateMy-QR",text/html; charset=utf-8,false,200,0,0,"Codice QR video YouTube per manuali di prodotto
Codice QR video YouTube per manuali di prodotto","47
47",2,true
20,https://createmy-qr.com/it/codice-qr-vcard-per-agenti-immobiliari,"Codice QR vCard per agenti immobiliari | CreateMy-QR
Codice QR vCard per agenti immobiliari | CreateMy-QR",text/html; charset=utf-8,false,200,0,0,"Codice QR vCard per agenti immobiliari
Codice QR vCard per agenti immobiliari","38
38",2,true
20,https://createmy-qr.com/th/app-store-qr-code-for-game-downloads,"รหัส QR ของ App Store สำหรับการดาวน์โหลดเกมบนมือถือ | CreateMy-QR
รหัส QR ของ App Store สำหรับการดาวน์โหลดเกมบนมือถือ | CreateMy-QR",text/html; charset=utf-8,false,200,0,0,"รหัส QR ของ App Store สำหรับการดาวน์โหลดเกมบนมือถือ
รหัส QR ของ App Store สำหรับการดาวน์โหลดเกมบนมือถือ","51
51",2,true
20,https://createmy-qr.com/pt/codigo-qr-do-paypal-para-doacoes,"Código QR do PayPal para organizações sem fins lucrativos e doações | CreateMy-QR
Código QR do PayPal para organizações sem fins lucrativos e doações | CreateMy-QR",text/html; charset=utf-8,false,200,0,0,"Código QR do PayPal para organizações sem fins lucrativos e doações
Código QR do PayPal para organizações sem fins lucrativos e doações","67
67",2,true
20,https://createmy-qr.com/ar/youtube-qr-code-for-product-manuals,"رمز الاستجابة السريعة لفيديو YouTube لأدلة المنتجات | CreateMy-QR
رمز الاستجابة السريعة لفيديو YouTube لأدلة المنتجات | CreateMy-QR",text/html; charset=utf-8,false,200,0,0,"رمز الاستجابة السريعة لفيديو YouTube لأدلة المنتجات
رمز الاستجابة السريعة لفيديو YouTube لأدلة المنتجات","51
51",2,true
20,https://createmy-qr.com/tl/tl-pdf-qr-code-for-restaurant-menu,"[TL] PDF QR Code for Restaurant Menus | CreateMy-QR
[TL] PDF QR Code for Restaurant Menus | CreateMy-QR",text/html; charset=utf-8,false,200,0,0,"[TL] PDF QR Code for Restaurant Menus
[TL] PDF QR Code for Restaurant Menus","37
37",2,true
20,https://createmy-qr.com/pt/codigo-qr-pdf-para-menu-do-restaurante,"Código QR PDF para cardápios de restaurantes | CreateMy-QR
Código QR PDF para cardápios de restaurantes | CreateMy-QR",text/html; charset=utf-8,false,200,0,0,"Código QR PDF para cardápios de restaurantes
Código QR PDF para cardápios de restaurantes","44
44",2,true
20,https://createmy-qr.com/th/email-qr-code-for-newsletter-signup,"ส่งอีเมลรหัส QR สำหรับการสมัครรับจดหมายข่าว | CreateMy-QR
ส่งอีเมลรหัส QR สำหรับการสมัครรับจดหมายข่าว | CreateMy-QR",text/html; charset=utf-8,false,200,0,0,"ส่งอีเมลรหัส QR สำหรับการสมัครรับจดหมายข่าว
ส่งอีเมลรหัส QR สำหรับการสมัครรับจดหมายข่าว","43
43",2,true
20,https://createmy-qr.com/bn/youtube-qr-code-for-product-manuals,"পণ্য ম্যানুয়াল জন্য YouTube ভিডিও QR কোড | CreateMy-QR
পণ্য ম্যানুয়াল জন্য YouTube ভিডিও QR কোড | CreateMy-QR",text/html; charset=utf-8,false,200,0,0,"পণ্য ম্যানুয়াল জন্য YouTube ভিডিও QR কোড
পণ্য ম্যানুয়াল জন্য YouTube ভিডিও QR কোড","41
41",2,true
20,https://createmy-qr.com/ru/vcard-qr-code-for-real-estate-agents,"QR-код vCard для агентов по недвижимости | CreateMy-QR
QR-код vCard для агентов по недвижимости | CreateMy-QR",text/html; charset=utf-8,false,200,0,0,"QR-код vCard для агентов по недвижимости
QR-код vCard для агентов по недвижимости","40
40",2,true
20,https://createmy-qr.com/hu/vcard-qr-kod-ingatlanugynokok-szamara,"vCard QR-kód ingatlanügynökök számára | CreateMy-QR
vCard QR-kód ingatlanügynökök számára | CreateMy-QR",text/html; charset=utf-8,false,200,0,0,"vCard QR-kód ingatlanügynökök számára
vCard QR-kód ingatlanügynökök számára","37
37",2,true
20,https://createmy-qr.com/ja/email-qr-code-for-newsletter-signup,"ニュースレター登録用の電子メール QR コード | CreateMy-QR
ニュースレター登録用の電子メール QR コード | CreateMy-QR",text/html; charset=utf-8,false,200,0,0,"ニュースレター登録用の電子メール QR コード
ニュースレター登録用の電子メール QR コード","23
23",2,true
20,https://createmy-qr.com/no/whatsapp-qr-kode-for-kundesttte,"WhatsApp QR-kode for kundestøtte | CreateMy-QR
WhatsApp QR-kode for kundestøtte | CreateMy-QR",text/html; charset=utf-8,false,200,0,0,"WhatsApp QR-kode for kundestøtte
WhatsApp QR-kode for kundestøtte","32
32",2,true
20,https://createmy-qr.com/ms/kod-qr-vcard-untuk-ejen-hartanah,"Kod QR vCard untuk Ejen Hartanah | CreateMy-QR
Kod QR vCard untuk Ejen Hartanah | CreateMy-QR",text/html; charset=utf-8,false,200,0,0,"Kod QR vCard untuk Ejen Hartanah
Kod QR vCard untuk Ejen Hartanah","32
32",2,true
20,https://createmy-qr.com/fi/wifi-qr-koodi-kahvilahotellille,"WiFi QR-koodi kahviloita ja hotelleja varten | CreateMy-QR
WiFi QR-koodi kahviloita ja hotelleja varten | CreateMy-QR",text/html; charset=utf-8,false,200,0,0,"WiFi QR-koodi kahviloita ja hotelleja varten
WiFi QR-koodi kahviloita ja hotelleja varten","44
44",2,true
20,https://createmy-qr.com/nl/wifi-qr-code-voor-cafehotel,"WiFi QR-code voor cafés en hotels | CreateMy-QR
WiFi QR-code voor cafés en hotels | CreateMy-QR",text/html; charset=utf-8,false,200,0,0,"WiFi QR-code voor cafés en hotels
WiFi QR-code voor cafés en hotels","33
33",2,true
20,https://createmy-qr.com/hi/whatsapp-qr-code-for-customer-support,"ग्राहक सहायता के लिए व्हाट्सएप क्यूआर कोड | CreateMy-QR
ग्राहक सहायता के लिए व्हाट्सएप क्यूआर कोड | CreateMy-QR",text/html; charset=utf-8,false,200,0,0,"ग्राहक सहायता के लिए व्हाट्सएप क्यूआर कोड
ग्राहक सहायता के लिए व्हाट्सएप क्यूआर कोड","41
41",2,true
20,https://createmy-qr.com/pt/codigo-qr-url-para-registro-de-ingressos-para-eventos,"URL QR Code para ingressos e registro de eventos | CreateMy-QR
URL QR Code para ingressos e registro de eventos | CreateMy-QR",text/html; charset=utf-8,false,200,0,0,"URL QR Code para ingressos e registro de eventos
URL QR Code para ingressos e registro de eventos","48
48",2,true
20,https://createmy-qr.com/zh/vcard-qr-code-for-real-estate-agents,"房地产经纪人 vCard 二维码 | CreateMy-QR
房地产经纪人 vCard 二维码 | CreateMy-QR",text/html; charset=utf-8,false,200,0,0,"房地产经纪人 vCard 二维码
房地产经纪人 vCard 二维码","16
16",2,true
20,https://createmy-qr.com/da/e-mail-qr-kode-for-tilmelding-til-nyhedsbrev,"Email QR-kode til nyhedsbrevstilmeldinger | CreateMy-QR
Email QR-kode til nyhedsbrevstilmeldinger | CreateMy-QR",text/html; charset=utf-8,false,200,0,0,"Email QR-kode til nyhedsbrevstilmeldinger
Email QR-kode til nyhedsbrevstilmeldinger","41
41",2,true
20,https://createmy-qr.com/el/google-review-qr-code-for-local-business,"Αναθεώρηση Google QR Code για τοπικές επιχειρήσεις | CreateMy-QR
Αναθεώρηση Google QR Code για τοπικές επιχειρήσεις | CreateMy-QR",text/html; charset=utf-8,false,200,0,0,"Αναθεώρηση Google QR Code για τοπικές επιχειρήσεις
Αναθεώρηση Google QR Code για τοπικές επιχειρήσεις","50
50",2,true
20,https://createmy-qr.com/pl/kod-qr-w-formacie-pdf-do-menu-restauracji,"Kod QR w formacie PDF dla menu restauracji | CreateMy-QR
Kod QR w formacie PDF dla menu restauracji | CreateMy-QR",text/html; charset=utf-8,false,200,0,0,"Kod QR w formacie PDF dla menu restauracji
Kod QR w formacie PDF dla menu restauracji","42
42",2,true
20,https://createmy-qr.com/uk/url-qr-code-for-event-tickets-registration,"URL QR-код для квитків на події та реєстрації | CreateMy-QR
URL QR-код для квитків на події та реєстрації | CreateMy-QR",text/html; charset=utf-8,false,200,0,0,"URL QR-код для квитків на події та реєстрації
URL QR-код для квитків на події та реєстрації","45
45",2,true
20,https://createmy-qr.com/fr/envoyer-le-code-qr-par-e-mail-pour-linscription-a-la-newsletter,"Envoyer le code QR par e-mail pour les inscriptions à la newsletter | CreateMy-QR
Envoyer le code QR par e-mail pour les inscriptions à la newsletter | CreateMy-QR",text/html; charset=utf-8,false,200,0,0,"Envoyer le code QR par e-mail pour les inscriptions à la newsletter
Envoyer le code QR par e-mail pour les inscriptions à la newsletter","67
67",2,true
20,https://createmy-qr.com/hu/wifi-qr-kod-a-kavezo-szallodahoz,"WiFi QR-kód kávézók és szállodák számára | CreateMy-QR
WiFi QR-kód kávézók és szállodák számára | CreateMy-QR",text/html; charset=utf-8,false,200,0,0,"WiFi QR-kód kávézók és szállodák számára
WiFi QR-kód kávézók és szállodák számára","40
40",2,true
20,https://createmy-qr.com/ko/vcard-qr-code-for-real-estate-agents,"부동산 중개인을 위한 vCard QR 코드 | CreateMy-QR
부동산 중개인을 위한 vCard QR 코드 | CreateMy-QR",text/html; charset=utf-8,false,200,0,0,"부동산 중개인을 위한 vCard QR 코드
부동산 중개인을 위한 vCard QR 코드","23
23",2,true
20,https://createmy-qr.com/es/google-revisa-el-codigo-qr-para-empresas-locales,"Código QR de revisión de Google para empresas locales | CreateMy-QR
Código QR de revisión de Google para empresas locales | CreateMy-QR",text/html; charset=utf-8,false,200,0,0,"Código QR de revisión de Google para empresas locales
Código QR de revisión de Google para empresas locales","53
53",2,true
20,https://createmy-qr.com/es/codigo-qr-de-whatsapp-para-atencion-al-cliente,"Código QR de WhatsApp para atención al cliente | CreateMy-QR
Código QR de WhatsApp para atención al cliente | CreateMy-QR",text/html; charset=utf-8,false,200,0,0,"Código QR de WhatsApp para atención al cliente
Código QR de WhatsApp para atención al cliente","46
46",2,true
20,https://createmy-qr.com/pt/codigo-qr-wifi-para-cafe-hotel,"Código QR WiFi para cafés e hotéis | CreateMy-QR
Código QR WiFi para cafés e hotéis | CreateMy-QR",text/html; charset=utf-8,false,200,0,0,"Código QR WiFi para cafés e hotéis
Código QR WiFi para cafés e hotéis","34
34",2,true
20,https://createmy-qr.com/es/envie-un-codigo-qr-por-correo-electronico-para-suscribirse-al-boletin,"Código QR por correo electrónico para suscribirse al boletín | CreateMy-QR
Código QR por correo electrónico para suscribirse al boletín | CreateMy-QR",text/html; charset=utf-8,false,200,0,0,"Código QR por correo electrónico para suscribirse al boletín
Código QR por correo electrónico para suscribirse al boletín","60
60",2,true
20,https://createmy-qr.com/zh/paypal-qr-code-for-donations,"用于非营利组织和捐赠的 PayPal 二维码 | CreateMy-QR
用于非营利组织和捐赠的 PayPal 二维码 | CreateMy-QR",text/html; charset=utf-8,false,200,0,0,"用于非营利组织和捐赠的 PayPal 二维码
用于非营利组织和捐赠的 PayPal 二维码","22
22",2,true
20,https://createmy-qr.com/ms/kod-qr-url-untuk-pendaftaran-tiket-acara,"Kod QR URL untuk Tiket Acara & Pendaftaran | CreateMy-QR
Kod QR URL untuk Tiket Acara & Pendaftaran | CreateMy-QR",text/html; charset=utf-8,false,200,0,0,"Kod QR URL untuk Tiket Acara & Pendaftaran
Kod QR URL untuk Tiket Acara & Pendaftaran","42
42",2,true
20,https://createmy-qr.com/da/app-store-qr-kode-til-spildownloads,"App Store QR-kode til mobilspildownloads | CreateMy-QR
App Store QR-kode til mobilspildownloads | CreateMy-QR",text/html; charset=utf-8,false,200,0,0,"App Store QR-kode til mobilspildownloads
App Store QR-kode til mobilspildownloads","40
40",2,true
20,https://createmy-qr.com/ms/kedai-aplikasi-kod-qr-untuk-muat-turun-permainan,"Kod QR App Store untuk Muat Turun Permainan Mudah Alih | CreateMy-QR
Kod QR App Store untuk Muat Turun Permainan Mudah Alih | CreateMy-QR",text/html; charset=utf-8,false,200,0,0,"Kod QR App Store untuk Muat Turun Permainan Mudah Alih
Kod QR App Store untuk Muat Turun Permainan Mudah Alih","54
54",2,true
20,https://createmy-qr.com/tr/musteri-destegi-icin-whatsapp-qr-kodu,"Müşteri Desteği için WhatsApp QR Kodu | CreateMy-QR
Müşteri Desteği için WhatsApp QR Kodu | CreateMy-QR",text/html; charset=utf-8,false,200,0,0,"Müşteri Desteği için WhatsApp QR Kodu
Müşteri Desteği için WhatsApp QR Kodu","37
37",2,true
20,https://createmy-qr.com/fi/vcard-qr-koodi-kiinteistonvalittajille,"vCard QR-koodi kiinteistönvälittäjille | CreateMy-QR
vCard QR-koodi kiinteistönvälittäjille | CreateMy-QR",text/html; charset=utf-8,false,200,0,0,"vCard QR-koodi kiinteistönvälittäjille
vCard QR-koodi kiinteistönvälittäjille","38
38",2,true
20,https://createmy-qr.com/uk/whatsapp-qr-code-for-customer-support,"QR-код WhatsApp для підтримки клієнтів | CreateMy-QR
QR-код WhatsApp для підтримки клієнтів | CreateMy-QR",text/html; charset=utf-8,false,200,0,0,"QR-код WhatsApp для підтримки клієнтів
QR-код WhatsApp для підтримки клієнтів","38
38",2,true
20,https://createmy-qr.com/bn/whatsapp-qr-code-for-customer-support,"গ্রাহক সহায়তার জন্য WhatsApp QR কোড | CreateMy-QR
গ্রাহক সহায়তার জন্য WhatsApp QR কোড | CreateMy-QR",text/html; charset=utf-8,false,200,0,0,"গ্রাহক সহায়তার জন্য WhatsApp QR কোড
গ্রাহক সহায়তার জন্য WhatsApp QR কোড","36
36",2,true
20,https://createmy-qr.com/pl/wyslij-e-mail-z-kodem-qr-umozliwiajacym-zapisanie-sie-do-newslettera,"Wyślij e-mail z kodem QR umożliwiającym subskrypcję biuletynu | CreateMy-QR
Wyślij e-mail z kodem QR umożliwiającym subskrypcję biuletynu | CreateMy-QR",text/html; charset=utf-8,false,200,0,0,"Wyślij e-mail z kodem QR umożliwiającym subskrypcję biuletynu
Wyślij e-mail z kodem QR umożliwiającym subskrypcję biuletynu","61
61",2,true
20,https://createmy-qr.com/nl/paypal-qr-code-voor-donaties,"PayPal QR-code voor non-profitorganisaties en donaties | CreateMy-QR
PayPal QR-code voor non-profitorganisaties en donaties | CreateMy-QR",text/html; charset=utf-8,false,200,0,0,"PayPal QR-code voor non-profitorganisaties en donaties
PayPal QR-code voor non-profitorganisaties en donaties","54
54",2,true
20,https://createmy-qr.com/bn/vcard-qr-code-for-real-estate-agents,"রিয়েল এস্টেট এজেন্টদের জন্য vCard QR কোড | CreateMy-QR
রিয়েল এস্টেট এজেন্টদের জন্য vCard QR কোড | CreateMy-QR",text/html; charset=utf-8,false,200,0,0,"রিয়েল এস্টেট এজেন্টদের জন্য vCard QR কোড
রিয়েল এস্টেট এজেন্টদের জন্য vCard QR কোড","41
41",2,true
20,https://createmy-qr.com/id/kode-qr-email-untuk-pendaftaran-buletin,"Email Kode QR untuk Pendaftaran Buletin | CreateMy-QR
Email Kode QR untuk Pendaftaran Buletin | CreateMy-QR",text/html; charset=utf-8,false,200,0,0,"Email Kode QR untuk Pendaftaran Buletin
Email Kode QR untuk Pendaftaran Buletin","39
39",2,true
20,https://createmy-qr.com/fi/url-qr-koodi-tapahtumalippujen-rekisterointia-varten,"URL QR-koodi tapahtumalippuja ja ilmoittautumista varten | CreateMy-QR
URL QR-koodi tapahtumalippuja ja ilmoittautumista varten | CreateMy-QR",text/html; charset=utf-8,false,200,0,0,"URL QR-koodi tapahtumalippuja ja ilmoittautumista varten
URL QR-koodi tapahtumalippuja ja ilmoittautumista varten","56
56",2,true
20,https://createmy-qr.com/pt/google-revisa-o-codigo-qr-para-empresas-locais,"Código QR de revisão do Google para empresas locais | CreateMy-QR
Código QR de revisão do Google para empresas locais | CreateMy-QR",text/html; charset=utf-8,false,200,0,0,"Código QR de revisão do Google para empresas locais
Código QR de revisão do Google para empresas locais","51
51",2,true
20,https://createmy-qr.com/no/app-store-qr-kode-for-nedlasting-av-spill,"App Store QR-kode for mobilspillnedlastinger | CreateMy-QR
App Store QR-kode for mobilspillnedlastinger | CreateMy-QR",text/html; charset=utf-8,false,200,0,0,"App Store QR-kode for mobilspillnedlastinger
App Store QR-kode for mobilspillnedlastinger","44
44",2,true
20,https://createmy-qr.com/fr/code-qr-paypal-pour-les-dons,"Code QR PayPal pour les organisations à but non lucratif et les dons | CreateMy-QR
Code QR PayPal pour les organisations à but non lucratif et les dons | CreateMy-QR",text/html; charset=utf-8,false,200,0,0,"Code QR PayPal pour les organisations à but non lucratif et les dons
Code QR PayPal pour les organisations à but non lucratif et les dons","68
68",2,true
20,https://createmy-qr.com/ru/google-review-qr-code-for-local-business,"Google Review QR-код для местного бизнеса | CreateMy-QR
Google Review QR-код для местного бизнеса | CreateMy-QR",text/html; charset=utf-8,false,200,0,0,"Google Review QR-код для местного бизнеса
Google Review QR-код для местного бизнеса","41
41",2,true
20,https://createmy-qr.com/sv/url-qr-kod-for-registrering-av-evenemangsbiljetter,"URL QR-kod för evenemangsbiljetter och registrering | CreateMy-QR
URL QR-kod för evenemangsbiljetter och registrering | CreateMy-QR",text/html; charset=utf-8,false,200,0,0,"URL QR-kod för evenemangsbiljetter och registrering
URL QR-kod för evenemangsbiljetter och registrering","51
51",2,true
20,https://createmy-qr.com/tl/tl-email-qr-code-for-newsletter-signup,"[TL] Email QR Code for Newsletter Signups | CreateMy-QR
[TL] Email QR Code for Newsletter Signups | CreateMy-QR",text/html; charset=utf-8,false,200,0,0,"[TL] Email QR Code for Newsletter Signups
[TL] Email QR Code for Newsletter Signups","41
41",2,true
20,https://createmy-qr.com/no/e-post-qr-kode-for-pamelding-til-nyhetsbrev,"E-post QR-kode for nyhetsbrevregistrering | CreateMy-QR
E-post QR-kode for nyhetsbrevregistrering | CreateMy-QR",text/html; charset=utf-8,false,200,0,0,"E-post QR-kode for nyhetsbrevregistrering
E-post QR-kode for nyhetsbrevregistrering","41
41",2,true
20,https://createmy-qr.com/pl/kod-qr-whatsapp-do-obsugi-klienta,"Kod QR WhatsApp do obsługi klienta | CreateMy-QR
Kod QR WhatsApp do obsługi klienta | CreateMy-QR",text/html; charset=utf-8,false,200,0,0,"Kod QR WhatsApp do obsługi klienta
Kod QR WhatsApp do obsługi klienta","34
34",2,true
20,https://createmy-qr.com/pt/codigo-qr-do-youtube-para-manuais-de-produtos,"Código QR de vídeo do YouTube para manuais de produtos | CreateMy-QR
Código QR de vídeo do YouTube para manuais de produtos | CreateMy-QR",text/html; charset=utf-8,false,200,0,0,"Código QR de vídeo do YouTube para manuais de produtos
Código QR de vídeo do YouTube para manuais de produtos","54
54",2,true
20,https://createmy-qr.com/th/url-qr-code-for-event-tickets-registration,"URL รหัส QR สำหรับตั๋วกิจกรรมและการลงทะเบียน | CreateMy-QR
URL รหัส QR สำหรับตั๋วกิจกรรมและการลงทะเบียน | CreateMy-QR",text/html; charset=utf-8,false,200,0,0,"URL รหัส QR สำหรับตั๋วกิจกรรมและการลงทะเบียน
URL รหัส QR สำหรับตั๋วกิจกรรมและการลงทะเบียน","44
44",2,true
20,https://createmy-qr.com/cs/vcard-qr-kod-pro-realitni-maklere,"vCard QR kód pro realitní kanceláře | CreateMy-QR
vCard QR kód pro realitní kanceláře | CreateMy-QR",text/html; charset=utf-8,false,200,0,0,"vCard QR kód pro realitní kanceláře
vCard QR kód pro realitní kanceláře","35
35",2,true
20,https://createmy-qr.com/pt/codigo-qr-do-whatsapp-para-suporte-ao-cliente,"Código QR do WhatsApp para suporte ao cliente | CreateMy-QR
Código QR do WhatsApp para suporte ao cliente | CreateMy-QR",text/html; charset=utf-8,false,200,0,0,"Código QR do WhatsApp para suporte ao cliente
Código QR do WhatsApp para suporte ao cliente","45
45",2,true
20,https://createmy-qr.com/uk/app-store-qr-code-for-game-downloads,"QR-код App Store для завантаження мобільних ігор | CreateMy-QR
QR-код App Store для завантаження мобільних ігор | CreateMy-QR",text/html; charset=utf-8,false,200,0,0,"QR-код App Store для завантаження мобільних ігор
QR-код App Store для завантаження мобільних ігор","48
48",2,true
20,https://createmy-qr.com/de/youtube-qr-code-fur-produkthandbucher,"YouTube-Video-QR-Code für Produkthandbücher | CreateMy-QR
YouTube-Video-QR-Code für Produkthandbücher | CreateMy-QR",text/html; charset=utf-8,false,200,0,0,"YouTube-Video-QR-Code für Produkthandbücher
YouTube-Video-QR-Code für Produkthandbücher","43
43",2,true
20,https://createmy-qr.com/zh/email-qr-code-for-newsletter-signup,"通过电子邮件发送 QR 码以进行新闻通讯注册 | CreateMy-QR
通过电子邮件发送 QR 码以进行新闻通讯注册 | CreateMy-QR",text/html; charset=utf-8,false,200,0,0,"通过电子邮件发送 QR 码以进行新闻通讯注册
通过电子邮件发送 QR 码以进行新闻通讯注册","22
22",2,true
20,https://createmy-qr.com/nl/whatsapp-qr-code-voor-klantenondersteuning,"WhatsApp QR-code voor klantenondersteuning | CreateMy-QR
WhatsApp QR-code voor klantenondersteuning | CreateMy-QR",text/html; charset=utf-8,false,200,0,0,"WhatsApp QR-code voor klantenondersteuning
WhatsApp QR-code voor klantenondersteuning","42
42",2,true
20,https://createmy-qr.com/id/kode-qr-youtube-untuk-manual-produk,"Kode QR Video YouTube untuk Manual Produk | CreateMy-QR
Kode QR Video YouTube untuk Manual Produk | CreateMy-QR",text/html; charset=utf-8,false,200,0,0,"Kode QR Video YouTube untuk Manual Produk
Kode QR Video YouTube untuk Manual Produk","41
41",2,true
20,https://createmy-qr.com/hu/e-mailben-qr-kodot-a-hirlevelre-valo-feliratkozashoz,"QR-kód e-mailben a hírlevélre való feliratkozáshoz | CreateMy-QR
QR-kód e-mailben a hírlevélre való feliratkozáshoz | CreateMy-QR",text/html; charset=utf-8,false,200,0,0,"QR-kód e-mailben a hírlevélre való feliratkozáshoz
QR-kód e-mailben a hírlevélre való feliratkozáshoz","50
50",2,true
20,https://createmy-qr.com/ko/wifi-qr-code-for-cafe-hotel,"카페 및 호텔용 WiFi QR 코드 | CreateMy-QR
카페 및 호텔용 WiFi QR 코드 | CreateMy-QR",text/html; charset=utf-8,false,200,0,0,"카페 및 호텔용 WiFi QR 코드
카페 및 호텔용 WiFi QR 코드","19
19",2,true
20,https://createmy-qr.com/id/kode-qr-paypal-untuk-donasi,"Kode QR PayPal untuk Nirlaba & Donasi | CreateMy-QR
Kode QR PayPal untuk Nirlaba & Donasi | CreateMy-QR",text/html; charset=utf-8,false,200,0,0,"Kode QR PayPal untuk Nirlaba & Donasi
Kode QR PayPal untuk Nirlaba & Donasi","37
37",2,true
20,https://createmy-qr.com/fr/url-code-qr-pour-linscription-des-billets-devenement,"URL QR Code pour les billets d'événements et l'inscription | CreateMy-QR
URL QR Code pour les billets d'événements et l'inscription | CreateMy-QR",text/html; charset=utf-8,false,200,0,0,"URL QR Code pour les billets d'événements et l'inscription
URL QR Code pour les billets d'événements et l'inscription","58
58",2,true
20,https://createmy-qr.com/fi/youtube-qr-koodi-tuoteoppaita-varten,"YouTube-videon QR-koodi tuoteoppaita varten | CreateMy-QR
YouTube-videon QR-koodi tuoteoppaita varten | CreateMy-QR",text/html; charset=utf-8,false,200,0,0,"YouTube-videon QR-koodi tuoteoppaita varten
YouTube-videon QR-koodi tuoteoppaita varten","43
43",2,true
20,https://createmy-qr.com/cs/e-mailem-qr-kod-pro-prihlaseni-k-odberu-newsletteru,"E-mail QR kód pro přihlášení k odběru newsletteru | CreateMy-QR
E-mail QR kód pro přihlášení k odběru newsletteru | CreateMy-QR",text/html; charset=utf-8,false,200,0,0,"E-mail QR kód pro přihlášení k odběru newsletteru
E-mail QR kód pro přihlášení k odběru newsletteru","49
49",2,true
20,https://createmy-qr.com/fr/code-qr-wifi-pour-cafe-hotel,"Code QR WiFi pour les cafés et les hôtels | CreateMy-QR
Code QR WiFi pour les cafés et les hôtels | CreateMy-QR",text/html; charset=utf-8,false,200,0,0,"Code QR WiFi pour les cafés et les hôtels
Code QR WiFi pour les cafés et les hôtels","41
41",2,true
20,https://createmy-qr.com/ro/cod-qr-url-pentru-inregistrarea-biletelor-la-eveniment,"Cod QR URL pentru bilete la eveniment și înregistrare | CreateMy-QR
Cod QR URL pentru bilete la eveniment și înregistrare | CreateMy-QR",text/html; charset=utf-8,false,200,0,0,"Cod QR URL pentru bilete la eveniment și înregistrare
Cod QR URL pentru bilete la eveniment și înregistrare","53
53",2,true
20,https://createmy-qr.com/tr/etkinlik-biletleri-kayd-icin-url-qr-kodu,"Etkinlik Biletleri ve Kayıt için URL QR Kodu | CreateMy-QR
Etkinlik Biletleri ve Kayıt için URL QR Kodu | CreateMy-QR",text/html; charset=utf-8,false,200,0,0,"Etkinlik Biletleri ve Kayıt için URL QR Kodu
Etkinlik Biletleri ve Kayıt için URL QR Kodu","44
44",2,true
20,https://createmy-qr.com/de/url-qr-code-fur-die-registrierung-von-veranstaltungstickets,"URL-QR-Code für Veranstaltungstickets und Registrierung | CreateMy-QR
URL-QR-Code für Veranstaltungstickets und Registrierung | CreateMy-QR",text/html; charset=utf-8,false,200,0,0,"URL-QR-Code für Veranstaltungstickets und Registrierung
URL-QR-Code für Veranstaltungstickets und Registrierung","55
55",2,true
20,https://createmy-qr.com/ja/app-store-qr-code-for-game-downloads,"App Store QR Code for Mobile Game Downloads | CreateMy-QR
App Store QR Code for Mobile Game Downloads | CreateMy-QR",text/html; charset=utf-8,false,200,0,0,"App Store QR Code for Mobile Game Downloads
App Store QR Code for Mobile Game Downloads","43
43",2,true
20,https://createmy-qr.com/ms/ulasan-google-kod-qr-untuk-perniagaan-tempatan,"Google Semak Kod QR untuk Perniagaan Tempatan | CreateMy-QR
Google Semak Kod QR untuk Perniagaan Tempatan | CreateMy-QR",text/html; charset=utf-8,false,200,0,0,"Google Semak Kod QR untuk Perniagaan Tempatan
Google Semak Kod QR untuk Perniagaan Tempatan","45
45",2,true
20,https://createmy-qr.com/cs/whatsapp-qr-kod-pro-zakaznickou-podporu,"WhatsApp QR kód pro zákaznickou podporu | CreateMy-QR
WhatsApp QR kód pro zákaznickou podporu | CreateMy-QR",text/html; charset=utf-8,false,200,0,0,"WhatsApp QR kód pro zákaznickou podporu
WhatsApp QR kód pro zákaznickou podporu","39
39",2,true
20,https://createmy-qr.com/da/whatsapp-qr-kode-til-kundesupport,"WhatsApp QR-kode til kundesupport | CreateMy-QR
WhatsApp QR-kode til kundesupport | CreateMy-QR",text/html; charset=utf-8,false,200,0,0,"WhatsApp QR-kode til kundesupport
WhatsApp QR-kode til kundesupport","33
33",2,true
20,https://createmy-qr.com/ko/paypal-qr-code-for-donations,"비영리 및 기부를 위한 PayPal QR 코드 | CreateMy-QR
비영리 및 기부를 위한 PayPal QR 코드 | CreateMy-QR",text/html; charset=utf-8,false,200,0,0,"비영리 및 기부를 위한 PayPal QR 코드
비영리 및 기부를 위한 PayPal QR 코드","25
25",2,true
20,https://createmy-qr.com/pl/url-kod-qr-do-rejestracji-biletow-na-wydarzenie,"Kod QR URL dla biletów na wydarzenia i rejestracji | CreateMy-QR
Kod QR URL dla biletów na wydarzenia i rejestracji | CreateMy-QR",text/html; charset=utf-8,false,200,0,0,"Kod QR URL dla biletów na wydarzenia i rejestracji
Kod QR URL dla biletów na wydarzenia i rejestracji","50
50",2,true
20,https://createmy-qr.com/no/vcard-qr-kode-for-eiendomsmeglere,"vCard QR-kode for eiendomsmeglere | CreateMy-QR
vCard QR-kode for eiendomsmeglere | CreateMy-QR",text/html; charset=utf-8,false,200,0,0,"vCard QR-kode for eiendomsmeglere
vCard QR-kode for eiendomsmeglere","33
33",2,true
20,https://createmy-qr.com/ru/app-store-qr-code-for-game-downloads,"QR-код App Store для загрузки мобильных игр | CreateMy-QR
QR-код App Store для загрузки мобильных игр | CreateMy-QR",text/html; charset=utf-8,false,200,0,0,"QR-код App Store для загрузки мобильных игр
QR-код App Store для загрузки мобильных игр","43
43",2,true
20,https://createmy-qr.com/ar/vcard-qr-code-for-real-estate-agents,"vCard QR Code لوكلاء العقارات | CreateMy-QR
vCard QR Code لوكلاء العقارات | CreateMy-QR",text/html; charset=utf-8,false,200,0,0,"vCard QR Code لوكلاء العقارات
vCard QR Code لوكلاء العقارات","29
29",2,true
20,https://createmy-qr.com/pl/kod-qr-sklepu-z-aplikacjami-do-pobierania-gier,"Kod QR App Store do pobierania gier na urządzenia mobilne | CreateMy-QR
Kod QR App Store do pobierania gier na urządzenia mobilne | CreateMy-QR",text/html; charset=utf-8,false,200,0,0,"Kod QR App Store do pobierania gier na urządzenia mobilne
Kod QR App Store do pobierania gier na urządzenia mobilne","57
57",2,true
20,https://createmy-qr.com/sv/whatsapp-qr-kod-for-kundsupport,"WhatsApp QR-kod för kundsupport | CreateMy-QR
WhatsApp QR-kod för kundsupport | CreateMy-QR",text/html; charset=utf-8,false,200,0,0,"WhatsApp QR-kod för kundsupport
WhatsApp QR-kod för kundsupport","31
31",2,true
20,https://createmy-qr.com/tr/google-yerel-isletmeler-icin-qr-kodunu-gozden-geciriyor,"Yerel İşletmeler için Google İnceleme QR Kodu | CreateMy-QR
Yerel İşletmeler için Google İnceleme QR Kodu | CreateMy-QR",text/html; charset=utf-8,false,200,0,0,"Yerel İşletmeler için Google İnceleme QR Kodu
Yerel İşletmeler için Google İnceleme QR Kodu","45
45",2,true
20,https://createmy-qr.com/hi/url-qr-code-for-event-tickets-registration,"इवेंट टिकट और पंजीकरण के लिए यूआरएल क्यूआर कोड | CreateMy-QR
इवेंट टिकट और पंजीकरण के लिए यूआरएल क्यूआर कोड | CreateMy-QR",text/html; charset=utf-8,false,200,0,0,"इवेंट टिकट और पंजीकरण के लिए यूआरएल क्यूआर कोड
इवेंट टिकट और पंजीकरण के लिए यूआरएल क्यूआर कोड","46
46",2,true
20,https://createmy-qr.com/tr/emlakclar-icin-vcard-qr-kodu,"Emlakçılar için vCard QR Kodu | CreateMy-QR
Emlakçılar için vCard QR Kodu | CreateMy-QR",text/html; charset=utf-8,false,200,0,0,"Emlakçılar için vCard QR Kodu
Emlakçılar için vCard QR Kodu","29
29",2,true
20,https://createmy-qr.com/tl/tl-vcard-qr-code-for-real-estate-agents,"[TL] vCard QR Code for Real Estate Agents | CreateMy-QR
[TL] vCard QR Code for Real Estate Agents | CreateMy-QR",text/html; charset=utf-8,false,200,0,0,"[TL] vCard QR Code for Real Estate Agents
[TL] vCard QR Code for Real Estate Agents","41
41",2,true
20,https://createmy-qr.com/th/pdf-qr-code-for-restaurant-menu,"PDF QR Code สำหรับเมนูร้านอาหาร | CreateMy-QR
PDF QR Code สำหรับเมนูร้านอาหาร | CreateMy-QR",text/html; charset=utf-8,false,200,0,0,"PDF QR Code สำหรับเมนูร้านอาหาร
PDF QR Code สำหรับเมนูร้านอาหาร","31
31",2,true
20,https://createmy-qr.com/nl/vcard-qr-code-voor-makelaars-in-onroerend-goed,"vCard QR-code voor makelaars in onroerend goed | CreateMy-QR
vCard QR-code voor makelaars in onroerend goed | CreateMy-QR",text/html; charset=utf-8,false,200,0,0,"vCard QR-code voor makelaars in onroerend goed
vCard QR-code voor makelaars in onroerend goed","46
46",2,true
20,https://createmy-qr.com/ar/app-store-qr-code-for-game-downloads,"رمز الاستجابة السريعة لمتجر التطبيقات لتنزيل ألعاب الهاتف المحمول | CreateMy-QR
رمز الاستجابة السريعة لمتجر التطبيقات لتنزيل ألعاب الهاتف المحمول | CreateMy-QR",text/html; charset=utf-8,false,200,0,0,"رمز الاستجابة السريعة لمتجر التطبيقات لتنزيل ألعاب الهاتف المحمول
رمز الاستجابة السريعة لمتجر التطبيقات لتنزيل ألعاب الهاتف المحمول","65
65",2,true
20,https://createmy-qr.com/fr/code-qr-pdf-pour-le-menu-du-restaurant,"Code QR PDF pour les menus des restaurants | CreateMy-QR
Code QR PDF pour les menus des restaurants | CreateMy-QR",text/html; charset=utf-8,false,200,0,0,"Code QR PDF pour les menus des restaurants
Code QR PDF pour les menus des restaurants","42
42",2,true
20,https://createmy-qr.com/ro/cod-qr-youtube-pentru-manualele-produselor,"Codul QR video YouTube pentru manualele de produse | CreateMy-QR
Codul QR video YouTube pentru manualele de produse | CreateMy-QR",text/html; charset=utf-8,false,200,0,0,"Codul QR video YouTube pentru manualele de produse
Codul QR video YouTube pentru manualele de produse","50
50",2,true
20,https://createmy-qr.com/ko/google-review-qr-code-for-local-business,"Google은 지역 비즈니스를 위한 QR 코드를 검토합니다. | CreateMy-QR
Google은 지역 비즈니스를 위한 QR 코드를 검토합니다. | CreateMy-QR",text/html; charset=utf-8,false,200,0,0,"Google은 지역 비즈니스를 위한 QR 코드를 검토합니다.
Google은 지역 비즈니스를 위한 QR 코드를 검토합니다.","33
33",2,true
20,https://createmy-qr.com/hu/youtube-qr-kod-a-termek-kezikonyvehez,"YouTube-videó QR-kód a termékkézikönyvekhez | CreateMy-QR
YouTube-videó QR-kód a termékkézikönyvekhez | CreateMy-QR",text/html; charset=utf-8,false,200,0,0,"YouTube-videó QR-kód a termékkézikönyvekhez
YouTube-videó QR-kód a termékkézikönyvekhez","43
43",2,true
20,https://createmy-qr.com/pl/kod-qr-wi-fi-dla-kawiarni-hotelowej,"Kod QR Wi-Fi dla kawiarni i hoteli | CreateMy-QR
Kod QR Wi-Fi dla kawiarni i hoteli | CreateMy-QR",text/html; charset=utf-8,false,200,0,0,"Kod QR Wi-Fi dla kawiarni i hoteli
Kod QR Wi-Fi dla kawiarni i hoteli","34
34",2,true
20,https://createmy-qr.com/hi/pdf-qr-code-for-restaurant-menu,"रेस्तरां मेनू के लिए पीडीएफ क्यूआर कोड | CreateMy-QR
रेस्तरां मेनू के लिए पीडीएफ क्यूआर कोड | CreateMy-QR",text/html; charset=utf-8,false,200,0,0,"रेस्तरां मेनू के लिए पीडीएफ क्यूआर कोड
रेस्तरां मेनू के लिए पीडीएफ क्यूआर कोड","38
38",2,true
20,https://createmy-qr.com/hi/email-qr-code-for-newsletter-signup,"न्यूज़लेटर साइनअप के लिए ईमेल क्यूआर कोड | CreateMy-QR
न्यूज़लेटर साइनअप के लिए ईमेल क्यूआर कोड | CreateMy-QR",text/html; charset=utf-8,false,200,0,0,"न्यूज़लेटर साइनअप के लिए ईमेल क्यूआर कोड
न्यूज़लेटर साइनअप के लिए ईमेल क्यूआर कोड","40
40",2,true
20,https://createmy-qr.com/pl/kod-qr-paypal-dla-darowizn,"Kod QR PayPal dla organizacji non-profit i darowizn | CreateMy-QR
Kod QR PayPal dla organizacji non-profit i darowizn | CreateMy-QR",text/html; charset=utf-8,false,200,0,0,"Kod QR PayPal dla organizacji non-profit i darowizn
Kod QR PayPal dla organizacji non-profit i darowizn","51
51",2,true
20,https://createmy-qr.com/ja/pdf-qr-code-for-restaurant-menu,"レストランメニューのPDF QRコード | CreateMy-QR
レストランメニューのPDF QRコード | CreateMy-QR",text/html; charset=utf-8,false,200,0,0,"レストランメニューのPDF QRコード
レストランメニューのPDF QRコード","19
19",2,true
20,https://createmy-qr.com/tl/tl-youtube-qr-code-for-product-manuals,"[TL] YouTube Video QR Code for Product Manuals | CreateMy-QR
[TL] YouTube Video QR Code for Product Manuals | CreateMy-QR",text/html; charset=utf-8,false,200,0,0,"[TL] YouTube Video QR Code for Product Manuals
[TL] YouTube Video QR Code for Product Manuals","46
46",2,true
20,https://createmy-qr.com/zh/google-review-qr-code-for-local-business,"Google 审核本地企业的二维码 | CreateMy-QR
Google 审核本地企业的二维码 | CreateMy-QR",text/html; charset=utf-8,false,200,0,0,"Google 审核本地企业的二维码
Google 审核本地企业的二维码","17
17",2,true
20,https://createmy-qr.com/no/wifi-qr-kode-for-kafehotell,"WiFi QR-kode for kafeer og hoteller | CreateMy-QR
WiFi QR-kode for kafeer og hoteller | CreateMy-QR",text/html; charset=utf-8,false,200,0,0,"WiFi QR-kode for kafeer og hoteller
WiFi QR-kode for kafeer og hoteller","35
35",2,true
20,https://createmy-qr.com/ko/app-store-qr-code-for-game-downloads,"모바일 게임 다운로드를 위한 App Store QR 코드 | CreateMy-QR
모바일 게임 다운로드를 위한 App Store QR 코드 | CreateMy-QR",text/html; charset=utf-8,false,200,0,0,"모바일 게임 다운로드를 위한 App Store QR 코드
모바일 게임 다운로드를 위한 App Store QR 코드","31
31",2,true
20,https://createmy-qr.com/bn/url-qr-code-for-event-tickets-registration,"ইভেন্ট টিকেট এবং রেজিস্ট্রেশনের জন্য URL QR কোড | CreateMy-QR
ইভেন্ট টিকেট এবং রেজিস্ট্রেশনের জন্য URL QR কোড | CreateMy-QR",text/html; charset=utf-8,false,200,0,0,"ইভেন্ট টিকেট এবং রেজিস্ট্রেশনের জন্য URL QR কোড
ইভেন্ট টিকেট এবং রেজিস্ট্রেশনের জন্য URL QR কোড","47
47",2,true
20,https://createmy-qr.com/ms/kod-qr-pdf-untuk-menu-restoran,"Kod QR PDF untuk Menu Restoran | CreateMy-QR
Kod QR PDF untuk Menu Restoran | CreateMy-QR",text/html; charset=utf-8,false,200,0,0,"Kod QR PDF untuk Menu Restoran
Kod QR PDF untuk Menu Restoran","30
30",2,true
20,https://createmy-qr.com/zh/app-store-qr-code-for-game-downloads,"App Store 手游二维码下载 | CreateMy-QR
App Store 手游二维码下载 | CreateMy-QR",text/html; charset=utf-8,false,200,0,0,"App Store 手游二维码下载
App Store 手游二维码下载","17
17",2,true
20,https://createmy-qr.com/id/google-meninjau-kode-qr-untuk-bisnis-lokal,"Google Tinjau Kode QR untuk Bisnis Lokal | CreateMy-QR
Google Tinjau Kode QR untuk Bisnis Lokal | CreateMy-QR",text/html; charset=utf-8,false,200,0,0,"Google Tinjau Kode QR untuk Bisnis Lokal
Google Tinjau Kode QR untuk Bisnis Lokal","40
40",2,true
20,https://createmy-qr.com/ja/whatsapp-qr-code-for-customer-support,"カスタマーサポート用のWhatsApp QRコード | CreateMy-QR
カスタマーサポート用のWhatsApp QRコード | CreateMy-QR",text/html; charset=utf-8,false,200,0,0,"カスタマーサポート用のWhatsApp QRコード
カスタマーサポート用のWhatsApp QRコード","25
25",2,true
20,https://createmy-qr.com/tl/tl-url-qr-code-for-event-tickets-registration,"[TL] URL QR Code for Event Tickets & Registration | CreateMy-QR
[TL] URL QR Code for Event Tickets & Registration | CreateMy-QR",text/html; charset=utf-8,false,200,0,0,"[TL] URL QR Code for Event Tickets & Registration
[TL] URL QR Code for Event Tickets & Registration","49
49",2,true
20,https://createmy-qr.com/de/paypal-qr-code-fur-spenden,"PayPal-QR-Code für gemeinnützige Organisationen und Spenden | CreateMy-QR
PayPal-QR-Code für gemeinnützige Organisationen und Spenden | CreateMy-QR",text/html; charset=utf-8,false,200,0,0,"PayPal-QR-Code für gemeinnützige Organisationen und Spenden
PayPal-QR-Code für gemeinnützige Organisationen und Spenden","59
59",2,true
20,https://createmy-qr.com/tr/bulten-kayd-icin-qr-kodunu-e-postayla-gonderin,"Bülten Kayıtları için QR Kodunu E-postayla Gönder | CreateMy-QR
Bülten Kayıtları için QR Kodunu E-postayla Gönder | CreateMy-QR",text/html; charset=utf-8,false,200,0,0,"Bülten Kayıtları için QR Kodunu E-postayla Gönder
Bülten Kayıtları için QR Kodunu E-postayla Gönder","49
49",2,true
20,https://createmy-qr.com/sv/pdf-qr-kod-for-restaurangmeny,"PDF QR-kod för restaurangmenyer | CreateMy-QR
PDF QR-kod för restaurangmenyer | CreateMy-QR",text/html; charset=utf-8,false,200,0,0,"PDF QR-kod för restaurangmenyer
PDF QR-kod för restaurangmenyer","31
31",2,true
20,https://createmy-qr.com/ro/google-review-qr-code-pentru-afaceri-locale,"Codul QR Google Review pentru companiile locale | CreateMy-QR
Codul QR Google Review pentru companiile locale | CreateMy-QR",text/html; charset=utf-8,false,200,0,0,"Codul QR Google Review pentru companiile locale
Codul QR Google Review pentru companiile locale","47
47",2,true
20,https://createmy-qr.com/es/codigo-qr-de-la-tienda-de-aplicaciones-para-descargas-de-juegos,"Código QR de App Store para descargas de juegos móviles | CreateMy-QR
Código QR de App Store para descargas de juegos móviles | CreateMy-QR",text/html; charset=utf-8,false,200,0,0,"Código QR de App Store para descargas de juegos móviles
Código QR de App Store para descargas de juegos móviles","55
55",2,true
20,https://createmy-qr.com/ko/whatsapp-qr-code-for-customer-support,"고객 지원을 위한 WhatsApp QR 코드 | CreateMy-QR
고객 지원을 위한 WhatsApp QR 코드 | CreateMy-QR",text/html; charset=utf-8,false,200,0,0,"고객 지원을 위한 WhatsApp QR 코드
고객 지원을 위한 WhatsApp QR 코드","24
24",2,true
20,https://createmy-qr.com/el/youtube-qr-code-for-product-manuals,"Κωδικός QR βίντεο YouTube για εγχειρίδια προϊόντων | CreateMy-QR
Κωδικός QR βίντεο YouTube για εγχειρίδια προϊόντων | CreateMy-QR",text/html; charset=utf-8,false,200,0,0,"Κωδικός QR βίντεο YouTube για εγχειρίδια προϊόντων
Κωδικός QR βίντεο YouTube για εγχειρίδια προϊόντων","50
50",2,true
20,https://createmy-qr.com/it/codice-qr-per-la-revisione-di-google-per-attivita-commerciali-locali,"Codice QR per la revisione di Google per le imprese locali | CreateMy-QR
Codice QR per la revisione di Google per le imprese locali | CreateMy-QR",text/html; charset=utf-8,false,200,0,0,"Codice QR per la revisione di Google per le imprese locali
Codice QR per la revisione di Google per le imprese locali","58
58",2,true
20,https://createmy-qr.com/el/wifi-qr-code-for-cafe-hotel,"WiFi QR Code για καφετέριες και ξενοδοχεία | CreateMy-QR
WiFi QR Code για καφετέριες και ξενοδοχεία | CreateMy-QR",text/html; charset=utf-8,false,200,0,0,"WiFi QR Code για καφετέριες και ξενοδοχεία
WiFi QR Code για καφετέριες και ξενοδοχεία","42
42",2,true
20,https://createmy-qr.com/sv/youtube-qr-kod-for-produktmanualer,"YouTube Video QR-kod för produktmanualer | CreateMy-QR
YouTube Video QR-kod för produktmanualer | CreateMy-QR",text/html; charset=utf-8,false,200,0,0,"YouTube Video QR-kod för produktmanualer
YouTube Video QR-kod för produktmanualer","40
40",2,true
20,https://createmy-qr.com/tl/tl-google-review-qr-code-for-local-business,"[TL] Google Review QR Code for Local Businesses | CreateMy-QR
[TL] Google Review QR Code for Local Businesses | CreateMy-QR",text/html; charset=utf-8,false,200,0,0,"[TL] Google Review QR Code for Local Businesses
[TL] Google Review QR Code for Local Businesses","47
47",2,true
20,https://createmy-qr.com/vi/ma-qr-paypal-e-quyen-gop,"Mã QR PayPal dành cho tổ chức phi lợi nhuận và quyên góp | CreateMy-QR
Mã QR PayPal dành cho tổ chức phi lợi nhuận và quyên góp | CreateMy-QR",text/html; charset=utf-8,false,200,0,0,"Mã QR PayPal dành cho tổ chức phi lợi nhuận và quyên góp
Mã QR PayPal dành cho tổ chức phi lợi nhuận và quyên góp","56
56",2,true
20,https://createmy-qr.com/cs/qr-kod-obchodu-s-aplikacemi-pro-stahovani-her,"QR kód App Store pro stahování mobilních her | CreateMy-QR
QR kód App Store pro stahování mobilních her | CreateMy-QR",text/html; charset=utf-8,false,200,0,0,"QR kód App Store pro stahování mobilních her
QR kód App Store pro stahování mobilních her","44
44",2,true
20,https://createmy-qr.com/bn/google-review-qr-code-for-local-business,"স্থানীয় ব্যবসার জন্য Google পর্যালোচনা QR কোড | CreateMy-QR
স্থানীয় ব্যবসার জন্য Google পর্যালোচনা QR কোড | CreateMy-QR",text/html; charset=utf-8,false,200,0,0,"স্থানীয় ব্যবসার জন্য Google পর্যালোচনা QR কোড
স্থানীয় ব্যবসার জন্য Google পর্যালোচনা QR কোড","46
46",2,true
20,https://createmy-qr.com/el/url-qr-code-for-event-tickets-registration,"URL QR Code για εισιτήρια εκδηλώσεων και εγγραφές | CreateMy-QR
URL QR Code για εισιτήρια εκδηλώσεων και εγγραφές | CreateMy-QR",text/html; charset=utf-8,false,200,0,0,"URL QR Code για εισιτήρια εκδηλώσεων και εγγραφές
URL QR Code για εισιτήρια εκδηλώσεων και εγγραφές","49
49",2,true
20,https://createmy-qr.com/pl/kod-qr-youtube-dla-instrukcji-produktow,"Kod QR filmu YouTube dla instrukcji obsługi produktów | CreateMy-QR
Kod QR filmu YouTube dla instrukcji obsługi produktów | CreateMy-QR",text/html; charset=utf-8,false,200,0,0,"Kod QR filmu YouTube dla instrukcji obsługi produktów
Kod QR filmu YouTube dla instrukcji obsługi produktów","53
53",2,true
20,https://createmy-qr.com/ms/kod-qr-wifi-untuk-hotel-kafe,"Kod QR WiFi untuk Kafe & Hotel | CreateMy-QR
Kod QR WiFi untuk Kafe & Hotel | CreateMy-QR",text/html; charset=utf-8,false,200,0,0,"Kod QR WiFi untuk Kafe & Hotel
Kod QR WiFi untuk Kafe & Hotel","30
30",2,true
20,https://createmy-qr.com/de/e-mail-qr-code-fur-die-newsletter-anmeldung,"E-Mail-QR-Code für Newsletter-Anmeldungen | CreateMy-QR
E-Mail-QR-Code für Newsletter-Anmeldungen | CreateMy-QR",text/html; charset=utf-8,false,200,0,0,"E-Mail-QR-Code für Newsletter-Anmeldungen
E-Mail-QR-Code für Newsletter-Anmeldungen","41
41",2,true
20,https://createmy-qr.com/fi/sahkoposti-qr-koodi-uutiskirjeen-tilaamista-varten,"Sähköposti QR-koodi uutiskirjeen tilaamista varten | CreateMy-QR
Sähköposti QR-koodi uutiskirjeen tilaamista varten | CreateMy-QR",text/html; charset=utf-8,false,200,0,0,"Sähköposti QR-koodi uutiskirjeen tilaamista varten
Sähköposti QR-koodi uutiskirjeen tilaamista varten","50
50",2,true
20,https://createmy-qr.com/ko/url-qr-code-for-event-tickets-registration,"이벤트 티켓 및 등록을 위한 URL QR 코드 | CreateMy-QR
이벤트 티켓 및 등록을 위한 URL QR 코드 | CreateMy-QR",text/html; charset=utf-8,false,200,0,0,"이벤트 티켓 및 등록을 위한 URL QR 코드
이벤트 티켓 및 등록을 위한 URL QR 코드","25
25",2,true
20,https://createmy-qr.com/vi/ma-qr-whatsapp-e-ho-tro-khach-hang,"Mã QR WhatsApp để hỗ trợ khách hàng | CreateMy-QR
Mã QR WhatsApp để hỗ trợ khách hàng | CreateMy-QR",text/html; charset=utf-8,false,200,0,0,"Mã QR WhatsApp để hỗ trợ khách hàng
Mã QR WhatsApp để hỗ trợ khách hàng","35
35",2,true
20,https://createmy-qr.com/es/codigo-qr-wifi-para-cafeteria-hotel,"Código QR WiFi para cafeterías y hoteles | CreateMy-QR
Código QR WiFi para cafeterías y hoteles | CreateMy-QR",text/html; charset=utf-8,false,200,0,0,"Código QR WiFi para cafeterías y hoteles
Código QR WiFi para cafeterías y hoteles","40
40",2,true
20,https://createmy-qr.com/ro/cod-qr-din-magazinul-de-aplicatii-pentru-descarcari-de-jocuri,"Cod QR App Store pentru descărcări de jocuri mobile | CreateMy-QR
Cod QR App Store pentru descărcări de jocuri mobile | CreateMy-QR",text/html; charset=utf-8,false,200,0,0,"Cod QR App Store pentru descărcări de jocuri mobile
Cod QR App Store pentru descărcări de jocuri mobile","51
51",2,true
20,https://createmy-qr.com/th/vcard-qr-code-for-real-estate-agents,"vCard QR Code สำหรับตัวแทนอสังหาริมทรัพย์ | CreateMy-QR
vCard QR Code สำหรับตัวแทนอสังหาริมทรัพย์ | CreateMy-QR",text/html; charset=utf-8,false,200,0,0,"vCard QR Code สำหรับตัวแทนอสังหาริมทรัพย์
vCard QR Code สำหรับตัวแทนอสังหาริมทรัพย์","41
41",2,true
20,https://createmy-qr.com/fi/app-storen-qr-koodi-pelien-lataamista-varten,"App Storen QR-koodi mobiilipelien lataamiseen | CreateMy-QR
App Storen QR-koodi mobiilipelien lataamiseen | CreateMy-QR",text/html; charset=utf-8,false,200,0,0,"App Storen QR-koodi mobiilipelien lataamiseen
App Storen QR-koodi mobiilipelien lataamiseen","45
45",2,true
20,https://createmy-qr.com/it/codice-qr-paypal-per-le-donazioni,"Codice QR PayPal per organizzazioni no-profit e donazioni | CreateMy-QR
Codice QR PayPal per organizzazioni no-profit e donazioni | CreateMy-QR",text/html; charset=utf-8,false,200,0,0,"Codice QR PayPal per organizzazioni no-profit e donazioni
Codice QR PayPal per organizzazioni no-profit e donazioni","57
57",2,true
20,https://createmy-qr.com/tr/restoran-menusu-icin-pdf-qr-kodu,"Restoran Menüleri için PDF QR Kodu | CreateMy-QR
Restoran Menüleri için PDF QR Kodu | CreateMy-QR",text/html; charset=utf-8,false,200,0,0,"Restoran Menüleri için PDF QR Kodu
Restoran Menüleri için PDF QR Kodu","34
34",2,true
20,https://createmy-qr.com/ar/whatsapp-qr-code-for-customer-support,"رمز QR الخاص بـ WhatsApp لدعم العملاء | CreateMy-QR
رمز QR الخاص بـ WhatsApp لدعم العملاء | CreateMy-QR",text/html; charset=utf-8,false,200,0,0,"رمز QR الخاص بـ WhatsApp لدعم العملاء
رمز QR الخاص بـ WhatsApp لدعم العملاء","37
37",2,true
20,https://createmy-qr.com/bn/app-store-qr-code-for-game-downloads,"মোবাইল গেম ডাউনলোডের জন্য অ্যাপ স্টোর QR কোড | CreateMy-QR
মোবাইল গেম ডাউনলোডের জন্য অ্যাপ স্টোর QR কোড | CreateMy-QR",text/html; charset=utf-8,false,200,0,0,"মোবাইল গেম ডাউনলোডের জন্য অ্যাপ স্টোর QR কোড
মোবাইল গেম ডাউনলোডের জন্য অ্যাপ স্টোর QR কোড","44
44",2,true
20,https://createmy-qr.com/it/codice-qr-whatsapp-per-lassistenza-clienti,"Codice QR WhatsApp per l'assistenza clienti | CreateMy-QR
Codice QR WhatsApp per l'assistenza clienti | CreateMy-QR",text/html; charset=utf-8,false,200,0,0,"Codice QR WhatsApp per l'assistenza clienti
Codice QR WhatsApp per l'assistenza clienti","43
43",2,true
20,https://createmy-qr.com/bn/email-qr-code-for-newsletter-signup,"নিউজলেটার সাইনআপের জন্য QR কোড ইমেল করুন | CreateMy-QR
নিউজলেটার সাইনআপের জন্য QR কোড ইমেল করুন | CreateMy-QR",text/html; charset=utf-8,false,200,0,0,"নিউজলেটার সাইনআপের জন্য QR কোড ইমেল করুন
নিউজলেটার সাইনআপের জন্য QR কোড ইমেল করুন","40
40",2,true
20,https://createmy-qr.com/nl/url-qr-code-voor-registratie-van-evenemententickets,"URL QR-code voor evenementtickets en registratie | CreateMy-QR
URL QR-code voor evenementtickets en registratie | CreateMy-QR",text/html; charset=utf-8,false,200,0,0,"URL QR-code voor evenementtickets en registratie
URL QR-code voor evenementtickets en registratie","48
48",2,true
20,https://createmy-qr.com/th/whatsapp-qr-code-for-customer-support,"รหัส QR ของ WhatsApp สำหรับการสนับสนุนลูกค้า | CreateMy-QR
รหัส QR ของ WhatsApp สำหรับการสนับสนุนลูกค้า | CreateMy-QR",text/html; charset=utf-8,false,200,0,0,"รหัส QR ของ WhatsApp สำหรับการสนับสนุนลูกค้า
รหัส QR ของ WhatsApp สำหรับการสนับสนุนลูกค้า","44
44",2,true
20,https://createmy-qr.com/th/google-review-qr-code-for-local-business,"Google ตรวจสอบรหัส QR สำหรับธุรกิจในท้องถิ่น | CreateMy-QR
Google ตรวจสอบรหัส QR สำหรับธุรกิจในท้องถิ่น | CreateMy-QR",text/html; charset=utf-8,false,200,0,0,"Google ตรวจสอบรหัส QR สำหรับธุรกิจในท้องถิ่น
Google ตรวจสอบรหัส QR สำหรับธุรกิจในท้องถิ่น","44
44",2,true
20,https://createmy-qr.com/uk/pdf-qr-code-for-restaurant-menu,"PDF-код QR для меню ресторану | CreateMy-QR
PDF-код QR для меню ресторану | CreateMy-QR",text/html; charset=utf-8,false,200,0,0,"PDF-код QR для меню ресторану
PDF-код QR для меню ресторану","29
29",2,true
20,https://createmy-qr.com/el/app-store-qr-code-for-game-downloads,"Κωδικός QR App Store για λήψεις παιχνιδιών για κινητά | CreateMy-QR
Κωδικός QR App Store για λήψεις παιχνιδιών για κινητά | CreateMy-QR",text/html; charset=utf-8,false,200,0,0,"Κωδικός QR App Store για λήψεις παιχνιδιών για κινητά
Κωδικός QR App Store για λήψεις παιχνιδιών για κινητά","53
53",2,true
20,https://createmy-qr.com/zh/wifi-qr-code-for-cafe-hotel,"咖啡馆和酒店 WiFi 二维码 | CreateMy-QR
咖啡馆和酒店 WiFi 二维码 | CreateMy-QR",text/html; charset=utf-8,false,200,0,0,"咖啡馆和酒店 WiFi 二维码
咖啡馆和酒店 WiFi 二维码","15
15",2,true
20,https://createmy-qr.com/nl/google-review-qr-code-voor-lokaal-bedrijf,"Google Review QR-code voor lokale bedrijven | CreateMy-QR
Google Review QR-code voor lokale bedrijven | CreateMy-QR",text/html; charset=utf-8,false,200,0,0,"Google Review QR-code voor lokale bedrijven
Google Review QR-code voor lokale bedrijven","43
43",2,true
20,https://createmy-qr.com/ro/cod-qr-vcard-pentru-agentii-imobiliari,"Cod QR vCard pentru agenții imobiliari | CreateMy-QR
Cod QR vCard pentru agenții imobiliari | CreateMy-QR",text/html; charset=utf-8,false,200,0,0,"Cod QR vCard pentru agenții imobiliari
Cod QR vCard pentru agenții imobiliari","38
38",2,true
20,https://createmy-qr.com/id/kode-qr-vcard-untuk-agen-real-estat,"Kode QR vCard untuk Agen Real Estat | CreateMy-QR
Kode QR vCard untuk Agen Real Estat | CreateMy-QR",text/html; charset=utf-8,false,200,0,0,"Kode QR vCard untuk Agen Real Estat
Kode QR vCard untuk Agen Real Estat","35
35",2,true
20,https://createmy-qr.com/it/codice-qr-dellapp-store-per-il-download-dei-giochi,"Codice QR dell'App Store per i download di giochi per dispositivi mobili | CreateMy-QR
Codice QR dell'App Store per i download di giochi per dispositivi mobili | CreateMy-QR",text/html; charset=utf-8,false,200,0,0,"Codice QR dell'App Store per i download di giochi per dispositivi mobili
Codice QR dell'App Store per i download di giochi per dispositivi mobili","72
72",2,true
20,https://createmy-qr.com/de/google-rezensions-qr-code-fur-lokale-unternehmen,"Google Review QR-Code für lokale Unternehmen | CreateMy-QR
Google Review QR-Code für lokale Unternehmen | CreateMy-QR",text/html; charset=utf-8,false,200,0,0,"Google Review QR-Code für lokale Unternehmen
Google Review QR-Code für lokale Unternehmen","44
44",2,true
20,https://createmy-qr.com/no/url-qr-kode-for-registrering-av-arrangementsbilletter,"URL QR-kode for arrangementsbilletter og registrering | CreateMy-QR
URL QR-kode for arrangementsbilletter og registrering | CreateMy-QR",text/html; charset=utf-8,false,200,0,0,"URL QR-kode for arrangementsbilletter og registrering
URL QR-kode for arrangementsbilletter og registrering","53
53",2,true
20,https://createmy-qr.com/tr/urun-klavuzlar-icin-youtube-qr-kodu,"Ürün Kılavuzları için YouTube Video QR Kodu | CreateMy-QR
Ürün Kılavuzları için YouTube Video QR Kodu | CreateMy-QR",text/html; charset=utf-8,false,200,0,0,"Ürün Kılavuzları için YouTube Video QR Kodu
Ürün Kılavuzları için YouTube Video QR Kodu","43
43",2,true
20,https://createmy-qr.com/no/paypal-qr-kode-for-donasjoner,"PayPal QR-kode for ideelle organisasjoner og donasjoner | CreateMy-QR
PayPal QR-kode for ideelle organisasjoner og donasjoner | CreateMy-QR",text/html; charset=utf-8,false,200,0,0,"PayPal QR-kode for ideelle organisasjoner og donasjoner
PayPal QR-kode for ideelle organisasjoner og donasjoner","55
55",2,true
20,https://createmy-qr.com/cs/paypal-qr-kod-pro-dary,"PayPal QR Code for Non-Profits & Donations | CreateMy-QR
PayPal QR Code for Non-Profits & Donations | CreateMy-QR",text/html; charset=utf-8,false,200,0,0,"PayPal QR Code for Non-Profits & Donations
PayPal QR Code for Non-Profits & Donations","42
42",2,true
20,https://createmy-qr.com/th/paypal-qr-code-for-donations,"รหัส QR ของ PayPal สำหรับองค์กรไม่แสวงผลกำไรและการบริจาค | CreateMy-QR
รหัส QR ของ PayPal สำหรับองค์กรไม่แสวงผลกำไรและการบริจาค | CreateMy-QR",text/html; charset=utf-8,false,200,0,0,"รหัส QR ของ PayPal สำหรับองค์กรไม่แสวงผลกำไรและการบริจาค
รหัส QR ของ PayPal สำหรับองค์กรไม่แสวงผลกำไรและการบริจาค","56
56",2,true
20,https://createmy-qr.com/de/pdf-qr-code-fur-die-speisekarte-des-restaurants,"PDF-QR-Code für Restaurantmenüs | CreateMy-QR
PDF-QR-Code für Restaurantmenüs | CreateMy-QR",text/html; charset=utf-8,false,200,0,0,"PDF-QR-Code für Restaurantmenüs
PDF-QR-Code für Restaurantmenüs","31
31",2,true
20,https://createmy-qr.com/fr/code-qr-whatsapp-pour-le-support-client,"Code QR WhatsApp pour le support client | CreateMy-QR
Code QR WhatsApp pour le support client | CreateMy-QR",text/html; charset=utf-8,false,200,0,0,"Code QR WhatsApp pour le support client
Code QR WhatsApp pour le support client","39
39",2,true
20,https://createmy-qr.com/vi/ma-qr-pdf-cho-thuc-on-nha-hang,"Mã QR PDF cho thực đơn nhà hàng | CreateMy-QR
Mã QR PDF cho thực đơn nhà hàng | CreateMy-QR",text/html; charset=utf-8,false,200,0,0,"Mã QR PDF cho thực đơn nhà hàng
Mã QR PDF cho thực đơn nhà hàng","31
31",2,true
20,https://createmy-qr.com/hu/pdf-qr-kod-az-etterem-menujehez,"PDF QR-kód az éttermi menükhöz | CreateMy-QR
PDF QR-kód az éttermi menükhöz | CreateMy-QR",text/html; charset=utf-8,false,200,0,0,"PDF QR-kód az éttermi menükhöz
PDF QR-kód az éttermi menükhöz","30
30",2,true
20,https://createmy-qr.com/no/youtube-qr-kode-for-produktmanualer,"YouTube Video QR-kode for produkthåndbøker | CreateMy-QR
YouTube Video QR-kode for produkthåndbøker | CreateMy-QR",text/html; charset=utf-8,false,200,0,0,"YouTube Video QR-kode for produkthåndbøker
YouTube Video QR-kode for produkthåndbøker","42
42",2,true
20,https://createmy-qr.com/hu/google-ertekeles-qr-kod-a-helyi-vallalkozasok-szamara,"Google Review QR-kód helyi vállalkozások számára | CreateMy-QR
Google Review QR-kód helyi vállalkozások számára | CreateMy-QR",text/html; charset=utf-8,false,200,0,0,"Google Review QR-kód helyi vállalkozások számára
Google Review QR-kód helyi vállalkozások számára","48
48",2,true
20,https://createmy-qr.com/zh/pdf-qr-code-for-restaurant-menu,"餐厅菜单 PDF 二维码 | CreateMy-QR
餐厅菜单 PDF 二维码 | CreateMy-QR",text/html; charset=utf-8,false,200,0,0,"餐厅菜单 PDF 二维码
餐厅菜单 PDF 二维码","12
12",2,true
20,https://createmy-qr.com/it/codice-qr-pdf-per-il-menu-del-ristorante,"Codice QR PDF per i menu dei ristoranti | CreateMy-QR
Codice QR PDF per i menu dei ristoranti | CreateMy-QR",text/html; charset=utf-8,false,200,0,0,"Codice QR PDF per i menu dei ristoranti
Codice QR PDF per i menu dei ristoranti","39
39",2,true
20,https://createmy-qr.com/cs/youtube-qr-kod-pro-produktove-manualy,"YouTube Video QR kód pro produktové manuály | CreateMy-QR
YouTube Video QR kód pro produktové manuály | CreateMy-QR",text/html; charset=utf-8,false,200,0,0,"YouTube Video QR kód pro produktové manuály
YouTube Video QR kód pro produktové manuály","43
43",2,true
20,https://createmy-qr.com/es/codigo-qr-de-paypal-para-donaciones,"Código QR de PayPal para organizaciones sin fines de lucro y donaciones | CreateMy-QR
Código QR de PayPal para organizaciones sin fines de lucro y donaciones | CreateMy-QR",text/html; charset=utf-8,false,200,0,0,"Código QR de PayPal para organizaciones sin fines de lucro y donaciones
Código QR de PayPal para organizaciones sin fines de lucro y donaciones","71
71",2,true
20,https://createmy-qr.com/uk/google-review-qr-code-for-local-business,"Огляд QR-коду Google для місцевих компаній | CreateMy-QR
Огляд QR-коду Google для місцевих компаній | CreateMy-QR",text/html; charset=utf-8,false,200,0,0,"Огляд QR-коду Google для місцевих компаній
Огляд QR-коду Google для місцевих компаній","42
42",2,true
20,https://createmy-qr.com/fi/pdf-qr-koodi-ravintolamenulle,"PDF QR-koodi ravintolamenuille | CreateMy-QR
PDF QR-koodi ravintolamenuille | CreateMy-QR",text/html; charset=utf-8,false,200,0,0,"PDF QR-koodi ravintolamenuille
PDF QR-koodi ravintolamenuille","30
30",2,true
20,https://createmy-qr.com/tl/tl-whatsapp-qr-code-for-customer-support,"[TL] WhatsApp QR Code for Customer Support | CreateMy-QR
[TL] WhatsApp QR Code for Customer Support | CreateMy-QR",text/html; charset=utf-8,false,200,0,0,"[TL] WhatsApp QR Code for Customer Support
[TL] WhatsApp QR Code for Customer Support","42
42",2,true
20,https://createmy-qr.com/da/pdf-qr-kode-til-restaurantmenu,"PDF QR-kode til restaurantmenuer | CreateMy-QR
PDF QR-kode til restaurantmenuer | CreateMy-QR",text/html; charset=utf-8,false,200,0,0,"PDF QR-kode til restaurantmenuer
PDF QR-kode til restaurantmenuer","32
32",2,true
20,https://createmy-qr.com/el/pdf-qr-code-for-restaurant-menu,"PDF QR Code για Μενού Εστιατορίου | CreateMy-QR
PDF QR Code για Μενού Εστιατορίου | CreateMy-QR",text/html; charset=utf-8,false,200,0,0,"PDF QR Code για Μενού Εστιατορίου
PDF QR Code για Μενού Εστιατορίου","33
33",2,true
20,https://createmy-qr.com/hu/url-qr-kod-az-esemenyjegyek-regisztraciojahoz,"URL QR-kód rendezvényjegyekhez és regisztrációhoz | CreateMy-QR
URL QR-kód rendezvényjegyekhez és regisztrációhoz | CreateMy-QR",text/html; charset=utf-8,false,200,0,0,"URL QR-kód rendezvényjegyekhez és regisztrációhoz
URL QR-kód rendezvényjegyekhez és regisztrációhoz","49
49",2,true
20,https://createmy-qr.com/ms/kod-qr-paypal-untuk-derma,"Kod QR PayPal untuk Bukan Untung & Derma | CreateMy-QR
Kod QR PayPal untuk Bukan Untung & Derma | CreateMy-QR",text/html; charset=utf-8,false,200,0,0,"Kod QR PayPal untuk Bukan Untung & Derma
Kod QR PayPal untuk Bukan Untung & Derma","40
40",2,true
20,https://createmy-qr.com/hu/whatsapp-qr-kod-az-ugyfelszolgalathoz,"WhatsApp QR-kód az ügyfélszolgálathoz | CreateMy-QR
WhatsApp QR-kód az ügyfélszolgálathoz | CreateMy-QR",text/html; charset=utf-8,false,200,0,0,"WhatsApp QR-kód az ügyfélszolgálathoz
WhatsApp QR-kód az ügyfélszolgálathoz","37
37",2,true
20,https://createmy-qr.com/ro/cod-qr-wifi-pentru-cafenea-hotel,"Cod QR WiFi pentru cafenele și hoteluri | CreateMy-QR
Cod QR WiFi pentru cafenele și hoteluri | CreateMy-QR",text/html; charset=utf-8,false,200,0,0,"Cod QR WiFi pentru cafenele și hoteluri
Cod QR WiFi pentru cafenele și hoteluri","39
39",2,true
20,https://createmy-qr.com/el/vcard-qr-code-for-real-estate-agents,"vCard QR Code για κτηματομεσίτες | CreateMy-QR
vCard QR Code για κτηματομεσίτες | CreateMy-QR",text/html; charset=utf-8,false,200,0,0,"vCard QR Code για κτηματομεσίτες
vCard QR Code για κτηματομεσίτες","32
32",2,true
20,https://createmy-qr.com/ja/google-review-qr-code-for-local-business,"Google がローカル ビジネス向けの QR コードをレビューする | CreateMy-QR
Google がローカル ビジネス向けの QR コードをレビューする | CreateMy-QR",text/html; charset=utf-8,false,200,0,0,"Google がローカル ビジネス向けの QR コードをレビューする
Google がローカル ビジネス向けの QR コードをレビューする","34
34",2,true
20,https://createmy-qr.com/de/app-store-qr-code-fur-spiele-downloads,"App Store-QR-Code für Handyspiel-Downloads | CreateMy-QR
App Store-QR-Code für Handyspiel-Downloads | CreateMy-QR",text/html; charset=utf-8,false,200,0,0,"App Store-QR-Code für Handyspiel-Downloads
App Store-QR-Code für Handyspiel-Downloads","42
42",2,true
20,https://createmy-qr.com/fr/google-examine-le-code-qr-pour-une-entreprise-locale,"Google Review QR Code pour les entreprises locales | CreateMy-QR
Google Review QR Code pour les entreprises locales | CreateMy-QR",text/html; charset=utf-8,false,200,0,0,"Google Review QR Code pour les entreprises locales
Google Review QR Code pour les entreprises locales","50
50",2,true
20,https://createmy-qr.com/el/paypal-qr-code-for-donations,"Κωδικός QR PayPal για μη κερδοσκοπικούς οργανισμούς και δωρεές | CreateMy-QR
Κωδικός QR PayPal για μη κερδοσκοπικούς οργανισμούς και δωρεές | CreateMy-QR",text/html; charset=utf-8,false,200,0,0,"Κωδικός QR PayPal για μη κερδοσκοπικούς οργανισμούς και δωρεές
Κωδικός QR PayPal για μη κερδοσκοπικούς οργανισμούς και δωρεές","62
62",2,true
20,https://createmy-qr.com/ko/pdf-qr-code-for-restaurant-menu,"레스토랑 메뉴용 PDF QR 코드 | CreateMy-QR
레스토랑 메뉴용 PDF QR 코드 | CreateMy-QR",text/html; charset=utf-8,false,200,0,0,"레스토랑 메뉴용 PDF QR 코드
레스토랑 메뉴용 PDF QR 코드","18
18",2,true
20,https://createmy-qr.com/zh/whatsapp-qr-code-for-customer-support,"WhatsApp 二维码用于客户支持 | CreateMy-QR
WhatsApp 二维码用于客户支持 | CreateMy-QR",text/html; charset=utf-8,false,200,0,0,"WhatsApp 二维码用于客户支持
WhatsApp 二维码用于客户支持","18
18",2,true
20,https://createmy-qr.com/hu/app-store-qr-kod-a-jatekok-letoltesehez,"App Store QR-kód mobiljátékok letöltéséhez | CreateMy-QR
App Store QR-kód mobiljátékok letöltéséhez | CreateMy-QR",text/html; charset=utf-8,false,200,0,0,"App Store QR-kód mobiljátékok letöltéséhez
App Store QR-kód mobiljátékok letöltéséhez","42
42",2,true
20,https://createmy-qr.com/pl/kod-qr-vcard-dla-agentow-nieruchomosci,"Kod QR vCard dla agentów nieruchomości | CreateMy-QR
Kod QR vCard dla agentów nieruchomości | CreateMy-QR",text/html; charset=utf-8,false,200,0,0,"Kod QR vCard dla agentów nieruchomości
Kod QR vCard dla agentów nieruchomości","38
38",2,true
20,https://createmy-qr.com/sv/vcard-qr-kod-for-fastighetsmaklare,"vCard QR-kod för fastighetsmäklare | CreateMy-QR
vCard QR-kod för fastighetsmäklare | CreateMy-QR",text/html; charset=utf-8,false,200,0,0,"vCard QR-kod för fastighetsmäklare
vCard QR-kod för fastighetsmäklare","34
34",2,true
20,https://createmy-qr.com/zh/url-qr-code-for-event-tickets-registration,"活动门票和注册的 URL 二维码 | CreateMy-QR
活动门票和注册的 URL 二维码 | CreateMy-QR",text/html; charset=utf-8,false,200,0,0,"活动门票和注册的 URL 二维码
活动门票和注册的 URL 二维码","16
16",2,true
20,https://createmy-qr.com/fr/code-qr-de-lapp-store-pour-les-telechargements-de-jeux,"Code QR de l’App Store pour les téléchargements de jeux mobiles | CreateMy-QR
Code QR de l’App Store pour les téléchargements de jeux mobiles | CreateMy-QR",text/html; charset=utf-8,false,200,0,0,"Code QR de l’App Store pour les téléchargements de jeux mobiles
Code QR de l’App Store pour les téléchargements de jeux mobiles","63
63",2,true
20,https://createmy-qr.com/el/email-qr-code-for-newsletter-signup,"Email QR Code για Εγγραφές σε Newsletter | CreateMy-QR
Email QR Code για Εγγραφές σε Newsletter | CreateMy-QR",text/html; charset=utf-8,false,200,0,0,"Email QR Code για Εγγραφές σε Newsletter
Email QR Code για Εγγραφές σε Newsletter","40
40",2,true
20,https://createmy-qr.com/da/google-review-qr-kode-til-lokal-virksomhed,"Google anmelder QR-kode til lokale virksomheder | CreateMy-QR
Google anmelder QR-kode til lokale virksomheder | CreateMy-QR",text/html; charset=utf-8,false,200,0,0,"Google anmelder QR-kode til lokale virksomheder
Google anmelder QR-kode til lokale virksomheder","47
47",2,true
20,https://createmy-qr.com/fi/google-arvostelun-qr-koodi-paikallisille-yrityksille,"Google Review QR Code paikallisille yrityksille | CreateMy-QR
Google Review QR Code paikallisille yrityksille | CreateMy-QR",text/html; charset=utf-8,false,200,0,0,"Google Review QR Code paikallisille yrityksille
Google Review QR Code paikallisille yrityksille","47
47",2,true
20,https://createmy-qr.com/no/google-anmeldelse-qr-kode-for-lokal-virksomhet,"Google vurdere QR-kode for lokale bedrifter | CreateMy-QR
Google vurdere QR-kode for lokale bedrifter | CreateMy-QR",text/html; charset=utf-8,false,200,0,0,"Google vurdere QR-kode for lokale bedrifter
Google vurdere QR-kode for lokale bedrifter","43
43",2,true
20,https://createmy-qr.com/ja/paypal-qr-code-for-donations,"非営利および寄付用の PayPal QR コード | CreateMy-QR
非営利および寄付用の PayPal QR コード | CreateMy-QR",text/html; charset=utf-8,false,200,0,0,"非営利および寄付用の PayPal QR コード
非営利および寄付用の PayPal QR コード","24
24",2,true
20,https://createmy-qr.com/vi/ma-qr-wifi-cho-quan-ca-phe-khach-san,"Mã QR WiFi cho quán cà phê & khách sạn | CreateMy-QR
Mã QR WiFi cho quán cà phê & khách sạn | CreateMy-QR",text/html; charset=utf-8,false,200,0,0,"Mã QR WiFi cho quán cà phê & khách sạn
Mã QR WiFi cho quán cà phê & khách sạn","38
38",2,true
20,https://createmy-qr.com/da/wifi-qr-kode-til-cafehotel,"WiFi QR-kode til caféer og hoteller | CreateMy-QR
WiFi QR-kode til caféer og hoteller | CreateMy-QR",text/html; charset=utf-8,false,200,0,0,"WiFi QR-kode til caféer og hoteller
WiFi QR-kode til caféer og hoteller","35
35",2,true
20,https://createmy-qr.com/fr/code-qr-vcard-pour-les-agents-immobiliers,"Code QR vCard pour les agents immobiliers | CreateMy-QR
Code QR vCard pour les agents immobiliers | CreateMy-QR",text/html; charset=utf-8,false,200,0,0,"Code QR vCard pour les agents immobiliers
Code QR vCard pour les agents immobiliers","41
41",2,true
