PR,URL,Title,Content type,Is rendered page,HTTP status code,Organic traffic,Depth,Title patch,Title patch status,Title length,No. of titles,Is indexable page
22,https://createmy-qr.com/compare,"Free QR Code Generator Online - CreateMy-QR (No Signup) | Compare Tools
types.compare QR Code Generator - Free & Custom | CreateMy-QR
Compare Plans - CreateMy-QR",text/html; charset=utf-8,false,200,0,0,,,"71
61
27",3,true
22,https://createmy-qr.com/about,"Free QR Code Generator Online - CreateMy-QR (No Signup) | About Us
types.about QR Code Generator - Free & Custom | CreateMy-QR
About CreateMy-QR",text/html; charset=utf-8,false,200,0,0,,,"66
59
17",3,true
22,https://createmy-qr.com/pricing,"Free QR Code Generator Online - CreateMy-QR (No Signup) | 100% Free Pricing
types.pricing QR Code Generator - Free & Custom | CreateMy-QR
100% Free Pricing | CreateMy-QR",text/html; charset=utf-8,false,200,0,0,,,"75
61
31",3,true
22,https://createmy-qr.com/languages,"Free QR Code Generator Online - CreateMy-QR (No Signup) | Supported Languages
types.languages QR Code Generator - Free & Custom | CreateMy-QR
Supported Languages | CreateMy-QR",text/html; charset=utf-8,false,200,0,0,,,"77
63
33",3,true
22,https://createmy-qr.com/scan-qr,"Free QR Code Scanner Online - Scan QR Instantly
types.scanqr QR Code Generator - Free & Custom | CreateMy-QR
Scan QR Code Online",text/html; charset=utf-8,false,200,0,0,,,"47
60
19",3,true
22,https://createmy-qr.com/barcode-generator,"Free Barcode Generator Online - Create 1D Barcodes
types.barcode QR Code Generator - Free & Custom | CreateMy-QR
Free Barcode Generator",text/html; charset=utf-8,false,200,0,0,,,"50
61
22",3,true
22,https://createmy-qr.com/privacy,"Free QR Code Generator Online - CreateMy-QR (No Signup) | Privacy Policy
types.privacy QR Code Generator - Free & Custom | CreateMy-QR
Privacy Policy - CreateMy-QR",text/html; charset=utf-8,false,200,0,0,,,"72
61
28",3,true
22,https://createmy-qr.com/terms,"Free QR Code Generator Online - CreateMy-QR (No Signup) | Terms of Service
types.terms QR Code Generator - Free & Custom | CreateMy-QR
Terms of Service - CreateMy-QR",text/html; charset=utf-8,false,200,0,0,,,"74
59
30",3,true
22,https://createmy-qr.com/scan-barcode,"Free Barcode Scanner Online - Scan UPC & EAN
Barcode Scanner QR Code Generator - Free & Custom | CreateMy-QR
Scan Barcode Online",text/html; charset=utf-8,false,200,0,0,,,"44
63
19",3,true
22,https://createmy-qr.com/security,"Free QR Code Generator Online - CreateMy-QR (No Signup) | Security Architecture
types.security QR Code Generator - Free & Custom | CreateMy-QR
Security Architecture | CreateMy-QR",text/html; charset=utf-8,false,200,0,0,,,"79
62
35",3,true
21,https://createmy-qr.com/tr/snapchat-ucretsiz-cevrimici-qr-kod-olusturucu,"Snapchat QR Kod Oluşturucu - Ücretsiz ve Özel | CreateMy-QR
Snapchat - Ücretsiz Çevrimiçi QR Kod Oluşturucu - CreateMy-QR",text/html; charset=utf-8,false,200,0,0,,,"59
61",2,true
21,https://createmy-qr.com/fi/tietosuojakaytanto,"Ilmainen QR-koodigeneraattori Netissä - CreateMy-QR (No Signup) | Tietosuojakäytäntö
types.privacy QR-koodigeneraattori - ilmainen ja räätälöity | CreateMy-QR
Tietosuojakäytäntö | CreateMy-QR",text/html; charset=utf-8,false,200,0,0,,,"84
73
32",3,true
21,https://createmy-qr.com/es/venmo-generador-de-codigos-qr-gratis-online,"Generador de códigos QR Venmo: gratuito y personalizado | CreateMy-QR
Venmo - Generador de Códigos QR Gratis Online - CreateMy-QR",text/html; charset=utf-8,false,200,0,0,,,"69
59",2,true
21,https://createmy-qr.com/ru/vcard-besplatnyy-generator-qr-kodov-onlayn,"vCard Генератор QR-кодов — бесплатный и настраиваемый | CreateMy-QR
vCard - Бесплатный генератор QR-кодов онлайн - CreateMy-QR",text/html; charset=utf-8,false,200,0,0,,,"67
58",2,true
21,https://createmy-qr.com/it/app-store-generatore-di-codici-qr-gratis-online,"Generatore di codici QR App Store - Gratuito e personalizzato | CreateMy-QR
App Store - Generatore di Codici QR Gratis Online - CreateMy-QR",text/html; charset=utf-8,false,200,0,0,,,"75
63",2,true
21,https://createmy-qr.com/tr/crypto-ucretsiz-cevrimici-qr-kod-olusturucu,"Kripto QR Kod Oluşturucu - Ücretsiz ve Özel | CreateMy-QR
Kripto - Ücretsiz Çevrimiçi QR Kod Oluşturucu - CreateMy-QR",text/html; charset=utf-8,false,200,0,0,,,"57
59",2,true
21,https://createmy-qr.com/ar/discord-mwld-rmz-lstjb-lsryaa-mjny,"خلاف QR Code Generator - مجاني ومخصص | CreateMy-QR
خلاف - مولد رمز الاستجابة السريعة مجاني - CreateMy-QR",text/html; charset=utf-8,false,200,0,0,,,"50
53",2,true
21,https://createmy-qr.com/fr/reservation-generateur-de-code-qr-gratuit-en-ligne,"Générateur de code QR Réservation - Gratuit et personnalisé | CreateMy-QR
Réservation - Générateur de Code QR Gratuit en Ligne - CreateMy-QR",text/html; charset=utf-8,false,200,0,0,,,"73
66",2,true
21,https://createmy-qr.com/pl/polityka-prywatnosci,"Darmowy Generator Kodów QR Online - CreateMy-QR (No Signup) | Polityka prywatności
Generator kodów QR types.privacy — bezpłatny i niestandardowy | CreateMy-QR
Polityka prywatności | CreateMy-QR",text/html; charset=utf-8,false,200,0,0,,,"82
75
34",3,true
21,https://createmy-qr.com/ko/google-forms-muryo-onrain-qr-kodeu-saengseonggi,"Google 양식 QR 코드 생성기 - 무료 및 사용자 정의 | CreateMy-QR
Google 양식 - 무료 온라인 QR 코드 생성기 - CreateMy-QR",text/html; charset=utf-8,false,200,0,0,,,"47
42",2,true
21,https://createmy-qr.com/vcard-qr-code-for-real-estate-agents,"vCard QR Code for Real Estate Agents | CreateMy-QR
vCard QR Code for Real Estate Agents | CreateMy-QR",text/html; charset=utf-8,false,200,0,0,,,"50
50",2,true
21,https://createmy-qr.com/no/whatsapp-gratis-qr-kode-generator-online,"WhatsApp QR Code Generator - Gratis og tilpasset | CreateMy-QR
WhatsApp - Gratis QR-kode Generator Online - CreateMy-QR",text/html; charset=utf-8,false,200,0,0,,,"62
56",2,true
21,https://createmy-qr.com/de/telegram-kostenloser-qr-code-generator-online,"Telegramm QR-Code-Generator – kostenlos und benutzerdefiniert | CreateMy-QR
Telegramm - Kostenloser QR-Code Generator Online - CreateMy-QR",text/html; charset=utf-8,false,200,0,0,,,"75
62",2,true
21,https://createmy-qr.com/de/google-review-kostenloser-qr-code-generator-online,"Google-Rezension QR-Code-Generator – kostenlos und benutzerdefiniert | CreateMy-QR
Google-Rezension - Kostenloser QR-Code Generator Online - CreateMy-QR",text/html; charset=utf-8,false,200,0,0,,,"82
69",2,true
21,https://createmy-qr.com/cs/snapchat-zdarma-online-generator-qr-kodu,"Snapchat generátor QR kódu – zdarma a na míru | CreateMy-QR
Snapchat - Zdarma Online Generátor QR Kódů - CreateMy-QR",text/html; charset=utf-8,false,200,0,0,,,"59
56",2,true
21,https://createmy-qr.com/ms/telegram-penjana-kod-qr-percuma-dalam-talian,"Penjana Kod QR Telegram - Percuma & Tersuai | CreateMy-QR
Telegram - Penjana Kod QR Percuma Dalam Talian - CreateMy-QR",text/html; charset=utf-8,false,200,0,0,,,"57
60",2,true
21,https://createmy-qr.com/hi/baarkodd-skainr-muph-t-onnlaain-kyuuaar-kodd-jnrettr,"मुफ़्त बारकोड स्कैनर ऑनलाइन - यूपीसी और ईएएन स्कैन करें
बारकोड स्कैनर QR कोड जेनरेटर - मुफ़्त और कस्टम | CreateMy-QR
बारकोड स्कैनर - मुफ़्त ऑनलाइन क्यूआर कोड जनरेटर - CreateMy-QR",text/html; charset=utf-8,false,200,0,0,,,"55
60
61",3,true
21,https://createmy-qr.com/zh/snapchat-mian-fei-zai-xian-er-wei-ma-sheng-cheng-qi,"快照 QR 代码生成器 - 免费和自定义 | CreateMy-QR
快照 - 免费在线二维码生成器 - CreateMy-QR",text/html; charset=utf-8,false,200,0,0,,,"34
29",2,true
21,https://createmy-qr.com/ar/app-store-mwld-rmz-lstjb-lsryaa-mjny,"متجر التطبيقات QR Code Generator - مجاني ومخصص | CreateMy-QR
متجر التطبيقات - مولد رمز الاستجابة السريعة مجاني - CreateMy-QR",text/html; charset=utf-8,false,200,0,0,,,"60
63",2,true
21,https://createmy-qr.com/id/wi-fi-generator-qr-code-gratis-online,"Wi-Fi Pembuat Kode QR - Gratis & Khusus | CreateMy-QR
Wi-Fi - Generator QR Code Gratis Online - CreateMy-QR",text/html; charset=utf-8,false,200,0,0,,,"53
53",2,true
21,https://createmy-qr.com/bn/discord-phri-anlaain-kiuaar-kodd-jenaarettr,"বিরোধ QR কোড জেনারেটর - বিনামূল্যে এবং কাস্টম | CreateMy-QR
বিরোধ - ফ্রি অনলাইন কিউআর কোড জেনারেটর - CreateMy-QR",text/html; charset=utf-8,false,200,0,0,,,"59
52",2,true
21,https://createmy-qr.com/ar/email-mwld-rmz-lstjb-lsryaa-mjny,"البريد الإلكتروني QR Code Generator - مجاني ومخصص | CreateMy-QR
البريد الإلكتروني - مولد رمز الاستجابة السريعة مجاني - CreateMy-QR",text/html; charset=utf-8,false,200,0,0,,,"63
66",2,true
21,https://createmy-qr.com/de/ereignis-kostenloser-qr-code-generator-online,"Ereignis QR-Code-Generator – kostenlos und benutzerdefiniert | CreateMy-QR
Ereignis - Kostenloser QR-Code Generator Online - CreateMy-QR",text/html; charset=utf-8,false,200,0,0,,,"74
61",2,true
21,https://createmy-qr.com/fi/teksti-ilmainen-qr-koodigeneraattori-netissa,"Teksti QR-koodigeneraattori - ilmainen ja räätälöity | CreateMy-QR
Teksti - Ilmainen QR-koodigeneraattori Netissä - CreateMy-QR",text/html; charset=utf-8,false,200,0,0,,,"66
60",2,true
21,https://createmy-qr.com/tl/telepono-libreng-online-qr-code-generator,"Telepono QR Code Generator - Libre at Custom | CreateMy-QR
Telepono - Libreng Online QR Code Generator - CreateMy-QR",text/html; charset=utf-8,false,200,0,0,,,"58
57",2,true
21,https://createmy-qr.com/pl/telegram-darmowy-generator-kodow-qr-online,"Generator kodów QR Telegram — bezpłatny i niestandardowy | CreateMy-QR
Telegram - Darmowy Generator Kodów QR Online - CreateMy-QR",text/html; charset=utf-8,false,200,0,0,,,"70
58",2,true
21,https://createmy-qr.com/vi/,"CreateMy-QR | Tất cả QR & Mã vạch Công cụ ở một nơi
CreateMy-QR | Tất cả QR & Mã vạch Công cụ ở một nơi
home - Tạo Mã QR Miễn Phí Trực Tuyến - CreateMy-QR",text/html; charset=utf-8,false,200,0,1,,,"51
51
50",3,true
21,https://createmy-qr.com/hi/,"CreateMy-QR | सभी क्यूआर और बारकोड एक ही स्थान पर उपकरण
CreateMy-QR | सभी क्यूआर और बारकोड एक ही स्थान पर उपकरण
home - मुफ़्त ऑनलाइन क्यूआर कोड जनरेटर - CreateMy-QR",text/html; charset=utf-8,false,200,0,1,,,"55
55
52",3,true
21,https://createmy-qr.com/fi/venmo-ilmainen-qr-koodigeneraattori-netissa,"Venmo QR-koodigeneraattori - ilmainen ja räätälöity | CreateMy-QR
Venmo - Ilmainen QR-koodigeneraattori Netissä - CreateMy-QR",text/html; charset=utf-8,false,200,0,0,,,"65
59",2,true
21,https://createmy-qr.com/hu/foglalas-ingyenes-online-qr-kod-generator,"Foglalás QR-kód generátor - ingyenes és egyedi | CreateMy-QR
Foglalás - Ingyenes Online QR-kód Generátor - CreateMy-QR",text/html; charset=utf-8,false,200,0,0,,,"60
57",2,true
21,https://createmy-qr.com/hi/vcard-muph-t-onnlaain-kyuuaar-kodd-jnrettr,"vCard QR कोड जेनरेटर - मुफ़्त और कस्टम | CreateMy-QR
vCard - मुफ़्त ऑनलाइन क्यूआर कोड जनरेटर - CreateMy-QR",text/html; charset=utf-8,false,200,0,0,,,"52
53",2,true
21,https://createmy-qr.com/hi/piiddiieph-muph-t-onnlaain-kyuuaar-kodd-jnrettr,"पीडीएफ QR कोड जेनरेटर - मुफ़्त और कस्टम | CreateMy-QR
पीडीएफ - मुफ़्त ऑनलाइन क्यूआर कोड जनरेटर - CreateMy-QR",text/html; charset=utf-8,false,200,0,0,,,"53
54",2,true
21,https://createmy-qr.com/it/lettore-di-codici-a-barre-generatore-di-codici-qr-gratis-online,"Scanner di codici a barre online gratuito: scansiona UPC e EAN
Generatore di codici QR Lettore di codici a barre - Gratuito e personalizzato | CreateMy-QR
Lettore di codici a barre - Generatore di Codici QR Gratis Online - CreateMy-QR",text/html; charset=utf-8,false,200,0,0,,,"62
91
79",3,true
21,https://createmy-qr.com/id/audio-generator-qr-code-gratis-online,"Audio Pembuat Kode QR - Gratis & Khusus | CreateMy-QR
Audio - Generator QR Code Gratis Online - CreateMy-QR",text/html; charset=utf-8,false,200,0,0,,,"53
53",2,true
21,https://createmy-qr.com/bn/whatsapp-phri-anlaain-kiuaar-kodd-jenaarettr,"হোয়াটসঅ্যাপ QR কোড জেনারেটর - বিনামূল্যে এবং কাস্টম | CreateMy-QR
হোয়াটসঅ্যাপ - ফ্রি অনলাইন কিউআর কোড জেনারেটর - CreateMy-QR",text/html; charset=utf-8,false,200,0,0,,,"66
59",2,true
21,https://createmy-qr.com/da/gratis-qr-kode-generator-online-2,"Gratis QR-kodescanner online - Scan QR øjeblikkeligt
types.scanqr QR Code Generator - Gratis og brugerdefineret | CreateMy-QR
scanqr - Gratis QR Kode Generator Online - CreateMy-QR",text/html; charset=utf-8,false,200,0,0,,,"52
72
54",3,true
21,https://createmy-qr.com/pt/politica-de-privacidade,"Gerador de Código QR Grátis Online - CreateMy-QR (No Signup) | Política de Privacidade
Gerador de código QR types.privacy - gratuito e personalizado | CreateMy-QR
Política de Privacidade | CreateMy-QR",text/html; charset=utf-8,false,200,0,0,,,"86
75
37",3,true
21,https://createmy-qr.com/no/vcard-gratis-qr-kode-generator-online,"vCard QR Code Generator - Gratis og tilpasset | CreateMy-QR
vCard - Gratis QR-kode Generator Online - CreateMy-QR",text/html; charset=utf-8,false,200,0,0,,,"59
53",2,true
21,https://createmy-qr.com/tl/tiktok-libreng-online-qr-code-generator,"TikTok QR Code Generator - Libre at Custom | CreateMy-QR
TikTok - Libreng Online QR Code Generator - CreateMy-QR",text/html; charset=utf-8,false,200,0,0,,,"56
55",2,true
21,https://createmy-qr.com/tr/100-ucretsiz-fiyatlandirma,"Ücretsiz Çevrimiçi QR Kod Oluşturucu - CreateMy-QR (No Signup) | %100 Ücretsiz Fiyatlandırma
types.pricing QR Kod Oluşturucu - Ücretsiz ve Özel | CreateMy-QR
%100 Ücretsiz Fiyatlandırma | CreateMy-QR",text/html; charset=utf-8,false,200,0,0,,,"92
64
41",3,true
21,https://createmy-qr.com/zh/paypal-mian-fei-zai-xian-er-wei-ma-sheng-cheng-qi,"贝宝 QR 代码生成器 - 免费和自定义 | CreateMy-QR
贝宝 - 免费在线二维码生成器 - CreateMy-QR",text/html; charset=utf-8,false,200,0,0,,,"34
29",2,true
21,https://createmy-qr.com/ja/google-forms-wu-liao-qrkodozuo-cheng-zienereta,"Google フォーム QR コード ジェネレーター - 無料 & カスタム | CreateMy-QR
Google フォーム - 無料QRコード作成・ジェネレーター - CreateMy-QR",text/html; charset=utf-8,false,200,0,0,,,"52
45",2,true
21,https://createmy-qr.com/de/kostenloser-qr-code-generator-online-2,"Kostenloser QR-Code-Scanner online – QR sofort scannen
types.scanqr QR-Code-Generator – kostenlos und benutzerdefiniert | CreateMy-QR
scanqr - Kostenloser QR-Code Generator Online - CreateMy-QR",text/html; charset=utf-8,false,200,0,0,,,"54
78
59",3,true
21,https://createmy-qr.com/bn/phri-anlaain-kiuaar-kodd-jenaarettr-2,"বিনামূল্যে QR কোড স্ক্যানার অনলাইন - অবিলম্বে QR স্ক্যান করুন
types.scanqr QR কোড জেনারেটর - বিনামূল্যে এবং কাস্টম | CreateMy-QR
scanqr - ফ্রি অনলাইন কিউআর কোড জেনারেটর - CreateMy-QR",text/html; charset=utf-8,false,200,0,0,,,"61
66
53",3,true
21,https://createmy-qr.com/ja/huairu-wu-liao-qrkodozuo-cheng-zienereta,"ファイル QR コード ジェネレーター - 無料 & カスタム | CreateMy-QR
ファイル - 無料QRコード作成・ジェネレーター - CreateMy-QR",text/html; charset=utf-8,false,200,0,0,,,"45
38",2,true
21,https://createmy-qr.com/fr/politique-de-confidentialite,"Générateur de Code QR Gratuit en Ligne - CreateMy-QR (No Signup) | Politique de confidentialité
Générateur de code QR types.privacy - Gratuit et personnalisé | CreateMy-QR
Politique de confidentialité | CreateMy-QR",text/html; charset=utf-8,false,200,0,0,,,"95
75
42",3,true
21,https://createmy-qr.com/bn/facebook-phri-anlaain-kiuaar-kodd-jenaarettr,"ফেসবুক QR কোড জেনারেটর - বিনামূল্যে এবং কাস্টম | CreateMy-QR
ফেসবুক - ফ্রি অনলাইন কিউআর কোড জেনারেটর - CreateMy-QR",text/html; charset=utf-8,false,200,0,0,,,"60
53",2,true
21,https://createmy-qr.com/tr/google-review-ucretsiz-cevrimici-qr-kod-olusturucu,"Google İncelemesi QR Kod Oluşturucu - Ücretsiz ve Özel | CreateMy-QR
Google İncelemesi - Ücretsiz Çevrimiçi QR Kod Oluşturucu - CreateMy-QR",text/html; charset=utf-8,false,200,0,0,,,"68
70",2,true
21,https://createmy-qr.com/it/discord-generatore-di-codici-qr-gratis-online,"Generatore di codici QR Discordia - Gratuito e personalizzato | CreateMy-QR
Discordia - Generatore di Codici QR Gratis Online - CreateMy-QR",text/html; charset=utf-8,false,200,0,0,,,"75
63",2,true
21,https://createmy-qr.com/pt/youtube-gerador-de-codigo-qr-gratis-online,"Gerador de código QR YouTube - gratuito e personalizado | CreateMy-QR
YouTube - Gerador de Código QR Grátis Online - CreateMy-QR",text/html; charset=utf-8,false,200,0,0,,,"69
58",2,true
21,https://createmy-qr.com/fr/x-twitter-generateur-de-code-qr-gratuit-en-ligne,"Générateur de code QR X (Twitter) - Gratuit et personnalisé | CreateMy-QR
X (Twitter) - Générateur de Code QR Gratuit en Ligne - CreateMy-QR",text/html; charset=utf-8,false,200,0,0,,,"73
66",2,true
21,https://createmy-qr.com/vi/url-link-tao-ma-qr-mien-phi-truc-tuyen,"Tạo Mã QR Miễn Phí Trực Tuyến - CreateMy-QR (No Signup) | CreateMy-QR
Tạo Mã QR Miễn Phí Trực Tuyến - CreateMy-QR (No Signup)",text/html; charset=utf-8,false,200,0,0,,,"69
55",2,true
21,https://createmy-qr.com/de/standort-kostenloser-qr-code-generator-online,"Standort QR-Code-Generator – kostenlos und benutzerdefiniert | CreateMy-QR
Standort - Kostenloser QR-Code Generator Online - CreateMy-QR",text/html; charset=utf-8,false,200,0,0,,,"74
61",2,true
21,https://createmy-qr.com/fi/paypal-ilmainen-qr-koodigeneraattori-netissa,"PayPal QR-koodigeneraattori - ilmainen ja räätälöity | CreateMy-QR
PayPal - Ilmainen QR-koodigeneraattori Netissä - CreateMy-QR",text/html; charset=utf-8,false,200,0,0,,,"66
60",2,true
21,https://createmy-qr.com/ro/termeni-si-conditii,"Generator de Coduri QR Gratuit Online - CreateMy-QR (No Signup) | Termeni și condiții
types.terms QR Code Generator - Gratuit și personalizat | CreateMy-QR
Termeni și condiții | CreateMy-QR",text/html; charset=utf-8,false,200,0,0,,,"85
69
33",3,true
21,https://createmy-qr.com/fi/instagram-ilmainen-qr-koodigeneraattori-netissa,"Instagram QR-koodigeneraattori - ilmainen ja räätälöity | CreateMy-QR
Instagram - Ilmainen QR-koodigeneraattori Netissä - CreateMy-QR",text/html; charset=utf-8,false,200,0,0,,,"69
63",2,true
21,https://createmy-qr.com/th/youtube-ekhruue-ngmuue-sraangkhiw-aarokhd-nailnfrii,"ยูทูบ เครื่องสร้างโค้ด QR - ฟรีและกำหนดเอง | CreateMy-QR
ยูทูบ - เครื่องมือสร้างคิวอาร์โค้ดออนไลน์ฟรี - CreateMy-QR",text/html; charset=utf-8,false,200,0,0,,,"56
58",2,true
21,https://createmy-qr.com/uk/url-link-bezkoshtovniy-generator-qr-kodiv-onlayn,"Безкоштовний Генератор QR-кодів Онлайн - CreateMy-QR (No Signup) | CreateMy-QR
Безкоштовний Генератор QR-кодів Онлайн - CreateMy-QR (No Signup)",text/html; charset=utf-8,false,200,0,0,,,"78
64",2,true
21,https://createmy-qr.com/vi/dieu-khoan-dich-vu,"Tạo Mã QR Miễn Phí Trực Tuyến - CreateMy-QR (No Signup) | Điều khoản dịch vụ
Trình tạo mã QR types.terms - Miễn phí & Tùy chỉnh | CreateMy-QR
Điều khoản dịch vụ | CreateMy-QR",text/html; charset=utf-8,false,200,0,0,,,"76
64
32",3,true
21,https://createmy-qr.com/pl/plik-darmowy-generator-kodow-qr-online,"Generator kodów QR Plik — bezpłatny i niestandardowy | CreateMy-QR
Plik - Darmowy Generator Kodów QR Online - CreateMy-QR",text/html; charset=utf-8,false,200,0,0,,,"66
54",2,true
21,https://createmy-qr.com/zh/tu-pian-mian-fei-zai-xian-er-wei-ma-sheng-cheng-qi,"图片 QR 代码生成器 - 免费和自定义 | CreateMy-QR
图片 - 免费在线二维码生成器 - CreateMy-QR",text/html; charset=utf-8,false,200,0,0,,,"34
29",2,true
21,https://createmy-qr.com/ja/wei-zhi-qing-bao-wu-liao-qrkodozuo-cheng-zienereta,"位置情報 QR コード ジェネレーター - 無料 & カスタム | CreateMy-QR
位置情報 - 無料QRコード作成・ジェネレーター - CreateMy-QR",text/html; charset=utf-8,false,200,0,0,,,"45
38",2,true
21,https://createmy-qr.com/ar/snapchat-mwld-rmz-lstjb-lsryaa-mjny,"سناب شات QR Code Generator - مجاني ومخصص | CreateMy-QR
سناب شات - مولد رمز الاستجابة السريعة مجاني - CreateMy-QR",text/html; charset=utf-8,false,200,0,0,,,"54
57",2,true
21,https://createmy-qr.com/cs/online-rezervace-zdarma-online-generator-qr-kodu,"Online rezervace generátor QR kódu – zdarma a na míru | CreateMy-QR
Online rezervace - Zdarma Online Generátor QR Kódů - CreateMy-QR",text/html; charset=utf-8,false,200,0,0,,,"67
64",2,true
21,https://createmy-qr.com/ko/,"CreateMy-QR | 모든 QR 코드 & 바코드 도구를 한 곳에서
CreateMy-QR | 모든 QR 코드 & 바코드 도구를 한 곳에서
home - 무료 온라인 QR 코드 생성기 - CreateMy-QR",text/html; charset=utf-8,false,200,0,1,,,"38
38
37",3,true
21,https://createmy-qr.com/ms/syarat-perkhidmatan,"Penjana Kod QR Percuma Dalam Talian - CreateMy-QR (No Signup) | Syarat Perkhidmatan
Penjana Kod QR types.terms - Percuma & Tersuai | CreateMy-QR
Syarat Perkhidmatan | CreateMy-QR",text/html; charset=utf-8,false,200,0,0,,,"83
60
33",3,true
21,https://createmy-qr.com/no/lyd-gratis-qr-kode-generator-online,"Lyd QR Code Generator - Gratis og tilpasset | CreateMy-QR
Lyd - Gratis QR-kode Generator Online - CreateMy-QR",text/html; charset=utf-8,false,200,0,0,,,"57
51",2,true
21,https://createmy-qr.com/vi/chinh-sach-bao-mat,"Tạo Mã QR Miễn Phí Trực Tuyến - CreateMy-QR (No Signup) | Chính sách bảo mật
Trình tạo mã QR types.privacy - Miễn phí & Tùy chỉnh | CreateMy-QR
Chính sách bảo mật | CreateMy-QR",text/html; charset=utf-8,false,200,0,0,,,"76
66
32",3,true
21,https://createmy-qr.com/uk/whatsapp-bezkoshtovniy-generator-qr-kodiv-onlayn,"Генератор QR-коду WhatsApp – безкоштовний і користувацький | CreateMy-QR
WhatsApp - Безкоштовний Генератор QR-кодів Онлайн - CreateMy-QR",text/html; charset=utf-8,false,200,0,0,,,"72
63",2,true
21,https://createmy-qr.com/fr/cas-d-utilisation,"Générateur de Code QR Gratuit en Ligne - CreateMy-QR (No Signup) | Cas d'utilisation
Générateur de code QR types.usecases - Gratuit et personnalisé | CreateMy-QR
Cas d'utilisation | CreateMy-QR",text/html; charset=utf-8,false,200,0,0,,,"84
76
31",3,true
21,https://createmy-qr.com/ar/lmwqaa-mwld-rmz-lstjb-lsryaa-mjny,"الموقع QR Code Generator - مجاني ومخصص | CreateMy-QR
الموقع - مولد رمز الاستجابة السريعة مجاني - CreateMy-QR",text/html; charset=utf-8,false,200,0,0,,,"52
55",2,true
21,https://createmy-qr.com/vi/dat-cho-tao-ma-qr-mien-phi-truc-tuyen,"Trình tạo mã QR Đặt chỗ - Miễn phí & Tùy chỉnh | CreateMy-QR
Đặt chỗ - Tạo Mã QR Miễn Phí Trực Tuyến - CreateMy-QR",text/html; charset=utf-8,false,200,0,0,,,"60
53",2,true
21,https://createmy-qr.com/fi/facebook-ilmainen-qr-koodigeneraattori-netissa,"Facebook QR-koodigeneraattori - ilmainen ja räätälöity | CreateMy-QR
Facebook - Ilmainen QR-koodigeneraattori Netissä - CreateMy-QR",text/html; charset=utf-8,false,200,0,0,,,"68
62",2,true
21,https://createmy-qr.com/fr/telephone-generateur-de-code-qr-gratuit-en-ligne,"Générateur de code QR Téléphone - Gratuit et personnalisé | CreateMy-QR
Téléphone - Générateur de Code QR Gratuit en Ligne - CreateMy-QR",text/html; charset=utf-8,false,200,0,0,,,"71
64",2,true
21,https://createmy-qr.com/id/vcard-generator-qr-code-gratis-online,"vCard Pembuat Kode QR - Gratis & Khusus | CreateMy-QR
vCard - Generator QR Code Gratis Online - CreateMy-QR",text/html; charset=utf-8,false,200,0,0,,,"53
53",2,true
21,https://createmy-qr.com/uk/100-bezkoshtovni-cini,"Безкоштовний Генератор QR-кодів Онлайн - CreateMy-QR (No Signup) | 100% безкоштовні ціни
Генератор QR-коду types.pricing – безкоштовний і користувацький | CreateMy-QR
100% безкоштовні ціни | CreateMy-QR",text/html; charset=utf-8,false,200,0,0,,,"88
77
35",3,true
21,https://createmy-qr.com/no/google-forms-gratis-qr-kode-generator-online,"Google Skjemaer QR Code Generator - Gratis og tilpasset | CreateMy-QR
Google Skjemaer - Gratis QR-kode Generator Online - CreateMy-QR",text/html; charset=utf-8,false,200,0,0,,,"69
63",2,true
21,https://createmy-qr.com/pt/email-gerador-de-codigo-qr-gratis-online,"Gerador de código QR E-mail - gratuito e personalizado | CreateMy-QR
E-mail - Gerador de Código QR Grátis Online - CreateMy-QR",text/html; charset=utf-8,false,200,0,0,,,"68
57",2,true
21,https://createmy-qr.com/ru/video-besplatnyy-generator-qr-kodov-onlayn,"Видео Генератор QR-кодов — бесплатный и настраиваемый | CreateMy-QR
Видео - Бесплатный генератор QR-кодов онлайн - CreateMy-QR",text/html; charset=utf-8,false,200,0,0,,,"67
58",2,true
21,https://createmy-qr.com/vi/pdf-tao-ma-qr-mien-phi-truc-tuyen,"Trình tạo mã QR PDF - Miễn phí & Tùy chỉnh | CreateMy-QR
PDF - Tạo Mã QR Miễn Phí Trực Tuyến - CreateMy-QR",text/html; charset=utf-8,false,200,0,0,,,"56
49",2,true
21,https://createmy-qr.com/zh/wen-jian-mian-fei-zai-xian-er-wei-ma-sheng-cheng-qi,"文件 QR 代码生成器 - 免费和自定义 | CreateMy-QR
文件 - 免费在线二维码生成器 - CreateMy-QR",text/html; charset=utf-8,false,200,0,0,,,"34
29",2,true
21,https://createmy-qr.com/fi/url-link-ilmainen-qr-koodigeneraattori-netissa,"Ilmainen QR-koodigeneraattori Netissä - CreateMy-QR (No Signup) | CreateMy-QR
Ilmainen QR-koodigeneraattori Netissä - CreateMy-QR (No Signup)",text/html; charset=utf-8,false,200,0,0,,,"77
63",2,true
21,https://createmy-qr.com/da/whatsapp-gratis-qr-kode-generator-online,"WhatsApp QR Code Generator - Gratis og brugerdefineret | CreateMy-QR
WhatsApp - Gratis QR Kode Generator Online - CreateMy-QR",text/html; charset=utf-8,false,200,0,0,,,"68
56",2,true
21,https://createmy-qr.com/event-qr-code-generator,"Event QR Code Generator - Free & Custom | CreateMy-QR
Event - Free QR Code Generator Online - CreateMy-QR",text/html; charset=utf-8,false,200,0,0,,,"53
51",2,true
21,https://createmy-qr.com/id/linkedin-generator-qr-code-gratis-online,"LinkedIn Pembuat Kode QR - Gratis & Khusus | CreateMy-QR
LinkedIn - Generator QR Code Gratis Online - CreateMy-QR",text/html; charset=utf-8,false,200,0,0,,,"56
56",2,true
21,https://createmy-qr.com/vi/tap-tin-tao-ma-qr-mien-phi-truc-tuyen,"Trình tạo mã QR Tập tin - Miễn phí & Tùy chỉnh | CreateMy-QR
Tập tin - Tạo Mã QR Miễn Phí Trực Tuyến - CreateMy-QR",text/html; charset=utf-8,false,200,0,0,,,"60
53",2,true
21,https://createmy-qr.com/tr/araclari-karsilastir,"Ücretsiz Çevrimiçi QR Kod Oluşturucu - CreateMy-QR (No Signup) | Araçları Karşılaştır
types.compare QR Kod Oluşturucu - Ücretsiz ve Özel | CreateMy-QR
Araçları Karşılaştır | CreateMy-QR",text/html; charset=utf-8,false,200,0,0,,,"85
64
34",3,true
21,https://createmy-qr.com/hi/viiddiyo-muph-t-onnlaain-kyuuaar-kodd-jnrettr,"वीडियो QR कोड जेनरेटर - मुफ़्त और कस्टम | CreateMy-QR
वीडियो - मुफ़्त ऑनलाइन क्यूआर कोड जनरेटर - CreateMy-QR",text/html; charset=utf-8,false,200,0,0,,,"53
54",2,true
21,https://createmy-qr.com/ru/whatsapp-besplatnyy-generator-qr-kodov-onlayn,"Ватсап Генератор QR-кодов — бесплатный и настраиваемый | CreateMy-QR
Ватсап - Бесплатный генератор QR-кодов онлайн - CreateMy-QR",text/html; charset=utf-8,false,200,0,0,,,"68
59",2,true
21,https://createmy-qr.com/sv/spotify-gratis-qr-kod-generator-online,"Spotify QR Code Generator - Gratis & anpassad | CreateMy-QR
Spotify - Gratis QR-kod Generator Online - CreateMy-QR",text/html; charset=utf-8,false,200,0,0,,,"59
54",2,true
21,https://createmy-qr.com/sv/sms-gratis-qr-kod-generator-online,"SMS QR Code Generator - Gratis & anpassad | CreateMy-QR
SMS - Gratis QR-kod Generator Online - CreateMy-QR",text/html; charset=utf-8,false,200,0,0,,,"55
50",2,true
21,https://createmy-qr.com/fr/langues-prises-en-charge,"Générateur de Code QR Gratuit en Ligne - CreateMy-QR (No Signup) | Langues prises en charge
Générateur de code QR types.languages - Gratuit et personnalisé | CreateMy-QR
Langues prises en charge | CreateMy-QR",text/html; charset=utf-8,false,200,0,0,,,"91
77
38",3,true
21,https://createmy-qr.com/ja/pdf-wu-liao-qrkodozuo-cheng-zienereta,"PDF QR コード ジェネレーター - 無料 & カスタム | CreateMy-QR
PDF - 無料QRコード作成・ジェネレーター - CreateMy-QR",text/html; charset=utf-8,false,200,0,0,,,"44
37",2,true
21,https://createmy-qr.com/de/video-kostenloser-qr-code-generator-online,"Video QR-Code-Generator – kostenlos und benutzerdefiniert | CreateMy-QR
Video - Kostenloser QR-Code Generator Online - CreateMy-QR",text/html; charset=utf-8,false,200,0,0,,,"71
58",2,true
21,https://createmy-qr.com/fi/telegram-ilmainen-qr-koodigeneraattori-netissa,"Telegram QR-koodigeneraattori - ilmainen ja räätälöity | CreateMy-QR
Telegram - Ilmainen QR-koodigeneraattori Netissä - CreateMy-QR",text/html; charset=utf-8,false,200,0,0,,,"68
62",2,true
21,https://createmy-qr.com/sv/pdf-gratis-qr-kod-generator-online,"PDF QR Code Generator - Gratis & anpassad | CreateMy-QR
PDF - Gratis QR-kod Generator Online - CreateMy-QR",text/html; charset=utf-8,false,200,0,0,,,"55
50",2,true
21,https://createmy-qr.com/id/amazon-generator-qr-code-gratis-online,"Amazon Pembuat Kode QR - Gratis & Khusus | CreateMy-QR
Amazon - Generator QR Code Gratis Online - CreateMy-QR",text/html; charset=utf-8,false,200,0,0,,,"54
54",2,true
21,https://createmy-qr.com/tr/spotify-ucretsiz-cevrimici-qr-kod-olusturucu,"Spotify QR Kod Oluşturucu - Ücretsiz ve Özel | CreateMy-QR
Spotify - Ücretsiz Çevrimiçi QR Kod Oluşturucu - CreateMy-QR",text/html; charset=utf-8,false,200,0,0,,,"58
60",2,true
21,https://createmy-qr.com/el/paypal-dorean-dimioyrgia-qr-code-online,"PayPal QR Code Generator - Δωρεάν & Προσαρμοσμένο | CreateMy-QR
PayPal - Δωρεάν Δημιουργία QR Code Online - CreateMy-QR",text/html; charset=utf-8,false,200,0,0,,,"63
55",2,true
21,https://createmy-qr.com/de/venmo-kostenloser-qr-code-generator-online,"Venmo QR-Code-Generator – kostenlos und benutzerdefiniert | CreateMy-QR
Venmo - Kostenloser QR-Code Generator Online - CreateMy-QR",text/html; charset=utf-8,false,200,0,0,,,"71
58",2,true
21,https://createmy-qr.com/vi/am-thanh-tao-ma-qr-mien-phi-truc-tuyen,"Trình tạo mã QR Âm thanh - Miễn phí & Tùy chỉnh | CreateMy-QR
Âm thanh - Tạo Mã QR Miễn Phí Trực Tuyến - CreateMy-QR",text/html; charset=utf-8,false,200,0,0,,,"61
54",2,true
21,https://createmy-qr.com/ar/paypal-mwld-rmz-lstjb-lsryaa-mjny,"باي بال QR Code Generator - مجاني ومخصص | CreateMy-QR
باي بال - مولد رمز الاستجابة السريعة مجاني - CreateMy-QR",text/html; charset=utf-8,false,200,0,0,,,"53
56",2,true
21,https://createmy-qr.com/bn/baarkodd-skyaanaar-phri-anlaain-kiuaar-kodd-jenaarettr,"বিনামূল্যে বারকোড স্ক্যানার অনলাইন - UPC এবং EAN স্ক্যান করুন
বারকোড স্ক্যানার QR কোড জেনারেটর - বিনামূল্যে এবং কাস্টম | CreateMy-QR
বারকোড স্ক্যানার - ফ্রি অনলাইন কিউআর কোড জেনারেটর - CreateMy-QR",text/html; charset=utf-8,false,200,0,0,,,"61
70
63",3,true
21,https://createmy-qr.com/bn/snapchat-phri-anlaain-kiuaar-kodd-jenaarettr,"স্ন্যাপচ্যাট QR কোড জেনারেটর - বিনামূল্যে এবং কাস্টম | CreateMy-QR
স্ন্যাপচ্যাট - ফ্রি অনলাইন কিউআর কোড জেনারেটর - CreateMy-QR",text/html; charset=utf-8,false,200,0,0,,,"66
59",2,true
21,https://createmy-qr.com/ms/tempahan-penjana-kod-qr-percuma-dalam-talian,"Penjana Kod QR Tempahan - Percuma & Tersuai | CreateMy-QR
Tempahan - Penjana Kod QR Percuma Dalam Talian - CreateMy-QR",text/html; charset=utf-8,false,200,0,0,,,"57
60",2,true
21,https://createmy-qr.com/de/audio-kostenloser-qr-code-generator-online,"Audio QR-Code-Generator – kostenlos und benutzerdefiniert | CreateMy-QR
Audio - Kostenloser QR-Code Generator Online - CreateMy-QR",text/html; charset=utf-8,false,200,0,0,,,"71
58",2,true
21,https://createmy-qr.com/es/,"CreateMy-QR | Todas las Herramientas QR y Barras en un Solo Lugar
CreateMy-QR | Todas las Herramientas QR y Barras en un Solo Lugar
home - Generador de Códigos QR Gratis Online - CreateMy-QR",text/html; charset=utf-8,false,200,0,1,,,"65
65
58",3,true
21,https://createmy-qr.com/da/instagram-gratis-qr-kode-generator-online,"Instagram QR Code Generator - Gratis og brugerdefineret | CreateMy-QR
Instagram - Gratis QR Kode Generator Online - CreateMy-QR",text/html; charset=utf-8,false,200,0,0,,,"69
57",2,true
21,https://createmy-qr.com/it/whatsapp-generatore-di-codici-qr-gratis-online,"Generatore di codici QR Whatsapp - Gratuito e personalizzato | CreateMy-QR
Whatsapp - Generatore di Codici QR Gratis Online - CreateMy-QR",text/html; charset=utf-8,false,200,0,0,,,"74
62",2,true
21,https://createmy-qr.com/bn/venmo-phri-anlaain-kiuaar-kodd-jenaarettr,"ভেনমো QR কোড জেনারেটর - বিনামূল্যে এবং কাস্টম | CreateMy-QR
ভেনমো - ফ্রি অনলাইন কিউআর কোড জেনারেটর - CreateMy-QR",text/html; charset=utf-8,false,200,0,0,,,"59
52",2,true
21,https://createmy-qr.com/it/chi-siamo,"Generatore di Codici QR Gratis Online - CreateMy-QR (No Signup) | Chi siamo
Generatore di codici QR types.about - Gratuito e personalizzato | CreateMy-QR
Chi siamo | CreateMy-QR",text/html; charset=utf-8,false,200,0,0,,,"75
77
23",3,true
21,https://createmy-qr.com/cs/zdarma-online-generator-qr-kodu-2,"Bezplatný skener QR kódů online – naskenujte QR okamžitě
types.scanqr generátor QR kódu – zdarma a na míru | CreateMy-QR
scanqr - Zdarma Online Generátor QR Kódů - CreateMy-QR",text/html; charset=utf-8,false,200,0,0,,,"56
63
54",3,true
21,https://createmy-qr.com/pt/vcard-gerador-de-codigo-qr-gratis-online,"Gerador de código QR vCard - gratuito e personalizado | CreateMy-QR
vCard - Gerador de Código QR Grátis Online - CreateMy-QR",text/html; charset=utf-8,false,200,0,0,,,"67
56",2,true
21,https://createmy-qr.com/no/snapchat-gratis-qr-kode-generator-online,"Snapchat QR Code Generator - Gratis og tilpasset | CreateMy-QR
Snapchat - Gratis QR-kode Generator Online - CreateMy-QR",text/html; charset=utf-8,false,200,0,0,,,"62
56",2,true
21,https://createmy-qr.com/zh/an-quan-jia-gou,"免费在线二维码生成器 - CreateMy-QR (No Signup) | 安全架构
types.security QR 代码生成器 - 免费和自定义 | CreateMy-QR
安全架构 | CreateMy-QR",text/html; charset=utf-8,false,200,0,0,,,"43
46
18",3,true
21,https://createmy-qr.com/hi/muph-t-onnlaain-kyuuaar-kodd-jnrettr-2,"निःशुल्क क्यूआर कोड स्कैनर ऑनलाइन - तुरंत क्यूआर स्कैन करें
types.scanqr QR कोड जेनरेटर - मुफ़्त और कस्टम | CreateMy-QR
scanqr - मुफ़्त ऑनलाइन क्यूआर कोड जनरेटर - CreateMy-QR",text/html; charset=utf-8,false,200,0,0,,,"59
59
54",3,true
21,https://createmy-qr.com/it/amazon-generatore-di-codici-qr-gratis-online,"Generatore di codici QR Amazzonia - Gratuito e personalizzato | CreateMy-QR
Amazzonia - Generatore di Codici QR Gratis Online - CreateMy-QR",text/html; charset=utf-8,false,200,0,0,,,"75
63",2,true
21,https://createmy-qr.com/it/spotify-generatore-di-codici-qr-gratis-online,"Generatore di codici QR Spotify - Gratuito e personalizzato | CreateMy-QR
Spotify - Generatore di Codici QR Gratis Online - CreateMy-QR",text/html; charset=utf-8,false,200,0,0,,,"73
61",2,true
21,https://createmy-qr.com/hi/app-store-muph-t-onnlaain-kyuuaar-kodd-jnrettr,"ऐप स्टोर QR कोड जेनरेटर - मुफ़्त और कस्टम | CreateMy-QR
ऐप स्टोर - मुफ़्त ऑनलाइन क्यूआर कोड जनरेटर - CreateMy-QR",text/html; charset=utf-8,false,200,0,0,,,"55
56",2,true
21,https://createmy-qr.com/no/personvernerklaering,"Gratis QR-kode Generator Online - CreateMy-QR (No Signup) | Personvernerklæring
types.privacy QR Code Generator - Gratis og tilpasset | CreateMy-QR
Personvernerklæring | CreateMy-QR",text/html; charset=utf-8,false,200,0,0,,,"79
67
33",3,true
21,https://createmy-qr.com/ru/facebook-besplatnyy-generator-qr-kodov-onlayn,"Фейсбук Генератор QR-кодов — бесплатный и настраиваемый | CreateMy-QR
Фейсбук - Бесплатный генератор QR-кодов онлайн - CreateMy-QR",text/html; charset=utf-8,false,200,0,0,,,"69
60",2,true
21,https://createmy-qr.com/th/ehtukaarn-ekhruue-ngmuue-sraangkhiw-aarokhd-nailnfrii,"เหตุการณ์ เครื่องสร้างโค้ด QR - ฟรีและกำหนดเอง | CreateMy-QR
เหตุการณ์ - เครื่องมือสร้างคิวอาร์โค้ดออนไลน์ฟรี - CreateMy-QR",text/html; charset=utf-8,false,200,0,0,,,"60
62",2,true
21,https://createmy-qr.com/bn/paypal-phri-anlaain-kiuaar-kodd-jenaarettr,"পেপ্যাল ​​ QR কোড জেনারেটর - বিনামূল্যে এবং কাস্টম | CreateMy-QR
পেপ্যাল ​​ - ফ্রি অনলাইন কিউআর কোড জেনারেটর - CreateMy-QR",text/html; charset=utf-8,false,200,0,0,,,"64
57",2,true
21,https://createmy-qr.com/it/crypto-generatore-di-codici-qr-gratis-online,"Generatore di codici QR Cripto - Gratuito e personalizzato | CreateMy-QR
Cripto - Generatore di Codici QR Gratis Online - CreateMy-QR",text/html; charset=utf-8,false,200,0,0,,,"72
60",2,true
21,https://createmy-qr.com/fi/sms-ilmainen-qr-koodigeneraattori-netissa,"SMS QR-koodigeneraattori - ilmainen ja räätälöity | CreateMy-QR
SMS - Ilmainen QR-koodigeneraattori Netissä - CreateMy-QR",text/html; charset=utf-8,false,200,0,0,,,"63
57",2,true
21,https://createmy-qr.com/ja/sms-wu-liao-qrkodozuo-cheng-zienereta,"SMS QR コード ジェネレーター - 無料 & カスタム | CreateMy-QR
SMS - 無料QRコード作成・ジェネレーター - CreateMy-QR",text/html; charset=utf-8,false,200,0,0,,,"44
37",2,true
21,https://createmy-qr.com/pl/vcard-darmowy-generator-kodow-qr-online,"Generator kodów QR vCard — bezpłatny i niestandardowy | CreateMy-QR
vCard - Darmowy Generator Kodów QR Online - CreateMy-QR",text/html; charset=utf-8,false,200,0,0,,,"67
55",2,true
21,https://createmy-qr.com/ko/jeonhwa-muryo-onrain-qr-kodeu-saengseonggi,"전화 QR 코드 생성기 - 무료 및 사용자 정의 | CreateMy-QR
전화 - 무료 온라인 QR 코드 생성기 - CreateMy-QR",text/html; charset=utf-8,false,200,0,0,,,"40
35",2,true
21,https://createmy-qr.com/bn/google-forms-phri-anlaain-kiuaar-kodd-jenaarettr,"Google Forms QR কোড জেনারেটর - বিনামূল্যে এবং কাস্টম | CreateMy-QR
Google Forms - ফ্রি অনলাইন কিউআর কোড জেনারেটর - CreateMy-QR",text/html; charset=utf-8,false,200,0,0,,,"66
59",2,true
21,https://createmy-qr.com/da/telegram-gratis-qr-kode-generator-online,"Telegram QR Code Generator - Gratis og brugerdefineret | CreateMy-QR
Telegram - Gratis QR Kode Generator Online - CreateMy-QR",text/html; charset=utf-8,false,200,0,0,,,"68
56",2,true
21,https://createmy-qr.com/sv/sakerhetsarkitektur,"Gratis QR-kod Generator Online - CreateMy-QR (No Signup) | Säkerhetsarkitektur
types.security QR Code Generator - Gratis & anpassad | CreateMy-QR
Säkerhetsarkitektur | CreateMy-QR",text/html; charset=utf-8,false,200,0,0,,,"78
66
33",3,true
21,https://createmy-qr.com/pt/sms-gerador-de-codigo-qr-gratis-online,"Gerador de código QR SMS - gratuito e personalizado | CreateMy-QR
SMS - Gerador de Código QR Grátis Online - CreateMy-QR",text/html; charset=utf-8,false,200,0,0,,,"65
54",2,true
21,https://createmy-qr.com/pl/spotify-darmowy-generator-kodow-qr-online,"Generator kodów QR Spotify — bezpłatny i niestandardowy | CreateMy-QR
Spotify - Darmowy Generator Kodów QR Online - CreateMy-QR",text/html; charset=utf-8,false,200,0,0,,,"69
57",2,true
21,https://createmy-qr.com/zh/pdf-mian-fei-zai-xian-er-wei-ma-sheng-cheng-qi,"PDF QR 代码生成器 - 免费和自定义 | CreateMy-QR
PDF - 免费在线二维码生成器 - CreateMy-QR",text/html; charset=utf-8,false,200,0,0,,,"35
30",2,true
21,https://createmy-qr.com/cs/zasady-ochrany-osobnich-udaju,"Zdarma Online Generátor QR Kódů - CreateMy-QR (No Signup) | Zásady ochrany osobních údajů
types.privacy generátor QR kódu – zdarma a na míru | CreateMy-QR
Zásady ochrany osobních údajů | CreateMy-QR",text/html; charset=utf-8,false,200,0,0,,,"89
64
43",3,true
21,https://createmy-qr.com/sv/video-gratis-qr-kod-generator-online,"Video QR Code Generator - Gratis & anpassad | CreateMy-QR
Video - Gratis QR-kod Generator Online - CreateMy-QR",text/html; charset=utf-8,false,200,0,0,,,"57
52",2,true
21,https://createmy-qr.com/fi/pdf-ilmainen-qr-koodigeneraattori-netissa,"PDF QR-koodigeneraattori - ilmainen ja räätälöity | CreateMy-QR
PDF - Ilmainen QR-koodigeneraattori Netissä - CreateMy-QR",text/html; charset=utf-8,false,200,0,0,,,"63
57",2,true
21,https://createmy-qr.com/ar/mlf-brks-mwld-rmz-lstjb-lsryaa-mjny,"ملف / بركاس QR Code Generator - مجاني ومخصص | CreateMy-QR
ملف / بركاس - مولد رمز الاستجابة السريعة مجاني - CreateMy-QR",text/html; charset=utf-8,false,200,0,0,,,"57
60",2,true
21,https://createmy-qr.com/fi/wi-fi-ilmainen-qr-koodigeneraattori-netissa,"Wi-Fi QR-koodigeneraattori - ilmainen ja räätälöity | CreateMy-QR
Wi-Fi - Ilmainen QR-koodigeneraattori Netissä - CreateMy-QR",text/html; charset=utf-8,false,200,0,0,,,"65
59",2,true
21,https://createmy-qr.com/sv/bild-gratis-qr-kod-generator-online,"Bild QR Code Generator - Gratis & anpassad | CreateMy-QR
Bild - Gratis QR-kod Generator Online - CreateMy-QR",text/html; charset=utf-8,false,200,0,0,,,"56
51",2,true
21,https://createmy-qr.com/zh/google-review-mian-fei-zai-xian-er-wei-ma-sheng-cheng-qi,"谷歌评论 QR 代码生成器 - 免费和自定义 | CreateMy-QR
谷歌评论 - 免费在线二维码生成器 - CreateMy-QR",text/html; charset=utf-8,false,200,0,0,,,"36
31",2,true
21,https://createmy-qr.com/hu/,"CreateMy-QR | Minden QR és vonalkód Eszközök egy helyen
CreateMy-QR | Minden QR és vonalkód Eszközök egy helyen
home - Ingyenes Online QR-kód Generátor - CreateMy-QR",text/html; charset=utf-8,false,200,0,1,,,"55
55
53",3,true
21,https://createmy-qr.com/sv/sprak-som-stods,"Gratis QR-kod Generator Online - CreateMy-QR (No Signup) | Språk som stöds
types.languages QR Code Generator - Gratis & anpassad | CreateMy-QR
Språk som stöds | CreateMy-QR",text/html; charset=utf-8,false,200,0,0,,,"74
67
29",3,true
21,https://createmy-qr.com/pl/discord-darmowy-generator-kodow-qr-online,"Generator kodów QR Niezgoda — bezpłatny i niestandardowy | CreateMy-QR
Niezgoda - Darmowy Generator Kodów QR Online - CreateMy-QR",text/html; charset=utf-8,false,200,0,0,,,"70
58",2,true
21,https://createmy-qr.com/ru/sobytie-besplatnyy-generator-qr-kodov-onlayn,"Событие Генератор QR-кодов — бесплатный и настраиваемый | CreateMy-QR
Событие - Бесплатный генератор QR-кодов онлайн - CreateMy-QR",text/html; charset=utf-8,false,200,0,0,,,"69
60",2,true
21,https://createmy-qr.com/tl/instagram-libreng-online-qr-code-generator,"Instagram QR Code Generator - Libre at Custom | CreateMy-QR
Instagram - Libreng Online QR Code Generator - CreateMy-QR",text/html; charset=utf-8,false,200,0,0,,,"59
58",2,true
21,https://createmy-qr.com/cs/pdf-zdarma-online-generator-qr-kodu,"PDF generátor QR kódu – zdarma a na míru | CreateMy-QR
PDF - Zdarma Online Generátor QR Kódů - CreateMy-QR",text/html; charset=utf-8,false,200,0,0,,,"54
51",2,true
21,https://createmy-qr.com/tr/facebook-ucretsiz-cevrimici-qr-kod-olusturucu,"Facebook QR Kod Oluşturucu - Ücretsiz ve Özel | CreateMy-QR
Facebook - Ücretsiz Çevrimiçi QR Kod Oluşturucu - CreateMy-QR",text/html; charset=utf-8,false,200,0,0,,,"59
61",2,true
21,https://createmy-qr.com/it/lingue-supportate,"Generatore di Codici QR Gratis Online - CreateMy-QR (No Signup) | Lingue supportate
Generatore di codici QR types.languages - Gratuito e personalizzato | CreateMy-QR
Lingue supportate | CreateMy-QR",text/html; charset=utf-8,false,200,0,0,,,"83
81
31",3,true
21,https://createmy-qr.com/de/whatsapp-kostenloser-qr-code-generator-online,"WhatsApp QR-Code-Generator – kostenlos und benutzerdefiniert | CreateMy-QR
WhatsApp - Kostenloser QR-Code Generator Online - CreateMy-QR",text/html; charset=utf-8,false,200,0,0,,,"74
61",2,true
21,https://createmy-qr.com/zh/x-tui-te-mian-fei-zai-xian-er-wei-ma-sheng-cheng-qi,"X（推特） QR 代码生成器 - 免费和自定义 | CreateMy-QR
X（推特） - 免费在线二维码生成器 - CreateMy-QR",text/html; charset=utf-8,false,200,0,0,,,"37
32",2,true
21,https://createmy-qr.com/sv/google-forms-gratis-qr-kod-generator-online,"Google Formulär QR Code Generator - Gratis & anpassad | CreateMy-QR
Google Formulär - Gratis QR-kod Generator Online - CreateMy-QR",text/html; charset=utf-8,false,200,0,0,,,"67
62",2,true
21,https://createmy-qr.com/bn/phon-phri-anlaain-kiuaar-kodd-jenaarettr,"ফোন QR কোড জেনারেটর - বিনামূল্যে এবং কাস্টম | CreateMy-QR
ফোন - ফ্রি অনলাইন কিউআর কোড জেনারেটর - CreateMy-QR",text/html; charset=utf-8,false,200,0,0,,,"57
50",2,true
21,https://createmy-qr.com/cs/zvuk-podcast-zdarma-online-generator-qr-kodu,"Zvuk / podcast generátor QR kódu – zdarma a na míru | CreateMy-QR
Zvuk / podcast - Zdarma Online Generátor QR Kódů - CreateMy-QR",text/html; charset=utf-8,false,200,0,0,,,"65
62",2,true
21,https://createmy-qr.com/cs/crypto-zdarma-online-generator-qr-kodu,"Krypto generátor QR kódu – zdarma a na míru | CreateMy-QR
Krypto - Zdarma Online Generátor QR Kódů - CreateMy-QR",text/html; charset=utf-8,false,200,0,0,,,"57
54",2,true
21,https://createmy-qr.com/hi/buking-muph-t-onnlaain-kyuuaar-kodd-jnrettr,"बुकिंग QR कोड जेनरेटर - मुफ़्त और कस्टम | CreateMy-QR
बुकिंग - मुफ़्त ऑनलाइन क्यूआर कोड जनरेटर - CreateMy-QR",text/html; charset=utf-8,false,200,0,0,,,"53
54",2,true
21,https://createmy-qr.com/ar/instagram-mwld-rmz-lstjb-lsryaa-mjny,"انستقرام QR Code Generator - مجاني ومخصص | CreateMy-QR
انستقرام - مولد رمز الاستجابة السريعة مجاني - CreateMy-QR",text/html; charset=utf-8,false,200,0,0,,,"54
57",2,true
21,https://createmy-qr.com/fr/google-review-generateur-de-code-qr-gratuit-en-ligne,"Générateur de code QR Avis Google - Gratuit et personnalisé | CreateMy-QR
Avis Google - Générateur de Code QR Gratuit en Ligne - CreateMy-QR",text/html; charset=utf-8,false,200,0,0,,,"73
66",2,true
21,https://createmy-qr.com/ja/bideo-wu-liao-qrkodozuo-cheng-zienereta,"ビデオ QR コード ジェネレーター - 無料 & カスタム | CreateMy-QR
ビデオ - 無料QRコード作成・ジェネレーター - CreateMy-QR",text/html; charset=utf-8,false,200,0,0,,,"44
37",2,true
21,https://createmy-qr.com/hi/google-forms-muph-t-onnlaain-kyuuaar-kodd-jnrettr,"गूगल फ़ॉर्म QR कोड जेनरेटर - मुफ़्त और कस्टम | CreateMy-QR
गूगल फ़ॉर्म - मुफ़्त ऑनलाइन क्यूआर कोड जनरेटर - CreateMy-QR",text/html; charset=utf-8,false,200,0,0,,,"58
59",2,true
21,https://createmy-qr.com/no/sammenlign-verktoy,"Gratis QR-kode Generator Online - CreateMy-QR (No Signup) | Sammenlign verktøy
types.compare QR Code Generator - Gratis og tilpasset | CreateMy-QR
Sammenlign verktøy | CreateMy-QR",text/html; charset=utf-8,false,200,0,0,,,"78
67
32",3,true
21,https://createmy-qr.com/tl/google-forms-libreng-online-qr-code-generator,"Google Forms QR Code Generator - Libre at Custom | CreateMy-QR
Google Forms - Libreng Online QR Code Generator - CreateMy-QR",text/html; charset=utf-8,false,200,0,0,,,"62
61",2,true
21,https://createmy-qr.com/hu/tiktok-ingyenes-online-qr-kod-generator,"TikTok QR-kód generátor - ingyenes és egyedi | CreateMy-QR
TikTok - Ingyenes Online QR-kód Generátor - CreateMy-QR",text/html; charset=utf-8,false,200,0,0,,,"58
55",2,true
21,https://createmy-qr.com/th/crypto-ekhruue-ngmuue-sraangkhiw-aarokhd-nailnfrii,"การเข้ารหัสลับ เครื่องสร้างโค้ด QR - ฟรีและกำหนดเอง | CreateMy-QR
การเข้ารหัสลับ - เครื่องมือสร้างคิวอาร์โค้ดออนไลน์ฟรี - CreateMy-QR",text/html; charset=utf-8,false,200,0,0,,,"65
67",2,true
21,https://createmy-qr.com/ru/spotify-besplatnyy-generator-qr-kodov-onlayn,"Спотифай Генератор QR-кодов — бесплатный и настраиваемый | CreateMy-QR
Спотифай - Бесплатный генератор QR-кодов онлайн - CreateMy-QR",text/html; charset=utf-8,false,200,0,0,,,"70
61",2,true
21,https://createmy-qr.com/it/generatore-di-codici-qr-gratis-online,"Generatore di codici a barre online gratuito - Crea codici a barre 1D
Generatore di codici QR types.barcode - Gratuito e personalizzato | CreateMy-QR
barcode - Generatore di Codici QR Gratis Online - CreateMy-QR",text/html; charset=utf-8,false,200,0,0,,,"69
79
61",3,true
21,https://createmy-qr.com/th/ekiiywkaberaa,"เครื่องมือสร้างคิวอาร์โค้ดออนไลน์ฟรี - CreateMy-QR (No Signup) | เกี่ยวกับเรา
types.about เครื่องสร้างโค้ด QR - ฟรีและกำหนดเอง | CreateMy-QR
เกี่ยวกับเรา | CreateMy-QR",text/html; charset=utf-8,false,200,0,0,,,"77
62
26",3,true
21,https://createmy-qr.com/uk/crypto-bezkoshtovniy-generator-qr-kodiv-onlayn,"Генератор QR-коду Крипто – безкоштовний і користувацький | CreateMy-QR
Крипто - Безкоштовний Генератор QR-кодів Онлайн - CreateMy-QR",text/html; charset=utf-8,false,200,0,0,,,"70
61",2,true
21,https://createmy-qr.com/hu/telefon-ingyenes-online-qr-kod-generator,"Telefon QR-kód generátor - ingyenes és egyedi | CreateMy-QR
Telefon - Ingyenes Online QR-kód Generátor - CreateMy-QR",text/html; charset=utf-8,false,200,0,0,,,"59
56",2,true
21,https://createmy-qr.com/ko/google-review-muryo-onrain-qr-kodeu-saengseonggi,"구글 리뷰 QR 코드 생성기 - 무료 및 사용자 정의 | CreateMy-QR
구글 리뷰 - 무료 온라인 QR 코드 생성기 - CreateMy-QR",text/html; charset=utf-8,false,200,0,0,,,"43
38",2,true
21,https://createmy-qr.com/es/arquitectura-de-seguridad,"Generador de Códigos QR Gratis Online - CreateMy-QR (No Signup) | Arquitectura de seguridad
Generador de códigos QR types.security: gratuito y personalizado | CreateMy-QR
Arquitectura de seguridad | CreateMy-QR",text/html; charset=utf-8,false,200,0,0,,,"91
78
39",3,true
21,https://createmy-qr.com/nl/beveiligingsarchitectuur,"Gratis QR Code Generator Online - CreateMy-QR (No Signup) | Beveiligingsarchitectuur
types.security QR-codegenerator - gratis en aangepast | CreateMy-QR
Beveiligingsarchitectuur | CreateMy-QR",text/html; charset=utf-8,false,200,0,0,,,"84
67
38",3,true
21,https://createmy-qr.com/ja/tekisuto-wu-liao-qrkodozuo-cheng-zienereta,"テキスト QR コード ジェネレーター - 無料 & カスタム | CreateMy-QR
テキスト - 無料QRコード作成・ジェネレーター - CreateMy-QR",text/html; charset=utf-8,false,200,0,0,,,"45
38",2,true
21,https://createmy-qr.com/ar/url-link-mwld-rmz-lstjb-lsryaa-mjny,"مولد رمز الاستجابة السريعة مجاني - CreateMy-QR (No Signup) | CreateMy-QR
مولد رمز الاستجابة السريعة مجاني - CreateMy-QR (No Signup)",text/html; charset=utf-8,false,200,0,0,,,"72
58",2,true
21,https://createmy-qr.com/es/discord-generador-de-codigos-qr-gratis-online,"Generador de códigos QR Discordia: gratuito y personalizado | CreateMy-QR
Discordia - Generador de Códigos QR Gratis Online - CreateMy-QR",text/html; charset=utf-8,false,200,0,0,,,"73
63",2,true
21,https://createmy-qr.com/fr/snapchat-generateur-de-code-qr-gratuit-en-ligne,"Générateur de code QR Snapchat - Gratuit et personnalisé | CreateMy-QR
Snapchat - Générateur de Code QR Gratuit en Ligne - CreateMy-QR",text/html; charset=utf-8,false,200,0,0,,,"70
63",2,true
21,https://createmy-qr.com/ru/google-forms-besplatnyy-generator-qr-kodov-onlayn,"Google Формы Генератор QR-кодов — бесплатный и настраиваемый | CreateMy-QR
Google Формы - Бесплатный генератор QR-кодов онлайн - CreateMy-QR",text/html; charset=utf-8,false,200,0,0,,,"74
65",2,true
21,https://createmy-qr.com/ja/bakodosukiyana-wu-liao-qrkodozuo-cheng-zienereta,"無料のオンラインバーコードスキャナー - UPC と EAN をスキャン
バーコードスキャナー QR コード ジェネレーター - 無料 & カスタム | CreateMy-QR
バーコードスキャナー - 無料QRコード作成・ジェネレーター - CreateMy-QR",text/html; charset=utf-8,false,200,0,0,,,"36
51
44",3,true
21,https://createmy-qr.com/pl/lokalizacja-darmowy-generator-kodow-qr-online,"Generator kodów QR Lokalizacja — bezpłatny i niestandardowy | CreateMy-QR
Lokalizacja - Darmowy Generator Kodów QR Online - CreateMy-QR",text/html; charset=utf-8,false,200,0,0,,,"73
61",2,true
21,https://createmy-qr.com/hu/ingyenes-online-qr-kod-generator,"Ingyenes vonalkódgenerátor online – 1D vonalkódok létrehozása
types.barcode QR-kód generátor - ingyenes és egyedi | CreateMy-QR
barcode - Ingyenes Online QR-kód Generátor - CreateMy-QR",text/html; charset=utf-8,false,200,0,0,,,"61
65
56",3,true
21,https://createmy-qr.com/pl/url-link-darmowy-generator-kodow-qr-online,"Darmowy Generator Kodów QR Online - CreateMy-QR (No Signup) | CreateMy-QR
Darmowy Generator Kodów QR Online - CreateMy-QR (No Signup)",text/html; charset=utf-8,false,200,0,0,,,"73
59",2,true
21,https://createmy-qr.com/tl/telegram-libreng-online-qr-code-generator,"Telegram QR Code Generator - Libre at Custom | CreateMy-QR
Telegram - Libreng Online QR Code Generator - CreateMy-QR",text/html; charset=utf-8,false,200,0,0,,,"58
57",2,true
21,https://createmy-qr.com/el/x-twitter-dorean-dimioyrgia-qr-code-online,"X (Twitter) QR Code Generator - Δωρεάν & Προσαρμοσμένο | CreateMy-QR
X (Twitter) - Δωρεάν Δημιουργία QR Code Online - CreateMy-QR",text/html; charset=utf-8,false,200,0,0,,,"68
60",2,true
21,https://createmy-qr.com/uk/tiktok-bezkoshtovniy-generator-qr-kodiv-onlayn,"Генератор QR-коду TikTok – безкоштовний і користувацький | CreateMy-QR
TikTok - Безкоштовний Генератор QR-кодів Онлайн - CreateMy-QR",text/html; charset=utf-8,false,200,0,0,,,"70
61",2,true
21,https://createmy-qr.com/th/epriiybethiiybekhruue-ngmuue,"เครื่องมือสร้างคิวอาร์โค้ดออนไลน์ฟรี - CreateMy-QR (No Signup) | เปรียบเทียบเครื่องมือ
types.compare เครื่องสร้างโค้ด QR - ฟรีและกำหนดเอง | CreateMy-QR
เปรียบเทียบเครื่องมือ | CreateMy-QR",text/html; charset=utf-8,false,200,0,0,,,"86
64
35",3,true
21,https://createmy-qr.com/ru/politika-konfidencialnosti,"Бесплатный генератор QR-кодов онлайн - CreateMy-QR (No Signup) | Политика конфиденциальности
types.privacy Генератор QR-кодов — бесплатный и настраиваемый | CreateMy-QR
Политика конфиденциальности | CreateMy-QR",text/html; charset=utf-8,false,200,0,0,,,"92
75
41",3,true
21,https://createmy-qr.com/ja/wan-quan-wu-liao-nojia-ge,"無料QRコード作成・ジェネレーター - CreateMy-QR (No Signup) | 完全無料の価格
types.pricing QR コード ジェネレーター - 無料 & カスタム | CreateMy-QR
完全無料の価格 | CreateMy-QR",text/html; charset=utf-8,false,200,0,0,,,"53
54
21",3,true
21,https://createmy-qr.com/amazon-qr-code-generator,"Amazon QR Code Generator - Free & Custom | CreateMy-QR
Amazon - Free QR Code Generator Online - CreateMy-QR",text/html; charset=utf-8,false,200,0,0,,,"54
52",2,true
21,https://createmy-qr.com/da/url-link-gratis-qr-kode-generator-online,"Gratis QR Kode Generator Online - CreateMy-QR (No Signup) | CreateMy-QR
Gratis QR Kode Generator Online - CreateMy-QR (No Signup)",text/html; charset=utf-8,false,200,0,0,,,"71
57",2,true
21,https://createmy-qr.com/pl/email-darmowy-generator-kodow-qr-online,"Generator kodów QR E-mail — bezpłatny i niestandardowy | CreateMy-QR
E-mail - Darmowy Generator Kodów QR Online - CreateMy-QR",text/html; charset=utf-8,false,200,0,0,,,"68
56",2,true
21,https://createmy-qr.com/es/idiomas-admitidos,"Generador de Códigos QR Gratis Online - CreateMy-QR (No Signup) | Idiomas admitidos
Generador de códigos QR types.languages: gratuito y personalizado | CreateMy-QR
Idiomas admitidos | CreateMy-QR",text/html; charset=utf-8,false,200,0,0,,,"83
79
31",3,true
21,https://createmy-qr.com/ru/tiktok-besplatnyy-generator-qr-kodov-onlayn,"ТикТок Генератор QR-кодов — бесплатный и настраиваемый | CreateMy-QR
ТикТок - Бесплатный генератор QR-кодов онлайн - CreateMy-QR",text/html; charset=utf-8,false,200,0,0,,,"68
59",2,true
21,https://createmy-qr.com/ko/boan-akitegceo,"무료 온라인 QR 코드 생성기 - CreateMy-QR (No Signup) | 보안 아키텍처
types.security QR 코드 생성기 - 무료 및 사용자 정의 | CreateMy-QR
보안 아키텍처 | CreateMy-QR",text/html; charset=utf-8,false,200,0,0,,,"52
52
21",3,true
21,https://createmy-qr.com/fr/pdf-generateur-de-code-qr-gratuit-en-ligne,"Générateur de code QR PDF - Gratuit et personnalisé | CreateMy-QR
PDF - Générateur de Code QR Gratuit en Ligne - CreateMy-QR",text/html; charset=utf-8,false,200,0,0,,,"65
58",2,true
21,https://createmy-qr.com/vi/instagram-tao-ma-qr-mien-phi-truc-tuyen,"Trình tạo mã QR Instagram - Miễn phí & Tùy chỉnh | CreateMy-QR
Instagram - Tạo Mã QR Miễn Phí Trực Tuyến - CreateMy-QR",text/html; charset=utf-8,false,200,0,0,,,"62
55",2,true
21,https://createmy-qr.com/it/sms-generatore-di-codici-qr-gratis-online,"Generatore di codici QR SMS - Gratuito e personalizzato | CreateMy-QR
SMS - Generatore di Codici QR Gratis Online - CreateMy-QR",text/html; charset=utf-8,false,200,0,0,,,"69
57",2,true
21,https://createmy-qr.com/th/tiktok-ekhruue-ngmuue-sraangkhiw-aarokhd-nailnfrii,"ติ๊กต๊อก เครื่องสร้างโค้ด QR - ฟรีและกำหนดเอง | CreateMy-QR
ติ๊กต๊อก - เครื่องมือสร้างคิวอาร์โค้ดออนไลน์ฟรี - CreateMy-QR",text/html; charset=utf-8,false,200,0,0,,,"59
61",2,true
21,https://createmy-qr.com/tr/rezervasyon-ucretsiz-cevrimici-qr-kod-olusturucu,"Rezervasyon QR Kod Oluşturucu - Ücretsiz ve Özel | CreateMy-QR
Rezervasyon - Ücretsiz Çevrimiçi QR Kod Oluşturucu - CreateMy-QR",text/html; charset=utf-8,false,200,0,0,,,"62
64",2,true
21,https://createmy-qr.com/it/telegram-generatore-di-codici-qr-gratis-online,"Generatore di codici QR Telegramma - Gratuito e personalizzato | CreateMy-QR
Telegramma - Generatore di Codici QR Gratis Online - CreateMy-QR",text/html; charset=utf-8,false,200,0,0,,,"76
64",2,true
21,https://createmy-qr.com/tr/youtube-ucretsiz-cevrimici-qr-kod-olusturucu,"Youtube QR Kod Oluşturucu - Ücretsiz ve Özel | CreateMy-QR
Youtube - Ücretsiz Çevrimiçi QR Kod Oluşturucu - CreateMy-QR",text/html; charset=utf-8,false,200,0,0,,,"58
60",2,true
21,https://createmy-qr.com/da/sikkerhedsarkitektur,"Gratis QR Kode Generator Online - CreateMy-QR (No Signup) | Sikkerhedsarkitektur
types.security QR Code Generator - Gratis og brugerdefineret | CreateMy-QR
Sikkerhedsarkitektur | CreateMy-QR",text/html; charset=utf-8,false,200,0,0,,,"80
74
34",3,true
21,https://createmy-qr.com/zh/tiktok-mian-fei-zai-xian-er-wei-ma-sheng-cheng-qi,"抖音 QR 代码生成器 - 免费和自定义 | CreateMy-QR
抖音 - 免费在线二维码生成器 - CreateMy-QR",text/html; charset=utf-8,false,200,0,0,,,"34
29",2,true
21,https://createmy-qr.com/uk/youtube-bezkoshtovniy-generator-qr-kodiv-onlayn,"Генератор QR-коду YouTube – безкоштовний і користувацький | CreateMy-QR
YouTube - Безкоштовний Генератор QR-кодів Онлайн - CreateMy-QR",text/html; charset=utf-8,false,200,0,0,,,"71
62",2,true
21,https://createmy-qr.com/cs/o-nas,"Zdarma Online Generátor QR Kódů - CreateMy-QR (No Signup) | O nás
types.about generátor QR kódu – zdarma a na míru | CreateMy-QR
O nás | CreateMy-QR",text/html; charset=utf-8,false,200,0,0,,,"65
62
19",3,true
21,https://createmy-qr.com/es/ubicacion-generador-de-codigos-qr-gratis-online,"Generador de códigos QR Ubicación: gratuito y personalizado | CreateMy-QR
Ubicación - Generador de Códigos QR Gratis Online - CreateMy-QR",text/html; charset=utf-8,false,200,0,0,,,"73
63",2,true
21,https://createmy-qr.com/ja/youtube-wu-liao-qrkodozuo-cheng-zienereta,"YouTube QR コード ジェネレーター - 無料 & カスタム | CreateMy-QR
YouTube - 無料QRコード作成・ジェネレーター - CreateMy-QR",text/html; charset=utf-8,false,200,0,0,,,"48
41",2,true
21,https://createmy-qr.com/vi/amazon-tao-ma-qr-mien-phi-truc-tuyen,"Trình tạo mã QR Amazon - Miễn phí & Tùy chỉnh | CreateMy-QR
Amazon - Tạo Mã QR Miễn Phí Trực Tuyến - CreateMy-QR",text/html; charset=utf-8,false,200,0,0,,,"59
52",2,true
21,https://createmy-qr.com/fi/whatsapp-ilmainen-qr-koodigeneraattori-netissa,"WhatsApp QR-koodigeneraattori - ilmainen ja räätälöity | CreateMy-QR
WhatsApp - Ilmainen QR-koodigeneraattori Netissä - CreateMy-QR",text/html; charset=utf-8,false,200,0,0,,,"68
62",2,true
21,https://createmy-qr.com/no/telefon-gratis-qr-kode-generator-online,"Telefon QR Code Generator - Gratis og tilpasset | CreateMy-QR
Telefon - Gratis QR-kode Generator Online - CreateMy-QR",text/html; charset=utf-8,false,200,0,0,,,"61
55",2,true
21,https://createmy-qr.com/tr/video-ucretsiz-cevrimici-qr-kod-olusturucu,"Video QR Kod Oluşturucu - Ücretsiz ve Özel | CreateMy-QR
Video - Ücretsiz Çevrimiçi QR Kod Oluşturucu - CreateMy-QR",text/html; charset=utf-8,false,200,0,0,,,"56
58",2,true
21,https://createmy-qr.com/da/billede-gratis-qr-kode-generator-online,"Billede QR Code Generator - Gratis og brugerdefineret | CreateMy-QR
Billede - Gratis QR Kode Generator Online - CreateMy-QR",text/html; charset=utf-8,false,200,0,0,,,"67
55",2,true
21,https://createmy-qr.com/pt/crypto-gerador-de-codigo-qr-gratis-online,"Gerador de código QR Criptografia - gratuito e personalizado | CreateMy-QR
Criptografia - Gerador de Código QR Grátis Online - CreateMy-QR",text/html; charset=utf-8,false,200,0,0,,,"74
63",2,true
21,https://createmy-qr.com/ro/google-review-generator-de-coduri-qr-gratuit-online,"Google Review QR Code Generator - Gratuit și personalizat | CreateMy-QR
Google Review - Generator de Coduri QR Gratuit Online - CreateMy-QR",text/html; charset=utf-8,false,200,0,0,,,"71
67",2,true
21,https://createmy-qr.com/zh/facebook-mian-fei-zai-xian-er-wei-ma-sheng-cheng-qi,"脸书 QR 代码生成器 - 免费和自定义 | CreateMy-QR
脸书 - 免费在线二维码生成器 - CreateMy-QR",text/html; charset=utf-8,false,200,0,0,,,"34
29",2,true
21,https://createmy-qr.com/da/facebook-gratis-qr-kode-generator-online,"Facebook QR Code Generator - Gratis og brugerdefineret | CreateMy-QR
Facebook - Gratis QR Kode Generator Online - CreateMy-QR",text/html; charset=utf-8,false,200,0,0,,,"68
56",2,true
21,https://createmy-qr.com/pt/wi-fi-gerador-de-codigo-qr-gratis-online,"Gerador de código QR Wi-Fi - gratuito e personalizado | CreateMy-QR
Wi-Fi - Gerador de Código QR Grátis Online - CreateMy-QR",text/html; charset=utf-8,false,200,0,0,,,"67
56",2,true
21,https://createmy-qr.com/fi/ilmainen-qr-koodigeneraattori-netissa,"Ilmainen viivakoodigeneraattori verkossa - Luo 1D-viivakoodeja
types.barcode QR-koodigeneraattori - ilmainen ja räätälöity | CreateMy-QR
barcode - Ilmainen QR-koodigeneraattori Netissä - CreateMy-QR",text/html; charset=utf-8,false,200,0,0,,,"62
73
61",3,true
21,https://createmy-qr.com/vi/ve-chung-toi,"Tạo Mã QR Miễn Phí Trực Tuyến - CreateMy-QR (No Signup) | Về chúng tôi
Trình tạo mã QR types.about - Miễn phí & Tùy chỉnh | CreateMy-QR
Về chúng tôi | CreateMy-QR",text/html; charset=utf-8,false,200,0,0,,,"70
64
26",3,true
21,https://createmy-qr.com/nl/app-store-gratis-qr-code-generator-online,"App Store QR-codegenerator - gratis en aangepast | CreateMy-QR
App Store - Gratis QR Code Generator Online - CreateMy-QR",text/html; charset=utf-8,false,200,0,0,,,"62
57",2,true
21,https://createmy-qr.com/es/app-store-generador-de-codigos-qr-gratis-online,"Generador de códigos QR Tienda de aplicaciones: gratuito y personalizado | CreateMy-QR
Tienda de aplicaciones - Generador de Códigos QR Gratis Online - CreateMy-QR",text/html; charset=utf-8,false,200,0,0,,,"86
76",2,true
21,https://createmy-qr.com/ja/facebook-wu-liao-qrkodozuo-cheng-zienereta,"フェイスブック QR コード ジェネレーター - 無料 & カスタム | CreateMy-QR
フェイスブック - 無料QRコード作成・ジェネレーター - CreateMy-QR",text/html; charset=utf-8,false,200,0,0,,,"48
41",2,true
21,https://createmy-qr.com/es/whatsapp-generador-de-codigos-qr-gratis-online,"Generador de códigos QR Whatsapp: gratuito y personalizado | CreateMy-QR
Whatsapp - Generador de Códigos QR Gratis Online - CreateMy-QR",text/html; charset=utf-8,false,200,0,0,,,"72
62",2,true
21,https://createmy-qr.com/it/immagine-generatore-di-codici-qr-gratis-online,"Generatore di codici QR Immagine - Gratuito e personalizzato | CreateMy-QR
Immagine - Generatore di Codici QR Gratis Online - CreateMy-QR",text/html; charset=utf-8,false,200,0,0,,,"74
62",2,true
21,https://createmy-qr.com/tl/app-store-libreng-online-qr-code-generator,"App Store QR Code Generator - Libre at Custom | CreateMy-QR
App Store - Libreng Online QR Code Generator - CreateMy-QR",text/html; charset=utf-8,false,200,0,0,,,"59
58",2,true
21,https://createmy-qr.com/hi/sms-muph-t-onnlaain-kyuuaar-kodd-jnrettr,"SMS QR कोड जेनरेटर - मुफ़्त और कस्टम | CreateMy-QR
SMS - मुफ़्त ऑनलाइन क्यूआर कोड जनरेटर - CreateMy-QR",text/html; charset=utf-8,false,200,0,0,,,"50
51",2,true
21,https://createmy-qr.com/tr/vcard-ucretsiz-cevrimici-qr-kod-olusturucu,"vCard QR Kod Oluşturucu - Ücretsiz ve Özel | CreateMy-QR
vCard - Ücretsiz Çevrimiçi QR Kod Oluşturucu - CreateMy-QR",text/html; charset=utf-8,false,200,0,0,,,"56
58",2,true
21,https://createmy-qr.com/vcard-qr-code-maker,"vCard QR Code Generator - Free & Custom | CreateMy-QR
vCard - Free QR Code Generator Online - CreateMy-QR",text/html; charset=utf-8,false,200,0,0,,,"53
51",2,true
21,https://createmy-qr.com/ms/email-penjana-kod-qr-percuma-dalam-talian,"Penjana Kod QR E-mel - Percuma & Tersuai | CreateMy-QR
E-mel - Penjana Kod QR Percuma Dalam Talian - CreateMy-QR",text/html; charset=utf-8,false,200,0,0,,,"54
57",2,true
21,https://createmy-qr.com/de/x-twitter-kostenloser-qr-code-generator-online,"X (Twitter) QR-Code-Generator – kostenlos und benutzerdefiniert | CreateMy-QR
X (Twitter) - Kostenloser QR-Code Generator Online - CreateMy-QR",text/html; charset=utf-8,false,200,0,0,,,"77
64",2,true
21,https://createmy-qr.com/ko/ibenteu-muryo-onrain-qr-kodeu-saengseonggi,"이벤트 QR 코드 생성기 - 무료 및 사용자 정의 | CreateMy-QR
이벤트 - 무료 온라인 QR 코드 생성기 - CreateMy-QR",text/html; charset=utf-8,false,200,0,0,,,"41
36",2,true
21,https://createmy-qr.com/youtube-qr-code-generator,"YouTube QR Code Generator - Free & Custom | CreateMy-QR
YouTube - Free QR Code Generator Online - CreateMy-QR",text/html; charset=utf-8,false,200,0,0,,,"55
53",2,true
21,https://createmy-qr.com/pl/skaner-kodow-kreskowych-darmowy-generator-kodow-qr-online,"Bezpłatny skaner kodów kreskowych online — skanuj kody UPC i EAN
Generator kodów QR Skaner kodów kreskowych — bezpłatny i niestandardowy | CreateMy-QR
Skaner kodów kreskowych - Darmowy Generator Kodów QR Online - CreateMy-QR",text/html; charset=utf-8,false,200,0,0,,,"64
85
73",3,true
21,https://createmy-qr.com/uk/politika-konfidenciynosti,"Безкоштовний Генератор QR-кодів Онлайн - CreateMy-QR (No Signup) | Політика конфіденційності
Генератор QR-коду types.privacy – безкоштовний і користувацький | CreateMy-QR
Політика конфіденційності | CreateMy-QR",text/html; charset=utf-8,false,200,0,0,,,"92
77
39",3,true
21,https://createmy-qr.com/tl/mga-sinusuportahang-wika,"Libreng Online QR Code Generator - CreateMy-QR (No Signup) | Mga Sinusuportahang Wika
types.languages QR Code Generator - Libre at Custom | CreateMy-QR
Mga Sinusuportahang Wika | CreateMy-QR",text/html; charset=utf-8,false,200,0,0,,,"85
65
38",3,true
21,https://createmy-qr.com/nl/crypto-gratis-qr-code-generator-online,"Crypto QR-codegenerator - gratis en aangepast | CreateMy-QR
Crypto - Gratis QR Code Generator Online - CreateMy-QR",text/html; charset=utf-8,false,200,0,0,,,"59
54",2,true
21,https://createmy-qr.com/ja/whatsapp-wu-liao-qrkodozuo-cheng-zienereta,"WhatsApp QR コード ジェネレーター - 無料 & カスタム | CreateMy-QR
WhatsApp - 無料QRコード作成・ジェネレーター - CreateMy-QR",text/html; charset=utf-8,false,200,0,0,,,"49
42",2,true
21,https://createmy-qr.com/no/venmo-gratis-qr-kode-generator-online,"Venmo QR Code Generator - Gratis og tilpasset | CreateMy-QR
Venmo - Gratis QR-kode Generator Online - CreateMy-QR",text/html; charset=utf-8,false,200,0,0,,,"59
53",2,true
21,https://createmy-qr.com/hu/url-ingyenes-online-qr-kod-generator,"Ingyenes Online QR-kód Generátor - CreateMy-QR (No Signup) | CreateMy-QR
Ingyenes Online QR-kód Generátor - CreateMy-QR (No Signup)",text/html; charset=utf-8,false,200,0,0,,,"72
58",2,true
21,https://createmy-qr.com/cs/bezpecnostni-architektura,"Zdarma Online Generátor QR Kódů - CreateMy-QR (No Signup) | Bezpečnostní architektura
types.security generátor QR kódu – zdarma a na míru | CreateMy-QR
Bezpečnostní architektura | CreateMy-QR",text/html; charset=utf-8,false,200,0,0,,,"85
65
39",3,true
21,https://createmy-qr.com/bn/url-link-phri-anlaain-kiuaar-kodd-jenaarettr,"ফ্রি অনলাইন কিউআর কোড জেনারেটর - CreateMy-QR (No Signup) | CreateMy-QR
ফ্রি অনলাইন কিউআর কোড জেনারেটর - CreateMy-QR (No Signup)",text/html; charset=utf-8,false,200,0,0,,,"70
56",2,true
21,https://createmy-qr.com/ja/instagram-wu-liao-qrkodozuo-cheng-zienereta,"インスタグラム QR コード ジェネレーター - 無料 & カスタム | CreateMy-QR
インスタグラム - 無料QRコード作成・ジェネレーター - CreateMy-QR",text/html; charset=utf-8,false,200,0,0,,,"48
41",2,true
21,https://createmy-qr.com/tr/desteklenen-diller,"Ücretsiz Çevrimiçi QR Kod Oluşturucu - CreateMy-QR (No Signup) | Desteklenen Diller
types.languages QR Kod Oluşturucu - Ücretsiz ve Özel | CreateMy-QR
Desteklenen Diller | CreateMy-QR",text/html; charset=utf-8,false,200,0,0,,,"83
66
32",3,true
21,https://createmy-qr.com/es/facebook-generador-de-codigos-qr-gratis-online,"Generador de códigos QR Facebook: gratuito y personalizado | CreateMy-QR
Facebook - Generador de Códigos QR Gratis Online - CreateMy-QR",text/html; charset=utf-8,false,200,0,0,,,"72
62",2,true
21,https://createmy-qr.com/tr/discord-ucretsiz-cevrimici-qr-kod-olusturucu,"Anlaşmazlık QR Kod Oluşturucu - Ücretsiz ve Özel | CreateMy-QR
Anlaşmazlık - Ücretsiz Çevrimiçi QR Kod Oluşturucu - CreateMy-QR",text/html; charset=utf-8,false,200,0,0,,,"62
64",2,true
21,https://createmy-qr.com/zh/email-mian-fei-zai-xian-er-wei-ma-sheng-cheng-qi,"电子邮件 QR 代码生成器 - 免费和自定义 | CreateMy-QR
电子邮件 - 免费在线二维码生成器 - CreateMy-QR",text/html; charset=utf-8,false,200,0,0,,,"36
31",2,true
21,https://createmy-qr.com/sv/snapchat-gratis-qr-kod-generator-online,"Snapchat QR Code Generator - Gratis & anpassad | CreateMy-QR
Snapchat - Gratis QR-kod Generator Online - CreateMy-QR",text/html; charset=utf-8,false,200,0,0,,,"60
55",2,true
21,https://createmy-qr.com/ja/vcard-wu-liao-qrkodozuo-cheng-zienereta,"vCard QR コード ジェネレーター - 無料 & カスタム | CreateMy-QR
vCard - 無料QRコード作成・ジェネレーター - CreateMy-QR",text/html; charset=utf-8,false,200,0,0,,,"46
39",2,true
21,https://createmy-qr.com/pt/,"CreateMy-QR | Todas as Ferramentas QR & Código de Barras em Um Só Lugar
CreateMy-QR | Todas as Ferramentas QR & Código de Barras em Um Só Lugar
home - Gerador de Código QR Grátis Online - CreateMy-QR",text/html; charset=utf-8,false,200,0,1,,,"71
71
55",3,true
21,https://createmy-qr.com/el/wi-fi-dorean-dimioyrgia-qr-code-online,"Wi-Fi QR Code Generator - Δωρεάν & Προσαρμοσμένο | CreateMy-QR
Wi-Fi - Δωρεάν Δημιουργία QR Code Online - CreateMy-QR",text/html; charset=utf-8,false,200,0,0,,,"62
54",2,true
21,https://createmy-qr.com/ro/instagram-generator-de-coduri-qr-gratuit-online,"Instagram QR Code Generator - Gratuit și personalizat | CreateMy-QR
Instagram - Generator de Coduri QR Gratuit Online - CreateMy-QR",text/html; charset=utf-8,false,200,0,0,,,"67
63",2,true
21,https://createmy-qr.com/uk/telegram-bezkoshtovniy-generator-qr-kodiv-onlayn,"Генератор QR-коду Телеграма – безкоштовний і користувацький | CreateMy-QR
Телеграма - Безкоштовний Генератор QR-кодів Онлайн - CreateMy-QR",text/html; charset=utf-8,false,200,0,0,,,"73
64",2,true
21,https://createmy-qr.com/ja/url-link-wu-liao-qrkodozuo-cheng-zienereta,"無料QRコード作成・ジェネレーター - CreateMy-QR (No Signup) | CreateMy-QR
無料QRコード作成・ジェネレーター - CreateMy-QR (No Signup)",text/html; charset=utf-8,false,200,0,0,,,"57
43",2,true
21,https://createmy-qr.com/es/imagen-generador-de-codigos-qr-gratis-online,"Generador de códigos QR Imagen: gratuito y personalizado | CreateMy-QR
Imagen - Generador de Códigos QR Gratis Online - CreateMy-QR",text/html; charset=utf-8,false,200,0,0,,,"70
60",2,true
21,https://createmy-qr.com/id/sms-generator-qr-code-gratis-online,"SMS Pembuat Kode QR - Gratis & Khusus | CreateMy-QR
SMS - Generator QR Code Gratis Online - CreateMy-QR",text/html; charset=utf-8,false,200,0,0,,,"51
51",2,true
21,https://createmy-qr.com/no/amazon-gratis-qr-kode-generator-online,"Amazon QR Code Generator - Gratis og tilpasset | CreateMy-QR
Amazon - Gratis QR-kode Generator Online - CreateMy-QR",text/html; charset=utf-8,false,200,0,0,,,"60
54",2,true
21,https://createmy-qr.com/sv/om-oss,"Gratis QR-kod Generator Online - CreateMy-QR (No Signup) | Om oss
types.about QR Code Generator - Gratis & anpassad | CreateMy-QR
Om oss | CreateMy-QR",text/html; charset=utf-8,false,200,0,0,,,"65
63
20",3,true
21,https://createmy-qr.com/it/vcard-generatore-di-codici-qr-gratis-online,"Generatore di codici QR vCard - Gratuito e personalizzato | CreateMy-QR
vCard - Generatore di Codici QR Gratis Online - CreateMy-QR",text/html; charset=utf-8,false,200,0,0,,,"71
59",2,true
21,https://createmy-qr.com/tr/,"CreateMy-QR | Tüm QR ve Barkod Araçları Tek Bir Yerde
CreateMy-QR | Tüm QR ve Barkod Araçları Tek Bir Yerde
home - Ücretsiz Çevrimiçi QR Kod Oluşturucu - CreateMy-QR",text/html; charset=utf-8,false,200,0,1,,,"53
53
57",3,true
21,https://createmy-qr.com/ar/dwt-lmqrn,"مولد رمز الاستجابة السريعة مجاني - CreateMy-QR (No Signup) | أدوات المقارنة
types.compare QR Code Generator - مجاني ومخصص | CreateMy-QR
أدوات المقارنة | CreateMy-QR",text/html; charset=utf-8,false,200,0,0,,,"75
59
28",3,true
21,https://createmy-qr.com/hi/email-muph-t-onnlaain-kyuuaar-kodd-jnrettr,"ईमेल QR कोड जेनरेटर - मुफ़्त और कस्टम | CreateMy-QR
ईमेल - मुफ़्त ऑनलाइन क्यूआर कोड जनरेटर - CreateMy-QR",text/html; charset=utf-8,false,200,0,0,,,"51
52",2,true
21,https://createmy-qr.com/vi/crypto-tao-ma-qr-mien-phi-truc-tuyen,"Trình tạo mã QR Tiền điện tử - Miễn phí & Tùy chỉnh | CreateMy-QR
Tiền điện tử - Tạo Mã QR Miễn Phí Trực Tuyến - CreateMy-QR",text/html; charset=utf-8,false,200,0,0,,,"65
58",2,true
21,https://createmy-qr.com/nl/100-gratis-prijzen,"Gratis QR Code Generator Online - CreateMy-QR (No Signup) | 100% gratis prijzen
types.pricing QR-codegenerator - gratis en aangepast | CreateMy-QR
100% gratis prijzen | CreateMy-QR",text/html; charset=utf-8,false,200,0,0,,,"79
66
33",3,true
21,https://createmy-qr.com/fr/fichier-generateur-de-code-qr-gratuit-en-ligne,"Générateur de code QR Fichier - Gratuit et personnalisé | CreateMy-QR
Fichier - Générateur de Code QR Gratuit en Ligne - CreateMy-QR",text/html; charset=utf-8,false,200,0,0,,,"69
62",2,true
21,https://createmy-qr.com/whatsapp-qr-code-for-customer-support,"WhatsApp QR Code for Customer Support | CreateMy-QR
WhatsApp QR Code for Customer Support | CreateMy-QR",text/html; charset=utf-8,false,200,0,0,,,"51
51",2,true
21,https://createmy-qr.com/pl/snapchat-darmowy-generator-kodow-qr-online,"Generator kodów QR Snapchata — bezpłatny i niestandardowy | CreateMy-QR
Snapchata - Darmowy Generator Kodów QR Online - CreateMy-QR",text/html; charset=utf-8,false,200,0,0,,,"71
59",2,true
21,https://createmy-qr.com/es/politica-de-privacidad,"Generador de Códigos QR Gratis Online - CreateMy-QR (No Signup) | Política de privacidad
Generador de códigos QR types.privacy: gratuito y personalizado | CreateMy-QR
Política de privacidad | CreateMy-QR",text/html; charset=utf-8,false,200,0,0,,,"88
77
36",3,true
21,https://createmy-qr.com/el/google-forms-dorean-dimioyrgia-qr-code-online,"Φόρμες Google QR Code Generator - Δωρεάν & Προσαρμοσμένο | CreateMy-QR
Φόρμες Google - Δωρεάν Δημιουργία QR Code Online - CreateMy-QR",text/html; charset=utf-8,false,200,0,0,,,"70
62",2,true
21,https://createmy-qr.com/ms/venmo-penjana-kod-qr-percuma-dalam-talian,"Penjana Kod QR Venmo - Percuma & Tersuai | CreateMy-QR
Venmo - Penjana Kod QR Percuma Dalam Talian - CreateMy-QR",text/html; charset=utf-8,false,200,0,0,,,"54
57",2,true
21,https://createmy-qr.com/fi/kayttotapaukset,"Ilmainen QR-koodigeneraattori Netissä - CreateMy-QR (No Signup) | Käyttötapaukset
types.usecases QR-koodigeneraattori - ilmainen ja räätälöity | CreateMy-QR
Käyttötapaukset | CreateMy-QR",text/html; charset=utf-8,false,200,0,0,,,"81
74
29",3,true
21,https://createmy-qr.com/ms/spotify-penjana-kod-qr-percuma-dalam-talian,"Penjana Kod QR Spotify - Percuma & Tersuai | CreateMy-QR
Spotify - Penjana Kod QR Percuma Dalam Talian - CreateMy-QR",text/html; charset=utf-8,false,200,0,0,,,"56
59",2,true
21,https://createmy-qr.com/zh/fu-wu-tiao-kuan,"免费在线二维码生成器 - CreateMy-QR (No Signup) | 服务条款
types.terms QR 代码生成器 - 免费和自定义 | CreateMy-QR
服务条款 | CreateMy-QR",text/html; charset=utf-8,false,200,0,0,,,"43
43
18",3,true
21,https://createmy-qr.com/id/paypal-generator-qr-code-gratis-online,"PayPal Pembuat Kode QR - Gratis & Khusus | CreateMy-QR
PayPal - Generator QR Code Gratis Online - CreateMy-QR",text/html; charset=utf-8,false,200,0,0,,,"54
54",2,true
21,https://createmy-qr.com/id/whatsapp-generator-qr-code-gratis-online,"Ada apa Pembuat Kode QR - Gratis & Khusus | CreateMy-QR
Ada apa - Generator QR Code Gratis Online - CreateMy-QR",text/html; charset=utf-8,false,200,0,0,,,"55
55",2,true
21,https://createmy-qr.com/th/kh-kamhndainkaaraihbrikaar,"เครื่องมือสร้างคิวอาร์โค้ดออนไลน์ฟรี - CreateMy-QR (No Signup) | ข้อกำหนดในการให้บริการ
types.terms เครื่องสร้างโค้ด QR - ฟรีและกำหนดเอง | CreateMy-QR
ข้อกำหนดในการให้บริการ | CreateMy-QR",text/html; charset=utf-8,false,200,0,0,,,"87
62
36",3,true
21,https://createmy-qr.com/da/use-cases,"Gratis QR Kode Generator Online - CreateMy-QR (No Signup) | Use Cases
types.usecases QR Code Generator - Gratis og brugerdefineret | CreateMy-QR
Use Cases | CreateMy-QR",text/html; charset=utf-8,false,200,0,0,,,"69
74
23",3,true
21,https://createmy-qr.com/ru/snapchat-besplatnyy-generator-qr-kodov-onlayn,"Снапчат Генератор QR-кодов — бесплатный и настраиваемый | CreateMy-QR
Снапчат - Бесплатный генератор QR-кодов онлайн - CreateMy-QR",text/html; charset=utf-8,false,200,0,0,,,"69
60",2,true
21,https://createmy-qr.com/online-booking-qr-code,"Booking QR Code Generator - Free & Custom | CreateMy-QR
Booking - Free QR Code Generator Online - CreateMy-QR",text/html; charset=utf-8,false,200,0,0,,,"55
53",2,true
21,https://createmy-qr.com/es/spotify-generador-de-codigos-qr-gratis-online,"Generador de códigos QR Spotify: gratuito y personalizado | CreateMy-QR
Spotify - Generador de Códigos QR Gratis Online - CreateMy-QR",text/html; charset=utf-8,false,200,0,0,,,"71
61",2,true
21,https://createmy-qr.com/tr/metin-ucretsiz-cevrimici-qr-kod-olusturucu,"Metin QR Kod Oluşturucu - Ücretsiz ve Özel | CreateMy-QR
Metin - Ücretsiz Çevrimiçi QR Kod Oluşturucu - CreateMy-QR",text/html; charset=utf-8,false,200,0,0,,,"56
58",2,true
21,https://createmy-qr.com/tl/libreng-online-qr-code-generator,"Libreng Barcode Generator Online - Lumikha ng 1D Barcodes
types.barcode QR Code Generator - Libre at Custom | CreateMy-QR
barcode - Libreng Online QR Code Generator - CreateMy-QR",text/html; charset=utf-8,false,200,0,0,,,"57
63
56",3,true
21,https://createmy-qr.com/ar/mwld-rmz-lstjb-lsryaa-mjny-2,"ماسح رمز QR المجاني عبر الإنترنت - مسح QR على الفور
types.scanqr QR Code Generator - مجاني ومخصص | CreateMy-QR
scanqr - مولد رمز الاستجابة السريعة مجاني - CreateMy-QR",text/html; charset=utf-8,false,200,0,0,,,"51
58
55",3,true
21,https://createmy-qr.com/sv/arkiv-gratis-qr-kod-generator-online,"Arkiv QR Code Generator - Gratis & anpassad | CreateMy-QR
Arkiv - Gratis QR-kod Generator Online - CreateMy-QR",text/html; charset=utf-8,false,200,0,0,,,"57
52",2,true
21,https://createmy-qr.com/id/url-link-generator-qr-code-gratis-online,"Generator QR Code Gratis Online - CreateMy-QR (No Signup) | CreateMy-QR
Generator QR Code Gratis Online - CreateMy-QR (No Signup)",text/html; charset=utf-8,false,200,0,0,,,"71
57",2,true
21,https://createmy-qr.com/de/,"CreateMy-QR | Alle QR & Barcode-Tools an einem Ort
CreateMy-QR | Alle QR & Barcode-Tools an einem Ort
home - Kostenloser QR-Code Generator Online - CreateMy-QR",text/html; charset=utf-8,false,200,0,1,,,"50
50
57",3,true
21,https://createmy-qr.com/fi/tiedosto-ilmainen-qr-koodigeneraattori-netissa,"Tiedosto QR-koodigeneraattori - ilmainen ja räätälöity | CreateMy-QR
Tiedosto - Ilmainen QR-koodigeneraattori Netissä - CreateMy-QR",text/html; charset=utf-8,false,200,0,0,,,"68
62",2,true
21,https://createmy-qr.com/uk/posilannya-v-bio-bezkoshtovniy-generator-qr-kodiv-onlayn,"Генератор QR-коду Посилання в біо – безкоштовний і користувацький | CreateMy-QR
Посилання в біо - Безкоштовний Генератор QR-кодів Онлайн - CreateMy-QR",text/html; charset=utf-8,false,200,0,0,,,"79
70",2,true
21,https://createmy-qr.com/fi/google-review-ilmainen-qr-koodigeneraattori-netissa,"Google-arvostelu QR-koodigeneraattori - ilmainen ja räätälöity | CreateMy-QR
Google-arvostelu - Ilmainen QR-koodigeneraattori Netissä - CreateMy-QR",text/html; charset=utf-8,false,200,0,0,,,"76
70",2,true
21,https://createmy-qr.com/fi/linkedin-ilmainen-qr-koodigeneraattori-netissa,"LinkedIn QR-koodigeneraattori - ilmainen ja räätälöity | CreateMy-QR
LinkedIn - Ilmainen QR-koodigeneraattori Netissä - CreateMy-QR",text/html; charset=utf-8,false,200,0,0,,,"68
62",2,true
21,https://createmy-qr.com/cs/100-bezplatna-cena,"Zdarma Online Generátor QR Kódů - CreateMy-QR (No Signup) | 100% bezplatná cena
types.pricing generátor QR kódu – zdarma a na míru | CreateMy-QR
100% bezplatná cena | CreateMy-QR",text/html; charset=utf-8,false,200,0,0,,,"79
64
33",3,true
21,https://createmy-qr.com/de/buchung-kostenloser-qr-code-generator-online,"Buchung QR-Code-Generator – kostenlos und benutzerdefiniert | CreateMy-QR
Buchung - Kostenloser QR-Code Generator Online - CreateMy-QR",text/html; charset=utf-8,false,200,0,0,,,"73
60",2,true
21,https://createmy-qr.com/pt/casos-de-uso,"Gerador de Código QR Grátis Online - CreateMy-QR (No Signup) | Casos de uso
Gerador de código QR types.usecases - gratuito e personalizado | CreateMy-QR
Casos de uso | CreateMy-QR",text/html; charset=utf-8,false,200,0,0,,,"75
76
26",3,true
21,https://createmy-qr.com/bn/ttul-tulnaa-krun,"ফ্রি অনলাইন কিউআর কোড জেনারেটর - CreateMy-QR (No Signup) | টুল তুলনা করুন
types.compare QR কোড জেনারেটর - বিনামূল্যে এবং কাস্টম | CreateMy-QR
টুল তুলনা করুন | CreateMy-QR",text/html; charset=utf-8,false,200,0,0,,,"73
67
28",3,true
21,https://createmy-qr.com/th/aifl-ekhruue-ngmuue-sraangkhiw-aarokhd-nailnfrii,"ไฟล์ เครื่องสร้างโค้ด QR - ฟรีและกำหนดเอง | CreateMy-QR
ไฟล์ - เครื่องมือสร้างคิวอาร์โค้ดออนไลน์ฟรี - CreateMy-QR",text/html; charset=utf-8,false,200,0,0,,,"55
57",2,true
21,https://createmy-qr.com/vi/kien-truc-bao-mat,"Tạo Mã QR Miễn Phí Trực Tuyến - CreateMy-QR (No Signup) | Kiến trúc bảo mật
Trình tạo mã QR types.security - Miễn phí & Tùy chỉnh | CreateMy-QR
Kiến trúc bảo mật | CreateMy-QR",text/html; charset=utf-8,false,200,0,0,,,"75
67
31",3,true
21,https://createmy-qr.com/ro/x-twitter-generator-de-coduri-qr-gratuit-online,"X (Twitter) QR Code Generator - Gratuit și personalizat | CreateMy-QR
X (Twitter) - Generator de Coduri QR Gratuit Online - CreateMy-QR",text/html; charset=utf-8,false,200,0,0,,,"69
65",2,true
21,https://createmy-qr.com/th/sms-ekhruue-ngmuue-sraangkhiw-aarokhd-nailnfrii,"SMS เครื่องสร้างโค้ด QR - ฟรีและกำหนดเอง | CreateMy-QR
SMS - เครื่องมือสร้างคิวอาร์โค้ดออนไลน์ฟรี - CreateMy-QR",text/html; charset=utf-8,false,200,0,0,,,"54
56",2,true
21,https://createmy-qr.com/ko/facebook-muryo-onrain-qr-kodeu-saengseonggi,"페이스북 QR 코드 생성기 - 무료 및 사용자 정의 | CreateMy-QR
페이스북 - 무료 온라인 QR 코드 생성기 - CreateMy-QR",text/html; charset=utf-8,false,200,0,0,,,"42
37",2,true
21,https://createmy-qr.com/uk/zobrazhennya-bezkoshtovniy-generator-qr-kodiv-onlayn,"Генератор QR-коду Зображення – безкоштовний і користувацький | CreateMy-QR
Зображення - Безкоштовний Генератор QR-кодів Онлайн - CreateMy-QR",text/html; charset=utf-8,false,200,0,0,,,"74
65",2,true
21,https://createmy-qr.com/sv/telefon-gratis-qr-kod-generator-online,"Telefon QR Code Generator - Gratis & anpassad | CreateMy-QR
Telefon - Gratis QR-kod Generator Online - CreateMy-QR",text/html; charset=utf-8,false,200,0,0,,,"59
54",2,true
21,https://createmy-qr.com/pl/link-w-bio-darmowy-generator-kodow-qr-online,"Generator kodów QR Link w Bio — bezpłatny i niestandardowy | CreateMy-QR
Link w Bio - Darmowy Generator Kodów QR Online - CreateMy-QR",text/html; charset=utf-8,false,200,0,0,,,"72
60",2,true
21,https://createmy-qr.com/nl/sms-gratis-qr-code-generator-online,"SMS QR-codegenerator - gratis en aangepast | CreateMy-QR
SMS - Gratis QR Code Generator Online - CreateMy-QR",text/html; charset=utf-8,false,200,0,0,,,"56
51",2,true
21,https://createmy-qr.com/th/instagram-ekhruue-ngmuue-sraangkhiw-aarokhd-nailnfrii,"อินสตาแกรม เครื่องสร้างโค้ด QR - ฟรีและกำหนดเอง | CreateMy-QR
อินสตาแกรม - เครื่องมือสร้างคิวอาร์โค้ดออนไลน์ฟรี - CreateMy-QR",text/html; charset=utf-8,false,200,0,0,,,"61
63",2,true
21,https://createmy-qr.com/es/sms-generador-de-codigos-qr-gratis-online,"Generador de códigos QR SMS: gratuito y personalizado | CreateMy-QR
SMS - Generador de Códigos QR Gratis Online - CreateMy-QR",text/html; charset=utf-8,false,200,0,0,,,"67
57",2,true
21,https://createmy-qr.com/hi/aayojn-muph-t-onnlaain-kyuuaar-kodd-jnrettr,"आयोजन QR कोड जेनरेटर - मुफ़्त और कस्टम | CreateMy-QR
आयोजन - मुफ़्त ऑनलाइन क्यूआर कोड जनरेटर - CreateMy-QR",text/html; charset=utf-8,false,200,0,0,,,"52
53",2,true
21,https://createmy-qr.com/ru/fayl-besplatnyy-generator-qr-kodov-onlayn,"Файл Генератор QR-кодов — бесплатный и настраиваемый | CreateMy-QR
Файл - Бесплатный генератор QR-кодов онлайн - CreateMy-QR",text/html; charset=utf-8,false,200,0,0,,,"66
57",2,true
21,https://createmy-qr.com/uk/bronyuvannya-bezkoshtovniy-generator-qr-kodiv-onlayn,"Генератор QR-коду Бронювання – безкоштовний і користувацький | CreateMy-QR
Бронювання - Безкоштовний Генератор QR-кодів Онлайн - CreateMy-QR",text/html; charset=utf-8,false,200,0,0,,,"74
65",2,true
21,https://createmy-qr.com/da/100-gratis-pris,"Gratis QR Kode Generator Online - CreateMy-QR (No Signup) | 100 % gratis pris
types.pricing QR Code Generator - Gratis og brugerdefineret | CreateMy-QR
100 % gratis pris | CreateMy-QR",text/html; charset=utf-8,false,200,0,0,,,"77
73
31",3,true
21,https://createmy-qr.com/cs/zdarma-online-generator-qr-kodu,"Bezplatný generátor čárových kódů online - Vytvořte 1D čárové kódy
types.barcode generátor QR kódu – zdarma a na míru | CreateMy-QR
barcode - Zdarma Online Generátor QR Kódů - CreateMy-QR",text/html; charset=utf-8,false,200,0,0,,,"66
64
55",3,true
21,https://createmy-qr.com/tl/larawan-libreng-online-qr-code-generator,"Larawan QR Code Generator - Libre at Custom | CreateMy-QR
Larawan - Libreng Online QR Code Generator - CreateMy-QR",text/html; charset=utf-8,false,200,0,0,,,"57
56",2,true
21,https://createmy-qr.com/vi/video-tao-ma-qr-mien-phi-truc-tuyen,"Trình tạo mã QR Video - Miễn phí & Tùy chỉnh | CreateMy-QR
Video - Tạo Mã QR Miễn Phí Trực Tuyến - CreateMy-QR",text/html; charset=utf-8,false,200,0,0,,,"58
51",2,true
21,https://createmy-qr.com/bn/eks-ttuittaar-phri-anlaain-kiuaar-kodd-jenaarettr,"এক্স (টুইটার) QR কোড জেনারেটর - বিনামূল্যে এবং কাস্টম | CreateMy-QR
এক্স (টুইটার) - ফ্রি অনলাইন কিউআর কোড জেনারেটর - CreateMy-QR",text/html; charset=utf-8,false,200,0,0,,,"67
60",2,true
21,https://createmy-qr.com/el/ekdilosi-dorean-dimioyrgia-qr-code-online,"Εκδήλωση QR Code Generator - Δωρεάν & Προσαρμοσμένο | CreateMy-QR
Εκδήλωση - Δωρεάν Δημιουργία QR Code Online - CreateMy-QR",text/html; charset=utf-8,false,200,0,0,,,"65
57",2,true
21,https://createmy-qr.com/th/wi-fi-ekhruue-ngmuue-sraangkhiw-aarokhd-nailnfrii,"อินเตอร์เน็ตไร้สาย เครื่องสร้างโค้ด QR - ฟรีและกำหนดเอง | CreateMy-QR
อินเตอร์เน็ตไร้สาย - เครื่องมือสร้างคิวอาร์โค้ดออนไลน์ฟรี - CreateMy-QR",text/html; charset=utf-8,false,200,0,0,,,"69
71",2,true
21,https://createmy-qr.com/fr/venmo-generateur-de-code-qr-gratuit-en-ligne,"Générateur de code QR Venmo - Gratuit et personnalisé | CreateMy-QR
Venmo - Générateur de Code QR Gratuit en Ligne - CreateMy-QR",text/html; charset=utf-8,false,200,0,0,,,"67
60",2,true
21,https://createmy-qr.com/ko/bidio-muryo-onrain-qr-kodeu-saengseonggi,"비디오 QR 코드 생성기 - 무료 및 사용자 정의 | CreateMy-QR
비디오 - 무료 온라인 QR 코드 생성기 - CreateMy-QR",text/html; charset=utf-8,false,200,0,0,,,"41
36",2,true
21,https://createmy-qr.com/tl/vcard-libreng-online-qr-code-generator,"vCard QR Code Generator - Libre at Custom | CreateMy-QR
vCard - Libreng Online QR Code Generator - CreateMy-QR",text/html; charset=utf-8,false,200,0,0,,,"55
54",2,true
21,https://createmy-qr.com/ar/lrbt-fy-lsyr-ldhty-mwld-rmz-lstjb-lsryaa-mjny,"الرابط في السيرة الذاتية QR Code Generator - مجاني ومخصص | CreateMy-QR
الرابط في السيرة الذاتية - مولد رمز الاستجابة السريعة مجاني - CreateMy-QR",text/html; charset=utf-8,false,200,0,0,,,"70
73",2,true
21,https://createmy-qr.com/hu/facebook-ingyenes-online-qr-kod-generator,"Facebook QR-kód generátor - ingyenes és egyedi | CreateMy-QR
Facebook - Ingyenes Online QR-kód Generátor - CreateMy-QR",text/html; charset=utf-8,false,200,0,0,,,"60
57",2,true
21,https://createmy-qr.com/sv/venmo-gratis-qr-kod-generator-online,"Venmo QR Code Generator - Gratis & anpassad | CreateMy-QR
Venmo - Gratis QR-kod Generator Online - CreateMy-QR",text/html; charset=utf-8,false,200,0,0,,,"57
52",2,true
21,https://createmy-qr.com/tr/konum-ucretsiz-cevrimici-qr-kod-olusturucu,"Konum QR Kod Oluşturucu - Ücretsiz ve Özel | CreateMy-QR
Konum - Ücretsiz Çevrimiçi QR Kod Oluşturucu - CreateMy-QR",text/html; charset=utf-8,false,200,0,0,,,"56
58",2,true
21,https://createmy-qr.com/it/confronta-strumenti,"Generatore di Codici QR Gratis Online - CreateMy-QR (No Signup) | Confronta strumenti
Generatore di codici QR types.compare - Gratuito e personalizzato | CreateMy-QR
Confronta strumenti | CreateMy-QR",text/html; charset=utf-8,false,200,0,0,,,"85
79
33",3,true
21,https://createmy-qr.com/fi/youtube-ilmainen-qr-koodigeneraattori-netissa,"YouTube QR-koodigeneraattori - ilmainen ja räätälöity | CreateMy-QR
YouTube - Ilmainen QR-koodigeneraattori Netissä - CreateMy-QR",text/html; charset=utf-8,false,200,0,0,,,"67
61",2,true
21,https://createmy-qr.com/id/telepon-generator-qr-code-gratis-online,"Telepon Pembuat Kode QR - Gratis & Khusus | CreateMy-QR
Telepon - Generator QR Code Gratis Online - CreateMy-QR",text/html; charset=utf-8,false,200,0,0,,,"55
55",2,true
21,https://createmy-qr.com/bn/phaail-berkaas-phri-anlaain-kiuaar-kodd-jenaarettr,"ফাইল/বেরকাস QR কোড জেনারেটর - বিনামূল্যে এবং কাস্টম | CreateMy-QR
ফাইল/বেরকাস - ফ্রি অনলাইন কিউআর কোড জেনারেটর - CreateMy-QR",text/html; charset=utf-8,false,200,0,0,,,"65
58",2,true
21,https://createmy-qr.com/th/othrsaphth-ekhruue-ngmuue-sraangkhiw-aarokhd-nailnfrii,"โทรศัพท์ เครื่องสร้างโค้ด QR - ฟรีและกำหนดเอง | CreateMy-QR
โทรศัพท์ - เครื่องมือสร้างคิวอาร์โค้ดออนไลน์ฟรี - CreateMy-QR",text/html; charset=utf-8,false,200,0,0,,,"59
61",2,true
21,https://createmy-qr.com/sv/x-twitter-gratis-qr-kod-generator-online,"X (Twitter) QR Code Generator - Gratis & anpassad | CreateMy-QR
X (Twitter) - Gratis QR-kod Generator Online - CreateMy-QR",text/html; charset=utf-8,false,200,0,0,,,"63
58",2,true
21,https://createmy-qr.com/zh/wi-fi-mian-fei-zai-xian-er-wei-ma-sheng-cheng-qi,"无线网络 QR 代码生成器 - 免费和自定义 | CreateMy-QR
无线网络 - 免费在线二维码生成器 - CreateMy-QR",text/html; charset=utf-8,false,200,0,0,,,"36
31",2,true
21,https://createmy-qr.com/hu/google-review-ingyenes-online-qr-kod-generator,"Google Review QR-kód generátor - ingyenes és egyedi | CreateMy-QR
Google Review - Ingyenes Online QR-kód Generátor - CreateMy-QR",text/html; charset=utf-8,false,200,0,0,,,"65
62",2,true
21,https://createmy-qr.com/ko/app-store-muryo-onrain-qr-kodeu-saengseonggi,"앱 스토어 QR 코드 생성기 - 무료 및 사용자 정의 | CreateMy-QR
앱 스토어 - 무료 온라인 QR 코드 생성기 - CreateMy-QR",text/html; charset=utf-8,false,200,0,0,,,"43
38",2,true
21,https://createmy-qr.com/uk/linkedin-bezkoshtovniy-generator-qr-kodiv-onlayn,"Генератор QR-коду LinkedIn – безкоштовний і користувацький | CreateMy-QR
LinkedIn - Безкоштовний Генератор QR-кодів Онлайн - CreateMy-QR",text/html; charset=utf-8,false,200,0,0,,,"72
63",2,true
21,https://createmy-qr.com/da/gratis-qr-kode-generator-online,"Gratis stregkodegenerator online - Opret 1D stregkoder
types.barcode QR Code Generator - Gratis og brugerdefineret | CreateMy-QR
barcode - Gratis QR Kode Generator Online - CreateMy-QR",text/html; charset=utf-8,false,200,0,0,,,"54
73
55",3,true
21,https://createmy-qr.com/vi/discord-tao-ma-qr-mien-phi-truc-tuyen,"Trình tạo mã QR Bất hòa - Miễn phí & Tùy chỉnh | CreateMy-QR
Bất hòa - Tạo Mã QR Miễn Phí Trực Tuyến - CreateMy-QR",text/html; charset=utf-8,false,200,0,0,,,"60
53",2,true
21,https://createmy-qr.com/fi/100-ilmainen-hinnoittelu,"Ilmainen QR-koodigeneraattori Netissä - CreateMy-QR (No Signup) | 100 % ilmainen hinnoittelu
types.pricing QR-koodigeneraattori - ilmainen ja räätälöity | CreateMy-QR
100 % ilmainen hinnoittelu | CreateMy-QR",text/html; charset=utf-8,false,200,0,0,,,"92
73
40",3,true
21,https://createmy-qr.com/tl/paypal-libreng-online-qr-code-generator,"PayPal QR Code Generator - Libre at Custom | CreateMy-QR
PayPal - Libreng Online QR Code Generator - CreateMy-QR",text/html; charset=utf-8,false,200,0,0,,,"56
55",2,true
21,https://createmy-qr.com/hu/adatvedelmi-szabalyzat,"Ingyenes Online QR-kód Generátor - CreateMy-QR (No Signup) | Adatvédelmi szabályzat
types.privacy QR-kód generátor - ingyenes és egyedi | CreateMy-QR
Adatvédelmi szabályzat | CreateMy-QR",text/html; charset=utf-8,false,200,0,0,,,"83
65
36",3,true
21,https://createmy-qr.com/no/arrangement-gratis-qr-kode-generator-online,"Arrangement QR Code Generator - Gratis og tilpasset | CreateMy-QR
Arrangement - Gratis QR-kode Generator Online - CreateMy-QR",text/html; charset=utf-8,false,200,0,0,,,"65
59",2,true
21,https://createmy-qr.com/es/tiktok-generador-de-codigos-qr-gratis-online,"Generador de códigos QR Tik Tok: gratuito y personalizado | CreateMy-QR
Tik Tok - Generador de Códigos QR Gratis Online - CreateMy-QR",text/html; charset=utf-8,false,200,0,0,,,"71
61",2,true
21,https://createmy-qr.com/pl/crypto-darmowy-generator-kodow-qr-online,"Generator kodów QR Kryptowaluty — bezpłatny i niestandardowy | CreateMy-QR
Kryptowaluty - Darmowy Generator Kodów QR Online - CreateMy-QR",text/html; charset=utf-8,false,200,0,0,,,"74
62",2,true
21,https://createmy-qr.com/vi/app-store-tao-ma-qr-mien-phi-truc-tuyen,"Trình tạo mã QR Cửa hàng ứng dụng - Miễn phí & Tùy chỉnh | CreateMy-QR
Cửa hàng ứng dụng - Tạo Mã QR Miễn Phí Trực Tuyến - CreateMy-QR",text/html; charset=utf-8,false,200,0,0,,,"70
63",2,true
21,https://createmy-qr.com/de/anwendungsfalle,"Kostenloser QR-Code Generator Online - CreateMy-QR (No Signup) | Anwendungsfälle
types.usecases QR-Code-Generator – kostenlos und benutzerdefiniert | CreateMy-QR
Anwendungsfälle | CreateMy-QR",text/html; charset=utf-8,false,200,0,0,,,"80
80
29",3,true
21,https://createmy-qr.com/ro/app-store-generator-de-coduri-qr-gratuit-online,"App Store QR Code Generator - Gratuit și personalizat | CreateMy-QR
App Store - Generator de Coduri QR Gratuit Online - CreateMy-QR",text/html; charset=utf-8,false,200,0,0,,,"67
63",2,true
21,https://createmy-qr.com/fr/whatsapp-generateur-de-code-qr-gratuit-en-ligne,"Générateur de code QR WhatsApp - Gratuit et personnalisé | CreateMy-QR
WhatsApp - Générateur de Code QR Gratuit en Ligne - CreateMy-QR",text/html; charset=utf-8,false,200,0,0,,,"70
63",2,true
21,https://createmy-qr.com/pl/whatsapp-darmowy-generator-kodow-qr-online,"Generator kodów QR WhatsApp — bezpłatny i niestandardowy | CreateMy-QR
WhatsApp - Darmowy Generator Kodów QR Online - CreateMy-QR",text/html; charset=utf-8,false,200,0,0,,,"70
58",2,true
21,https://createmy-qr.com/el/syndesmos-sto-bio-dorean-dimioyrgia-qr-code-online,"Σύνδεσμος στο Bio QR Code Generator - Δωρεάν & Προσαρμοσμένο | CreateMy-QR
Σύνδεσμος στο Bio - Δωρεάν Δημιουργία QR Code Online - CreateMy-QR",text/html; charset=utf-8,false,200,0,0,,,"74
66",2,true
21,https://createmy-qr.com/da/linkedin-gratis-qr-kode-generator-online,"LinkedIn QR Code Generator - Gratis og brugerdefineret | CreateMy-QR
LinkedIn - Gratis QR Kode Generator Online - CreateMy-QR",text/html; charset=utf-8,false,200,0,0,,,"68
56",2,true
21,https://createmy-qr.com/nl/servicevoorwaarden,"Gratis QR Code Generator Online - CreateMy-QR (No Signup) | Servicevoorwaarden
types.terms QR-codegenerator - gratis en aangepast | CreateMy-QR
Servicevoorwaarden | CreateMy-QR",text/html; charset=utf-8,false,200,0,0,,,"78
64
32",3,true
21,https://createmy-qr.com/id/kasus-penggunaan,"Generator QR Code Gratis Online - CreateMy-QR (No Signup) | Kasus Penggunaan
types.usecases Pembuat Kode QR - Gratis & Khusus | CreateMy-QR
Kasus Penggunaan | CreateMy-QR",text/html; charset=utf-8,false,200,0,0,,,"76
62
30",3,true
21,https://createmy-qr.com/tr/email-ucretsiz-cevrimici-qr-kod-olusturucu,"E-posta QR Kod Oluşturucu - Ücretsiz ve Özel | CreateMy-QR
E-posta - Ücretsiz Çevrimiçi QR Kod Oluşturucu - CreateMy-QR",text/html; charset=utf-8,false,200,0,0,,,"58
60",2,true
21,https://createmy-qr.com/zh/app-store-mian-fei-zai-xian-er-wei-ma-sheng-cheng-qi,"应用商店 QR 代码生成器 - 免费和自定义 | CreateMy-QR
应用商店 - 免费在线二维码生成器 - CreateMy-QR",text/html; charset=utf-8,false,200,0,0,,,"36
31",2,true
21,https://createmy-qr.com/da/crypto-gratis-qr-kode-generator-online,"Krypto QR Code Generator - Gratis og brugerdefineret | CreateMy-QR
Krypto - Gratis QR Kode Generator Online - CreateMy-QR",text/html; charset=utf-8,false,200,0,0,,,"66
54",2,true
21,https://createmy-qr.com/el/keimeno-dorean-dimioyrgia-qr-code-online,"Κείμενο QR Code Generator - Δωρεάν & Προσαρμοσμένο | CreateMy-QR
Κείμενο - Δωρεάν Δημιουργία QR Code Online - CreateMy-QR",text/html; charset=utf-8,false,200,0,0,,,"64
56",2,true
21,https://createmy-qr.com/ru/app-store-besplatnyy-generator-qr-kodov-onlayn,"Магазин приложений Генератор QR-кодов — бесплатный и настраиваемый | CreateMy-QR
Магазин приложений - Бесплатный генератор QR-кодов онлайн - CreateMy-QR",text/html; charset=utf-8,false,200,0,0,,,"80
71",2,true
21,https://createmy-qr.com/bn/app-store-phri-anlaain-kiuaar-kodd-jenaarettr,"অ্যাপ স্টোর QR কোড জেনারেটর - বিনামূল্যে এবং কাস্টম | CreateMy-QR
অ্যাপ স্টোর - ফ্রি অনলাইন কিউআর কোড জেনারেটর - CreateMy-QR",text/html; charset=utf-8,false,200,0,0,,,"65
58",2,true
21,https://createmy-qr.com/hi/linkedin-muph-t-onnlaain-kyuuaar-kodd-jnrettr,"लिंक्डइन QR कोड जेनरेटर - मुफ़्त और कस्टम | CreateMy-QR
लिंक्डइन - मुफ़्त ऑनलाइन क्यूआर कोड जनरेटर - CreateMy-QR",text/html; charset=utf-8,false,200,0,0,,,"55
56",2,true
21,https://createmy-qr.com/tr/ses-ucretsiz-cevrimici-qr-kod-olusturucu,"Ses QR Kod Oluşturucu - Ücretsiz ve Özel | CreateMy-QR
Ses - Ücretsiz Çevrimiçi QR Kod Oluşturucu - CreateMy-QR",text/html; charset=utf-8,false,200,0,0,,,"54
56",2,true
21,https://createmy-qr.com/audio-qr-code-generator,"Audio QR Code Generator - Free & Custom | CreateMy-QR
Audio - Free QR Code Generator Online - CreateMy-QR",text/html; charset=utf-8,false,200,0,0,,,"53
51",2,true
21,https://createmy-qr.com/uk/instagram-bezkoshtovniy-generator-qr-kodiv-onlayn,"Генератор QR-коду Instagram – безкоштовний і користувацький | CreateMy-QR
Instagram - Безкоштовний Генератор QR-кодів Онлайн - CreateMy-QR",text/html; charset=utf-8,false,200,0,0,,,"73
64",2,true
21,https://createmy-qr.com/fi/,"CreateMy-QR | Kaikki QR ja viivakoodi Työkalut yhdessä paikassa
CreateMy-QR | Kaikki QR ja viivakoodi Työkalut yhdessä paikassa
home - Ilmainen QR-koodigeneraattori Netissä - CreateMy-QR",text/html; charset=utf-8,false,200,0,1,,,"63
63
58",3,true
21,https://createmy-qr.com/hi/youtube-muph-t-onnlaain-kyuuaar-kodd-jnrettr,"यूट्यूब QR कोड जेनरेटर - मुफ़्त और कस्टम | CreateMy-QR
यूट्यूब - मुफ़्त ऑनलाइन क्यूआर कोड जनरेटर - CreateMy-QR",text/html; charset=utf-8,false,200,0,0,,,"54
55",2,true
21,https://createmy-qr.com/bn/absthaan-phri-anlaain-kiuaar-kodd-jenaarettr,"অবস্থান QR কোড জেনারেটর - বিনামূল্যে এবং কাস্টম | CreateMy-QR
অবস্থান - ফ্রি অনলাইন কিউআর কোড জেনারেটর - CreateMy-QR",text/html; charset=utf-8,false,200,0,0,,,"61
54",2,true
21,https://createmy-qr.com/nl/boeking-gratis-qr-code-generator-online,"Boeking QR-codegenerator - gratis en aangepast | CreateMy-QR
Boeking - Gratis QR Code Generator Online - CreateMy-QR",text/html; charset=utf-8,false,200,0,0,,,"60
55",2,true
21,https://createmy-qr.com/no/google-review-gratis-qr-kode-generator-online,"Google-anmeldelse QR Code Generator - Gratis og tilpasset | CreateMy-QR
Google-anmeldelse - Gratis QR-kode Generator Online - CreateMy-QR",text/html; charset=utf-8,false,200,0,0,,,"71
65",2,true
21,https://createmy-qr.com/vi/telegram-tao-ma-qr-mien-phi-truc-tuyen,"Trình tạo mã QR Điện tín - Miễn phí & Tùy chỉnh | CreateMy-QR
Điện tín - Tạo Mã QR Miễn Phí Trực Tuyến - CreateMy-QR",text/html; charset=utf-8,false,200,0,0,,,"61
54",2,true
21,https://createmy-qr.com/tl/facebook-libreng-online-qr-code-generator,"Facebook QR Code Generator - Libre at Custom | CreateMy-QR
Facebook - Libreng Online QR Code Generator - CreateMy-QR",text/html; charset=utf-8,false,200,0,0,,,"58
57",2,true
21,https://createmy-qr.com/de/link-in-bio-kostenloser-qr-code-generator-online,"Link in Bio QR-Code-Generator – kostenlos und benutzerdefiniert | CreateMy-QR
Link in Bio - Kostenloser QR-Code Generator Online - CreateMy-QR",text/html; charset=utf-8,false,200,0,0,,,"77
64",2,true
21,https://createmy-qr.com/ar/lswt-tdwyn-swty-mwld-rmz-lstjb-lsryaa-mjny,"الصوت / تدوين صوتي QR Code Generator - مجاني ومخصص | CreateMy-QR
الصوت / تدوين صوتي - مولد رمز الاستجابة السريعة مجاني - CreateMy-QR",text/html; charset=utf-8,false,200,0,0,,,"64
67",2,true
21,https://createmy-qr.com/th/kh-khwaam-ekhruue-ngmuue-sraangkhiw-aarokhd-nailnfrii,"ข้อความ เครื่องสร้างโค้ด QR - ฟรีและกำหนดเอง | CreateMy-QR
ข้อความ - เครื่องมือสร้างคิวอาร์โค้ดออนไลน์ฟรี - CreateMy-QR",text/html; charset=utf-8,false,200,0,0,,,"58
60",2,true
21,https://createmy-qr.com/th/app-store-ekhruue-ngmuue-sraangkhiw-aarokhd-nailnfrii,"แอพสโตร์ เครื่องสร้างโค้ด QR - ฟรีและกำหนดเอง | CreateMy-QR
แอพสโตร์ - เครื่องมือสร้างคิวอาร์โค้ดออนไลน์ฟรี - CreateMy-QR",text/html; charset=utf-8,false,200,0,0,,,"59
61",2,true
21,https://createmy-qr.com/nl/evenement-gratis-qr-code-generator-online,"Evenement QR-codegenerator - gratis en aangepast | CreateMy-QR
Evenement - Gratis QR Code Generator Online - CreateMy-QR",text/html; charset=utf-8,false,200,0,0,,,"62
57",2,true
21,https://createmy-qr.com/da/google-forms-gratis-qr-kode-generator-online,"Google Forms QR Code Generator - Gratis og brugerdefineret | CreateMy-QR
Google Forms - Gratis QR Kode Generator Online - CreateMy-QR",text/html; charset=utf-8,false,200,0,0,,,"72
60",2,true
21,https://createmy-qr.com/fi/turvallisuusarkkitehtuuri,"Ilmainen QR-koodigeneraattori Netissä - CreateMy-QR (No Signup) | Turvallisuusarkkitehtuuri
types.security QR-koodigeneraattori - ilmainen ja räätälöity | CreateMy-QR
Turvallisuusarkkitehtuuri | CreateMy-QR",text/html; charset=utf-8,false,200,0,0,,,"91
74
39",3,true
21,https://createmy-qr.com/hu/app-store-ingyenes-online-qr-kod-generator,"App Store QR-kód generátor - ingyenes és egyedi | CreateMy-QR
App Store - Ingyenes Online QR-kód Generátor - CreateMy-QR",text/html; charset=utf-8,false,200,0,0,,,"61
58",2,true
21,https://createmy-qr.com/el/vinteo-dorean-dimioyrgia-qr-code-online,"Βίντεο QR Code Generator - Δωρεάν & Προσαρμοσμένο | CreateMy-QR
Βίντεο - Δωρεάν Δημιουργία QR Code Online - CreateMy-QR",text/html; charset=utf-8,false,200,0,0,,,"63
55",2,true
21,https://createmy-qr.com/ja/spotify-wu-liao-qrkodozuo-cheng-zienereta,"スポティファイ QR コード ジェネレーター - 無料 & カスタム | CreateMy-QR
スポティファイ - 無料QRコード作成・ジェネレーター - CreateMy-QR",text/html; charset=utf-8,false,200,0,0,,,"48
41",2,true
21,https://createmy-qr.com/cs/url-link-zdarma-online-generator-qr-kodu,"Zdarma Online Generátor QR Kódů - CreateMy-QR (No Signup) | CreateMy-QR
Zdarma Online Generátor QR Kódů - CreateMy-QR (No Signup)",text/html; charset=utf-8,false,200,0,0,,,"71
57",2,true
21,https://createmy-qr.com/vi/whatsapp-tao-ma-qr-mien-phi-truc-tuyen,"Trình tạo mã QR WhatsApp - Miễn phí & Tùy chỉnh | CreateMy-QR
WhatsApp - Tạo Mã QR Miễn Phí Trực Tuyến - CreateMy-QR",text/html; charset=utf-8,false,200,0,0,,,"61
54",2,true
21,https://createmy-qr.com/sv/paypal-gratis-qr-kod-generator-online,"PayPal QR Code Generator - Gratis & anpassad | CreateMy-QR
PayPal - Gratis QR-kod Generator Online - CreateMy-QR",text/html; charset=utf-8,false,200,0,0,,,"58
53",2,true
21,https://createmy-qr.com/ko/telegram-muryo-onrain-qr-kodeu-saengseonggi,"텔레그램 QR 코드 생성기 - 무료 및 사용자 정의 | CreateMy-QR
텔레그램 - 무료 온라인 QR 코드 생성기 - CreateMy-QR",text/html; charset=utf-8,false,200,0,0,,,"42
37",2,true
21,https://createmy-qr.com/pl/paypal-darmowy-generator-kodow-qr-online,"Generator kodów QR PayPal — bezpłatny i niestandardowy | CreateMy-QR
PayPal - Darmowy Generator Kodów QR Online - CreateMy-QR",text/html; charset=utf-8,false,200,0,0,,,"68
56",2,true
21,https://createmy-qr.com/de/amazon-kostenloser-qr-code-generator-online,"Amazon QR-Code-Generator – kostenlos und benutzerdefiniert | CreateMy-QR
Amazon - Kostenloser QR-Code Generator Online - CreateMy-QR",text/html; charset=utf-8,false,200,0,0,,,"72
59",2,true
21,https://createmy-qr.com/sv/lank-i-bio-gratis-qr-kod-generator-online,"Länk i bio QR Code Generator - Gratis & anpassad | CreateMy-QR
Länk i bio - Gratis QR-kod Generator Online - CreateMy-QR",text/html; charset=utf-8,false,200,0,0,,,"62
57",2,true
21,https://createmy-qr.com/ko/dogu-bigyo,"무료 온라인 QR 코드 생성기 - CreateMy-QR (No Signup) | 도구 비교
types.compare QR 코드 생성기 - 무료 및 사용자 정의 | CreateMy-QR
도구 비교 | CreateMy-QR",text/html; charset=utf-8,false,200,0,0,,,"50
51
19",3,true
21,https://createmy-qr.com/tr/wi-fi-ucretsiz-cevrimici-qr-kod-olusturucu,"Wi-Fi QR Kod Oluşturucu - Ücretsiz ve Özel | CreateMy-QR
Wi-Fi - Ücretsiz Çevrimiçi QR Kod Oluşturucu - CreateMy-QR",text/html; charset=utf-8,false,200,0,0,,,"56
58",2,true
21,https://createmy-qr.com/ro/wi-fi-generator-de-coduri-qr-gratuit-online,"Wi-Fi QR Code Generator - Gratuit și personalizat | CreateMy-QR
Wi-Fi - Generator de Coduri QR Gratuit Online - CreateMy-QR",text/html; charset=utf-8,false,200,0,0,,,"63
59",2,true
21,https://createmy-qr.com/uk/snapchat-bezkoshtovniy-generator-qr-kodiv-onlayn,"Генератор QR-коду Snapchat – безкоштовний і користувацький | CreateMy-QR
Snapchat - Безкоштовний Генератор QR-кодів Онлайн - CreateMy-QR",text/html; charset=utf-8,false,200,0,0,,,"72
63",2,true
21,https://createmy-qr.com/de/uber-uns,"Kostenloser QR-Code Generator Online - CreateMy-QR (No Signup) | Über uns
types.about QR-Code-Generator – kostenlos und benutzerdefiniert | CreateMy-QR
Über uns | CreateMy-QR",text/html; charset=utf-8,false,200,0,0,,,"73
77
22",3,true
21,https://createmy-qr.com/ar/fydyw-mwld-rmz-lstjb-lsryaa-mjny,"فيديو QR Code Generator - مجاني ومخصص | CreateMy-QR
فيديو - مولد رمز الاستجابة السريعة مجاني - CreateMy-QR",text/html; charset=utf-8,false,200,0,0,,,"51
54",2,true
21,https://createmy-qr.com/da/snapchat-gratis-qr-kode-generator-online,"Snapchat QR Code Generator - Gratis og brugerdefineret | CreateMy-QR
Snapchat - Gratis QR Kode Generator Online - CreateMy-QR",text/html; charset=utf-8,false,200,0,0,,,"68
56",2,true
21,https://createmy-qr.com/it/wi-fi-generatore-di-codici-qr-gratis-online,"Generatore di codici QR Wi-Fi - Gratuito e personalizzato | CreateMy-QR
Wi-Fi - Generatore di Codici QR Gratis Online - CreateMy-QR",text/html; charset=utf-8,false,200,0,0,,,"71
59",2,true
21,https://createmy-qr.com/de/datenschutzrichtlinie,"Kostenloser QR-Code Generator Online - CreateMy-QR (No Signup) | Datenschutzrichtlinie
types.privacy QR-Code-Generator – kostenlos und benutzerdefiniert | CreateMy-QR
Datenschutzrichtlinie | CreateMy-QR",text/html; charset=utf-8,false,200,0,0,,,"86
79
35",3,true
21,https://createmy-qr.com/th/discord-ekhruue-ngmuue-sraangkhiw-aarokhd-nailnfrii,"ความไม่ลงรอยกัน เครื่องสร้างโค้ด QR - ฟรีและกำหนดเอง | CreateMy-QR
ความไม่ลงรอยกัน - เครื่องมือสร้างคิวอาร์โค้ดออนไลน์ฟรี - CreateMy-QR",text/html; charset=utf-8,false,200,0,0,,,"66
68",2,true
21,https://createmy-qr.com/nl/venmo-gratis-qr-code-generator-online,"Venmo QR-codegenerator - gratis en aangepast | CreateMy-QR
Venmo - Gratis QR Code Generator Online - CreateMy-QR",text/html; charset=utf-8,false,200,0,0,,,"58
53",2,true
21,https://createmy-qr.com/th/whatsapp-ekhruue-ngmuue-sraangkhiw-aarokhd-nailnfrii,"วอทส์แอพพ์ เครื่องสร้างโค้ด QR - ฟรีและกำหนดเอง | CreateMy-QR
วอทส์แอพพ์ - เครื่องมือสร้างคิวอาร์โค้ดออนไลน์ฟรี - CreateMy-QR",text/html; charset=utf-8,false,200,0,0,,,"61
63",2,true
21,https://createmy-qr.com/hi/gopniiytaa-niiti,"मुफ़्त ऑनलाइन क्यूआर कोड जनरेटर - CreateMy-QR (No Signup) | गोपनीयता नीति
types.privacy QR कोड जेनरेटर - मुफ़्त और कस्टम | CreateMy-QR
गोपनीयता नीति | CreateMy-QR",text/html; charset=utf-8,false,200,0,0,,,"73
60
27",3,true
21,https://createmy-qr.com/it/instagram-generatore-di-codici-qr-gratis-online,"Generatore di codici QR Instagram - Gratuito e personalizzato | CreateMy-QR
Instagram - Generatore di Codici QR Gratis Online - CreateMy-QR",text/html; charset=utf-8,false,200,0,0,,,"75
63",2,true
21,https://createmy-qr.com/hu/snapchat-ingyenes-online-qr-kod-generator,"Snapchat QR-kód generátor - ingyenes és egyedi | CreateMy-QR
Snapchat - Ingyenes Online QR-kód Generátor - CreateMy-QR",text/html; charset=utf-8,false,200,0,0,,,"60
57",2,true
21,https://createmy-qr.com/el/ergaleia-sygkrisis,"Δωρεάν Δημιουργία QR Code Online - CreateMy-QR (No Signup) | Εργαλεία σύγκρισης
types.compare QR Code Generator - Δωρεάν & Προσαρμοσμένο | CreateMy-QR
Εργαλεία σύγκρισης | CreateMy-QR",text/html; charset=utf-8,false,200,0,0,,,"79
70
32",3,true
21,https://createmy-qr.com/bn/ghttnaa-phri-anlaain-kiuaar-kodd-jenaarettr,"ঘটনা QR কোড জেনারেটর - বিনামূল্যে এবং কাস্টম | CreateMy-QR
ঘটনা - ফ্রি অনলাইন কিউআর কোড জেনারেটর - CreateMy-QR",text/html; charset=utf-8,false,200,0,0,,,"58
51",2,true
21,https://createmy-qr.com/hu/linkedin-ingyenes-online-qr-kod-generator,"LinkedIn QR-kód generátor - ingyenes és egyedi | CreateMy-QR
LinkedIn - Ingyenes Online QR-kód Generátor - CreateMy-QR",text/html; charset=utf-8,false,200,0,0,,,"60
57",2,true
21,https://createmy-qr.com/hi/snapchat-muph-t-onnlaain-kyuuaar-kodd-jnrettr,"स्नैपचैट QR कोड जेनरेटर - मुफ़्त और कस्टम | CreateMy-QR
स्नैपचैट - मुफ़्त ऑनलाइन क्यूआर कोड जनरेटर - CreateMy-QR",text/html; charset=utf-8,false,200,0,0,,,"55
56",2,true
21,https://createmy-qr.com/video-qr-code-generator,"Video QR Code Generator - Free & Custom | CreateMy-QR
Video - Free QR Code Generator Online - CreateMy-QR",text/html; charset=utf-8,false,200,0,0,,,"53
51",2,true
21,https://createmy-qr.com/pl/wideo-darmowy-generator-kodow-qr-online,"Generator kodów QR Wideo — bezpłatny i niestandardowy | CreateMy-QR
Wideo - Darmowy Generator Kodów QR Online - CreateMy-QR",text/html; charset=utf-8,false,200,0,0,,,"67
55",2,true
21,https://createmy-qr.com/hi/onddiyo-muph-t-onnlaain-kyuuaar-kodd-jnrettr,"ऑडियो QR कोड जेनरेटर - मुफ़्त और कस्टम | CreateMy-QR
ऑडियो - मुफ़्त ऑनलाइन क्यूआर कोड जनरेटर - CreateMy-QR",text/html; charset=utf-8,false,200,0,0,,,"52
53",2,true
21,https://createmy-qr.com/sv/streckkodslasare-gratis-qr-kod-generator-online,"Gratis streckkodsläsare online - Skanna UPC & EAN
Streckkodsläsare QR Code Generator - Gratis & anpassad | CreateMy-QR
Streckkodsläsare - Gratis QR-kod Generator Online - CreateMy-QR",text/html; charset=utf-8,false,200,0,0,,,"49
68
63",3,true
21,https://createmy-qr.com/da/sammenlign-vaerktojer,"Gratis QR Kode Generator Online - CreateMy-QR (No Signup) | Sammenlign værktøjer
types.compare QR Code Generator - Gratis og brugerdefineret | CreateMy-QR
Sammenlign værktøjer | CreateMy-QR",text/html; charset=utf-8,false,200,0,0,,,"80
73
34",3,true
21,https://createmy-qr.com/tr/ucretsiz-cevrimici-qr-kod-olusturucu,"Ücretsiz Çevrimiçi Barkod Oluşturucu - 1D Barkodlar Oluşturun
types.barcode QR Kod Oluşturucu - Ücretsiz ve Özel | CreateMy-QR
barcode - Ücretsiz Çevrimiçi QR Kod Oluşturucu - CreateMy-QR",text/html; charset=utf-8,false,200,0,0,,,"61
64
60",3,true
21,https://createmy-qr.com/fi/vertaa-tyokaluja,"Ilmainen QR-koodigeneraattori Netissä - CreateMy-QR (No Signup) | Vertaa työkaluja
types.compare QR-koodigeneraattori - ilmainen ja räätälöity | CreateMy-QR
Vertaa työkaluja | CreateMy-QR",text/html; charset=utf-8,false,200,0,0,,,"82
73
30",3,true
21,https://createmy-qr.com/cs/pripady-pouziti,"Zdarma Online Generátor QR Kódů - CreateMy-QR (No Signup) | Případy použití
types.usecases generátor QR kódu – zdarma a na míru | CreateMy-QR
Případy použití | CreateMy-QR",text/html; charset=utf-8,false,200,0,0,,,"75
65
29",3,true
21,https://createmy-qr.com/hu/rolunk,"Ingyenes Online QR-kód Generátor - CreateMy-QR (No Signup) | Rólunk
types.about QR-kód generátor - ingyenes és egyedi | CreateMy-QR
Rólunk | CreateMy-QR",text/html; charset=utf-8,false,200,0,0,,,"67
63
20",3,true
21,https://createmy-qr.com/hu/crypto-ingyenes-online-qr-kod-generator,"Crypto QR-kód generátor - ingyenes és egyedi | CreateMy-QR
Crypto - Ingyenes Online QR-kód Generátor - CreateMy-QR",text/html; charset=utf-8,false,200,0,0,,,"58
55",2,true
21,https://createmy-qr.com/pl/google-review-darmowy-generator-kodow-qr-online,"Generator kodów QR Recenzja Google — bezpłatny i niestandardowy | CreateMy-QR
Recenzja Google - Darmowy Generator Kodów QR Online - CreateMy-QR",text/html; charset=utf-8,false,200,0,0,,,"77
65",2,true
21,https://createmy-qr.com/id/discord-generator-qr-code-gratis-online,"Perselisihan Pembuat Kode QR - Gratis & Khusus | CreateMy-QR
Perselisihan - Generator QR Code Gratis Online - CreateMy-QR",text/html; charset=utf-8,false,200,0,0,,,"60
60",2,true
21,https://createmy-qr.com/sv/google-review-gratis-qr-kod-generator-online,"Google Review QR Code Generator - Gratis & anpassad | CreateMy-QR
Google Review - Gratis QR-kod Generator Online - CreateMy-QR",text/html; charset=utf-8,false,200,0,0,,,"65
60",2,true
21,https://createmy-qr.com/id/spotify-generator-qr-code-gratis-online,"Spotify Pembuat Kode QR - Gratis & Khusus | CreateMy-QR
Spotify - Generator QR Code Gratis Online - CreateMy-QR",text/html; charset=utf-8,false,200,0,0,,,"55
55",2,true
21,https://createmy-qr.com/id/facebook-generator-qr-code-gratis-online,"Facebook Pembuat Kode QR - Gratis & Khusus | CreateMy-QR
Facebook - Generator QR Code Gratis Online - CreateMy-QR",text/html; charset=utf-8,false,200,0,0,,,"56
56",2,true
21,https://createmy-qr.com/es/youtube-generador-de-codigos-qr-gratis-online,"Generador de códigos QR Youtube: gratuito y personalizado | CreateMy-QR
Youtube - Generador de Códigos QR Gratis Online - CreateMy-QR",text/html; charset=utf-8,false,200,0,0,,,"71
61",2,true
21,https://createmy-qr.com/ro/limbi-acceptate,"Generator de Coduri QR Gratuit Online - CreateMy-QR (No Signup) | Limbi acceptate
types.languages QR Code Generator - Gratuit și personalizat | CreateMy-QR
Limbi acceptate | CreateMy-QR",text/html; charset=utf-8,false,200,0,0,,,"81
73
29",3,true
21,https://createmy-qr.com/id/instagram-generator-qr-code-gratis-online,"Instagram Pembuat Kode QR - Gratis & Khusus | CreateMy-QR
Instagram - Generator QR Code Gratis Online - CreateMy-QR",text/html; charset=utf-8,false,200,0,0,,,"57
57",2,true
21,https://createmy-qr.com/es/escaner-de-codigo-de-barras-generador-de-codigos-qr-gratis-online,"Escáner de códigos de barras gratuito en línea: escanee UPC y EAN
Generador de códigos QR Escáner de código de barras: gratuito y personalizado | CreateMy-QR
Escáner de código de barras - Generador de Códigos QR Gratis Online - CreateMy-QR",text/html; charset=utf-8,false,200,0,0,,,"65
91
81",3,true
21,https://createmy-qr.com/ja/crypto-wu-liao-qrkodozuo-cheng-zienereta,"暗号 QR コード ジェネレーター - 無料 & カスタム | CreateMy-QR
暗号 - 無料QRコード作成・ジェネレーター - CreateMy-QR",text/html; charset=utf-8,false,200,0,0,,,"43
36",2,true
21,https://createmy-qr.com/tr/google-forms-ucretsiz-cevrimici-qr-kod-olusturucu,"Google Formları QR Kod Oluşturucu - Ücretsiz ve Özel | CreateMy-QR
Google Formları - Ücretsiz Çevrimiçi QR Kod Oluşturucu - CreateMy-QR",text/html; charset=utf-8,false,200,0,0,,,"66
68",2,true
21,https://createmy-qr.com/id/google-forms-generator-qr-code-gratis-online,"Google Formulir Pembuat Kode QR - Gratis & Khusus | CreateMy-QR
Google Formulir - Generator QR Code Gratis Online - CreateMy-QR",text/html; charset=utf-8,false,200,0,0,,,"63
63",2,true
21,https://createmy-qr.com/ru/varianty-ispolzovaniya,"Бесплатный генератор QR-кодов онлайн - CreateMy-QR (No Signup) | Варианты использования
types.usecases Генератор QR-кодов — бесплатный и настраиваемый | CreateMy-QR
Варианты использования | CreateMy-QR",text/html; charset=utf-8,false,200,0,0,,,"87
76
36",3,true
21,https://createmy-qr.com/it/google-review-generatore-di-codici-qr-gratis-online,"Generatore di codici QR Recensione Google - Gratuito e personalizzato | CreateMy-QR
Recensione Google - Generatore di Codici QR Gratis Online - CreateMy-QR",text/html; charset=utf-8,false,200,0,0,,,"83
71",2,true
21,https://createmy-qr.com/ru/bronirovanie-besplatnyy-generator-qr-kodov-onlayn,"Бронирование Генератор QR-кодов — бесплатный и настраиваемый | CreateMy-QR
Бронирование - Бесплатный генератор QR-кодов онлайн - CreateMy-QR",text/html; charset=utf-8,false,200,0,0,,,"74
65",2,true
21,https://createmy-qr.com/fi/linkki-biossa-ilmainen-qr-koodigeneraattori-netissa,"Linkki Biossa QR-koodigeneraattori - ilmainen ja räätälöity | CreateMy-QR
Linkki Biossa - Ilmainen QR-koodigeneraattori Netissä - CreateMy-QR",text/html; charset=utf-8,false,200,0,0,,,"73
67",2,true
21,https://createmy-qr.com/id/bandingkan-alat,"Generator QR Code Gratis Online - CreateMy-QR (No Signup) | Bandingkan Alat
types.compare Pembuat Kode QR - Gratis & Khusus | CreateMy-QR
Bandingkan Alat | CreateMy-QR",text/html; charset=utf-8,false,200,0,0,,,"75
61
29",3,true
21,https://createmy-qr.com/ar/llgt-lmdaawm,"مولد رمز الاستجابة السريعة مجاني - CreateMy-QR (No Signup) | اللغات المدعومة
types.languages QR Code Generator - مجاني ومخصص | CreateMy-QR
اللغات المدعومة | CreateMy-QR",text/html; charset=utf-8,false,200,0,0,,,"76
61
29",3,true
21,https://createmy-qr.com/fr/wi-fi-generateur-de-code-qr-gratuit-en-ligne,"Générateur de code QR Wi-Fi - Gratuit et personnalisé | CreateMy-QR
Wi-Fi - Générateur de Code QR Gratuit en Ligne - CreateMy-QR",text/html; charset=utf-8,false,200,0,0,,,"67
60",2,true
21,https://createmy-qr.com/el/100-dorean-timologisi,"Δωρεάν Δημιουργία QR Code Online - CreateMy-QR (No Signup) | 100% Δωρεάν Τιμολόγηση
types.pricing QR Code Generator - Δωρεάν & Προσαρμοσμένο | CreateMy-QR
100% Δωρεάν Τιμολόγηση | CreateMy-QR",text/html; charset=utf-8,false,200,0,0,,,"83
70
36",3,true
21,https://createmy-qr.com/pl/tekst-darmowy-generator-kodow-qr-online,"Generator kodów QR Tekst — bezpłatny i niestandardowy | CreateMy-QR
Tekst - Darmowy Generator Kodów QR Online - CreateMy-QR",text/html; charset=utf-8,false,200,0,0,,,"67
55",2,true
21,https://createmy-qr.com/zh/google-forms-mian-fei-zai-xian-er-wei-ma-sheng-cheng-qi,"谷歌表格 QR 代码生成器 - 免费和自定义 | CreateMy-QR
谷歌表格 - 免费在线二维码生成器 - CreateMy-QR",text/html; charset=utf-8,false,200,0,0,,,"36
31",2,true
21,https://createmy-qr.com/ro/whatsapp-generator-de-coduri-qr-gratuit-online,"WhatsApp QR Code Generator - Gratuit și personalizat | CreateMy-QR
WhatsApp - Generator de Coduri QR Gratuit Online - CreateMy-QR",text/html; charset=utf-8,false,200,0,0,,,"66
62",2,true
21,https://createmy-qr.com/de/pdf-kostenloser-qr-code-generator-online,"PDF QR-Code-Generator – kostenlos und benutzerdefiniert | CreateMy-QR
PDF - Kostenloser QR-Code Generator Online - CreateMy-QR",text/html; charset=utf-8,false,200,0,0,,,"69
56",2,true
21,https://createmy-qr.com/hu/vcard-ingyenes-online-qr-kod-generator,"vCard QR-kód generátor - ingyenes és egyedi | CreateMy-QR
vCard - Ingyenes Online QR-kód Generátor - CreateMy-QR",text/html; charset=utf-8,false,200,0,0,,,"57
54",2,true
21,https://createmy-qr.com/th/linkedin-ekhruue-ngmuue-sraangkhiw-aarokhd-nailnfrii,"ลิงค์อิน เครื่องสร้างโค้ด QR - ฟรีและกำหนดเอง | CreateMy-QR
ลิงค์อิน - เครื่องมือสร้างคิวอาร์โค้ดออนไลน์ฟรี - CreateMy-QR",text/html; charset=utf-8,false,200,0,0,,,"59
61",2,true
21,https://createmy-qr.com/nl/privacybeleid,"Gratis QR Code Generator Online - CreateMy-QR (No Signup) | Privacybeleid
types.privacy QR-codegenerator - gratis en aangepast | CreateMy-QR
Privacybeleid | CreateMy-QR",text/html; charset=utf-8,false,200,0,0,,,"73
66
27",3,true
21,https://createmy-qr.com/email-qr-code-generator,"Email QR Code Generator - Free & Custom | CreateMy-QR
Email - Free QR Code Generator Online - CreateMy-QR",text/html; charset=utf-8,false,200,0,0,,,"53
51",2,true
21,https://createmy-qr.com/zh/huo-dong-mian-fei-zai-xian-er-wei-ma-sheng-cheng-qi,"活动 QR 代码生成器 - 免费和自定义 | CreateMy-QR
活动 - 免费在线二维码生成器 - CreateMy-QR",text/html; charset=utf-8,false,200,0,0,,,"34
29",2,true
21,https://createmy-qr.com/it/url-link-generatore-di-codici-qr-gratis-online,"Generatore di Codici QR Gratis Online - CreateMy-QR (No Signup) | CreateMy-QR
Generatore di Codici QR Gratis Online - CreateMy-QR (No Signup)",text/html; charset=utf-8,false,200,0,0,,,"77
63",2,true
21,https://createmy-qr.com/uk/bezkoshtovniy-generator-qr-kodiv-onlayn-2,"Безкоштовний онлайн-сканер QR-коду - миттєво скануйте QR-код
Генератор QR-коду types.scanqr – безкоштовний і користувацький | CreateMy-QR
scanqr - Безкоштовний Генератор QR-кодів Онлайн - CreateMy-QR",text/html; charset=utf-8,false,200,0,0,,,"60
76
61",3,true
21,https://createmy-qr.com/nl/link-in-bio-gratis-qr-code-generator-online,"Link in bio QR-codegenerator - gratis en aangepast | CreateMy-QR
Link in bio - Gratis QR Code Generator Online - CreateMy-QR",text/html; charset=utf-8,false,200,0,0,,,"64
59",2,true
21,https://createmy-qr.com/vi/sms-tao-ma-qr-mien-phi-truc-tuyen,"Trình tạo mã QR SMS - Miễn phí & Tùy chỉnh | CreateMy-QR
SMS - Tạo Mã QR Miễn Phí Trực Tuyến - CreateMy-QR",text/html; charset=utf-8,false,200,0,0,,,"56
49",2,true
21,https://createmy-qr.com/ro/eveniment-generator-de-coduri-qr-gratuit-online,"Eveniment QR Code Generator - Gratuit și personalizat | CreateMy-QR
Eveniment - Generator de Coduri QR Gratuit Online - CreateMy-QR",text/html; charset=utf-8,false,200,0,0,,,"67
63",2,true
21,https://createmy-qr.com/ar/shrwt-lkhdm,"مولد رمز الاستجابة السريعة مجاني - CreateMy-QR (No Signup) | شروط الخدمة
types.terms QR Code Generator - مجاني ومخصص | CreateMy-QR
شروط الخدمة | CreateMy-QR",text/html; charset=utf-8,false,200,0,0,,,"72
57
25",3,true
21,https://createmy-qr.com/uk/arhitektura-bezpeki,"Безкоштовний Генератор QR-кодів Онлайн - CreateMy-QR (No Signup) | Архітектура безпеки
Генератор QR-коду types.security – безкоштовний і користувацький | CreateMy-QR
Архітектура безпеки | CreateMy-QR",text/html; charset=utf-8,false,200,0,0,,,"86
78
33",3,true
21,https://createmy-qr.com/ja/amazon-wu-liao-qrkodozuo-cheng-zienereta,"アマゾン QR コード ジェネレーター - 無料 & カスタム | CreateMy-QR
アマゾン - 無料QRコード作成・ジェネレーター - CreateMy-QR",text/html; charset=utf-8,false,200,0,0,,,"45
38",2,true
21,https://createmy-qr.com/no/strekkodeskanner-gratis-qr-kode-generator-online,"Gratis strekkodeskanner på nett - Skann UPC og EAN
Strekkodeskanner QR Code Generator - Gratis og tilpasset | CreateMy-QR
Strekkodeskanner - Gratis QR-kode Generator Online - CreateMy-QR",text/html; charset=utf-8,false,200,0,0,,,"50
70
64",3,true
21,https://createmy-qr.com/fr/conditions-d-utilisation,"Générateur de Code QR Gratuit en Ligne - CreateMy-QR (No Signup) | Conditions d'utilisation
Générateur de code QR types.terms - Gratuit et personnalisé | CreateMy-QR
Conditions d'utilisation | CreateMy-QR",text/html; charset=utf-8,false,200,0,0,,,"91
73
38",3,true
21,https://createmy-qr.com/vi/ngon-ngu-duoc-ho-tro,"Tạo Mã QR Miễn Phí Trực Tuyến - CreateMy-QR (No Signup) | Ngôn ngữ được hỗ trợ
Trình tạo mã QR types.languages - Miễn phí & Tùy chỉnh | CreateMy-QR
Ngôn ngữ được hỗ trợ | CreateMy-QR",text/html; charset=utf-8,false,200,0,0,,,"78
68
34",3,true
21,https://createmy-qr.com/ar/ns-mwld-rmz-lstjb-lsryaa-mjny,"نص QR Code Generator - مجاني ومخصص | CreateMy-QR
نص - مولد رمز الاستجابة السريعة مجاني - CreateMy-QR",text/html; charset=utf-8,false,200,0,0,,,"48
51",2,true
21,https://createmy-qr.com/bn/,"CreateMy-QR | সমস্ত QR এবং বারকোড এক জায়গায় টুল
CreateMy-QR | সমস্ত QR এবং বারকোড এক জায়গায় টুল
home - ফ্রি অনলাইন কিউআর কোড জেনারেটর - CreateMy-QR",text/html; charset=utf-8,false,200,0,1,,,"49
49
51",3,true
21,https://createmy-qr.com/zh/yu-ding-mian-fei-zai-xian-er-wei-ma-sheng-cheng-qi,"预订 QR 代码生成器 - 免费和自定义 | CreateMy-QR
预订 - 免费在线二维码生成器 - CreateMy-QR",text/html; charset=utf-8,false,200,0,0,,,"34
29",2,true
21,https://createmy-qr.com/pl/instagram-darmowy-generator-kodow-qr-online,"Generator kodów QR Instagramie — bezpłatny i niestandardowy | CreateMy-QR
Instagramie - Darmowy Generator Kodów QR Online - CreateMy-QR",text/html; charset=utf-8,false,200,0,0,,,"73
61",2,true
21,https://createmy-qr.com/de/telefon-kostenloser-qr-code-generator-online,"Telefon QR-Code-Generator – kostenlos und benutzerdefiniert | CreateMy-QR
Telefon - Kostenloser QR-Code Generator Online - CreateMy-QR",text/html; charset=utf-8,false,200,0,0,,,"73
60",2,true
21,https://createmy-qr.com/telegram-qr-code-generator,"Telegram QR Code Generator - Free & Custom | CreateMy-QR
Telegram - Free QR Code Generator Online - CreateMy-QR",text/html; charset=utf-8,false,200,0,0,,,"56
54",2,true
21,https://createmy-qr.com/instagram-qr-code-generator,"Instagram QR Code Generator - Free & Custom | CreateMy-QR
Instagram - Free QR Code Generator Online - CreateMy-QR",text/html; charset=utf-8,false,200,0,0,,,"57
55",2,true
21,https://createmy-qr.com/vi/dien-thoai-tao-ma-qr-mien-phi-truc-tuyen,"Trình tạo mã QR Điện thoại - Miễn phí & Tùy chỉnh | CreateMy-QR
Điện thoại - Tạo Mã QR Miễn Phí Trực Tuyến - CreateMy-QR",text/html; charset=utf-8,false,200,0,0,,,"63
56",2,true
21,https://createmy-qr.com/fi/video-ilmainen-qr-koodigeneraattori-netissa,"Video QR-koodigeneraattori - ilmainen ja räätälöity | CreateMy-QR
Video - Ilmainen QR-koodigeneraattori Netissä - CreateMy-QR",text/html; charset=utf-8,false,200,0,0,,,"65
59",2,true
21,https://createmy-qr.com/ar/mwld-rmz-lstjb-lsryaa-mjny,"مولد باركود مجاني عبر الإنترنت - إنشاء باركود ثنائي الأبعاد
types.barcode QR Code Generator - مجاني ومخصص | CreateMy-QR
barcode - مولد رمز الاستجابة السريعة مجاني - CreateMy-QR",text/html; charset=utf-8,false,200,0,0,,,"59
59
56",3,true
21,https://createmy-qr.com/hi/spotify-muph-t-onnlaain-kyuuaar-kodd-jnrettr,"Spotify QR कोड जेनरेटर - मुफ़्त और कस्टम | CreateMy-QR
Spotify - मुफ़्त ऑनलाइन क्यूआर कोड जनरेटर - CreateMy-QR",text/html; charset=utf-8,false,200,0,0,,,"54
55",2,true
21,https://createmy-qr.com/pl/x-twitter-darmowy-generator-kodow-qr-online,"Generator kodów QR X (Twitter) — bezpłatny i niestandardowy | CreateMy-QR
X (Twitter) - Darmowy Generator Kodów QR Online - CreateMy-QR",text/html; charset=utf-8,false,200,0,0,,,"73
61",2,true
21,https://createmy-qr.com/cs/x-twitter-zdarma-online-generator-qr-kodu,"X (Twitter) generátor QR kódu – zdarma a na míru | CreateMy-QR
X (Twitter) - Zdarma Online Generátor QR Kódů - CreateMy-QR",text/html; charset=utf-8,false,200,0,0,,,"62
59",2,true
21,https://createmy-qr.com/tr/gizlilik-politikasi,"Ücretsiz Çevrimiçi QR Kod Oluşturucu - CreateMy-QR (No Signup) | Gizlilik Politikası
types.privacy QR Kod Oluşturucu - Ücretsiz ve Özel | CreateMy-QR
Gizlilik Politikası | CreateMy-QR",text/html; charset=utf-8,false,200,0,0,,,"84
64
33",3,true
21,https://createmy-qr.com/th/vcard-ekhruue-ngmuue-sraangkhiw-aarokhd-nailnfrii,"vCard เครื่องสร้างโค้ด QR - ฟรีและกำหนดเอง | CreateMy-QR
vCard - เครื่องมือสร้างคิวอาร์โค้ดออนไลน์ฟรี - CreateMy-QR",text/html; charset=utf-8,false,200,0,0,,,"56
58",2,true
21,https://createmy-qr.com/id/100-harga-gratis,"Generator QR Code Gratis Online - CreateMy-QR (No Signup) | 100% Harga Gratis
types.pricing Pembuat Kode QR - Gratis & Khusus | CreateMy-QR
100% Harga Gratis | CreateMy-QR",text/html; charset=utf-8,false,200,0,0,,,"77
61
31",3,true
21,https://createmy-qr.com/fr/crypto-generateur-de-code-qr-gratuit-en-ligne,"Générateur de code QR Cryptographie - Gratuit et personnalisé | CreateMy-QR
Cryptographie - Générateur de Code QR Gratuit en Ligne - CreateMy-QR",text/html; charset=utf-8,false,200,0,0,,,"75
68",2,true
21,https://createmy-qr.com/el/facebook-dorean-dimioyrgia-qr-code-online,"Facebook QR Code Generator - Δωρεάν & Προσαρμοσμένο | CreateMy-QR
Facebook - Δωρεάν Δημιουργία QR Code Online - CreateMy-QR",text/html; charset=utf-8,false,200,0,0,,,"65
57",2,true
21,https://createmy-qr.com/nl/snapchat-gratis-qr-code-generator-online,"Snapchat QR-codegenerator - gratis en aangepast | CreateMy-QR
Snapchat - Gratis QR Code Generator Online - CreateMy-QR",text/html; charset=utf-8,false,200,0,0,,,"61
56",2,true
21,https://createmy-qr.com/ms/pengimbas-kod-bar-penjana-kod-qr-percuma-dalam-talian,"Pengimbas Kod Bar Percuma Dalam Talian - Imbas UPC & EAN
Penjana Kod QR Pengimbas Kod Bar - Percuma & Tersuai | CreateMy-QR
Pengimbas Kod Bar - Penjana Kod QR Percuma Dalam Talian - CreateMy-QR",text/html; charset=utf-8,false,200,0,0,,,"56
66
69",3,true
21,https://createmy-qr.com/no/tiktok-gratis-qr-kode-generator-online,"TikTok QR Code Generator - Gratis og tilpasset | CreateMy-QR
TikTok - Gratis QR-kode Generator Online - CreateMy-QR",text/html; charset=utf-8,false,200,0,0,,,"60
54",2,true
21,https://createmy-qr.com/da/understottede-sprog,"Gratis QR Kode Generator Online - CreateMy-QR (No Signup) | Understøttede sprog
types.languages QR Code Generator - Gratis og brugerdefineret | CreateMy-QR
Understøttede sprog | CreateMy-QR",text/html; charset=utf-8,false,200,0,0,,,"79
75
33",3,true
21,https://createmy-qr.com/pl/linkedin-darmowy-generator-kodow-qr-online,"Generator kodów QR LinkedIn — bezpłatny i niestandardowy | CreateMy-QR
LinkedIn - Darmowy Generator Kodów QR Online - CreateMy-QR",text/html; charset=utf-8,false,200,0,0,,,"70
58",2,true
21,https://createmy-qr.com/ro/rezervare-generator-de-coduri-qr-gratuit-online,"Rezervare QR Code Generator - Gratuit și personalizat | CreateMy-QR
Rezervare - Generator de Coduri QR Gratuit Online - CreateMy-QR",text/html; charset=utf-8,false,200,0,0,,,"67
63",2,true
21,https://createmy-qr.com/no/fil-gratis-qr-kode-generator-online,"Fil QR Code Generator - Gratis og tilpasset | CreateMy-QR
Fil - Gratis QR-kode Generator Online - CreateMy-QR",text/html; charset=utf-8,false,200,0,0,,,"57
51",2,true
21,https://createmy-qr.com/th/lingainaibo-ekhruue-ngmuue-sraangkhiw-aarokhd-nailnfrii,"ลิ้งในไบโอ เครื่องสร้างโค้ด QR - ฟรีและกำหนดเอง | CreateMy-QR
ลิ้งในไบโอ - เครื่องมือสร้างคิวอาร์โค้ดออนไลน์ฟรี - CreateMy-QR",text/html; charset=utf-8,false,200,0,0,,,"61
63",2,true
21,https://createmy-qr.com/hi/hmaare-baare-men,"मुफ़्त ऑनलाइन क्यूआर कोड जनरेटर - CreateMy-QR (No Signup) | हमारे बारे में
types.about QR कोड जेनरेटर - मुफ़्त और कस्टम | CreateMy-QR
हमारे बारे में | CreateMy-QR",text/html; charset=utf-8,false,200,0,0,,,"74
58
28",3,true
21,https://createmy-qr.com/hu/x-twitter-ingyenes-online-qr-kod-generator,"X / Twitter QR-kód generátor - ingyenes és egyedi | CreateMy-QR
X / Twitter - Ingyenes Online QR-kód Generátor - CreateMy-QR",text/html; charset=utf-8,false,200,0,0,,,"63
60",2,true
21,https://createmy-qr.com/uk/sms-bezkoshtovniy-generator-qr-kodiv-onlayn,"Генератор QR-коду SMS – безкоштовний і користувацький | CreateMy-QR
SMS - Безкоштовний Генератор QR-кодів Онлайн - CreateMy-QR",text/html; charset=utf-8,false,200,0,0,,,"67
58",2,true
21,https://createmy-qr.com/no/brukstilfeller,"Gratis QR-kode Generator Online - CreateMy-QR (No Signup) | Brukstilfeller
types.usecases QR Code Generator - Gratis og tilpasset | CreateMy-QR
Brukstilfeller | CreateMy-QR",text/html; charset=utf-8,false,200,0,0,,,"74
68
28",3,true
21,https://createmy-qr.com/id/crypto-generator-qr-code-gratis-online,"Kripto Pembuat Kode QR - Gratis & Khusus | CreateMy-QR
Kripto - Generator QR Code Gratis Online - CreateMy-QR",text/html; charset=utf-8,false,200,0,0,,,"54
54",2,true
21,https://createmy-qr.com/it/telefono-generatore-di-codici-qr-gratis-online,"Generatore di codici QR Telefono - Gratuito e personalizzato | CreateMy-QR
Telefono - Generatore di Codici QR Gratis Online - CreateMy-QR",text/html; charset=utf-8,false,200,0,0,,,"74
62",2,true
21,https://createmy-qr.com/da/stregkodescanner-gratis-qr-kode-generator-online,"Gratis stregkodescanner online - Scan UPC & EAN
Stregkodescanner QR Code Generator - Gratis og brugerdefineret | CreateMy-QR
Stregkodescanner - Gratis QR Kode Generator Online - CreateMy-QR",text/html; charset=utf-8,false,200,0,0,,,"47
76
64",3,true
21,https://createmy-qr.com/pt/app-store-gerador-de-codigo-qr-gratis-online,"Gerador de código QR Loja de aplicativos - gratuito e personalizado | CreateMy-QR
Loja de aplicativos - Gerador de Código QR Grátis Online - CreateMy-QR",text/html; charset=utf-8,false,200,0,0,,,"81
70",2,true
21,https://createmy-qr.com/ko/hoesa-sogae,"무료 온라인 QR 코드 생성기 - CreateMy-QR (No Signup) | 회사 소개
types.about QR 코드 생성기 - 무료 및 사용자 정의 | CreateMy-QR
회사 소개 | CreateMy-QR",text/html; charset=utf-8,false,200,0,0,,,"50
49
19",3,true
21,https://createmy-qr.com/da/video-gratis-qr-kode-generator-online,"Video QR Code Generator - Gratis og brugerdefineret | CreateMy-QR
Video - Gratis QR Kode Generator Online - CreateMy-QR",text/html; charset=utf-8,false,200,0,0,,,"65
53",2,true
21,https://createmy-qr.com/hi/baayo-men-link-muph-t-onnlaain-kyuuaar-kodd-jnrettr,"बायो में लिंक QR कोड जेनरेटर - मुफ़्त और कस्टम | CreateMy-QR
बायो में लिंक - मुफ़्त ऑनलाइन क्यूआर कोड जनरेटर - CreateMy-QR",text/html; charset=utf-8,false,200,0,0,,,"60
61",2,true
21,https://createmy-qr.com/el/barcode-scanner-dorean-dimioyrgia-qr-code-online,"Δωρεάν Online Scanner Barcode - Σάρωση UPC & EAN
Barcode Scanner QR Code Generator - Δωρεάν & Προσαρμοσμένο | CreateMy-QR
Barcode Scanner - Δωρεάν Δημιουργία QR Code Online - CreateMy-QR",text/html; charset=utf-8,false,200,0,0,,,"48
72
64",3,true
21,https://createmy-qr.com/el/email-dorean-dimioyrgia-qr-code-online,"Email QR Code Generator - Δωρεάν & Προσαρμοσμένο | CreateMy-QR
Email - Δωρεάν Δημιουργία QR Code Online - CreateMy-QR",text/html; charset=utf-8,false,200,0,0,,,"62
54",2,true
21,https://createmy-qr.com/ru/google-review-besplatnyy-generator-qr-kodov-onlayn,"Обзор Google Генератор QR-кодов — бесплатный и настраиваемый | CreateMy-QR
Обзор Google - Бесплатный генератор QR-кодов онлайн - CreateMy-QR",text/html; charset=utf-8,false,200,0,0,,,"74
65",2,true
21,https://createmy-qr.com/vi/lien-ket-trong-bio-tao-ma-qr-mien-phi-truc-tuyen,"Trình tạo mã QR Liên kết trong Bio - Miễn phí & Tùy chỉnh | CreateMy-QR
Liên kết trong Bio - Tạo Mã QR Miễn Phí Trực Tuyến - CreateMy-QR",text/html; charset=utf-8,false,200,0,0,,,"71
64",2,true
21,https://createmy-qr.com/da/beliggenhed-gratis-qr-kode-generator-online,"Beliggenhed QR Code Generator - Gratis og brugerdefineret | CreateMy-QR
Beliggenhed - Gratis QR Kode Generator Online - CreateMy-QR",text/html; charset=utf-8,false,200,0,0,,,"71
59",2,true
21,https://createmy-qr.com/da/youtube-gratis-qr-kode-generator-online,"YouTube QR Code Generator - Gratis og brugerdefineret | CreateMy-QR
YouTube - Gratis QR Kode Generator Online - CreateMy-QR",text/html; charset=utf-8,false,200,0,0,,,"67
55",2,true
21,https://createmy-qr.com/pt/idiomas-suportados,"Gerador de Código QR Grátis Online - CreateMy-QR (No Signup) | Idiomas Suportados
Gerador de código QR types.languages - gratuito e personalizado | CreateMy-QR
Idiomas Suportados | CreateMy-QR",text/html; charset=utf-8,false,200,0,0,,,"81
77
32",3,true
21,https://createmy-qr.com/cs/soubor-berkas-zdarma-online-generator-qr-kodu,"Soubor / Berkas generátor QR kódu – zdarma a na míru | CreateMy-QR
Soubor / Berkas - Zdarma Online Generátor QR Kódů - CreateMy-QR",text/html; charset=utf-8,false,200,0,0,,,"66
63",2,true
21,https://createmy-qr.com/pt/telefone-gerador-de-codigo-qr-gratis-online,"Gerador de código QR Telefone - gratuito e personalizado | CreateMy-QR
Telefone - Gerador de Código QR Grátis Online - CreateMy-QR",text/html; charset=utf-8,false,200,0,0,,,"70
59",2,true
21,https://createmy-qr.com/pt/google-review-gerador-de-codigo-qr-gratis-online,"Gerador de código QR Revisão do Google - gratuito e personalizado | CreateMy-QR
Revisão do Google - Gerador de Código QR Grátis Online - CreateMy-QR",text/html; charset=utf-8,false,200,0,0,,,"79
68",2,true
21,https://createmy-qr.com/ru/100-besplatnye-ceny,"Бесплатный генератор QR-кодов онлайн - CreateMy-QR (No Signup) | 100% бесплатные цены
types.pricing Генератор QR-кодов — бесплатный и настраиваемый | CreateMy-QR
100% бесплатные цены | CreateMy-QR",text/html; charset=utf-8,false,200,0,0,,,"85
75
34",3,true
21,https://createmy-qr.com/bn/email-phri-anlaain-kiuaar-kodd-jenaarettr,"ইমেইল QR কোড জেনারেটর - বিনামূল্যে এবং কাস্টম | CreateMy-QR
ইমেইল - ফ্রি অনলাইন কিউআর কোড জেনারেটর - CreateMy-QR",text/html; charset=utf-8,false,200,0,0,,,"59
52",2,true
21,https://createmy-qr.com/es/paypal-generador-de-codigos-qr-gratis-online,"Generador de códigos QR PayPal: gratuito y personalizado | CreateMy-QR
PayPal - Generador de Códigos QR Gratis Online - CreateMy-QR",text/html; charset=utf-8,false,200,0,0,,,"70
60",2,true
21,https://createmy-qr.com/uk/vcard-bezkoshtovniy-generator-qr-kodiv-onlayn,"Генератор QR-коду vCard – безкоштовний і користувацький | CreateMy-QR
vCard - Безкоштовний Генератор QR-кодів Онлайн - CreateMy-QR",text/html; charset=utf-8,false,200,0,0,,,"69
60",2,true
21,https://createmy-qr.com/bn/addio-pddkaastt-phri-anlaain-kiuaar-kodd-jenaarettr,"অডিও/পডকাস্ট QR কোড জেনারেটর - বিনামূল্যে এবং কাস্টম | CreateMy-QR
অডিও/পডকাস্ট - ফ্রি অনলাইন কিউআর কোড জেনারেটর - CreateMy-QR",text/html; charset=utf-8,false,200,0,0,,,"66
59",2,true
21,https://createmy-qr.com/pl/app-store-darmowy-generator-kodow-qr-online,"Generator kodów QR Sklep z aplikacjami — bezpłatny i niestandardowy | CreateMy-QR
Sklep z aplikacjami - Darmowy Generator Kodów QR Online - CreateMy-QR",text/html; charset=utf-8,false,200,0,0,,,"81
69",2,true
21,https://createmy-qr.com/el/spotify-dorean-dimioyrgia-qr-code-online,"Spotify QR Code Generator - Δωρεάν & Προσαρμοσμένο | CreateMy-QR
Spotify - Δωρεάν Δημιουργία QR Code Online - CreateMy-QR",text/html; charset=utf-8,false,200,0,0,,,"64
56",2,true
21,https://createmy-qr.com/zh/telegram-mian-fei-zai-xian-er-wei-ma-sheng-cheng-qi,"电报 QR 代码生成器 - 免费和自定义 | CreateMy-QR
电报 - 免费在线二维码生成器 - CreateMy-QR",text/html; charset=utf-8,false,200,0,0,,,"34
29",2,true
21,https://createmy-qr.com/tiktok-qr-code-generator,"TikTok QR Code Generator - Free & Custom | CreateMy-QR
TikTok - Free QR Code Generator Online - CreateMy-QR",text/html; charset=utf-8,false,200,0,0,,,"54
52",2,true
21,https://createmy-qr.com/uk/paypal-bezkoshtovniy-generator-qr-kodiv-onlayn,"Генератор QR-коду PayPal – безкоштовний і користувацький | CreateMy-QR
PayPal - Безкоштовний Генератор QR-кодів Онлайн - CreateMy-QR",text/html; charset=utf-8,false,200,0,0,,,"70
61",2,true
21,https://createmy-qr.com/pt/audio-gerador-de-codigo-qr-gratis-online,"Gerador de código QR Áudio - gratuito e personalizado | CreateMy-QR
Áudio - Gerador de Código QR Grátis Online - CreateMy-QR",text/html; charset=utf-8,false,200,0,0,,,"67
56",2,true
21,https://createmy-qr.com/no/youtube-gratis-qr-kode-generator-online,"YouTube QR Code Generator - Gratis og tilpasset | CreateMy-QR
YouTube - Gratis QR-kode Generator Online - CreateMy-QR",text/html; charset=utf-8,false,200,0,0,,,"61
55",2,true
21,https://createmy-qr.com/pl/sms-darmowy-generator-kodow-qr-online,"Generator kodów QR SMS — bezpłatny i niestandardowy | CreateMy-QR
SMS - Darmowy Generator Kodów QR Online - CreateMy-QR",text/html; charset=utf-8,false,200,0,0,,,"65
53",2,true
21,https://createmy-qr.com/ms/whatsapp-penjana-kod-qr-percuma-dalam-talian,"Penjana Kod QR WhatsApp - Percuma & Tersuai | CreateMy-QR
WhatsApp - Penjana Kod QR Percuma Dalam Talian - CreateMy-QR",text/html; charset=utf-8,false,200,0,0,,,"57
60",2,true
21,https://createmy-qr.com/ms/snapchat-penjana-kod-qr-percuma-dalam-talian,"Penjana Kod QR Snapchat - Percuma & Tersuai | CreateMy-QR
Snapchat - Penjana Kod QR Percuma Dalam Talian - CreateMy-QR",text/html; charset=utf-8,false,200,0,0,,,"57
60",2,true
21,https://createmy-qr.com/pt/preco-100-gratuito,"Gerador de Código QR Grátis Online - CreateMy-QR (No Signup) | Preço 100% Gratuito
Gerador de código QR types.pricing - gratuito e personalizado | CreateMy-QR
Preço 100% Gratuito | CreateMy-QR",text/html; charset=utf-8,false,200,0,0,,,"82
75
33",3,true
21,https://createmy-qr.com/ar/amazon-mwld-rmz-lstjb-lsryaa-mjny,"أمازون QR Code Generator - مجاني ومخصص | CreateMy-QR
أمازون - مولد رمز الاستجابة السريعة مجاني - CreateMy-QR",text/html; charset=utf-8,false,200,0,0,,,"52
55",2,true
21,https://createmy-qr.com/ro/audio-generator-de-coduri-qr-gratuit-online,"Audio QR Code Generator - Gratuit și personalizat | CreateMy-QR
Audio - Generator de Coduri QR Gratuit Online - CreateMy-QR",text/html; charset=utf-8,false,200,0,0,,,"63
59",2,true
21,https://createmy-qr.com/bn/tiktok-phri-anlaain-kiuaar-kodd-jenaarettr,"TikTok QR কোড জেনারেটর - বিনামূল্যে এবং কাস্টম | CreateMy-QR
TikTok - ফ্রি অনলাইন কিউআর কোড জেনারেটর - CreateMy-QR",text/html; charset=utf-8,false,200,0,0,,,"60
53",2,true
21,https://createmy-qr.com/hi/instagram-muph-t-onnlaain-kyuuaar-kodd-jnrettr,"इंस्टाग्राम QR कोड जेनरेटर - मुफ़्त और कस्टम | CreateMy-QR
इंस्टाग्राम - मुफ़्त ऑनलाइन क्यूआर कोड जनरेटर - CreateMy-QR",text/html; charset=utf-8,false,200,0,0,,,"58
59",2,true
21,https://createmy-qr.com/uk/app-store-bezkoshtovniy-generator-qr-kodiv-onlayn,"Генератор QR-коду App Store – безкоштовний і користувацький | CreateMy-QR
App Store - Безкоштовний Генератор QR-кодів Онлайн - CreateMy-QR",text/html; charset=utf-8,false,200,0,0,,,"73
64",2,true
21,https://createmy-qr.com/ko/muryo-onrain-qr-kodeu-saengseonggi-2,"무료 QR 코드 스캐너 온라인 - 즉시 QR 스캔
types.scanqr QR 코드 생성기 - 무료 및 사용자 정의 | CreateMy-QR
scanqr - 무료 온라인 QR 코드 생성기 - CreateMy-QR",text/html; charset=utf-8,false,200,0,0,,,"27
50
39",3,true
21,https://createmy-qr.com/es/google-review-generador-de-codigos-qr-gratis-online,"Generador de códigos QR Revisión de Google: gratuito y personalizado | CreateMy-QR
Revisión de Google - Generador de Códigos QR Gratis Online - CreateMy-QR",text/html; charset=utf-8,false,200,0,0,,,"82
72",2,true
21,https://createmy-qr.com/da/telefon-gratis-qr-kode-generator-online,"Telefon QR Code Generator - Gratis og brugerdefineret | CreateMy-QR
Telefon - Gratis QR Kode Generator Online - CreateMy-QR",text/html; charset=utf-8,false,200,0,0,,,"67
55",2,true
21,https://createmy-qr.com/uk/bezkoshtovniy-generator-qr-kodiv-onlayn,"Безкоштовний онлайн-генератор штрих-кодів - створюйте одновимірні штрих-коди
Генератор QR-коду types.barcode – безкоштовний і користувацький | CreateMy-QR
barcode - Безкоштовний Генератор QR-кодів Онлайн - CreateMy-QR",text/html; charset=utf-8,false,200,0,0,,,"76
77
62",3,true
21,https://createmy-qr.com/tl/x-twitter-libreng-online-qr-code-generator,"X (Twitter) QR Code Generator - Libre at Custom | CreateMy-QR
X (Twitter) - Libreng Online QR Code Generator - CreateMy-QR",text/html; charset=utf-8,false,200,0,0,,,"61
60",2,true
21,https://createmy-qr.com/ru/youtube-besplatnyy-generator-qr-kodov-onlayn,"Ютуб Генератор QR-кодов — бесплатный и настраиваемый | CreateMy-QR
Ютуб - Бесплатный генератор QR-кодов онлайн - CreateMy-QR",text/html; charset=utf-8,false,200,0,0,,,"66
57",2,true
21,https://createmy-qr.com/zh/,"CreateMy-QR | 所有二维码和条形码 工具一站搞定
CreateMy-QR | 所有二维码和条形码 工具一站搞定
home - 免费在线二维码生成器 - CreateMy-QR",text/html; charset=utf-8,false,200,0,1,,,"30
30
31",3,true
21,https://createmy-qr.com/ms/bahasa-yang-disokong,"Penjana Kod QR Percuma Dalam Talian - CreateMy-QR (No Signup) | Bahasa yang Disokong
Penjana Kod QR types.languages - Percuma & Tersuai | CreateMy-QR
Bahasa yang Disokong | CreateMy-QR",text/html; charset=utf-8,false,200,0,0,,,"84
64
34",3,true
21,https://createmy-qr.com/uk/umovi-nadannya-poslug,"Безкоштовний Генератор QR-кодів Онлайн - CreateMy-QR (No Signup) | Умови надання послуг
Генератор QR-коду types.terms – безкоштовний і користувацький | CreateMy-QR
Умови надання послуг | CreateMy-QR",text/html; charset=utf-8,false,200,0,0,,,"87
75
34",3,true
21,https://createmy-qr.com/id/tentang-kami,"Generator QR Code Gratis Online - CreateMy-QR (No Signup) | Tentang Kami
types.about Pembuat Kode QR - Gratis & Khusus | CreateMy-QR
Tentang Kami | CreateMy-QR",text/html; charset=utf-8,false,200,0,0,,,"72
59
26",3,true
21,https://createmy-qr.com/th/ekhruue-ngsaeknbaarokhd-ekhruue-ngmuue-sraangkhiw-aarokhd-nailnfrii,"เครื่องสแกนบาร์โค้ดออนไลน์ฟรี - สแกน UPC และ EAN
เครื่องสแกนบาร์โค้ด เครื่องสร้างโค้ด QR - ฟรีและกำหนดเอง | CreateMy-QR
เครื่องสแกนบาร์โค้ด - เครื่องมือสร้างคิวอาร์โค้ดออนไลน์ฟรี - CreateMy-QR",text/html; charset=utf-8,false,200,0,0,,,"48
70
72",3,true
21,https://createmy-qr.com/ru/o-nas,"Бесплатный генератор QR-кодов онлайн - CreateMy-QR (No Signup) | О нас
types.about Генератор QR-кодов — бесплатный и настраиваемый | CreateMy-QR
О нас | CreateMy-QR",text/html; charset=utf-8,false,200,0,0,,,"70
73
19",3,true
21,https://createmy-qr.com/ko/venmo-muryo-onrain-qr-kodeu-saengseonggi,"벤모 QR 코드 생성기 - 무료 및 사용자 정의 | CreateMy-QR
벤모 - 무료 온라인 QR 코드 생성기 - CreateMy-QR",text/html; charset=utf-8,false,200,0,0,,,"40
35",2,true
21,https://createmy-qr.com/es/telefono-generador-de-codigos-qr-gratis-online,"Generador de códigos QR Teléfono: gratuito y personalizado | CreateMy-QR
Teléfono - Generador de Códigos QR Gratis Online - CreateMy-QR",text/html; charset=utf-8,false,200,0,0,,,"72
62",2,true
21,https://createmy-qr.com/fr/instagram-generateur-de-code-qr-gratuit-en-ligne,"Générateur de code QR Instagram - Gratuit et personnalisé | CreateMy-QR
Instagram - Générateur de Code QR Gratuit en Ligne - CreateMy-QR",text/html; charset=utf-8,false,200,0,0,,,"71
64",2,true
21,https://createmy-qr.com/ko/vcard-muryo-onrain-qr-kodeu-saengseonggi,"vCard QR 코드 생성기 - 무료 및 사용자 정의 | CreateMy-QR
vCard - 무료 온라인 QR 코드 생성기 - CreateMy-QR",text/html; charset=utf-8,false,200,0,0,,,"43
38",2,true
21,https://createmy-qr.com/text-qr-code-generator,"Text QR Code Generator - Free & Custom | CreateMy-QR
Text - Free QR Code Generator Online - CreateMy-QR",text/html; charset=utf-8,false,200,0,0,,,"52
50",2,true
21,https://createmy-qr.com/bn/wi-fi-phri-anlaain-kiuaar-kodd-jenaarettr,"ওয়াই-ফাই QR কোড জেনারেটর - বিনামূল্যে এবং কাস্টম | CreateMy-QR
ওয়াই-ফাই - ফ্রি অনলাইন কিউআর কোড জেনারেটর - CreateMy-QR",text/html; charset=utf-8,false,200,0,0,,,"63
56",2,true
21,https://createmy-qr.com/ar/venmo-mwld-rmz-lstjb-lsryaa-mjny,"فينمو QR Code Generator - مجاني ومخصص | CreateMy-QR
فينمو - مولد رمز الاستجابة السريعة مجاني - CreateMy-QR",text/html; charset=utf-8,false,200,0,0,,,"51
54",2,true
21,https://createmy-qr.com/de/sms-kostenloser-qr-code-generator-online,"SMS QR-Code-Generator – kostenlos und benutzerdefiniert | CreateMy-QR
SMS - Kostenloser QR-Code Generator Online - CreateMy-QR",text/html; charset=utf-8,false,200,0,0,,,"69
56",2,true
21,https://createmy-qr.com/pl/dzwiek-darmowy-generator-kodow-qr-online,"Generator kodów QR Dźwięk — bezpłatny i niestandardowy | CreateMy-QR
Dźwięk - Darmowy Generator Kodów QR Online - CreateMy-QR",text/html; charset=utf-8,false,200,0,0,,,"68
56",2,true
21,https://createmy-qr.com/tr/dosya-ucretsiz-cevrimici-qr-kod-olusturucu,"Dosya QR Kod Oluşturucu - Ücretsiz ve Özel | CreateMy-QR
Dosya - Ücretsiz Çevrimiçi QR Kod Oluşturucu - CreateMy-QR",text/html; charset=utf-8,false,200,0,0,,,"56
58",2,true
21,https://createmy-qr.com/ko/youtube-muryo-onrain-qr-kodeu-saengseonggi,"유튜브 QR 코드 생성기 - 무료 및 사용자 정의 | CreateMy-QR
유튜브 - 무료 온라인 QR 코드 생성기 - CreateMy-QR",text/html; charset=utf-8,false,200,0,0,,,"41
36",2,true
21,https://createmy-qr.com/bn/vcard-phri-anlaain-kiuaar-kodd-jenaarettr,"vCard QR কোড জেনারেটর - বিনামূল্যে এবং কাস্টম | CreateMy-QR
vCard - ফ্রি অনলাইন কিউআর কোড জেনারেটর - CreateMy-QR",text/html; charset=utf-8,false,200,0,0,,,"59
52",2,true
21,https://createmy-qr.com/hi/venmo-muph-t-onnlaain-kyuuaar-kodd-jnrettr,"वेनमो QR कोड जेनरेटर - मुफ़्त और कस्टम | CreateMy-QR
वेनमो - मुफ़्त ऑनलाइन क्यूआर कोड जनरेटर - CreateMy-QR",text/html; charset=utf-8,false,200,0,0,,,"52
53",2,true
21,https://createmy-qr.com/vi/tao-ma-qr-mien-phi-truc-tuyen,"Trình tạo mã vạch trực tuyến miễn phí - Tạo mã vạch 1D
Trình tạo mã QR types.barcode - Miễn phí & Tùy chỉnh | CreateMy-QR
barcode - Tạo Mã QR Miễn Phí Trực Tuyến - CreateMy-QR",text/html; charset=utf-8,false,200,0,0,,,"54
66
53",3,true
21,https://createmy-qr.com/ja/li-yong-gui-yue,"無料QRコード作成・ジェネレーター - CreateMy-QR (No Signup) | 利用規約
types.terms QR コード ジェネレーター - 無料 & カスタム | CreateMy-QR
利用規約 | CreateMy-QR",text/html; charset=utf-8,false,200,0,0,,,"50
52
18",3,true
21,https://createmy-qr.com/vi/wi-fi-tao-ma-qr-mien-phi-truc-tuyen,"Trình tạo mã QR Wi-Fi - Miễn phí & Tùy chỉnh | CreateMy-QR
Wi-Fi - Tạo Mã QR Miễn Phí Trực Tuyến - CreateMy-QR",text/html; charset=utf-8,false,200,0,0,,,"58
51",2,true
21,https://createmy-qr.com/pt/arquivo-gerador-de-codigo-qr-gratis-online,"Gerador de código QR Arquivo - gratuito e personalizado | CreateMy-QR
Arquivo - Gerador de Código QR Grátis Online - CreateMy-QR",text/html; charset=utf-8,false,200,0,0,,,"69
58",2,true
21,https://createmy-qr.com/fr/spotify-generateur-de-code-qr-gratuit-en-ligne,"Générateur de code QR Spotify - Gratuit et personnalisé | CreateMy-QR
Spotify - Générateur de Code QR Gratuit en Ligne - CreateMy-QR",text/html; charset=utf-8,false,200,0,0,,,"69
62",2,true
21,https://createmy-qr.com/hi/ttekstt-muph-t-onnlaain-kyuuaar-kodd-jnrettr,"टेक्स्ट QR कोड जेनरेटर - मुफ़्त और कस्टम | CreateMy-QR
टेक्स्ट - मुफ़्त ऑनलाइन क्यूआर कोड जनरेटर - CreateMy-QR",text/html; charset=utf-8,false,200,0,0,,,"54
55",2,true
21,https://createmy-qr.com/ro/video-generator-de-coduri-qr-gratuit-online,"Video QR Code Generator - Gratuit și personalizat | CreateMy-QR
Video - Generator de Coduri QR Gratuit Online - CreateMy-QR",text/html; charset=utf-8,false,200,0,0,,,"63
59",2,true
21,https://createmy-qr.com/de/bild-kostenloser-qr-code-generator-online,"Bild QR-Code-Generator – kostenlos und benutzerdefiniert | CreateMy-QR
Bild - Kostenloser QR-Code Generator Online - CreateMy-QR",text/html; charset=utf-8,false,200,0,0,,,"70
57",2,true
21,https://createmy-qr.com/ko/tiktok-muryo-onrain-qr-kodeu-saengseonggi,"틱톡 QR 코드 생성기 - 무료 및 사용자 정의 | CreateMy-QR
틱톡 - 무료 온라인 QR 코드 생성기 - CreateMy-QR",text/html; charset=utf-8,false,200,0,0,,,"40
35",2,true
21,https://createmy-qr.com/de/paypal-kostenloser-qr-code-generator-online,"PayPal QR-Code-Generator – kostenlos und benutzerdefiniert | CreateMy-QR
PayPal - Kostenloser QR-Code Generator Online - CreateMy-QR",text/html; charset=utf-8,false,200,0,0,,,"72
59",2,true
21,https://createmy-qr.com/ro/fisier-generator-de-coduri-qr-gratuit-online,"Fișier QR Code Generator - Gratuit și personalizat | CreateMy-QR
Fișier - Generator de Coduri QR Gratuit Online - CreateMy-QR",text/html; charset=utf-8,false,200,0,0,,,"64
60",2,true
21,https://createmy-qr.com/fr/google-forms-generateur-de-code-qr-gratuit-en-ligne,"Générateur de code QR Formulaires Google - Gratuit et personnalisé | CreateMy-QR
Formulaires Google - Générateur de Code QR Gratuit en Ligne - CreateMy-QR",text/html; charset=utf-8,false,200,0,0,,,"80
73",2,true
21,https://createmy-qr.com/zh/sheng-wu-lian-jie-mian-fei-zai-xian-er-wei-ma-sheng-cheng-qi,"生物链接 QR 代码生成器 - 免费和自定义 | CreateMy-QR
生物链接 - 免费在线二维码生成器 - CreateMy-QR",text/html; charset=utf-8,false,200,0,0,,,"36
31",2,true
21,https://createmy-qr.com/ms/kes-penggunaan,"Penjana Kod QR Percuma Dalam Talian - CreateMy-QR (No Signup) | Kes Penggunaan
Penjana Kod QR types.usecases - Percuma & Tersuai | CreateMy-QR
Kes Penggunaan | CreateMy-QR",text/html; charset=utf-8,false,200,0,0,,,"78
63
28",3,true
21,https://createmy-qr.com/uk/tekst-bezkoshtovniy-generator-qr-kodiv-onlayn,"Генератор QR-коду Текст – безкоштовний і користувацький | CreateMy-QR
Текст - Безкоштовний Генератор QR-кодів Онлайн - CreateMy-QR",text/html; charset=utf-8,false,200,0,0,,,"69
60",2,true
21,https://createmy-qr.com/youtube-qr-code-for-product-manuals,"YouTube Video QR Code for Product Manuals | CreateMy-QR
YouTube Video QR Code for Product Manuals | CreateMy-QR",text/html; charset=utf-8,false,200,0,0,,,"55
55",2,true
21,https://createmy-qr.com/ar/sms-mwld-rmz-lstjb-lsryaa-mjny,"SMS QR Code Generator - مجاني ومخصص | CreateMy-QR
SMS - مولد رمز الاستجابة السريعة مجاني - CreateMy-QR",text/html; charset=utf-8,false,200,0,0,,,"49
52",2,true
21,https://createmy-qr.com/it/link-nella-biografia-generatore-di-codici-qr-gratis-online,"Generatore di codici QR Link nella biografia - Gratuito e personalizzato | CreateMy-QR
Link nella biografia - Generatore di Codici QR Gratis Online - CreateMy-QR",text/html; charset=utf-8,false,200,0,0,,,"86
74",2,true
21,https://createmy-qr.com/pt/leitor-de-codigo-de-barras-gerador-de-codigo-qr-gratis-online,"Scanner de código de barras online gratuito - Digitalize UPC e EAN
Gerador de código QR Leitor de código de barras - gratuito e personalizado | CreateMy-QR
Leitor de código de barras - Gerador de Código QR Grátis Online - CreateMy-QR",text/html; charset=utf-8,false,200,0,0,,,"66
88
77",3,true
21,https://createmy-qr.com/nl/youtube-gratis-qr-code-generator-online,"YouTube QR-codegenerator - gratis en aangepast | CreateMy-QR
YouTube - Gratis QR Code Generator Online - CreateMy-QR",text/html; charset=utf-8,false,200,0,0,,,"60
55",2,true
21,https://createmy-qr.com/bn/baay-ote-lingk-phri-anlaain-kiuaar-kodd-jenaarettr,"বায়োতে ​​লিঙ্ক QR কোড জেনারেটর - বিনামূল্যে এবং কাস্টম | CreateMy-QR
বায়োতে ​​লিঙ্ক - ফ্রি অনলাইন কিউআর কোড জেনারেটর - CreateMy-QR",text/html; charset=utf-8,false,200,0,0,,,"69
62",2,true
21,https://createmy-qr.com/da/privatlivspolitik,"Gratis QR Kode Generator Online - CreateMy-QR (No Signup) | Privatlivspolitik
types.privacy QR Code Generator - Gratis og brugerdefineret | CreateMy-QR
Privatlivspolitik | CreateMy-QR",text/html; charset=utf-8,false,200,0,0,,,"77
73
31",3,true
21,https://createmy-qr.com/ar/vcard-mwld-rmz-lstjb-lsryaa-mjny,"vCard QR Code Generator - مجاني ومخصص | CreateMy-QR
vCard - مولد رمز الاستجابة السريعة مجاني - CreateMy-QR",text/html; charset=utf-8,false,200,0,0,,,"51
54",2,true
21,https://createmy-qr.com/fi/varaus-ilmainen-qr-koodigeneraattori-netissa,"Varaus QR-koodigeneraattori - ilmainen ja räätälöity | CreateMy-QR
Varaus - Ilmainen QR-koodigeneraattori Netissä - CreateMy-QR",text/html; charset=utf-8,false,200,0,0,,,"66
60",2,true
21,https://createmy-qr.com/ar/mn-nhn,"مولد رمز الاستجابة السريعة مجاني - CreateMy-QR (No Signup) | من نحن
types.about QR Code Generator - مجاني ومخصص | CreateMy-QR
من نحن | CreateMy-QR",text/html; charset=utf-8,false,200,0,0,,,"67
57
20",3,true
21,https://createmy-qr.com/ro/telefon-generator-de-coduri-qr-gratuit-online,"Telefon QR Code Generator - Gratuit și personalizat | CreateMy-QR
Telefon - Generator de Coduri QR Gratuit Online - CreateMy-QR",text/html; charset=utf-8,false,200,0,0,,,"65
61",2,true
21,https://createmy-qr.com/hi/ttuuls-kii-tulnaa-kren,"मुफ़्त ऑनलाइन क्यूआर कोड जनरेटर - CreateMy-QR (No Signup) | टूल्स की तुलना करें
types.compare QR कोड जेनरेटर - मुफ़्त और कस्टम | CreateMy-QR
टूल्स की तुलना करें | CreateMy-QR",text/html; charset=utf-8,false,200,0,0,,,"79
60
33",3,true
21,https://createmy-qr.com/zh/venmo-mian-fei-zai-xian-er-wei-ma-sheng-cheng-qi,"文莫 QR 代码生成器 - 免费和自定义 | CreateMy-QR
文莫 - 免费在线二维码生成器 - CreateMy-QR",text/html; charset=utf-8,false,200,0,0,,,"34
29",2,true
21,https://createmy-qr.com/de/datei-kostenloser-qr-code-generator-online,"Datei QR-Code-Generator – kostenlos und benutzerdefiniert | CreateMy-QR
Datei - Kostenloser QR-Code Generator Online - CreateMy-QR",text/html; charset=utf-8,false,200,0,0,,,"71
58",2,true
21,https://createmy-qr.com/hu/eszkozok-osszehasonlitasa,"Ingyenes Online QR-kód Generátor - CreateMy-QR (No Signup) | Eszközök összehasonlítása
types.compare QR-kód generátor - ingyenes és egyedi | CreateMy-QR
Eszközök összehasonlítása | CreateMy-QR",text/html; charset=utf-8,false,200,0,0,,,"86
65
39",3,true
21,https://createmy-qr.com/es/pdf-generador-de-codigos-qr-gratis-online,"Generador de códigos QR PDF: gratuito y personalizado | CreateMy-QR
PDF - Generador de Códigos QR Gratis Online - CreateMy-QR",text/html; charset=utf-8,false,200,0,0,,,"67
57",2,true
21,https://createmy-qr.com/es/crypto-generador-de-codigos-qr-gratis-online,"Generador de códigos QR Cripto: gratuito y personalizado | CreateMy-QR
Cripto - Generador de Códigos QR Gratis Online - CreateMy-QR",text/html; charset=utf-8,false,200,0,0,,,"70
60",2,true
21,https://createmy-qr.com/ko/amazon-muryo-onrain-qr-kodeu-saengseonggi,"아마존 QR 코드 생성기 - 무료 및 사용자 정의 | CreateMy-QR
아마존 - 무료 온라인 QR 코드 생성기 - CreateMy-QR",text/html; charset=utf-8,false,200,0,0,,,"41
36",2,true
21,https://createmy-qr.com/de/linkedin-kostenloser-qr-code-generator-online,"LinkedIn QR-Code-Generator – kostenlos und benutzerdefiniert | CreateMy-QR
LinkedIn - Kostenloser QR-Code Generator Online - CreateMy-QR",text/html; charset=utf-8,false,200,0,0,,,"74
61",2,true
21,https://createmy-qr.com/ro/venmo-generator-de-coduri-qr-gratuit-online,"Venmo QR Code Generator - Gratuit și personalizat | CreateMy-QR
Venmo - Generator de Coduri QR Gratuit Online - CreateMy-QR",text/html; charset=utf-8,false,200,0,0,,,"63
59",2,true
21,https://createmy-qr.com/da/google-review-gratis-qr-kode-generator-online,"Google anmeldelse QR Code Generator - Gratis og brugerdefineret | CreateMy-QR
Google anmeldelse - Gratis QR Kode Generator Online - CreateMy-QR",text/html; charset=utf-8,false,200,0,0,,,"77
65",2,true
21,https://createmy-qr.com/hu/wifi-ingyenes-online-qr-kod-generator,"WiFi QR-kód generátor - ingyenes és egyedi | CreateMy-QR
WiFi - Ingyenes Online QR-kód Generátor - CreateMy-QR",text/html; charset=utf-8,false,200,0,0,,,"56
53",2,true
21,https://createmy-qr.com/tl/libreng-online-qr-code-generator-2,"Libreng QR Code Scanner Online - I-scan ang QR Agad
types.scanqr QR Code Generator - Libre at Custom | CreateMy-QR
scanqr - Libreng Online QR Code Generator - CreateMy-QR",text/html; charset=utf-8,false,200,0,0,,,"51
62
55",3,true
21,https://createmy-qr.com/ar/tiktok-mwld-rmz-lstjb-lsryaa-mjny,"التيك توك QR Code Generator - مجاني ومخصص | CreateMy-QR
التيك توك - مولد رمز الاستجابة السريعة مجاني - CreateMy-QR",text/html; charset=utf-8,false,200,0,0,,,"55
58",2,true
21,https://createmy-qr.com/bn/amazon-phri-anlaain-kiuaar-kodd-jenaarettr,"আমাজন QR কোড জেনারেটর - বিনামূল্যে এবং কাস্টম | CreateMy-QR
আমাজন - ফ্রি অনলাইন কিউআর কোড জেনারেটর - CreateMy-QR",text/html; charset=utf-8,false,200,0,0,,,"59
52",2,true
21,https://createmy-qr.com/zh/instagram-mian-fei-zai-xian-er-wei-ma-sheng-cheng-qi,"Instagram QR 代码生成器 - 免费和自定义 | CreateMy-QR
Instagram - 免费在线二维码生成器 - CreateMy-QR",text/html; charset=utf-8,false,200,0,0,,,"41
36",2,true
21,https://createmy-qr.com/de/text-kostenloser-qr-code-generator-online,"Text QR-Code-Generator – kostenlos und benutzerdefiniert | CreateMy-QR
Text - Kostenloser QR-Code Generator Online - CreateMy-QR",text/html; charset=utf-8,false,200,0,0,,,"70
57",2,true
21,https://createmy-qr.com/ru/izobrazhenie-besplatnyy-generator-qr-kodov-onlayn,"Изображение Генератор QR-кодов — бесплатный и настраиваемый | CreateMy-QR
Изображение - Бесплатный генератор QR-кодов онлайн - CreateMy-QR",text/html; charset=utf-8,false,200,0,0,,,"73
64",2,true
21,https://createmy-qr.com/sv/instagram-gratis-qr-kod-generator-online,"Instagram QR Code Generator - Gratis & anpassad | CreateMy-QR
Instagram - Gratis QR-kod Generator Online - CreateMy-QR",text/html; charset=utf-8,false,200,0,0,,,"61
56",2,true
21,https://createmy-qr.com/ja/sekiyuritei-akitekutiya,"無料QRコード作成・ジェネレーター - CreateMy-QR (No Signup) | セキュリティ アーキテクチャ
types.security QR コード ジェネレーター - 無料 & カスタム | CreateMy-QR
セキュリティ アーキテクチャ | CreateMy-QR",text/html; charset=utf-8,false,200,0,0,,,"60
55
28",3,true
21,https://createmy-qr.com/ms/discord-penjana-kod-qr-percuma-dalam-talian,"Penjana Kod QR Perselisihan - Percuma & Tersuai | CreateMy-QR
Perselisihan - Penjana Kod QR Percuma Dalam Talian - CreateMy-QR",text/html; charset=utf-8,false,200,0,0,,,"61
64",2,true
21,https://createmy-qr.com/tl/arkitektura-ng-seguridad,"Libreng Online QR Code Generator - CreateMy-QR (No Signup) | Arkitektura ng Seguridad
types.security QR Code Generator - Libre at Custom | CreateMy-QR
Arkitektura ng Seguridad | CreateMy-QR",text/html; charset=utf-8,false,200,0,0,,,"85
64
38",3,true
21,https://createmy-qr.com/es/casos-de-uso,"Generador de Códigos QR Gratis Online - CreateMy-QR (No Signup) | Casos de uso
Generador de códigos QR types.usecases: gratuito y personalizado | CreateMy-QR
Casos de uso | CreateMy-QR",text/html; charset=utf-8,false,200,0,0,,,"78
78
26",3,true
21,https://createmy-qr.com/cs/galerie-obrazku-zdarma-online-generator-qr-kodu,"Galerie obrázků generátor QR kódu – zdarma a na míru | CreateMy-QR
Galerie obrázků - Zdarma Online Generátor QR Kódů - CreateMy-QR",text/html; charset=utf-8,false,200,0,0,,,"66
63",2,true
21,https://createmy-qr.com/ko/yagryeoge-ringkeu-muryo-onrain-qr-kodeu-saengseonggi,"약력에 링크 QR 코드 생성기 - 무료 및 사용자 정의 | CreateMy-QR
약력에 링크 - 무료 온라인 QR 코드 생성기 - CreateMy-QR",text/html; charset=utf-8,false,200,0,0,,,"44
39",2,true
21,https://createmy-qr.com/hu/paypal-ingyenes-online-qr-kod-generator,"PayPal QR-kód generátor - ingyenes és egyedi | CreateMy-QR
PayPal - Ingyenes Online QR-kód Generátor - CreateMy-QR",text/html; charset=utf-8,false,200,0,0,,,"58
55",2,true
21,https://createmy-qr.com/uk/telefon-bezkoshtovniy-generator-qr-kodiv-onlayn,"Генератор QR-коду Телефон – безкоштовний і користувацький | CreateMy-QR
Телефон - Безкоштовний Генератор QR-кодів Онлайн - CreateMy-QR",text/html; charset=utf-8,false,200,0,0,,,"71
62",2,true
21,https://createmy-qr.com/ja/odeio-wu-liao-qrkodozuo-cheng-zienereta,"オーディオ QR コード ジェネレーター - 無料 & カスタム | CreateMy-QR
オーディオ - 無料QRコード作成・ジェネレーター - CreateMy-QR",text/html; charset=utf-8,false,200,0,0,,,"46
39",2,true
21,https://createmy-qr.com/fi/kuva-ilmainen-qr-koodigeneraattori-netissa,"Kuva QR-koodigeneraattori - ilmainen ja räätälöity | CreateMy-QR
Kuva - Ilmainen QR-koodigeneraattori Netissä - CreateMy-QR",text/html; charset=utf-8,false,200,0,0,,,"64
58",2,true
21,https://createmy-qr.com/ms/app-store-penjana-kod-qr-percuma-dalam-talian,"Penjana Kod QR App Store - Percuma & Tersuai | CreateMy-QR
App Store - Penjana Kod QR Percuma Dalam Talian - CreateMy-QR",text/html; charset=utf-8,false,200,0,0,,,"58
61",2,true
21,https://createmy-qr.com/fr/evenement-generateur-de-code-qr-gratuit-en-ligne,"Générateur de code QR Événement - Gratuit et personnalisé | CreateMy-QR
Événement - Générateur de Code QR Gratuit en Ligne - CreateMy-QR",text/html; charset=utf-8,false,200,0,0,,,"71
64",2,true
21,https://createmy-qr.com/es/enlace-en-biografia-generador-de-codigos-qr-gratis-online,"Generador de códigos QR Enlace en biografía: gratuito y personalizado | CreateMy-QR
Enlace en biografía - Generador de Códigos QR Gratis Online - CreateMy-QR",text/html; charset=utf-8,false,200,0,0,,,"83
73",2,true
21,https://createmy-qr.com/it/venmo-generatore-di-codici-qr-gratis-online,"Generatore di codici QR Venmo - Gratuito e personalizzato | CreateMy-QR
Venmo - Generatore di Codici QR Gratis Online - CreateMy-QR",text/html; charset=utf-8,false,200,0,0,,,"71
59",2,true
21,https://createmy-qr.com/ja/zi-ji-shao-jie-nei-norinku-wu-liao-qrkodozuo-cheng-zienereta,"自己紹介内のリンク QR コード ジェネレーター - 無料 & カスタム | CreateMy-QR
自己紹介内のリンク - 無料QRコード作成・ジェネレーター - CreateMy-QR",text/html; charset=utf-8,false,200,0,0,,,"50
43",2,true
21,https://createmy-qr.com/nl/vcard-gratis-qr-code-generator-online,"vCard QR-codegenerator - gratis en aangepast | CreateMy-QR
vCard - Gratis QR Code Generator Online - CreateMy-QR",text/html; charset=utf-8,false,200,0,0,,,"58
53",2,true
21,https://createmy-qr.com/ar/ks-twytr-mwld-rmz-lstjb-lsryaa-mjny,"اكس (تويتر) QR Code Generator - مجاني ومخصص | CreateMy-QR
اكس (تويتر) - مولد رمز الاستجابة السريعة مجاني - CreateMy-QR",text/html; charset=utf-8,false,200,0,0,,,"57
60",2,true
21,https://createmy-qr.com/pt/gerador-de-codigo-qr-gratis-online,"Gerador de código de barras online gratuito - Crie códigos de barras 1D
Gerador de código QR types.barcode - gratuito e personalizado | CreateMy-QR
barcode - Gerador de Código QR Grátis Online - CreateMy-QR",text/html; charset=utf-8,false,200,0,0,,,"71
75
58",3,true
21,https://createmy-qr.com/linkedin-qr-code-generator,"LinkedIn QR Code Generator - Free & Custom | CreateMy-QR
LinkedIn - Free QR Code Generator Online - CreateMy-QR",text/html; charset=utf-8,false,200,0,0,,,"56
54",2,true
21,https://createmy-qr.com/hu/spotify-ingyenes-online-qr-kod-generator,"Spotify QR-kód generátor - ingyenes és egyedi | CreateMy-QR
Spotify - Ingyenes Online QR-kód Generátor - CreateMy-QR",text/html; charset=utf-8,false,200,0,0,,,"59
56",2,true
21,https://createmy-qr.com/hi/whatsapp-muph-t-onnlaain-kyuuaar-kodd-jnrettr,"व्हाट्सएप QR कोड जेनरेटर - मुफ़्त और कस्टम | CreateMy-QR
व्हाट्सएप - मुफ़्त ऑनलाइन क्यूआर कोड जनरेटर - CreateMy-QR",text/html; charset=utf-8,false,200,0,0,,,"56
57",2,true
21,https://createmy-qr.com/th/phaasaathiir-ngrab,"เครื่องมือสร้างคิวอาร์โค้ดออนไลน์ฟรี - CreateMy-QR (No Signup) | ภาษาที่รองรับ
types.languages เครื่องสร้างโค้ด QR - ฟรีและกำหนดเอง | CreateMy-QR
ภาษาที่รองรับ | CreateMy-QR",text/html; charset=utf-8,false,200,0,0,,,"78
66
27",3,true
21,https://createmy-qr.com/ko/egseu-teuwiteo-muryo-onrain-qr-kodeu-saengseonggi,"엑스(트위터) QR 코드 생성기 - 무료 및 사용자 정의 | CreateMy-QR
엑스(트위터) - 무료 온라인 QR 코드 생성기 - CreateMy-QR",text/html; charset=utf-8,false,200,0,0,,,"45
40",2,true
21,https://createmy-qr.com/sv/anvandarvillkor,"Gratis QR-kod Generator Online - CreateMy-QR (No Signup) | Användarvillkor
types.terms QR Code Generator - Gratis & anpassad | CreateMy-QR
Användarvillkor | CreateMy-QR",text/html; charset=utf-8,false,200,0,0,,,"74
63
29",3,true
21,https://createmy-qr.com/vi/dinh-gia-mien-phi-100,"Tạo Mã QR Miễn Phí Trực Tuyến - CreateMy-QR (No Signup) | Định giá miễn phí 100%
Trình tạo mã QR types.pricing - Miễn phí & Tùy chỉnh | CreateMy-QR
Định giá miễn phí 100% | CreateMy-QR",text/html; charset=utf-8,false,200,0,0,,,"80
66
36",3,true
21,https://createmy-qr.com/de/barcode-scanner-kostenloser-qr-code-generator-online,"Kostenloser Barcode-Scanner online – Scannen Sie UPC und EAN
Barcode-Scanner QR-Code-Generator – kostenlos und benutzerdefiniert | CreateMy-QR
Barcode-Scanner - Kostenloser QR-Code Generator Online - CreateMy-QR",text/html; charset=utf-8,false,200,0,0,,,"60
81
68",3,true
21,https://createmy-qr.com/zh/yin-pin-mian-fei-zai-xian-er-wei-ma-sheng-cheng-qi,"音频 QR 代码生成器 - 免费和自定义 | CreateMy-QR
音频 - 免费在线二维码生成器 - CreateMy-QR",text/html; charset=utf-8,false,200,0,0,,,"34
29",2,true
21,https://createmy-qr.com/bn/linkedin-phri-anlaain-kiuaar-kodd-jenaarettr,"লিঙ্কডইন QR কোড জেনারেটর - বিনামূল্যে এবং কাস্টম | CreateMy-QR
লিঙ্কডইন - ফ্রি অনলাইন কিউআর কোড জেনারেটর - CreateMy-QR",text/html; charset=utf-8,false,200,0,0,,,"62
55",2,true
21,https://createmy-qr.com/th/cch-ng-ekhruue-ngmuue-sraangkhiw-aarokhd-nailnfrii,"จอง เครื่องสร้างโค้ด QR - ฟรีและกำหนดเอง | CreateMy-QR
จอง - เครื่องมือสร้างคิวอาร์โค้ดออนไลน์ฟรี - CreateMy-QR",text/html; charset=utf-8,false,200,0,0,,,"54
56",2,true
21,https://createmy-qr.com/el/ihos-dorean-dimioyrgia-qr-code-online,"Ήχος QR Code Generator - Δωρεάν & Προσαρμοσμένο | CreateMy-QR
Ήχος - Δωρεάν Δημιουργία QR Code Online - CreateMy-QR",text/html; charset=utf-8,false,200,0,0,,,"61
53",2,true
21,https://createmy-qr.com/ru/amazon-besplatnyy-generator-qr-kodov-onlayn,"Амазонка Генератор QR-кодов — бесплатный и настраиваемый | CreateMy-QR
Амазонка - Бесплатный генератор QR-кодов онлайн - CreateMy-QR",text/html; charset=utf-8,false,200,0,0,,,"70
61",2,true
21,https://createmy-qr.com/da/x-twitter-gratis-qr-kode-generator-online,"X (Twitter) QR Code Generator - Gratis og brugerdefineret | CreateMy-QR
X (Twitter) - Gratis QR Kode Generator Online - CreateMy-QR",text/html; charset=utf-8,false,200,0,0,,,"71
59",2,true
21,https://createmy-qr.com/nl/gratis-qr-code-generator-online-2,"Gratis QR-codescanner online - Scan QR direct
types.scanqr QR-codegenerator - gratis en aangepast | CreateMy-QR
scanqr - Gratis QR Code Generator Online - CreateMy-QR",text/html; charset=utf-8,false,200,0,0,,,"45
65
54",3,true
21,https://createmy-qr.com/da/om-os,"Gratis QR Kode Generator Online - CreateMy-QR (No Signup) | Om os
types.about QR Code Generator - Gratis og brugerdefineret | CreateMy-QR
Om os | CreateMy-QR",text/html; charset=utf-8,false,200,0,0,,,"65
71
19",3,true
21,https://createmy-qr.com/ms/instagram-penjana-kod-qr-percuma-dalam-talian,"Penjana Kod QR Instagram - Percuma & Tersuai | CreateMy-QR
Instagram - Penjana Kod QR Percuma Dalam Talian - CreateMy-QR",text/html; charset=utf-8,false,200,0,0,,,"58
61",2,true
21,https://createmy-qr.com/ja/wu-liao-qrkodozuo-cheng-zienereta-2,"無料の QR コード スキャナー オンライン - QR を即座にスキャン
types.scanqr QR コード ジェネレーター - 無料 & カスタム | CreateMy-QR
scanqr - 無料QRコード作成・ジェネレーター - CreateMy-QR",text/html; charset=utf-8,false,200,0,0,,,"36
53
40",3,true
21,https://createmy-qr.com/ms/paypal-penjana-kod-qr-percuma-dalam-talian,"Penjana Kod QR PayPal - Percuma & Tersuai | CreateMy-QR
PayPal - Penjana Kod QR Percuma Dalam Talian - CreateMy-QR",text/html; charset=utf-8,false,200,0,0,,,"55
58",2,true
21,https://createmy-qr.com/no/email-gratis-qr-kode-generator-online,"E-post QR Code Generator - Gratis og tilpasset | CreateMy-QR
E-post - Gratis QR-kode Generator Online - CreateMy-QR",text/html; charset=utf-8,false,200,0,0,,,"60
54",2,true
21,https://createmy-qr.com/cs/telegram-zdarma-online-generator-qr-kodu,"Telegram generátor QR kódu – zdarma a na míru | CreateMy-QR
Telegram - Zdarma Online Generátor QR Kódů - CreateMy-QR",text/html; charset=utf-8,false,200,0,0,,,"59
56",2,true
21,https://createmy-qr.com/no/100-gratis-priser,"Gratis QR-kode Generator Online - CreateMy-QR (No Signup) | 100 % gratis priser
types.pricing QR Code Generator - Gratis og tilpasset | CreateMy-QR
100 % gratis priser | CreateMy-QR",text/html; charset=utf-8,false,200,0,0,,,"79
67
33",3,true
21,https://createmy-qr.com/es/google-forms-generador-de-codigos-qr-gratis-online,"Generador de códigos QR Formularios de Google: gratuito y personalizado | CreateMy-QR
Formularios de Google - Generador de Códigos QR Gratis Online - CreateMy-QR",text/html; charset=utf-8,false,200,0,0,,,"85
75",2,true
21,https://createmy-qr.com/cs/wi-fi-zdarma-online-generator-qr-kodu,"Wi-Fi generátor QR kódu – zdarma a na míru | CreateMy-QR
Wi-Fi - Zdarma Online Generátor QR Kódů - CreateMy-QR",text/html; charset=utf-8,false,200,0,0,,,"56
53",2,true
21,https://createmy-qr.com/ms/linkedin-penjana-kod-qr-percuma-dalam-talian,"Penjana Kod QR LinkedIn - Percuma & Tersuai | CreateMy-QR
LinkedIn - Penjana Kod QR Percuma Dalam Talian - CreateMy-QR",text/html; charset=utf-8,false,200,0,0,,,"57
60",2,true
21,https://createmy-qr.com/zh/youtube-mian-fei-zai-xian-er-wei-ma-sheng-cheng-qi,"YouTube QR 代码生成器 - 免费和自定义 | CreateMy-QR
YouTube - 免费在线二维码生成器 - CreateMy-QR",text/html; charset=utf-8,false,200,0,0,,,"39
34",2,true
21,https://createmy-qr.com/bn/smrthit-bhaassaasmuuh,"ফ্রি অনলাইন কিউআর কোড জেনারেটর - CreateMy-QR (No Signup) | সমর্থিত ভাষাসমূহ
types.languages QR কোড জেনারেটর - বিনামূল্যে এবং কাস্টম | CreateMy-QR
সমর্থিত ভাষাসমূহ | CreateMy-QR",text/html; charset=utf-8,false,200,0,0,,,"75
69
30",3,true
21,https://createmy-qr.com/ro/discord-generator-de-coduri-qr-gratuit-online,"Discordia QR Code Generator - Gratuit și personalizat | CreateMy-QR
Discordia - Generator de Coduri QR Gratuit Online - CreateMy-QR",text/html; charset=utf-8,false,200,0,0,,,"67
63",2,true
21,https://createmy-qr.com/tl/linkedin-libreng-online-qr-code-generator,"LinkedIn QR Code Generator - Libre at Custom | CreateMy-QR
LinkedIn - Libreng Online QR Code Generator - CreateMy-QR",text/html; charset=utf-8,false,200,0,0,,,"58
57",2,true
21,https://createmy-qr.com/bn/aamaader-smprke,"ফ্রি অনলাইন কিউআর কোড জেনারেটর - CreateMy-QR (No Signup) | আমাদের সম্পর্কে
types.about QR কোড জেনারেটর - বিনামূল্যে এবং কাস্টম | CreateMy-QR
আমাদের সম্পর্কে | CreateMy-QR",text/html; charset=utf-8,false,200,0,0,,,"74
65
29",3,true
21,https://createmy-qr.com/de/unterstutzte-sprachen,"Kostenloser QR-Code Generator Online - CreateMy-QR (No Signup) | Unterstützte Sprachen
types.languages QR-Code-Generator – kostenlos und benutzerdefiniert | CreateMy-QR
Unterstützte Sprachen | CreateMy-QR",text/html; charset=utf-8,false,200,0,0,,,"86
81
35",3,true
21,https://createmy-qr.com/hi/kes-kaa-pryog-kren,"मुफ़्त ऑनलाइन क्यूआर कोड जनरेटर - CreateMy-QR (No Signup) | केस का प्रयोग करें
types.usecases QR कोड जेनरेटर - मुफ़्त और कस्टम | CreateMy-QR
केस का प्रयोग करें | CreateMy-QR",text/html; charset=utf-8,false,200,0,0,,,"78
61
32",3,true
21,https://createmy-qr.com/uk/amazon-bezkoshtovniy-generator-qr-kodiv-onlayn,"Генератор QR-коду Amazon – безкоштовний і користувацький | CreateMy-QR
Amazon - Безкоштовний Генератор QR-кодів Онлайн - CreateMy-QR",text/html; charset=utf-8,false,200,0,0,,,"70
61",2,true
21,https://createmy-qr.com/uk/spotify-bezkoshtovniy-generator-qr-kodiv-onlayn,"Генератор QR-коду Spotify – безкоштовний і користувацький | CreateMy-QR
Spotify - Безкоштовний Генератор QR-кодів Онлайн - CreateMy-QR",text/html; charset=utf-8,false,200,0,0,,,"71
62",2,true
21,https://createmy-qr.com/vi/tiktok-tao-ma-qr-mien-phi-truc-tuyen,"Trình tạo mã QR TikTok - Miễn phí & Tùy chỉnh | CreateMy-QR
TikTok - Tạo Mã QR Miễn Phí Trực Tuyến - CreateMy-QR",text/html; charset=utf-8,false,200,0,0,,,"59
52",2,true
21,https://createmy-qr.com/pl/amazon-darmowy-generator-kodow-qr-online,"Generator kodów QR Amazonka — bezpłatny i niestandardowy | CreateMy-QR
Amazonka - Darmowy Generator Kodów QR Online - CreateMy-QR",text/html; charset=utf-8,false,200,0,0,,,"70
58",2,true
21,https://createmy-qr.com/tr/pdf-ucretsiz-cevrimici-qr-kod-olusturucu,"PDF QR Kod Oluşturucu - Ücretsiz ve Özel | CreateMy-QR
PDF - Ücretsiz Çevrimiçi QR Kod Oluşturucu - CreateMy-QR",text/html; charset=utf-8,false,200,0,0,,,"54
56",2,true
21,https://createmy-qr.com/it/tiktok-generatore-di-codici-qr-gratis-online,"Generatore di codici QR TikTok - Gratuito e personalizzato | CreateMy-QR
TikTok - Generatore di Codici QR Gratis Online - CreateMy-QR",text/html; charset=utf-8,false,200,0,0,,,"72
60",2,true
21,https://createmy-qr.com/id/generator-qr-code-gratis-online-2,"Pemindai Kode QR Online Gratis - Pindai QR Seketika
types.scanqr Pembuat Kode QR - Gratis & Khusus | CreateMy-QR
scanqr - Generator QR Code Gratis Online - CreateMy-QR",text/html; charset=utf-8,false,200,0,0,,,"51
60
54",3,true
21,https://createmy-qr.com/th/spotify-ekhruue-ngmuue-sraangkhiw-aarokhd-nailnfrii,"สปอทิฟาย เครื่องสร้างโค้ด QR - ฟรีและกำหนดเอง | CreateMy-QR
สปอทิฟาย - เครื่องมือสร้างคิวอาร์โค้ดออนไลน์ฟรี - CreateMy-QR",text/html; charset=utf-8,false,200,0,0,,,"59
61",2,true
21,https://createmy-qr.com/tl/youtube-libreng-online-qr-code-generator,"YouTube QR Code Generator - Libre at Custom | CreateMy-QR
YouTube - Libreng Online QR Code Generator - CreateMy-QR",text/html; charset=utf-8,false,200,0,0,,,"57
56",2,true
21,https://createmy-qr.com/ro/google-forms-generator-de-coduri-qr-gratuit-online,"Formulare Google QR Code Generator - Gratuit și personalizat | CreateMy-QR
Formulare Google - Generator de Coduri QR Gratuit Online - CreateMy-QR",text/html; charset=utf-8,false,200,0,0,,,"74
70",2,true
21,https://createmy-qr.com/el/eikona-dorean-dimioyrgia-qr-code-online,"Εικόνα QR Code Generator - Δωρεάν & Προσαρμοσμένο | CreateMy-QR
Εικόνα - Δωρεάν Δημιουργία QR Code Online - CreateMy-QR",text/html; charset=utf-8,false,200,0,0,,,"63
55",2,true
21,https://createmy-qr.com/es/reserva-generador-de-codigos-qr-gratis-online,"Generador de códigos QR Reserva: gratuito y personalizado | CreateMy-QR
Reserva - Generador de Códigos QR Gratis Online - CreateMy-QR",text/html; charset=utf-8,false,200,0,0,,,"71
61",2,true
21,https://createmy-qr.com/bn/google-review-phri-anlaain-kiuaar-kodd-jenaarettr,"গুগল রিভিউ QR কোড জেনারেটর - বিনামূল্যে এবং কাস্টম | CreateMy-QR
গুগল রিভিউ - ফ্রি অনলাইন কিউআর কোড জেনারেটর - CreateMy-QR",text/html; charset=utf-8,false,200,0,0,,,"64
57",2,true
21,https://createmy-qr.com/el/sms-dorean-dimioyrgia-qr-code-online,"SMS QR Code Generator - Δωρεάν & Προσαρμοσμένο | CreateMy-QR
SMS - Δωρεάν Δημιουργία QR Code Online - CreateMy-QR",text/html; charset=utf-8,false,200,0,0,,,"60
52",2,true
21,https://createmy-qr.com/tl/mga-tuntunin-ng-serbisyo,"Libreng Online QR Code Generator - CreateMy-QR (No Signup) | Mga Tuntunin ng Serbisyo
types.terms QR Code Generator - Libre at Custom | CreateMy-QR
Mga Tuntunin ng Serbisyo | CreateMy-QR",text/html; charset=utf-8,false,200,0,0,,,"85
61
38",3,true
21,https://createmy-qr.com/no/instagram-gratis-qr-kode-generator-online,"Instagram QR Code Generator - Gratis og tilpasset | CreateMy-QR
Instagram - Gratis QR-kode Generator Online - CreateMy-QR",text/html; charset=utf-8,false,200,0,0,,,"63
57",2,true
21,https://createmy-qr.com/id/kebijakan-privasi,"Generator QR Code Gratis Online - CreateMy-QR (No Signup) | Kebijakan Privasi
types.privacy Pembuat Kode QR - Gratis & Khusus | CreateMy-QR
Kebijakan Privasi | CreateMy-QR",text/html; charset=utf-8,false,200,0,0,,,"77
61
31",3,true
21,https://createmy-qr.com/sv/ljud-gratis-qr-kod-generator-online,"Ljud QR Code Generator - Gratis & anpassad | CreateMy-QR
Ljud - Gratis QR-kod Generator Online - CreateMy-QR",text/html; charset=utf-8,false,200,0,0,,,"56
51",2,true
21,https://createmy-qr.com/ar/lhtf-mwld-rmz-lstjb-lsryaa-mjny,"الهاتف QR Code Generator - مجاني ومخصص | CreateMy-QR
الهاتف - مولد رمز الاستجابة السريعة مجاني - CreateMy-QR",text/html; charset=utf-8,false,200,0,0,,,"52
55",2,true
21,https://createmy-qr.com/cs/amazon-zdarma-online-generator-qr-kodu,"Amazon generátor QR kódu – zdarma a na míru | CreateMy-QR
Amazon - Zdarma Online Generátor QR Kódů - CreateMy-QR",text/html; charset=utf-8,false,200,0,0,,,"57
54",2,true
21,https://createmy-qr.com/ja/telegram-wu-liao-qrkodozuo-cheng-zienereta,"電報 QR コード ジェネレーター - 無料 & カスタム | CreateMy-QR
電報 - 無料QRコード作成・ジェネレーター - CreateMy-QR",text/html; charset=utf-8,false,200,0,0,,,"43
36",2,true
21,https://createmy-qr.com/tl/google-review-libreng-online-qr-code-generator,"Google Review QR Code Generator - Libre at Custom | CreateMy-QR
Google Review - Libreng Online QR Code Generator - CreateMy-QR",text/html; charset=utf-8,false,200,0,0,,,"63
62",2,true
21,https://createmy-qr.com/hi/discord-muph-t-onnlaain-kyuuaar-kodd-jnrettr,"कलह QR कोड जेनरेटर - मुफ़्त और कस्टम | CreateMy-QR
कलह - मुफ़्त ऑनलाइन क्यूआर कोड जनरेटर - CreateMy-QR",text/html; charset=utf-8,false,200,0,0,,,"50
51",2,true
21,https://createmy-qr.com/tl/crypto-libreng-online-qr-code-generator,"Crypto QR Code Generator - Libre at Custom | CreateMy-QR
Crypto - Libreng Online QR Code Generator - CreateMy-QR",text/html; charset=utf-8,false,200,0,0,,,"56
55",2,true
21,https://createmy-qr.com/ro/email-generator-de-coduri-qr-gratuit-online,"E-mail QR Code Generator - Gratuit și personalizat | CreateMy-QR
E-mail - Generator de Coduri QR Gratuit Online - CreateMy-QR",text/html; charset=utf-8,false,200,0,0,,,"64
60",2,true
21,https://createmy-qr.com/pl/rezerwacja-darmowy-generator-kodow-qr-online,"Generator kodów QR Rezerwacja — bezpłatny i niestandardowy | CreateMy-QR
Rezerwacja - Darmowy Generator Kodów QR Online - CreateMy-QR",text/html; charset=utf-8,false,200,0,0,,,"72
60",2,true
21,https://createmy-qr.com/no/gratis-qr-kode-generator-online,"Gratis strekkodegenerator online - Lag 1D strekkoder
types.barcode QR Code Generator - Gratis og tilpasset | CreateMy-QR
barcode - Gratis QR-kode Generator Online - CreateMy-QR",text/html; charset=utf-8,false,200,0,0,,,"52
67
55",3,true
21,https://createmy-qr.com/ro/text-generator-de-coduri-qr-gratuit-online,"Text QR Code Generator - Gratuit și personalizat | CreateMy-QR
Text - Generator de Coduri QR Gratuit Online - CreateMy-QR",text/html; charset=utf-8,false,200,0,0,,,"62
58",2,true
21,https://createmy-qr.com/fi/tapahtuma-ilmainen-qr-koodigeneraattori-netissa,"Tapahtuma QR-koodigeneraattori - ilmainen ja räätälöity | CreateMy-QR
Tapahtuma - Ilmainen QR-koodigeneraattori Netissä - CreateMy-QR",text/html; charset=utf-8,false,200,0,0,,,"69
63",2,true
21,https://createmy-qr.com/hu/szoveg-ingyenes-online-qr-kod-generator,"Szöveg QR-kód generátor - ingyenes és egyedi | CreateMy-QR
Szöveg - Ingyenes Online QR-kód Generátor - CreateMy-QR",text/html; charset=utf-8,false,200,0,0,,,"58
55",2,true
21,https://createmy-qr.com/ar/google-review-mwld-rmz-lstjb-lsryaa-mjny,"مراجعة جوجل QR Code Generator - مجاني ومخصص | CreateMy-QR
مراجعة جوجل - مولد رمز الاستجابة السريعة مجاني - CreateMy-QR",text/html; charset=utf-8,false,200,0,0,,,"57
60",2,true
21,https://createmy-qr.com/bn/anlaain-bukin-phri-anlaain-kiuaar-kodd-jenaarettr,"অনলাইন বুকিং QR কোড জেনারেটর - বিনামূল্যে এবং কাস্টম | CreateMy-QR
অনলাইন বুকিং - ফ্রি অনলাইন কিউআর কোড জেনারেটর - CreateMy-QR",text/html; charset=utf-8,false,200,0,0,,,"66
59",2,true
21,https://createmy-qr.com/tl/amazon-libreng-online-qr-code-generator,"Amazon QR Code Generator - Libre at Custom | CreateMy-QR
Amazon - Libreng Online QR Code Generator - CreateMy-QR",text/html; charset=utf-8,false,200,0,0,,,"56
55",2,true
21,https://createmy-qr.com/pl/o-nas,"Darmowy Generator Kodów QR Online - CreateMy-QR (No Signup) | O nas
Generator kodów QR types.about — bezpłatny i niestandardowy | CreateMy-QR
O nas | CreateMy-QR",text/html; charset=utf-8,false,200,0,0,,,"67
73
19",3,true
21,https://createmy-qr.com/pt/tiktok-gerador-de-codigo-qr-gratis-online,"Gerador de código QR TikTok - gratuito e personalizado | CreateMy-QR
TikTok - Gerador de Código QR Grátis Online - CreateMy-QR",text/html; charset=utf-8,false,200,0,0,,,"68
57",2,true
21,https://createmy-qr.com/hu/biztonsagi-architektura,"Ingyenes Online QR-kód Generátor - CreateMy-QR (No Signup) | Biztonsági architektúra
types.security QR-kód generátor - ingyenes és egyedi | CreateMy-QR
Biztonsági architektúra | CreateMy-QR",text/html; charset=utf-8,false,200,0,0,,,"84
66
37",3,true
21,https://createmy-qr.com/zh/guan-yu-wo-men,"免费在线二维码生成器 - CreateMy-QR (No Signup) | 关于我们
types.about QR 代码生成器 - 免费和自定义 | CreateMy-QR
关于我们 | CreateMy-QR",text/html; charset=utf-8,false,200,0,0,,,"43
43
18",3,true
21,https://createmy-qr.com/pt/whatsapp-gerador-de-codigo-qr-gratis-online,"Gerador de código QR WhatsApp - gratuito e personalizado | CreateMy-QR
WhatsApp - Gerador de Código QR Grátis Online - CreateMy-QR",text/html; charset=utf-8,false,200,0,0,,,"70
59",2,true
21,https://createmy-qr.com/pl/google-forms-darmowy-generator-kodow-qr-online,"Generator kodów QR Formularze Google — bezpłatny i niestandardowy | CreateMy-QR
Formularze Google - Darmowy Generator Kodów QR Online - CreateMy-QR",text/html; charset=utf-8,false,200,0,0,,,"79
67",2,true
21,https://createmy-qr.com/bn/imej-gyaalaari-phri-anlaain-kiuaar-kodd-jenaarettr,"ইমেজ গ্যালারি QR কোড জেনারেটর - বিনামূল্যে এবং কাস্টম | CreateMy-QR
ইমেজ গ্যালারি - ফ্রি অনলাইন কিউআর কোড জেনারেটর - CreateMy-QR",text/html; charset=utf-8,false,200,0,0,,,"67
60",2,true
21,https://createmy-qr.com/it/snapchat-generatore-di-codici-qr-gratis-online,"Generatore di codici QR Snapchat - Gratuito e personalizzato | CreateMy-QR
Snapchat - Generatore di Codici QR Gratis Online - CreateMy-QR",text/html; charset=utf-8,false,200,0,0,,,"74
62",2,true
21,https://createmy-qr.com/id/pdf-generator-qr-code-gratis-online,"PDF Pembuat Kode QR - Gratis & Khusus | CreateMy-QR
PDF - Generator QR Code Gratis Online - CreateMy-QR",text/html; charset=utf-8,false,200,0,0,,,"51
51",2,true
21,https://createmy-qr.com/ms/teks-penjana-kod-qr-percuma-dalam-talian,"Penjana Kod QR Teks - Percuma & Tersuai | CreateMy-QR
Teks - Penjana Kod QR Percuma Dalam Talian - CreateMy-QR",text/html; charset=utf-8,false,200,0,0,,,"53
56",2,true
21,https://createmy-qr.com/nl/wi-fi-gratis-qr-code-generator-online,"Wifi QR-codegenerator - gratis en aangepast | CreateMy-QR
Wifi - Gratis QR Code Generator Online - CreateMy-QR",text/html; charset=utf-8,false,200,0,0,,,"57
52",2,true
21,https://createmy-qr.com/vi/su-kien-tao-ma-qr-mien-phi-truc-tuyen,"Trình tạo mã QR Sự kiện - Miễn phí & Tùy chỉnh | CreateMy-QR
Sự kiện - Tạo Mã QR Miễn Phí Trực Tuyến - CreateMy-QR",text/html; charset=utf-8,false,200,0,0,,,"60
53",2,true
21,https://createmy-qr.com/da/fil-gratis-qr-kode-generator-online,"Fil QR Code Generator - Gratis og brugerdefineret | CreateMy-QR
Fil - Gratis QR Kode Generator Online - CreateMy-QR",text/html; charset=utf-8,false,200,0,0,,,"63
51",2,true
21,https://createmy-qr.com/cs/vcard-zdarma-online-generator-qr-kodu,"vCard generátor QR kódu – zdarma a na míru | CreateMy-QR
vCard - Zdarma Online Generátor QR Kódů - CreateMy-QR",text/html; charset=utf-8,false,200,0,0,,,"56
53",2,true
21,https://createmy-qr.com/ja/snapchat-wu-liao-qrkodozuo-cheng-zienereta,"スナップチャット QR コード ジェネレーター - 無料 & カスタム | CreateMy-QR
スナップチャット - 無料QRコード作成・ジェネレーター - CreateMy-QR",text/html; charset=utf-8,false,200,0,0,,,"49
42",2,true
21,https://createmy-qr.com/tl/text-libreng-online-qr-code-generator,"Text QR Code Generator - Libre at Custom | CreateMy-QR
Text - Libreng Online QR Code Generator - CreateMy-QR",text/html; charset=utf-8,false,200,0,0,,,"54
53",2,true
21,https://createmy-qr.com/ja/discord-wu-liao-qrkodozuo-cheng-zienereta,"不協和音 QR コード ジェネレーター - 無料 & カスタム | CreateMy-QR
不協和音 - 無料QRコード作成・ジェネレーター - CreateMy-QR",text/html; charset=utf-8,false,200,0,0,,,"45
38",2,true
21,https://createmy-qr.com/cs/text-zdarma-online-generator-qr-kodu,"Text generátor QR kódu – zdarma a na míru | CreateMy-QR
Text - Zdarma Online Generátor QR Kódů - CreateMy-QR",text/html; charset=utf-8,false,200,0,0,,,"55
52",2,true
21,https://createmy-qr.com/nl/x-twitter-gratis-qr-code-generator-online,"X (Twitter) QR-codegenerator - gratis en aangepast | CreateMy-QR
X (Twitter) - Gratis QR Code Generator Online - CreateMy-QR",text/html; charset=utf-8,false,200,0,0,,,"64
59",2,true
21,https://createmy-qr.com/fr/discord-generateur-de-code-qr-gratuit-en-ligne,"Générateur de code QR Discorde - Gratuit et personnalisé | CreateMy-QR
Discorde - Générateur de Code QR Gratuit en Ligne - CreateMy-QR",text/html; charset=utf-8,false,200,0,0,,,"70
63",2,true
21,https://createmy-qr.com/el/politiki-aporritoy,"Δωρεάν Δημιουργία QR Code Online - CreateMy-QR (No Signup) | Πολιτική Απορρήτου
types.privacy QR Code Generator - Δωρεάν & Προσαρμοσμένο | CreateMy-QR
Πολιτική Απορρήτου | CreateMy-QR",text/html; charset=utf-8,false,200,0,0,,,"79
70
32",3,true
21,https://createmy-qr.com/th/thiitang-ekhruue-ngmuue-sraangkhiw-aarokhd-nailnfrii,"ที่ตั้ง เครื่องสร้างโค้ด QR - ฟรีและกำหนดเอง | CreateMy-QR
ที่ตั้ง - เครื่องมือสร้างคิวอาร์โค้ดออนไลน์ฟรี - CreateMy-QR",text/html; charset=utf-8,false,200,0,0,,,"58
60",2,true
21,https://createmy-qr.com/pl/,"CreateMy-QR | Wszystkie kody QR i kreskowe Narzędzia w jednym miejscu
CreateMy-QR | Wszystkie kody QR i kreskowe Narzędzia w jednym miejscu
home - Darmowy Generator Kodów QR Online - CreateMy-QR",text/html; charset=utf-8,false,200,0,1,,,"69
69
54",3,true
21,https://createmy-qr.com/de/nutzungsbedingungen,"Kostenloser QR-Code Generator Online - CreateMy-QR (No Signup) | Nutzungsbedingungen
types.terms QR-Code-Generator – kostenlos und benutzerdefiniert | CreateMy-QR
Nutzungsbedingungen | CreateMy-QR",text/html; charset=utf-8,false,200,0,0,,,"84
77
33",3,true
21,https://createmy-qr.com/ms/youtube-penjana-kod-qr-percuma-dalam-talian,"Penjana Kod QR YouTube - Percuma & Tersuai | CreateMy-QR
YouTube - Penjana Kod QR Percuma Dalam Talian - CreateMy-QR",text/html; charset=utf-8,false,200,0,0,,,"56
59",2,true
21,https://createmy-qr.com/tl/venmo-libreng-online-qr-code-generator,"Venmo QR Code Generator - Libre at Custom | CreateMy-QR
Venmo - Libreng Online QR Code Generator - CreateMy-QR",text/html; charset=utf-8,false,200,0,0,,,"55
54",2,true
21,https://createmy-qr.com/id/pemindai-kode-batang-generator-qr-code-gratis-online,"Pemindai Kode Batang Online Gratis - Pindai UPC & EAN
Pemindai Kode Batang Pembuat Kode QR - Gratis & Khusus | CreateMy-QR
Pemindai Kode Batang - Generator QR Code Gratis Online - CreateMy-QR",text/html; charset=utf-8,false,200,0,0,,,"53
68
68",3,true
21,https://createmy-qr.com/th/amazon-ekhruue-ngmuue-sraangkhiw-aarokhd-nailnfrii,"อเมซอน เครื่องสร้างโค้ด QR - ฟรีและกำหนดเอง | CreateMy-QR
อเมซอน - เครื่องมือสร้างคิวอาร์โค้ดออนไลน์ฟรี - CreateMy-QR",text/html; charset=utf-8,false,200,0,0,,,"57
59",2,true
21,https://createmy-qr.com/fi/app-store-ilmainen-qr-koodigeneraattori-netissa,"App Store QR-koodigeneraattori - ilmainen ja räätälöity | CreateMy-QR
App Store - Ilmainen QR-koodigeneraattori Netissä - CreateMy-QR",text/html; charset=utf-8,false,200,0,0,,,"69
63",2,true
21,https://createmy-qr.com/ko/muryo-onrain-qr-kodeu-saengseonggi,"온라인 무료 바코드 생성기 - 1D 바코드 생성
types.barcode QR 코드 생성기 - 무료 및 사용자 정의 | CreateMy-QR
barcode - 무료 온라인 QR 코드 생성기 - CreateMy-QR",text/html; charset=utf-8,false,200,0,0,,,"26
51
40",3,true
21,https://createmy-qr.com/ro/youtube-generator-de-coduri-qr-gratuit-online,"YouTube QR Code Generator - Gratuit și personalizat | CreateMy-QR
YouTube - Generator de Coduri QR Gratuit Online - CreateMy-QR",text/html; charset=utf-8,false,200,0,0,,,"65
61",2,true
21,https://createmy-qr.com/sv/email-gratis-qr-kod-generator-online,"E-post QR Code Generator - Gratis & anpassad | CreateMy-QR
E-post - Gratis QR-kod Generator Online - CreateMy-QR",text/html; charset=utf-8,false,200,0,0,,,"58
53",2,true
21,https://createmy-qr.com/tl/lokasyon-libreng-online-qr-code-generator,"Lokasyon QR Code Generator - Libre at Custom | CreateMy-QR
Lokasyon - Libreng Online QR Code Generator - CreateMy-QR",text/html; charset=utf-8,false,200,0,0,,,"58
57",2,true
21,https://createmy-qr.com/pl/youtube-darmowy-generator-kodow-qr-online,"Generator kodów QR YouTube — bezpłatny i niestandardowy | CreateMy-QR
YouTube - Darmowy Generator Kodów QR Online - CreateMy-QR",text/html; charset=utf-8,false,200,0,0,,,"69
57",2,true
21,https://createmy-qr.com/vi/email-tao-ma-qr-mien-phi-truc-tuyen,"Trình tạo mã QR Email - Miễn phí & Tùy chỉnh | CreateMy-QR
Email - Tạo Mã QR Miễn Phí Trực Tuyến - CreateMy-QR",text/html; charset=utf-8,false,200,0,0,,,"58
51",2,true
21,https://createmy-qr.com/tl/sms-libreng-online-qr-code-generator,"SMS QR Code Generator - Libre at Custom | CreateMy-QR
SMS - Libreng Online QR Code Generator - CreateMy-QR",text/html; charset=utf-8,false,200,0,0,,,"53
52",2,true
21,https://createmy-qr.com/twitter-qr-code-generator,"X (Twitter) QR Code Generator - Free & Custom | CreateMy-QR
X (Twitter) - Free QR Code Generator Online - CreateMy-QR",text/html; charset=utf-8,false,200,0,0,,,"59
57",2,true
21,https://createmy-qr.com/cs/facebook-zdarma-online-generator-qr-kodu,"Facebook generátor QR kódu – zdarma a na míru | CreateMy-QR
Facebook - Zdarma Online Generátor QR Kódů - CreateMy-QR",text/html; charset=utf-8,false,200,0,0,,,"59
56",2,true
21,https://createmy-qr.com/vi/may-quet-ma-vach-tao-ma-qr-mien-phi-truc-tuyen,"Máy quét mã vạch trực tuyến miễn phí - Quét UPC & EAN
Trình tạo mã QR Máy quét mã vạch - Miễn phí & Tùy chỉnh | CreateMy-QR
Máy quét mã vạch - Tạo Mã QR Miễn Phí Trực Tuyến - CreateMy-QR",text/html; charset=utf-8,false,200,0,0,,,"53
69
62",3,true
21,https://createmy-qr.com/ms/,"CreateMy-QR | Semua QR & Kod Bar Alat di Satu Tempat
CreateMy-QR | Semua QR & Kod Bar Alat di Satu Tempat
home - Penjana Kod QR Percuma Dalam Talian - CreateMy-QR",text/html; charset=utf-8,false,200,0,1,,,"52
52
56",3,true
21,https://createmy-qr.com/it/testo-generatore-di-codici-qr-gratis-online,"Generatore di codici QR Testo - Gratuito e personalizzato | CreateMy-QR
Testo - Generatore di Codici QR Gratis Online - CreateMy-QR",text/html; charset=utf-8,false,200,0,0,,,"71
59",2,true
21,https://createmy-qr.com/ja/hua-xiang-wu-liao-qrkodozuo-cheng-zienereta,"画像 QR コード ジェネレーター - 無料 & カスタム | CreateMy-QR
画像 - 無料QRコード作成・ジェネレーター - CreateMy-QR",text/html; charset=utf-8,false,200,0,0,,,"43
36",2,true
21,https://createmy-qr.com/uk/pidtrimuvani-movi,"Безкоштовний Генератор QR-кодів Онлайн - CreateMy-QR (No Signup) | Підтримувані мови
Генератор QR-коду types.languages – безкоштовний і користувацький | CreateMy-QR
Підтримувані мови | CreateMy-QR",text/html; charset=utf-8,false,200,0,0,,,"84
79
31",3,true
21,https://createmy-qr.com/ko/pail-muryo-onrain-qr-kodeu-saengseonggi,"파일 QR 코드 생성기 - 무료 및 사용자 정의 | CreateMy-QR
파일 - 무료 온라인 QR 코드 생성기 - CreateMy-QR",text/html; charset=utf-8,false,200,0,0,,,"40
35",2,true
21,https://createmy-qr.com/cs/paypal-zdarma-online-generator-qr-kodu,"PayPal generátor QR kódu – zdarma a na míru | CreateMy-QR
PayPal - Zdarma Online Generátor QR Kódů - CreateMy-QR",text/html; charset=utf-8,false,200,0,0,,,"57
54",2,true
21,https://createmy-qr.com/it/architettura-di-sicurezza,"Generatore di Codici QR Gratis Online - CreateMy-QR (No Signup) | Architettura di sicurezza
Generatore di codici QR types.security - Gratuito e personalizzato | CreateMy-QR
Architettura di sicurezza | CreateMy-QR",text/html; charset=utf-8,false,200,0,0,,,"91
80
39",3,true
21,https://createmy-qr.com/ar/linkedin-mwld-rmz-lstjb-lsryaa-mjny,"ينكدين QR Code Generator - مجاني ومخصص | CreateMy-QR
ينكدين - مولد رمز الاستجابة السريعة مجاني - CreateMy-QR",text/html; charset=utf-8,false,200,0,0,,,"52
55",2,true
21,https://createmy-qr.com/es/terminos-de-servicio,"Generador de Códigos QR Gratis Online - CreateMy-QR (No Signup) | Términos de servicio
Generador de códigos QR types.terms: gratuito y personalizado | CreateMy-QR
Términos de servicio | CreateMy-QR",text/html; charset=utf-8,false,200,0,0,,,"86
75
34",3,true
21,https://createmy-qr.com/vi/van-ban-tao-ma-qr-mien-phi-truc-tuyen,"Trình tạo mã QR Văn bản - Miễn phí & Tùy chỉnh | CreateMy-QR
Văn bản - Tạo Mã QR Miễn Phí Trực Tuyến - CreateMy-QR",text/html; charset=utf-8,false,200,0,0,,,"60
53",2,true
21,https://createmy-qr.com/spotify-qr-code-generator,"Spotify QR Code Generator - Free & Custom | CreateMy-QR
Spotify - Free QR Code Generator Online - CreateMy-QR",text/html; charset=utf-8,false,200,0,0,,,"55
53",2,true
21,https://createmy-qr.com/el/discord-dorean-dimioyrgia-qr-code-online,"Διχόνοια QR Code Generator - Δωρεάν & Προσαρμοσμένο | CreateMy-QR
Διχόνοια - Δωρεάν Δημιουργία QR Code Online - CreateMy-QR",text/html; charset=utf-8,false,200,0,0,,,"65
57",2,true
21,https://createmy-qr.com/ar/sys-lkhswsy,"مولد رمز الاستجابة السريعة مجاني - CreateMy-QR (No Signup) | سياسة الخصوصية
types.privacy QR Code Generator - مجاني ومخصص | CreateMy-QR
سياسة الخصوصية | CreateMy-QR",text/html; charset=utf-8,false,200,0,0,,,"75
59
28",3,true
21,https://createmy-qr.com/,"CreateMy-QR | All QR & Barcode Tools in One Place
CreateMy-QR | All QR & Barcode Tools in One Place
home - Free QR Code Generator Online - CreateMy-QR",text/html; charset=utf-8,false,200,0,0,,,"49
49
50",3,true
21,https://createmy-qr.com/nl/whatsapp-gratis-qr-code-generator-online,"Whatsappen QR-codegenerator - gratis en aangepast | CreateMy-QR
Whatsappen - Gratis QR Code Generator Online - CreateMy-QR",text/html; charset=utf-8,false,200,0,0,,,"63
58",2,true
21,https://createmy-qr.com/es/sobre-nosotros,"Generador de Códigos QR Gratis Online - CreateMy-QR (No Signup) | Sobre nosotros
Generador de códigos QR types.about: gratuito y personalizado | CreateMy-QR
Sobre nosotros | CreateMy-QR",text/html; charset=utf-8,false,200,0,0,,,"80
75
28",3,true
21,https://createmy-qr.com/it/file-generatore-di-codici-qr-gratis-online,"Generatore di codici QR File - Gratuito e personalizzato | CreateMy-QR
File - Generatore di Codici QR Gratis Online - CreateMy-QR",text/html; charset=utf-8,false,200,0,0,,,"70
58",2,true
21,https://createmy-qr.com/da/vcard-gratis-qr-kode-generator-online,"vCard QR Code Generator - Gratis og brugerdefineret | CreateMy-QR
vCard - Gratis QR Kode Generator Online - CreateMy-QR",text/html; charset=utf-8,false,200,0,0,,,"65
53",2,true
21,https://createmy-qr.com/ro/paypal-generator-de-coduri-qr-gratuit-online,"PayPal QR Code Generator - Gratuit și personalizat | CreateMy-QR
PayPal - Generator de Coduri QR Gratuit Online - CreateMy-QR",text/html; charset=utf-8,false,200,0,0,,,"64
60",2,true
21,https://createmy-qr.com/hu/ingyenes-online-qr-kod-generator-2,"Ingyenes QR-kód olvasó online - QR-kód azonnali beolvasása
types.scanqr QR-kód generátor - ingyenes és egyedi | CreateMy-QR
scanqr - Ingyenes Online QR-kód Generátor - CreateMy-QR",text/html; charset=utf-8,false,200,0,0,,,"58
64
55",3,true
21,https://createmy-qr.com/hu/instagram-ingyenes-online-qr-kod-generator,"Instagram QR-kód generátor - ingyenes és egyedi | CreateMy-QR
Instagram - Ingyenes Online QR-kód Generátor - CreateMy-QR",text/html; charset=utf-8,false,200,0,0,,,"61
58",2,true
21,https://createmy-qr.com/uk/x-tvitter-bezkoshtovniy-generator-qr-kodiv-onlayn,"Генератор QR-коду X (Твіттер) – безкоштовний і користувацький | CreateMy-QR
X (Твіттер) - Безкоштовний Генератор QR-кодів Онлайн - CreateMy-QR",text/html; charset=utf-8,false,200,0,0,,,"75
66",2,true
21,https://createmy-qr.com/vi/spotify-tao-ma-qr-mien-phi-truc-tuyen,"Trình tạo mã QR Spotify - Miễn phí & Tùy chỉnh | CreateMy-QR
Spotify - Tạo Mã QR Miễn Phí Trực Tuyến - CreateMy-QR",text/html; charset=utf-8,false,200,0,0,,,"60
53",2,true
21,https://createmy-qr.com/tl/wi-fi-libreng-online-qr-code-generator,"Wi-Fi QR Code Generator - Libre at Custom | CreateMy-QR
Wi-Fi - Libreng Online QR Code Generator - CreateMy-QR",text/html; charset=utf-8,false,200,0,0,,,"55
54",2,true
21,https://createmy-qr.com/fi/discord-ilmainen-qr-koodigeneraattori-netissa,"Erimielisyys QR-koodigeneraattori - ilmainen ja räätälöity | CreateMy-QR
Erimielisyys - Ilmainen QR-koodigeneraattori Netissä - CreateMy-QR",text/html; charset=utf-8,false,200,0,0,,,"72
66",2,true
21,https://createmy-qr.com/ro/,"CreateMy-QR | Toate QR și coduri de bare Instrumente într-un singur loc
CreateMy-QR | Toate QR și coduri de bare Instrumente într-un singur loc
home - Generator de Coduri QR Gratuit Online - CreateMy-QR",text/html; charset=utf-8,false,200,0,1,,,"71
71
58",3,true
21,https://createmy-qr.com/it/posizione-generatore-di-codici-qr-gratis-online,"Generatore di codici QR Posizione - Gratuito e personalizzato | CreateMy-QR
Posizione - Generatore di Codici QR Gratis Online - CreateMy-QR",text/html; charset=utf-8,false,200,0,0,,,"75
63",2,true
21,https://createmy-qr.com/hu/pdf-ingyenes-online-qr-kod-generator,"PDF QR-kód generátor - ingyenes és egyedi | CreateMy-QR
PDF - Ingyenes Online QR-kód Generátor - CreateMy-QR",text/html; charset=utf-8,false,200,0,0,,,"55
52",2,true
21,https://createmy-qr.com/da/wi-fi-gratis-qr-kode-generator-online,"Wi-Fi QR Code Generator - Gratis og brugerdefineret | CreateMy-QR
Wi-Fi - Gratis QR Kode Generator Online - CreateMy-QR",text/html; charset=utf-8,false,200,0,0,,,"65
53",2,true
21,https://createmy-qr.com/fi/puhelin-ilmainen-qr-koodigeneraattori-netissa,"Puhelin QR-koodigeneraattori - ilmainen ja räätälöity | CreateMy-QR
Puhelin - Ilmainen QR-koodigeneraattori Netissä - CreateMy-QR",text/html; charset=utf-8,false,200,0,0,,,"67
61",2,true
21,https://createmy-qr.com/ro/sms-generator-de-coduri-qr-gratuit-online,"SMS QR Code Generator - Gratuit și personalizat | CreateMy-QR
SMS - Generator de Coduri QR Gratuit Online - CreateMy-QR",text/html; charset=utf-8,false,200,0,0,,,"61
57",2,true
21,https://createmy-qr.com/zh/yong-li,"免费在线二维码生成器 - CreateMy-QR (No Signup) | 用例
types.usecases QR 代码生成器 - 免费和自定义 | CreateMy-QR
用例 | CreateMy-QR",text/html; charset=utf-8,false,200,0,0,,,"41
46
16",3,true
21,https://createmy-qr.com/vi/google-review-tao-ma-qr-mien-phi-truc-tuyen,"Trình tạo mã QR Đánh giá của Google - Miễn phí & Tùy chỉnh | CreateMy-QR
Đánh giá của Google - Tạo Mã QR Miễn Phí Trực Tuyến - CreateMy-QR",text/html; charset=utf-8,false,200,0,0,,,"72
65",2,true
21,https://createmy-qr.com/da/begivenhed-gratis-qr-kode-generator-online,"Begivenhed QR Code Generator - Gratis og brugerdefineret | CreateMy-QR
Begivenhed - Gratis QR Kode Generator Online - CreateMy-QR",text/html; charset=utf-8,false,200,0,0,,,"70
58",2,true
21,https://createmy-qr.com/bn/niraapttaa-aarkittekcaar,"ফ্রি অনলাইন কিউআর কোড জেনারেটর - CreateMy-QR (No Signup) | নিরাপত্তা আর্কিটেকচার
types.security QR কোড জেনারেটর - বিনামূল্যে এবং কাস্টম | CreateMy-QR
নিরাপত্তা আর্কিটেকচার | CreateMy-QR",text/html; charset=utf-8,false,200,0,0,,,"80
68
35",3,true
21,https://createmy-qr.com/ko/instagram-muryo-onrain-qr-kodeu-saengseonggi,"인스타그램 QR 코드 생성기 - 무료 및 사용자 정의 | CreateMy-QR
인스타그램 - 무료 온라인 QR 코드 생성기 - CreateMy-QR",text/html; charset=utf-8,false,200,0,0,,,"43
38",2,true
21,https://createmy-qr.com/bn/instagram-phri-anlaain-kiuaar-kodd-jenaarettr,"ইনস্টাগ্রাম QR কোড জেনারেটর - বিনামূল্যে এবং কাস্টম | CreateMy-QR
ইনস্টাগ্রাম - ফ্রি অনলাইন কিউআর কোড জেনারেটর - CreateMy-QR",text/html; charset=utf-8,false,200,0,0,,,"65
58",2,true
21,https://createmy-qr.com/hu/hasznalati-esetek,"Ingyenes Online QR-kód Generátor - CreateMy-QR (No Signup) | Használati esetek
types.usecases QR-kód generátor - ingyenes és egyedi | CreateMy-QR
Használati esetek | CreateMy-QR",text/html; charset=utf-8,false,200,0,0,,,"78
66
31",3,true
21,https://createmy-qr.com/el/shetika-me-emas,"Δωρεάν Δημιουργία QR Code Online - CreateMy-QR (No Signup) | Σχετικά με εμάς
types.about QR Code Generator - Δωρεάν & Προσαρμοσμένο | CreateMy-QR
Σχετικά με εμάς | CreateMy-QR",text/html; charset=utf-8,false,200,0,0,,,"76
68
29",3,true
21,https://createmy-qr.com/hu/esemeny-ingyenes-online-qr-kod-generator,"Esemény QR-kód generátor - ingyenes és egyedi | CreateMy-QR
Esemény - Ingyenes Online QR-kód Generátor - CreateMy-QR",text/html; charset=utf-8,false,200,0,0,,,"59
56",2,true
21,https://createmy-qr.com/id/snapchat-generator-qr-code-gratis-online,"Snapchat Pembuat Kode QR - Gratis & Khusus | CreateMy-QR
Snapchat - Generator QR Code Gratis Online - CreateMy-QR",text/html; charset=utf-8,false,200,0,0,,,"56
56",2,true
21,https://createmy-qr.com/ru/discord-besplatnyy-generator-qr-kodov-onlayn,"Раздор Генератор QR-кодов — бесплатный и настраиваемый | CreateMy-QR
Раздор - Бесплатный генератор QR-кодов онлайн - CreateMy-QR",text/html; charset=utf-8,false,200,0,0,,,"68
59",2,true
21,https://createmy-qr.com/bn/100-binaamuulye-muuly,"ফ্রি অনলাইন কিউআর কোড জেনারেটর - CreateMy-QR (No Signup) | 100% বিনামূল্যে মূল্য
types.pricing QR কোড জেনারেটর - বিনামূল্যে এবং কাস্টম | CreateMy-QR
100% বিনামূল্যে মূল্য | CreateMy-QR",text/html; charset=utf-8,false,200,0,0,,,"80
67
35",3,true
21,https://createmy-qr.com/no/gratis-qr-kode-generator-online-2,"Gratis QR-kodeskanner online - Skann QR umiddelbart
types.scanqr QR Code Generator - Gratis og tilpasset | CreateMy-QR
scanqr - Gratis QR-kode Generator Online - CreateMy-QR",text/html; charset=utf-8,false,200,0,0,,,"51
66
54",3,true
21,https://createmy-qr.com/pl/porownaj-narzedzia,"Darmowy Generator Kodów QR Online - CreateMy-QR (No Signup) | Porównaj narzędzia
Generator kodów QR types.compare — bezpłatny i niestandardowy | CreateMy-QR
Porównaj narzędzia | CreateMy-QR",text/html; charset=utf-8,false,200,0,0,,,"80
75
32",3,true
21,https://createmy-qr.com/ro/linkedin-generator-de-coduri-qr-gratuit-online,"LinkedIn QR Code Generator - Gratuit și personalizat | CreateMy-QR
LinkedIn - Generator de Coduri QR Gratuit Online - CreateMy-QR",text/html; charset=utf-8,false,200,0,0,,,"66
62",2,true
21,https://createmy-qr.com/ro/vcard-generator-de-coduri-qr-gratuit-online,"vCard QR Code Generator - Gratuit și personalizat | CreateMy-QR
vCard - Generator de Coduri QR Gratuit Online - CreateMy-QR",text/html; charset=utf-8,false,200,0,0,,,"63
59",2,true
21,https://createmy-qr.com/pl/wi-fi-darmowy-generator-kodow-qr-online,"Generator kodów QR Wi-Fi — bezpłatny i niestandardowy | CreateMy-QR
Wi-Fi - Darmowy Generator Kodów QR Online - CreateMy-QR",text/html; charset=utf-8,false,200,0,0,,,"67
55",2,true
21,https://createmy-qr.com/wifi-qr-code-for-cafe-hotel,"WiFi QR Code for Cafes & Hotels | CreateMy-QR
WiFi QR Code for Cafes & Hotels | CreateMy-QR",text/html; charset=utf-8,false,200,0,0,,,"45
45",2,true
21,https://createmy-qr.com/hu/100-ingyenes-ar,"Ingyenes Online QR-kód Generátor - CreateMy-QR (No Signup) | 100% ingyenes ár
types.pricing QR-kód generátor - ingyenes és egyedi | CreateMy-QR
100% ingyenes ár | CreateMy-QR",text/html; charset=utf-8,false,200,0,0,,,"77
65
30",3,true
21,https://createmy-qr.com/de/youtube-kostenloser-qr-code-generator-online,"YouTube QR-Code-Generator – kostenlos und benutzerdefiniert | CreateMy-QR
YouTube - Kostenloser QR-Code Generator Online - CreateMy-QR",text/html; charset=utf-8,false,200,0,0,,,"73
60",2,true
21,https://createmy-qr.com/ar/msh-lbrkwd-mwld-rmz-lstjb-lsryaa-mjny,"ماسح الباركود المجاني عبر الإنترنت - مسح UPC وEAN
ماسح الباركود QR Code Generator - مجاني ومخصص | CreateMy-QR
ماسح الباركود - مولد رمز الاستجابة السريعة مجاني - CreateMy-QR",text/html; charset=utf-8,false,200,0,0,,,"49
59
62",3,true
21,https://createmy-qr.com/sv/discord-gratis-qr-kod-generator-online,"Discord QR Code Generator - Gratis & anpassad | CreateMy-QR
Discord - Gratis QR-kod Generator Online - CreateMy-QR",text/html; charset=utf-8,false,200,0,0,,,"59
54",2,true
21,https://createmy-qr.com/el/vcard-dorean-dimioyrgia-qr-code-online,"vCard QR Code Generator - Δωρεάν & Προσαρμοσμένο | CreateMy-QR
vCard - Δωρεάν Δημιουργία QR Code Online - CreateMy-QR",text/html; charset=utf-8,false,200,0,0,,,"62
54",2,true
21,https://createmy-qr.com/cs/nastroje-pro-porovnani,"Zdarma Online Generátor QR Kódů - CreateMy-QR (No Signup) | Nástroje pro porovnání
types.compare generátor QR kódu – zdarma a na míru | CreateMy-QR
Nástroje pro porovnání | CreateMy-QR",text/html; charset=utf-8,false,200,0,0,,,"82
64
36",3,true
21,https://createmy-qr.com/tr/barkod-tarayici-ucretsiz-cevrimici-qr-kod-olusturucu,"Ücretsiz Çevrimiçi Barkod Tarayıcı - UPC ve EAN'yi tarayın
Barkod Tarayıcı QR Kod Oluşturucu - Ücretsiz ve Özel | CreateMy-QR
Barkod Tarayıcı - Ücretsiz Çevrimiçi QR Kod Oluşturucu - CreateMy-QR",text/html; charset=utf-8,false,200,0,0,,,"58
66
68",3,true
21,https://createmy-qr.com/uk/google-forms-bezkoshtovniy-generator-qr-kodiv-onlayn,"Генератор QR-коду Форми Google – безкоштовний і користувацький | CreateMy-QR
Форми Google - Безкоштовний Генератор QR-кодів Онлайн - CreateMy-QR",text/html; charset=utf-8,false,200,0,0,,,"76
67",2,true
21,https://createmy-qr.com/it/termini-di-servizio,"Generatore di Codici QR Gratis Online - CreateMy-QR (No Signup) | Termini di servizio
Generatore di codici QR types.terms - Gratuito e personalizzato | CreateMy-QR
Termini di servizio | CreateMy-QR",text/html; charset=utf-8,false,200,0,0,,,"85
77
33",3,true
21,https://createmy-qr.com/id/teks-generator-qr-code-gratis-online,"Teks Pembuat Kode QR - Gratis & Khusus | CreateMy-QR
Teks - Generator QR Code Gratis Online - CreateMy-QR",text/html; charset=utf-8,false,200,0,0,,,"52
52",2,true
21,https://createmy-qr.com/ar/google-forms-mwld-rmz-lstjb-lsryaa-mjny,"نماذج جوجل QR Code Generator - مجاني ومخصص | CreateMy-QR
نماذج جوجل - مولد رمز الاستجابة السريعة مجاني - CreateMy-QR",text/html; charset=utf-8,false,200,0,0,,,"56
59",2,true
21,https://createmy-qr.com/de/kostenloser-qr-code-generator-online,"Kostenloser Online-Barcode-Generator – Erstellen Sie 1D-Barcodes
types.barcode QR-Code-Generator – kostenlos und benutzerdefiniert | CreateMy-QR
barcode - Kostenloser QR-Code Generator Online - CreateMy-QR",text/html; charset=utf-8,false,200,0,0,,,"64
79
60",3,true
21,https://createmy-qr.com/ms/audio-penjana-kod-qr-percuma-dalam-talian,"Penjana Kod QR Audio - Percuma & Tersuai | CreateMy-QR
Audio - Penjana Kod QR Percuma Dalam Talian - CreateMy-QR",text/html; charset=utf-8,false,200,0,0,,,"54
57",2,true
21,https://createmy-qr.com/tl/discord-libreng-online-qr-code-generator,"Discord QR Code Generator - Libre at Custom | CreateMy-QR
Discord - Libreng Online QR Code Generator - CreateMy-QR",text/html; charset=utf-8,false,200,0,0,,,"57
56",2,true
21,https://createmy-qr.com/tr/venmo-ucretsiz-cevrimici-qr-kod-olusturucu,"Venmo QR Kod Oluşturucu - Ücretsiz ve Özel | CreateMy-QR
Venmo - Ücretsiz Çevrimiçi QR Kod Oluşturucu - CreateMy-QR",text/html; charset=utf-8,false,200,0,0,,,"56
58",2,true
21,https://createmy-qr.com/tr/app-store-ucretsiz-cevrimici-qr-kod-olusturucu,"Uygulama Mağazası QR Kod Oluşturucu - Ücretsiz ve Özel | CreateMy-QR
Uygulama Mağazası - Ücretsiz Çevrimiçi QR Kod Oluşturucu - CreateMy-QR",text/html; charset=utf-8,false,200,0,0,,,"68
70",2,true
21,https://createmy-qr.com/el/topothesia-dorean-dimioyrgia-qr-code-online,"Τοποθεσία QR Code Generator - Δωρεάν & Προσαρμοσμένο | CreateMy-QR
Τοποθεσία - Δωρεάν Δημιουργία QR Code Online - CreateMy-QR",text/html; charset=utf-8,false,200,0,0,,,"66
58",2,true
21,https://createmy-qr.com/zh/spotify-mian-fei-zai-xian-er-wei-ma-sheng-cheng-qi,"Spotify QR 代码生成器 - 免费和自定义 | CreateMy-QR
Spotify - 免费在线二维码生成器 - CreateMy-QR",text/html; charset=utf-8,false,200,0,0,,,"39
34",2,true
21,https://createmy-qr.com/es/url-link-generador-de-codigos-qr-gratis-online,"Generador de Códigos QR Gratis Online - CreateMy-QR (No Signup) | CreateMy-QR
Generador de Códigos QR Gratis Online - CreateMy-QR (No Signup)",text/html; charset=utf-8,false,200,0,0,,,"77
63",2,true
21,https://createmy-qr.com/sv/bokning-gratis-qr-kod-generator-online,"Bokning QR Code Generator - Gratis & anpassad | CreateMy-QR
Bokning - Gratis QR-kod Generator Online - CreateMy-QR",text/html; charset=utf-8,false,200,0,0,,,"59
54",2,true
21,https://createmy-qr.com/hi/crypto-muph-t-onnlaain-kyuuaar-kodd-jnrettr,"क्रिप्टो QR कोड जेनरेटर - मुफ़्त और कस्टम | CreateMy-QR
क्रिप्टो - मुफ़्त ऑनलाइन क्यूआर कोड जनरेटर - CreateMy-QR",text/html; charset=utf-8,false,200,0,0,,,"55
56",2,true
21,https://createmy-qr.com/fr/sms-generateur-de-code-qr-gratuit-en-ligne,"Générateur de code QR SMS - Gratuit et personnalisé | CreateMy-QR
SMS - Générateur de Code QR Gratuit en Ligne - CreateMy-QR",text/html; charset=utf-8,false,200,0,0,,,"65
58",2,true
21,https://createmy-qr.com/tl/url-link-libreng-online-qr-code-generator,"Libreng Online QR Code Generator - CreateMy-QR (No Signup) | CreateMy-QR
Libreng Online QR Code Generator - CreateMy-QR (No Signup)",text/html; charset=utf-8,false,200,0,0,,,"72
58",2,true
21,https://createmy-qr.com/fr/texte-generateur-de-code-qr-gratuit-en-ligne,"Générateur de code QR Texte - Gratuit et personnalisé | CreateMy-QR
Texte - Générateur de Code QR Gratuit en Ligne - CreateMy-QR",text/html; charset=utf-8,false,200,0,0,,,"67
60",2,true
21,https://createmy-qr.com/nl/telegram-gratis-qr-code-generator-online,"Telegram QR-codegenerator - gratis en aangepast | CreateMy-QR
Telegram - Gratis QR Code Generator Online - CreateMy-QR",text/html; charset=utf-8,false,200,0,0,,,"61
56",2,true
21,https://createmy-qr.com/cs/umisteni-zdarma-online-generator-qr-kodu,"Umístění generátor QR kódu – zdarma a na míru | CreateMy-QR
Umístění - Zdarma Online Generátor QR Kódů - CreateMy-QR",text/html; charset=utf-8,false,200,0,0,,,"59
56",2,true
21,https://createmy-qr.com/ar/maard-lswr-mwld-rmz-lstjb-lsryaa-mjny,"معرض الصور QR Code Generator - مجاني ومخصص | CreateMy-QR
معرض الصور - مولد رمز الاستجابة السريعة مجاني - CreateMy-QR",text/html; charset=utf-8,false,200,0,0,,,"56
59",2,true
21,https://createmy-qr.com/fi/aani-ilmainen-qr-koodigeneraattori-netissa,"Ääni QR-koodigeneraattori - ilmainen ja räätälöity | CreateMy-QR
Ääni - Ilmainen QR-koodigeneraattori Netissä - CreateMy-QR",text/html; charset=utf-8,false,200,0,0,,,"64
58",2,true
21,https://createmy-qr.com/sv/whatsapp-gratis-qr-kod-generator-online,"WhatsApp QR Code Generator - Gratis & anpassad | CreateMy-QR
WhatsApp - Gratis QR-kod Generator Online - CreateMy-QR",text/html; charset=utf-8,false,200,0,0,,,"60
55",2,true
21,https://createmy-qr.com/it/linkedin-generatore-di-codici-qr-gratis-online,"Generatore di codici QR LinkedIn - Gratuito e personalizzato | CreateMy-QR
LinkedIn - Generatore di Codici QR Gratis Online - CreateMy-QR",text/html; charset=utf-8,false,200,0,0,,,"74
62",2,true
21,https://createmy-qr.com/hi/google-review-muph-t-onnlaain-kyuuaar-kodd-jnrettr,"गूगल समीक्षा QR कोड जेनरेटर - मुफ़्त और कस्टम | CreateMy-QR
गूगल समीक्षा - मुफ़्त ऑनलाइन क्यूआर कोड जनरेटर - CreateMy-QR",text/html; charset=utf-8,false,200,0,0,,,"59
60",2,true
21,https://createmy-qr.com/el/,"CreateMy-QR | Όλα τα QR & Barcode Εργαλεία σε ένα μέρος
CreateMy-QR | Όλα τα QR & Barcode Εργαλεία σε ένα μέρος
home - Δωρεάν Δημιουργία QR Code Online - CreateMy-QR",text/html; charset=utf-8,false,200,0,1,,,"55
55
53",3,true
21,https://createmy-qr.com/ja/si-tatinituite,"無料QRコード作成・ジェネレーター - CreateMy-QR (No Signup) | 私たちについて
types.about QR コード ジェネレーター - 無料 & カスタム | CreateMy-QR
私たちについて | CreateMy-QR",text/html; charset=utf-8,false,200,0,0,,,"53
52
21",3,true
21,https://createmy-qr.com/link-in-bio-qr-code-generator,"Link in Bio QR Code Generator - Free & Custom | CreateMy-QR
Link in Bio - Free QR Code Generator Online - CreateMy-QR",text/html; charset=utf-8,false,200,0,0,,,"59
57",2,true
21,https://createmy-qr.com/id/telegram-generator-qr-code-gratis-online,"telegram Pembuat Kode QR - Gratis & Khusus | CreateMy-QR
telegram - Generator QR Code Gratis Online - CreateMy-QR",text/html; charset=utf-8,false,200,0,0,,,"56
56",2,true
21,https://createmy-qr.com/ko/snapchat-muryo-onrain-qr-kodeu-saengseonggi,"스냅챗 QR 코드 생성기 - 무료 및 사용자 정의 | CreateMy-QR
스냅챗 - 무료 온라인 QR 코드 생성기 - CreateMy-QR",text/html; charset=utf-8,false,200,0,0,,,"41
36",2,true
21,https://createmy-qr.com/es/video-generador-de-codigos-qr-gratis-online,"Generador de códigos QR Vídeo: gratuito y personalizado | CreateMy-QR
Vídeo - Generador de Códigos QR Gratis Online - CreateMy-QR",text/html; charset=utf-8,false,200,0,0,,,"69
59",2,true
21,https://createmy-qr.com/ko/odio-muryo-onrain-qr-kodeu-saengseonggi,"오디오 QR 코드 생성기 - 무료 및 사용자 정의 | CreateMy-QR
오디오 - 무료 온라인 QR 코드 생성기 - CreateMy-QR",text/html; charset=utf-8,false,200,0,0,,,"41
36",2,true
21,https://createmy-qr.com/ko/gaein-jeongbo-boho-jeongcaeg,"무료 온라인 QR 코드 생성기 - CreateMy-QR (No Signup) | 개인 정보 보호 정책
types.privacy QR 코드 생성기 - 무료 및 사용자 정의 | CreateMy-QR
개인 정보 보호 정책 | CreateMy-QR",text/html; charset=utf-8,false,200,0,0,,,"56
51
25",3,true
21,https://createmy-qr.com/sv/gratis-qr-kod-generator-online,"Gratis streckkodsgenerator online - Skapa 1D streckkoder
types.barcode QR Code Generator - Gratis & anpassad | CreateMy-QR
barcode - Gratis QR-kod Generator Online - CreateMy-QR",text/html; charset=utf-8,false,200,0,0,,,"56
65
54",3,true
21,https://createmy-qr.com/ar/laamr-l-mny,"مولد رمز الاستجابة السريعة مجاني - CreateMy-QR (No Signup) | العمارة الأمنية
types.security QR Code Generator - مجاني ومخصص | CreateMy-QR
العمارة الأمنية | CreateMy-QR",text/html; charset=utf-8,false,200,0,0,,,"76
60
29",3,true
21,https://createmy-qr.com/no/bestilling-gratis-qr-kode-generator-online,"Bestilling QR Code Generator - Gratis og tilpasset | CreateMy-QR
Bestilling - Gratis QR-kode Generator Online - CreateMy-QR",text/html; charset=utf-8,false,200,0,0,,,"64
58",2,true
21,https://createmy-qr.com/pl/obraz-darmowy-generator-kodow-qr-online,"Generator kodów QR Obraz — bezpłatny i niestandardowy | CreateMy-QR
Obraz - Darmowy Generator Kodów QR Online - CreateMy-QR",text/html; charset=utf-8,false,200,0,0,,,"67
55",2,true
21,https://createmy-qr.com/ro/generator-de-coduri-qr-gratuit-online,"Generator online gratuit de coduri de bare - Creați coduri de bare 1D
types.barcode QR Code Generator - Gratuit și personalizat | CreateMy-QR
barcode - Generator de Coduri QR Gratuit Online - CreateMy-QR",text/html; charset=utf-8,false,200,0,0,,,"69
71
61",3,true
21,https://createmy-qr.com/no/om-oss,"Gratis QR-kode Generator Online - CreateMy-QR (No Signup) | Om oss
types.about QR Code Generator - Gratis og tilpasset | CreateMy-QR
Om oss | CreateMy-QR",text/html; charset=utf-8,false,200,0,0,,,"66
65
20",3,true
21,https://createmy-qr.com/bn/youtube-phri-anlaain-kiuaar-kodd-jenaarettr,"ইউটিউব QR কোড জেনারেটর - বিনামূল্যে এবং কাস্টম | CreateMy-QR
ইউটিউব - ফ্রি অনলাইন কিউআর কোড জেনারেটর - CreateMy-QR",text/html; charset=utf-8,false,200,0,0,,,"60
53",2,true
21,https://createmy-qr.com/th/sthaapatykrrmkaarraksaakhwaampl-dphay,"เครื่องมือสร้างคิวอาร์โค้ดออนไลน์ฟรี - CreateMy-QR (No Signup) | สถาปัตยกรรมการรักษาความปลอดภัย
types.security เครื่องสร้างโค้ด QR - ฟรีและกำหนดเอง | CreateMy-QR
สถาปัตยกรรมการรักษาความปลอดภัย | CreateMy-QR",text/html; charset=utf-8,false,200,0,0,,,"95
65
44",3,true
21,https://createmy-qr.com/ru/tekst-besplatnyy-generator-qr-kodov-onlayn,"Текст Генератор QR-кодов — бесплатный и настраиваемый | CreateMy-QR
Текст - Бесплатный генератор QR-кодов онлайн - CreateMy-QR",text/html; charset=utf-8,false,200,0,0,,,"67
58",2,true
21,https://createmy-qr.com/nl/video-gratis-qr-code-generator-online,"Video QR-codegenerator - gratis en aangepast | CreateMy-QR
Video - Gratis QR Code Generator Online - CreateMy-QR",text/html; charset=utf-8,false,200,0,0,,,"58
53",2,true
21,https://createmy-qr.com/cs/google-review-zdarma-online-generator-qr-kodu,"Recenze Google generátor QR kódu – zdarma a na míru | CreateMy-QR
Recenze Google - Zdarma Online Generátor QR Kódů - CreateMy-QR",text/html; charset=utf-8,false,200,0,0,,,"65
62",2,true
21,https://createmy-qr.com/pt/amazon-gerador-de-codigo-qr-gratis-online,"Gerador de código QR Amazônia - gratuito e personalizado | CreateMy-QR
Amazônia - Gerador de Código QR Grátis Online - CreateMy-QR",text/html; charset=utf-8,false,200,0,0,,,"70
59",2,true
21,https://createmy-qr.com/pt/discord-gerador-de-codigo-qr-gratis-online,"Gerador de código QR Discórdia - gratuito e personalizado | CreateMy-QR
Discórdia - Gerador de Código QR Grátis Online - CreateMy-QR",text/html; charset=utf-8,false,200,0,0,,,"71
60",2,true
21,https://createmy-qr.com/ro/pdf-generator-de-coduri-qr-gratuit-online,"PDF QR Code Generator - Gratuit și personalizat | CreateMy-QR
PDF - Generator de Coduri QR Gratuit Online - CreateMy-QR",text/html; charset=utf-8,false,200,0,0,,,"61
57",2,true
21,https://createmy-qr.com/it/generatore-di-codici-qr-gratis-online-2,"Scanner di codici QR online gratuito: scansiona QR istantaneamente
Generatore di codici QR types.scanqr - Gratuito e personalizzato | CreateMy-QR
scanqr - Generatore di Codici QR Gratis Online - CreateMy-QR",text/html; charset=utf-8,false,200,0,0,,,"66
78
60",3,true
21,https://createmy-qr.com/no/stottede-sprak,"Gratis QR-kode Generator Online - CreateMy-QR (No Signup) | Støttede språk
types.languages QR Code Generator - Gratis og tilpasset | CreateMy-QR
Støttede språk | CreateMy-QR",text/html; charset=utf-8,false,200,0,0,,,"74
69
28",3,true
21,https://createmy-qr.com/pl/architektura-bezpieczenstwa,"Darmowy Generator Kodów QR Online - CreateMy-QR (No Signup) | Architektura Bezpieczeństwa
Generator kodów QR types.security — bezpłatny i niestandardowy | CreateMy-QR
Architektura Bezpieczeństwa | CreateMy-QR",text/html; charset=utf-8,false,200,0,0,,,"89
76
41",3,true
21,https://createmy-qr.com/uk/pro-nas,"Безкоштовний Генератор QR-кодів Онлайн - CreateMy-QR (No Signup) | Про нас
Генератор QR-коду types.about – безкоштовний і користувацький | CreateMy-QR
Про нас | CreateMy-QR",text/html; charset=utf-8,false,200,0,0,,,"74
75
21",3,true
21,https://createmy-qr.com/ko/crypto-muryo-onrain-qr-kodeu-saengseonggi,"암호화폐 QR 코드 생성기 - 무료 및 사용자 정의 | CreateMy-QR
암호화폐 - 무료 온라인 QR 코드 생성기 - CreateMy-QR",text/html; charset=utf-8,false,200,0,0,,,"42
37",2,true
21,https://createmy-qr.com/el/venmo-dorean-dimioyrgia-qr-code-online,"Venmo QR Code Generator - Δωρεάν & Προσαρμοσμένο | CreateMy-QR
Venmo - Δωρεάν Δημιουργία QR Code Online - CreateMy-QR",text/html; charset=utf-8,false,200,0,0,,,"62
54",2,true
21,https://createmy-qr.com/pt/termos-de-servico,"Gerador de Código QR Grátis Online - CreateMy-QR (No Signup) | Termos de Serviço
Gerador de código QR types.terms - gratuito e personalizado | CreateMy-QR
Termos de Serviço | CreateMy-QR",text/html; charset=utf-8,false,200,0,0,,,"80
73
31",3,true
21,https://createmy-qr.com/zh/tiao-ma-sao-miao-yi-mian-fei-zai-xian-er-wei-ma-sheng-cheng-qi,"免费在线条码扫描仪 - 扫描 UPC 和 EAN
条码扫描仪 QR 代码生成器 - 免费和自定义 | CreateMy-QR
条码扫描仪 - 免费在线二维码生成器 - CreateMy-QR",text/html; charset=utf-8,false,200,0,0,,,"24
37
32",3,true
21,https://createmy-qr.com/zh/dian-hua-mian-fei-zai-xian-er-wei-ma-sheng-cheng-qi,"电话 QR 代码生成器 - 免费和自定义 | CreateMy-QR
电话 - 免费在线二维码生成器 - CreateMy-QR",text/html; charset=utf-8,false,200,0,0,,,"34
29",2,true
21,https://createmy-qr.com/ja/x-tuituta-wu-liao-qrkodozuo-cheng-zienereta,"X (ツイッター) QR コード ジェネレーター - 無料 & カスタム | CreateMy-QR
X (ツイッター) - 無料QRコード作成・ジェネレーター - CreateMy-QR",text/html; charset=utf-8,false,200,0,0,,,"50
43",2,true
21,https://createmy-qr.com/id/google-review-generator-qr-code-gratis-online,"Ulasan Google Pembuat Kode QR - Gratis & Khusus | CreateMy-QR
Ulasan Google - Generator QR Code Gratis Online - CreateMy-QR",text/html; charset=utf-8,false,200,0,0,,,"61
61",2,true
21,https://createmy-qr.com/cs/sms-zdarma-online-generator-qr-kodu,"SMS generátor QR kódu – zdarma a na míru | CreateMy-QR
SMS - Zdarma Online Generátor QR Kódů - CreateMy-QR",text/html; charset=utf-8,false,200,0,0,,,"54
51",2,true
21,https://createmy-qr.com/vi/paypal-tao-ma-qr-mien-phi-truc-tuyen,"Trình tạo mã QR PayPal - Miễn phí & Tùy chỉnh | CreateMy-QR
PayPal - Tạo Mã QR Miễn Phí Trực Tuyến - CreateMy-QR",text/html; charset=utf-8,false,200,0,0,,,"59
52",2,true
21,https://createmy-qr.com/ko/linkedin-muryo-onrain-qr-kodeu-saengseonggi,"링크드인 QR 코드 생성기 - 무료 및 사용자 정의 | CreateMy-QR
링크드인 - 무료 온라인 QR 코드 생성기 - CreateMy-QR",text/html; charset=utf-8,false,200,0,0,,,"42
37",2,true
21,https://createmy-qr.com/uk/video-bezkoshtovniy-generator-qr-kodiv-onlayn,"Генератор QR-коду Відео – безкоштовний і користувацький | CreateMy-QR
Відео - Безкоштовний Генератор QR-кодів Онлайн - CreateMy-QR",text/html; charset=utf-8,false,200,0,0,,,"69
60",2,true
21,https://createmy-qr.com/es/linkedin-generador-de-codigos-qr-gratis-online,"Generador de códigos QR LinkedIn: gratuito y personalizado | CreateMy-QR
LinkedIn - Generador de Códigos QR Gratis Online - CreateMy-QR",text/html; charset=utf-8,false,200,0,0,,,"72
62",2,true
21,https://createmy-qr.com/no/app-store-gratis-qr-kode-generator-online,"App Store QR Code Generator - Gratis og tilpasset | CreateMy-QR
App Store - Gratis QR-kode Generator Online - CreateMy-QR",text/html; charset=utf-8,false,200,0,0,,,"63
57",2,true
21,https://createmy-qr.com/no/linkedin-gratis-qr-kode-generator-online,"LinkedIn QR Code Generator - Gratis og tilpasset | CreateMy-QR
LinkedIn - Gratis QR-kode Generator Online - CreateMy-QR",text/html; charset=utf-8,false,200,0,0,,,"62
56",2,true
21,https://createmy-qr.com/vi/vcard-tao-ma-qr-mien-phi-truc-tuyen,"Trình tạo mã QR vCard - Miễn phí & Tùy chỉnh | CreateMy-QR
vCard - Tạo Mã QR Miễn Phí Trực Tuyến - CreateMy-QR",text/html; charset=utf-8,false,200,0,0,,,"58
51",2,true
21,https://createmy-qr.com/hu/sms-ingyenes-online-qr-kod-generator,"SMS QR-kód generátor - ingyenes és egyedi | CreateMy-QR
SMS - Ingyenes Online QR-kód Generátor - CreateMy-QR",text/html; charset=utf-8,false,200,0,0,,,"55
52",2,true
21,https://createmy-qr.com/uk/google-review-bezkoshtovniy-generator-qr-kodiv-onlayn,"Генератор QR-коду Огляд Google – безкоштовний і користувацький | CreateMy-QR
Огляд Google - Безкоштовний Генератор QR-кодів Онлайн - CreateMy-QR",text/html; charset=utf-8,false,200,0,0,,,"76
67",2,true
21,https://createmy-qr.com/hu/e-mail-ingyenes-online-qr-kod-generator,"E-mail QR-kód generátor - ingyenes és egyedi | CreateMy-QR
E-mail - Ingyenes Online QR-kód Generátor - CreateMy-QR",text/html; charset=utf-8,false,200,0,0,,,"58
55",2,true
21,https://createmy-qr.com/google-maps-qr-code,"Location QR Code Generator - Free & Custom | CreateMy-QR
Location - Free QR Code Generator Online - CreateMy-QR",text/html; charset=utf-8,false,200,0,0,,,"56
54",2,true
21,https://createmy-qr.com/ja/bi-jiao-turu,"無料QRコード作成・ジェネレーター - CreateMy-QR (No Signup) | 比較ツール
types.compare QR コード ジェネレーター - 無料 & カスタム | CreateMy-QR
比較ツール | CreateMy-QR",text/html; charset=utf-8,false,200,0,0,,,"51
54
19",3,true
21,https://createmy-qr.com/da/amazon-gratis-qr-kode-generator-online,"Amazon QR Code Generator - Gratis og brugerdefineret | CreateMy-QR
Amazon - Gratis QR Kode Generator Online - CreateMy-QR",text/html; charset=utf-8,false,200,0,0,,,"66
54",2,true
21,https://createmy-qr.com/hu/szolgaltatasi-feltetelek,"Ingyenes Online QR-kód Generátor - CreateMy-QR (No Signup) | Szolgáltatási feltételek
types.terms QR-kód generátor - ingyenes és egyedi | CreateMy-QR
Szolgáltatási feltételek | CreateMy-QR",text/html; charset=utf-8,false,200,0,0,,,"85
63
38",3,true
21,https://createmy-qr.com/sv/anvandningsfall,"Gratis QR-kod Generator Online - CreateMy-QR (No Signup) | Användningsfall
types.usecases QR Code Generator - Gratis & anpassad | CreateMy-QR
Användningsfall | CreateMy-QR",text/html; charset=utf-8,false,200,0,0,,,"74
66
29",3,true
21,https://createmy-qr.com/id/x-twitter-generator-qr-code-gratis-online,"X (Twitter) Pembuat Kode QR - Gratis & Khusus | CreateMy-QR
X (Twitter) - Generator QR Code Gratis Online - CreateMy-QR",text/html; charset=utf-8,false,200,0,0,,,"59
59",2,true
21,https://createmy-qr.com/sv/vcard-gratis-qr-kod-generator-online,"vCard QR Code Generator - Gratis & anpassad | CreateMy-QR
vCard - Gratis QR-kod Generator Online - CreateMy-QR",text/html; charset=utf-8,false,200,0,0,,,"57
52",2,true
21,https://createmy-qr.com/zh/vcard-mian-fei-zai-xian-er-wei-ma-sheng-cheng-qi,"vCard QR 代码生成器 - 免费和自定义 | CreateMy-QR
vCard - 免费在线二维码生成器 - CreateMy-QR",text/html; charset=utf-8,false,200,0,0,,,"37
32",2,true
21,https://createmy-qr.com/ru/email-besplatnyy-generator-qr-kodov-onlayn,"Электронная почта Генератор QR-кодов — бесплатный и настраиваемый | CreateMy-QR
Электронная почта - Бесплатный генератор QR-кодов онлайн - CreateMy-QR",text/html; charset=utf-8,false,200,0,0,,,"79
70",2,true
21,https://createmy-qr.com/use-cases,"Free QR Code Generator Online - CreateMy-QR (No Signup) | Use Cases
types.usecases QR Code Generator - Free & Custom | CreateMy-QR
Use Cases | CreateMy-QR",text/html; charset=utf-8,false,200,0,0,,,"67
62
23",3,true
21,https://createmy-qr.com/pt/arquitetura-de-seguranca,"Gerador de Código QR Grátis Online - CreateMy-QR (No Signup) | Arquitetura de Segurança
Gerador de código QR types.security - gratuito e personalizado | CreateMy-QR
Arquitetura de Segurança | CreateMy-QR",text/html; charset=utf-8,false,200,0,0,,,"87
76
38",3,true
21,https://createmy-qr.com/ar/lhjz-aabr-lntrnt-mwld-rmz-lstjb-lsryaa-mjny,"الحجز عبر الإنترنت QR Code Generator - مجاني ومخصص | CreateMy-QR
الحجز عبر الإنترنت - مولد رمز الاستجابة السريعة مجاني - CreateMy-QR",text/html; charset=utf-8,false,200,0,0,,,"64
67",2,true
21,https://createmy-qr.com/ms/penjana-kod-qr-percuma-dalam-talian-2,"Pengimbas Kod QR Percuma Dalam Talian - Imbas QR Serta-merta
Penjana Kod QR types.scanqr - Percuma & Tersuai | CreateMy-QR
scanqr - Penjana Kod QR Percuma Dalam Talian - CreateMy-QR",text/html; charset=utf-8,false,200,0,0,,,"60
61
58",3,true
21,https://createmy-qr.com/ru/linkedin-besplatnyy-generator-qr-kodov-onlayn,"LinkedIn Генератор QR-кодов — бесплатный и настраиваемый | CreateMy-QR
LinkedIn - Бесплатный генератор QR-кодов онлайн - CreateMy-QR",text/html; charset=utf-8,false,200,0,0,,,"70
61",2,true
21,https://createmy-qr.com/ru/sms-besplatnyy-generator-qr-kodov-onlayn,"SMS Генератор QR-кодов — бесплатный и настраиваемый | CreateMy-QR
SMS - Бесплатный генератор QR-кодов онлайн - CreateMy-QR",text/html; charset=utf-8,false,200,0,0,,,"65
56",2,true
21,https://createmy-qr.com/sv/text-gratis-qr-kod-generator-online,"Text QR Code Generator - Gratis & anpassad | CreateMy-QR
Text - Gratis QR-kod Generator Online - CreateMy-QR",text/html; charset=utf-8,false,200,0,0,,,"56
51",2,true
21,https://createmy-qr.com/facebook-qr-code-generator,"Facebook QR Code Generator - Free & Custom | CreateMy-QR
Facebook - Free QR Code Generator Online - CreateMy-QR",text/html; charset=utf-8,false,200,0,0,,,"56
54",2,true
21,https://createmy-qr.com/nl/barcodescanner-gratis-qr-code-generator-online,"Gratis barcodescanner online - Scan UPC en EAN
Barcodescanner QR-codegenerator - gratis en aangepast | CreateMy-QR
Barcodescanner - Gratis QR Code Generator Online - CreateMy-QR",text/html; charset=utf-8,false,200,0,0,,,"46
67
62",3,true
21,https://createmy-qr.com/pl/telefon-darmowy-generator-kodow-qr-online,"Generator kodów QR Telefon — bezpłatny i niestandardowy | CreateMy-QR
Telefon - Darmowy Generator Kodów QR Online - CreateMy-QR",text/html; charset=utf-8,false,200,0,0,,,"69
57",2,true
21,https://createmy-qr.com/uk/audio-bezkoshtovniy-generator-qr-kodiv-onlayn,"Генератор QR-коду Аудіо – безкоштовний і користувацький | CreateMy-QR
Аудіо - Безкоштовний Генератор QR-кодів Онлайн - CreateMy-QR",text/html; charset=utf-8,false,200,0,0,,,"69
60",2,true
21,https://createmy-qr.com/ru/paypal-besplatnyy-generator-qr-kodov-onlayn,"PayPal Генератор QR-кодов — бесплатный и настраиваемый | CreateMy-QR
PayPal - Бесплатный генератор QR-кодов онлайн - CreateMy-QR",text/html; charset=utf-8,false,200,0,0,,,"68
59",2,true
21,https://createmy-qr.com/da/venmo-gratis-qr-kode-generator-online,"Venmo QR Code Generator - Gratis og brugerdefineret | CreateMy-QR
Venmo - Gratis QR Kode Generator Online - CreateMy-QR",text/html; charset=utf-8,false,200,0,0,,,"65
53",2,true
21,https://createmy-qr.com/pt/paypal-gerador-de-codigo-qr-gratis-online,"Gerador de código QR PayPal - gratuito e personalizado | CreateMy-QR
PayPal - Gerador de Código QR Grátis Online - CreateMy-QR",text/html; charset=utf-8,false,200,0,0,,,"68
57",2,true
21,https://createmy-qr.com/vi/venmo-tao-ma-qr-mien-phi-truc-tuyen,"Trình tạo mã QR Venmo - Miễn phí & Tùy chỉnh | CreateMy-QR
Venmo - Tạo Mã QR Miễn Phí Trực Tuyến - CreateMy-QR",text/html; charset=utf-8,false,200,0,0,,,"58
51",2,true
21,https://createmy-qr.com/uk/podiya-bezkoshtovniy-generator-qr-kodiv-onlayn,"Генератор QR-коду Подія – безкоштовний і користувацький | CreateMy-QR
Подія - Безкоштовний Генератор QR-кодів Онлайн - CreateMy-QR",text/html; charset=utf-8,false,200,0,0,,,"69
60",2,true
21,https://createmy-qr.com/it/youtube-generatore-di-codici-qr-gratis-online,"Generatore di codici QR YouTube - Gratuito e personalizzato | CreateMy-QR
YouTube - Generatore di Codici QR Gratis Online - CreateMy-QR",text/html; charset=utf-8,false,200,0,0,,,"73
61",2,true
21,https://createmy-qr.com/no/link-i-bio-gratis-qr-kode-generator-online,"Link i bio QR Code Generator - Gratis og tilpasset | CreateMy-QR
Link i bio - Gratis QR-kode Generator Online - CreateMy-QR",text/html; charset=utf-8,false,200,0,0,,,"64
58",2,true
21,https://createmy-qr.com/ro/despre-noi,"Generator de Coduri QR Gratuit Online - CreateMy-QR (No Signup) | Despre noi
types.about QR Code Generator - Gratuit și personalizat | CreateMy-QR
Despre noi | CreateMy-QR",text/html; charset=utf-8,false,200,0,0,,,"76
69
24",3,true
21,https://createmy-qr.com/th/noybaaykhwaamepnswntaw,"เครื่องมือสร้างคิวอาร์โค้ดออนไลน์ฟรี - CreateMy-QR (No Signup) | นโยบายความเป็นส่วนตัว
types.privacy เครื่องสร้างโค้ด QR - ฟรีและกำหนดเอง | CreateMy-QR
นโยบายความเป็นส่วนตัว | CreateMy-QR",text/html; charset=utf-8,false,200,0,0,,,"86
64
35",3,true
21,https://createmy-qr.com/sv/telegram-gratis-qr-kod-generator-online,"Telegram QR Code Generator - Gratis & anpassad | CreateMy-QR
Telegram - Gratis QR-kod Generator Online - CreateMy-QR",text/html; charset=utf-8,false,200,0,0,,,"60
55",2,true
21,https://createmy-qr.com/uk/email-bezkoshtovniy-generator-qr-kodiv-onlayn,"Генератор QR-коду Електронна пошта – безкоштовний і користувацький | CreateMy-QR
Електронна пошта - Безкоштовний Генератор QR-кодів Онлайн - CreateMy-QR",text/html; charset=utf-8,false,200,0,0,,,"80
71",2,true
21,https://createmy-qr.com/phone-qr-code-generator,"Phone QR Code Generator - Free & Custom | CreateMy-QR
Phone - Free QR Code Generator Online - CreateMy-QR",text/html; charset=utf-8,false,200,0,0,,,"53
51",2,true
21,https://createmy-qr.com/uk/venmo-bezkoshtovniy-generator-qr-kodiv-onlayn,"Генератор QR-коду Венмо – безкоштовний і користувацький | CreateMy-QR
Венмо - Безкоштовний Генератор QR-кодів Онлайн - CreateMy-QR",text/html; charset=utf-8,false,200,0,0,,,"69
60",2,true
21,https://createmy-qr.com/pdf-qr-code-for-restaurant-menu,"PDF QR Code for Restaurant Menus | CreateMy-QR
PDF QR Code for Restaurant Menus | CreateMy-QR",text/html; charset=utf-8,false,200,0,0,,,"46
46",2,true
21,https://createmy-qr.com/pt/google-forms-gerador-de-codigo-qr-gratis-online,"Gerador de código QR Formulários Google - gratuito e personalizado | CreateMy-QR
Formulários Google - Gerador de Código QR Grátis Online - CreateMy-QR",text/html; charset=utf-8,false,200,0,0,,,"80
69",2,true
21,https://createmy-qr.com/vi/facebook-tao-ma-qr-mien-phi-truc-tuyen,"Trình tạo mã QR Facebook - Miễn phí & Tùy chỉnh | CreateMy-QR
Facebook - Tạo Mã QR Miễn Phí Trực Tuyến - CreateMy-QR",text/html; charset=utf-8,false,200,0,0,,,"61
54",2,true
21,https://createmy-qr.com/pt/gerador-de-codigo-qr-gratis-online-2,"Scanner de código QR gratuito online - Digitalize QR instantaneamente
Gerador de código QR types.scanqr - gratuito e personalizado | CreateMy-QR
scanqr - Gerador de Código QR Grátis Online - CreateMy-QR",text/html; charset=utf-8,false,200,0,0,,,"69
74
57",3,true
21,https://createmy-qr.com/pl/100-darmowe-ceny,"Darmowy Generator Kodów QR Online - CreateMy-QR (No Signup) | 100% darmowe ceny
Generator kodów QR types.pricing — bezpłatny i niestandardowy | CreateMy-QR
100% darmowe ceny | CreateMy-QR",text/html; charset=utf-8,false,200,0,0,,,"79
75
31",3,true
21,https://createmy-qr.com/zh/mian-fei-zai-xian-er-wei-ma-sheng-cheng-qi,"免费在线条码生成器 - 创建一维条码
types.barcode QR 代码生成器 - 免费和自定义 | CreateMy-QR
barcode - 免费在线二维码生成器 - CreateMy-QR",text/html; charset=utf-8,false,200,0,0,,,"18
45
34",3,true
21,https://createmy-qr.com/el/dorean-dimioyrgia-qr-code-online,"Δωρεάν Online Generator Barcode - Δημιουργήστε γραμμωτούς κώδικες 1D
types.barcode QR Code Generator - Δωρεάν & Προσαρμοσμένο | CreateMy-QR
barcode - Δωρεάν Δημιουργία QR Code Online - CreateMy-QR",text/html; charset=utf-8,false,200,0,0,,,"68
70
56",3,true
21,https://createmy-qr.com/el/linkedin-dorean-dimioyrgia-qr-code-online,"LinkedIn QR Code Generator - Δωρεάν & Προσαρμοσμένο | CreateMy-QR
LinkedIn - Δωρεάν Δημιουργία QR Code Online - CreateMy-QR",text/html; charset=utf-8,false,200,0,0,,,"65
57",2,true
21,https://createmy-qr.com/sv/jamfor-verktyg,"Gratis QR-kod Generator Online - CreateMy-QR (No Signup) | Jämför verktyg
types.compare QR Code Generator - Gratis & anpassad | CreateMy-QR
Jämför verktyg | CreateMy-QR",text/html; charset=utf-8,false,200,0,0,,,"73
65
28",3,true
21,https://createmy-qr.com/el/oroi-parohis-ypiresion,"Δωρεάν Δημιουργία QR Code Online - CreateMy-QR (No Signup) | Όροι Παροχής Υπηρεσιών
types.terms QR Code Generator - Δωρεάν & Προσαρμοσμένο | CreateMy-QR
Όροι Παροχής Υπηρεσιών | CreateMy-QR",text/html; charset=utf-8,false,200,0,0,,,"83
68
36",3,true
21,https://createmy-qr.com/pt/link-na-bio-gerador-de-codigo-qr-gratis-online,"Gerador de código QR Link na Bio - gratuito e personalizado | CreateMy-QR
Link na Bio - Gerador de Código QR Grátis Online - CreateMy-QR",text/html; charset=utf-8,false,200,0,0,,,"73
62",2,true
21,https://createmy-qr.com/ms/url-link-penjana-kod-qr-percuma-dalam-talian,"Penjana Kod QR Percuma Dalam Talian - CreateMy-QR (No Signup) | CreateMy-QR
Penjana Kod QR Percuma Dalam Talian - CreateMy-QR (No Signup)",text/html; charset=utf-8,false,200,0,0,,,"75
61",2,true
21,https://createmy-qr.com/pt/instagram-gerador-de-codigo-qr-gratis-online,"Gerador de código QR Instagram - gratuito e personalizado | CreateMy-QR
Instagram - Gerador de Código QR Grátis Online - CreateMy-QR",text/html; charset=utf-8,false,200,0,0,,,"71
60",2,true
21,https://createmy-qr.com/th/paypal-ekhruue-ngmuue-sraangkhiw-aarokhd-nailnfrii,"เพย์พาล เครื่องสร้างโค้ด QR - ฟรีและกำหนดเอง | CreateMy-QR
เพย์พาล - เครื่องมือสร้างคิวอาร์โค้ดออนไลน์ฟรี - CreateMy-QR",text/html; charset=utf-8,false,200,0,0,,,"58
60",2,true
21,https://createmy-qr.com/ms/fail-penjana-kod-qr-percuma-dalam-talian,"Penjana Kod QR Fail - Percuma & Tersuai | CreateMy-QR
Fail - Penjana Kod QR Percuma Dalam Talian - CreateMy-QR",text/html; charset=utf-8,false,200,0,0,,,"53
56",2,true
21,https://createmy-qr.com/pl/facebook-darmowy-generator-kodow-qr-online,"Generator kodów QR Facebooku — bezpłatny i niestandardowy | CreateMy-QR
Facebooku - Darmowy Generator Kodów QR Online - CreateMy-QR",text/html; charset=utf-8,false,200,0,0,,,"71
59",2,true
21,https://createmy-qr.com/id/youtube-generator-qr-code-gratis-online,"YouTube Pembuat Kode QR - Gratis & Khusus | CreateMy-QR
YouTube - Generator QR Code Gratis Online - CreateMy-QR",text/html; charset=utf-8,false,200,0,0,,,"55
55",2,true
21,https://createmy-qr.com/pt/texto-gerador-de-codigo-qr-gratis-online,"Gerador de código QR Texto - gratuito e personalizado | CreateMy-QR
Texto - Gerador de Código QR Grátis Online - CreateMy-QR",text/html; charset=utf-8,false,200,0,0,,,"67
56",2,true
21,https://createmy-qr.com/no/sikkerhetsarkitektur,"Gratis QR-kode Generator Online - CreateMy-QR (No Signup) | Sikkerhetsarkitektur
types.security QR Code Generator - Gratis og tilpasset | CreateMy-QR
Sikkerhetsarkitektur | CreateMy-QR",text/html; charset=utf-8,false,200,0,0,,,"80
68
34",3,true
21,https://createmy-qr.com/hu/venmo-ingyenes-online-qr-kod-generator,"Venmo QR-kód generátor - ingyenes és egyedi | CreateMy-QR
Venmo - Ingyenes Online QR-kód Generátor - CreateMy-QR",text/html; charset=utf-8,false,200,0,0,,,"57
54",2,true
21,https://createmy-qr.com/th/ekhruue-ngmuue-sraangkhiw-aarokhd-nailnfrii,"เครื่องสร้างบาร์โค้ดออนไลน์ฟรี - สร้างบาร์โค้ด 1D
types.barcode เครื่องสร้างโค้ด QR - ฟรีและกำหนดเอง | CreateMy-QR
barcode - เครื่องมือสร้างคิวอาร์โค้ดออนไลน์ฟรี - CreateMy-QR",text/html; charset=utf-8,false,200,0,0,,,"49
64
60",3,true
21,https://createmy-qr.com/ru/iks-tvitter-besplatnyy-generator-qr-kodov-onlayn,"Икс (Твиттер) Генератор QR-кодов — бесплатный и настраиваемый | CreateMy-QR
Икс (Твиттер) - Бесплатный генератор QR-кодов онлайн - CreateMy-QR",text/html; charset=utf-8,false,200,0,0,,,"75
66",2,true
21,https://createmy-qr.com/hi/eks-ttvittr-muph-t-onnlaain-kyuuaar-kodd-jnrettr,"एक्स (ट्विटर) QR कोड जेनरेटर - मुफ़्त और कस्टम | CreateMy-QR
एक्स (ट्विटर) - मुफ़्त ऑनलाइन क्यूआर कोड जनरेटर - CreateMy-QR",text/html; charset=utf-8,false,200,0,0,,,"60
61",2,true
21,https://createmy-qr.com/ar/,"CreateMy-QR | جميع أدوات QR والباركود في مكان واحد
CreateMy-QR | جميع أدوات QR والباركود في مكان واحد
home - مولد رمز الاستجابة السريعة مجاني - CreateMy-QR",text/html; charset=utf-8,false,200,0,1,,,"50
50
53",3,true
21,https://createmy-qr.com/fi/amazon-ilmainen-qr-koodigeneraattori-netissa,"Amazon QR-koodigeneraattori - ilmainen ja räätälöity | CreateMy-QR
Amazon - Ilmainen QR-koodigeneraattori Netissä - CreateMy-QR",text/html; charset=utf-8,false,200,0,0,,,"66
60",2,true
21,https://createmy-qr.com/ru/instagram-besplatnyy-generator-qr-kodov-onlayn,"Инстаграм Генератор QR-кодов — бесплатный и настраиваемый | CreateMy-QR
Инстаграм - Бесплатный генератор QR-кодов онлайн - CreateMy-QR",text/html; charset=utf-8,false,200,0,0,,,"71
62",2,true
21,https://createmy-qr.com/es/precios-100-gratuitos,"Generador de Códigos QR Gratis Online - CreateMy-QR (No Signup) | Precios 100% gratuitos
Generador de códigos QR types.pricing: gratuito y personalizado | CreateMy-QR
Precios 100% gratuitos | CreateMy-QR",text/html; charset=utf-8,false,200,0,0,,,"88
77
36",3,true
21,https://createmy-qr.com/fr/paypal-generateur-de-code-qr-gratuit-en-ligne,"Générateur de code QR PayPal - Gratuit et personnalisé | CreateMy-QR
PayPal - Générateur de Code QR Gratuit en Ligne - CreateMy-QR",text/html; charset=utf-8,false,200,0,0,,,"68
61",2,true
21,https://createmy-qr.com/no/plassering-gratis-qr-kode-generator-online,"Plassering QR Code Generator - Gratis og tilpasset | CreateMy-QR
Plassering - Gratis QR-kode Generator Online - CreateMy-QR",text/html; charset=utf-8,false,200,0,0,,,"64
58",2,true
21,https://createmy-qr.com/th/aichkrnii,"เครื่องมือสร้างคิวอาร์โค้ดออนไลน์ฟรี - CreateMy-QR (No Signup) | ใช้กรณี
types.usecases เครื่องสร้างโค้ด QR - ฟรีและกำหนดเอง | CreateMy-QR
ใช้กรณี | CreateMy-QR",text/html; charset=utf-8,false,200,0,0,,,"72
65
21",3,true
21,https://createmy-qr.com/bn/crypto-phri-anlaain-kiuaar-kodd-jenaarettr,"ক্রিপ্টো QR কোড জেনারেটর - বিনামূল্যে এবং কাস্টম | CreateMy-QR
ক্রিপ্টো - ফ্রি অনলাইন কিউআর কোড জেনারেটর - CreateMy-QR",text/html; charset=utf-8,false,200,0,0,,,"62
55",2,true
21,https://createmy-qr.com/id/acara-event-generator-qr-code-gratis-online,"Acara (Event) Pembuat Kode QR - Gratis & Khusus | CreateMy-QR
Acara (Event) - Generator QR Code Gratis Online - CreateMy-QR",text/html; charset=utf-8,false,200,0,0,,,"61
61",2,true
21,https://createmy-qr.com/ja/venmo-wu-liao-qrkodozuo-cheng-zienereta,"ヴェンモ QR コード ジェネレーター - 無料 & カスタム | CreateMy-QR
ヴェンモ - 無料QRコード作成・ジェネレーター - CreateMy-QR",text/html; charset=utf-8,false,200,0,0,,,"45
38",2,true
21,https://createmy-qr.com/es/snapchat-generador-de-codigos-qr-gratis-online,"Generador de códigos QR Snapchat: gratuito y personalizado | CreateMy-QR
Snapchat - Generador de Códigos QR Gratis Online - CreateMy-QR",text/html; charset=utf-8,false,200,0,0,,,"72
62",2,true
21,https://createmy-qr.com/no/url-link-gratis-qr-kode-generator-online,"Gratis QR-kode Generator Online - CreateMy-QR (No Signup) | CreateMy-QR
Gratis QR-kode Generator Online - CreateMy-QR (No Signup)",text/html; charset=utf-8,false,200,0,0,,,"71
57",2,true
21,https://createmy-qr.com/fi/sijainti-ilmainen-qr-koodigeneraattori-netissa,"Sijainti QR-koodigeneraattori - ilmainen ja räätälöity | CreateMy-QR
Sijainti - Ilmainen QR-koodigeneraattori Netissä - CreateMy-QR",text/html; charset=utf-8,false,200,0,0,,,"68
62",2,true
21,https://createmy-qr.com/ru/url-link-besplatnyy-generator-qr-kodov-onlayn,"Бесплатный генератор QR-кодов онлайн - CreateMy-QR (No Signup) | CreateMy-QR
Бесплатный генератор QR-кодов онлайн - CreateMy-QR (No Signup)",text/html; charset=utf-8,false,200,0,0,,,"76
62",2,true
21,https://createmy-qr.com/tl/patakaran-sa-privacy,"Libreng Online QR Code Generator - CreateMy-QR (No Signup) | Patakaran sa Privacy
types.privacy QR Code Generator - Libre at Custom | CreateMy-QR
Patakaran sa Privacy | CreateMy-QR",text/html; charset=utf-8,false,200,0,0,,,"81
63
34",3,true
21,https://createmy-qr.com/vi/linkedin-tao-ma-qr-mien-phi-truc-tuyen,"Trình tạo mã QR LinkedIn - Miễn phí & Tùy chỉnh | CreateMy-QR
LinkedIn - Tạo Mã QR Miễn Phí Trực Tuyến - CreateMy-QR",text/html; charset=utf-8,false,200,0,0,,,"61
54",2,true
21,https://createmy-qr.com/vi/truong-hop-su-dung,"Tạo Mã QR Miễn Phí Trực Tuyến - CreateMy-QR (No Signup) | Trường hợp sử dụng
Trình tạo mã QR types.usecases - Miễn phí & Tùy chỉnh | CreateMy-QR
Trường hợp sử dụng | CreateMy-QR",text/html; charset=utf-8,false,200,0,0,,,"76
67
32",3,true
21,https://createmy-qr.com/paypal-qr-code-for-donations,"PayPal QR Code for Non-Profits & Donations | CreateMy-QR
PayPal QR Code for Non-Profits & Donations | CreateMy-QR",text/html; charset=utf-8,false,200,0,0,,,"56
56",2,true
21,https://createmy-qr.com/de/wi-fi-kostenloser-qr-code-generator-online,"WLAN QR-Code-Generator – kostenlos und benutzerdefiniert | CreateMy-QR
WLAN - Kostenloser QR-Code Generator Online - CreateMy-QR",text/html; charset=utf-8,false,200,0,0,,,"70
57",2,true
21,https://createmy-qr.com/ar/lhdth-mwld-rmz-lstjb-lsryaa-mjny,"الحدث QR Code Generator - مجاني ومخصص | CreateMy-QR
الحدث - مولد رمز الاستجابة السريعة مجاني - CreateMy-QR",text/html; charset=utf-8,false,200,0,0,,,"51
54",2,true
21,https://createmy-qr.com/sv/crypto-gratis-qr-kod-generator-online,"Krypto QR Code Generator - Gratis & anpassad | CreateMy-QR
Krypto - Gratis QR-kod Generator Online - CreateMy-QR",text/html; charset=utf-8,false,200,0,0,,,"58
53",2,true
21,https://createmy-qr.com/it/,"CreateMy-QR | Tutti gli Strumenti QR & Barcode in un Unico Posto
CreateMy-QR | Tutti gli Strumenti QR & Barcode in un Unico Posto
home - Generatore di Codici QR Gratis Online - CreateMy-QR",text/html; charset=utf-8,false,200,0,1,,,"64
64
58",3,true
21,https://createmy-qr.com/ru/besplatnyy-generator-qr-kodov-onlayn,"Бесплатный онлайн-генератор штрих-кодов — создание 1D-штрих-кодов
types.barcode Генератор QR-кодов — бесплатный и настраиваемый | CreateMy-QR
barcode - Бесплатный генератор QR-кодов онлайн - CreateMy-QR",text/html; charset=utf-8,false,200,0,0,,,"65
75
60",3,true
21,https://createmy-qr.com/fr/youtube-generateur-de-code-qr-gratuit-en-ligne,"Générateur de code QR YouTube - Gratuit et personnalisé | CreateMy-QR
YouTube - Générateur de Code QR Gratuit en Ligne - CreateMy-QR",text/html; charset=utf-8,false,200,0,0,,,"69
62",2,true
21,https://createmy-qr.com/ro/snapchat-generator-de-coduri-qr-gratuit-online,"Snapchat QR Code Generator - Gratuit și personalizat | CreateMy-QR
Snapchat - Generator de Coduri QR Gratuit Online - CreateMy-QR",text/html; charset=utf-8,false,200,0,0,,,"66
62",2,true
21,https://createmy-qr.com/pt/x-twitter-gerador-de-codigo-qr-gratis-online,"Gerador de código QR X (Twitter) - gratuito e personalizado | CreateMy-QR
X (Twitter) - Gerador de Código QR Grátis Online - CreateMy-QR",text/html; charset=utf-8,false,200,0,0,,,"73
62",2,true
21,https://createmy-qr.com/ms/telefon-penjana-kod-qr-percuma-dalam-talian,"Penjana Kod QR Telefon - Percuma & Tersuai | CreateMy-QR
Telefon - Penjana Kod QR Percuma Dalam Talian - CreateMy-QR",text/html; charset=utf-8,false,200,0,0,,,"56
59",2,true
21,https://createmy-qr.com/cs/udalost-zdarma-online-generator-qr-kodu,"Událost generátor QR kódu – zdarma a na míru | CreateMy-QR
Událost - Zdarma Online Generátor QR Kódů - CreateMy-QR",text/html; charset=utf-8,false,200,0,0,,,"58
55",2,true
21,https://createmy-qr.com/fr/vcard-generateur-de-code-qr-gratuit-en-ligne,"Générateur de code QR vCard - Gratuit et personnalisé | CreateMy-QR
vCard - Générateur de Code QR Gratuit en Ligne - CreateMy-QR",text/html; charset=utf-8,false,200,0,0,,,"67
60",2,true
21,https://createmy-qr.com/ru/ssylka-v-bio-besplatnyy-generator-qr-kodov-onlayn,"Ссылка в био Генератор QR-кодов — бесплатный и настраиваемый | CreateMy-QR
Ссылка в био - Бесплатный генератор QR-кодов онлайн - CreateMy-QR",text/html; charset=utf-8,false,200,0,0,,,"74
65",2,true
21,https://createmy-qr.com/de/crypto-kostenloser-qr-code-generator-online,"Krypto QR-Code-Generator – kostenlos und benutzerdefiniert | CreateMy-QR
Krypto - Kostenloser QR-Code Generator Online - CreateMy-QR",text/html; charset=utf-8,false,200,0,0,,,"72
59",2,true
21,https://createmy-qr.com/bn/bhiddio-phri-anlaain-kiuaar-kodd-jenaarettr,"ভিডিও QR কোড জেনারেটর - বিনামূল্যে এবং কাস্টম | CreateMy-QR
ভিডিও - ফ্রি অনলাইন কিউআর কোড জেনারেটর - CreateMy-QR",text/html; charset=utf-8,false,200,0,0,,,"59
52",2,true
21,https://createmy-qr.com/fr/lien-dans-la-bio-generateur-de-code-qr-gratuit-en-ligne,"Générateur de code QR Lien dans la bio - Gratuit et personnalisé | CreateMy-QR
Lien dans la bio - Générateur de Code QR Gratuit en Ligne - CreateMy-QR",text/html; charset=utf-8,false,200,0,0,,,"78
71",2,true
21,https://createmy-qr.com/ro/url-link-generator-de-coduri-qr-gratuit-online,"Generator de Coduri QR Gratuit Online - CreateMy-QR (No Signup) | CreateMy-QR
Generator de Coduri QR Gratuit Online - CreateMy-QR (No Signup)",text/html; charset=utf-8,false,200,0,0,,,"77
63",2,true
21,https://createmy-qr.com/cs/podporovane-jazyky,"Zdarma Online Generátor QR Kódů - CreateMy-QR (No Signup) | Podporované jazyky
types.languages generátor QR kódu – zdarma a na míru | CreateMy-QR
Podporované jazyky | CreateMy-QR",text/html; charset=utf-8,false,200,0,0,,,"78
66
32",3,true
21,https://createmy-qr.com/pdf-qr-code-generator,"PDF QR Code Generator - Free & Custom | CreateMy-QR
PDF - Free QR Code Generator Online - CreateMy-QR",text/html; charset=utf-8,false,200,0,0,,,"51
49",2,true
21,https://createmy-qr.com/pt/imagem-gerador-de-codigo-qr-gratis-online,"Gerador de código QR Imagem - gratuito e personalizado | CreateMy-QR
Imagem - Gerador de Código QR Grátis Online - CreateMy-QR",text/html; charset=utf-8,false,200,0,0,,,"68
57",2,true
21,https://createmy-qr.com/cs/whatsapp-zdarma-online-generator-qr-kodu,"WhatsApp generátor QR kódu – zdarma a na míru | CreateMy-QR
WhatsApp - Zdarma Online Generátor QR Kódů - CreateMy-QR",text/html; charset=utf-8,false,200,0,0,,,"59
56",2,true
21,https://createmy-qr.com/de/sicherheitsarchitektur,"Kostenloser QR-Code Generator Online - CreateMy-QR (No Signup) | Sicherheitsarchitektur
types.security QR-Code-Generator – kostenlos und benutzerdefiniert | CreateMy-QR
Sicherheitsarchitektur | CreateMy-QR",text/html; charset=utf-8,false,200,0,0,,,"87
80
36",3,true
21,https://createmy-qr.com/sv/facebook-gratis-qr-kod-generator-online,"Facebook QR Code Generator - Gratis & anpassad | CreateMy-QR
Facebook - Gratis QR-kod Generator Online - CreateMy-QR",text/html; charset=utf-8,false,200,0,0,,,"60
55",2,true
21,https://createmy-qr.com/nl/hulpmiddelen-vergelijken,"Gratis QR Code Generator Online - CreateMy-QR (No Signup) | Hulpmiddelen vergelijken
types.compare QR-codegenerator - gratis en aangepast | CreateMy-QR
Hulpmiddelen vergelijken | CreateMy-QR",text/html; charset=utf-8,false,200,0,0,,,"84
66
38",3,true
21,https://createmy-qr.com/ru/usloviya-obsluzhivaniya,"Бесплатный генератор QR-кодов онлайн - CreateMy-QR (No Signup) | Условия обслуживания
types.terms Генератор QR-кодов — бесплатный и настраиваемый | CreateMy-QR
Условия обслуживания | CreateMy-QR",text/html; charset=utf-8,false,200,0,0,,,"85
73
34",3,true
21,https://createmy-qr.com/fi/palveluehdot,"Ilmainen QR-koodigeneraattori Netissä - CreateMy-QR (No Signup) | Palveluehdot
types.terms QR-koodigeneraattori - ilmainen ja räätälöity | CreateMy-QR
Palveluehdot | CreateMy-QR",text/html; charset=utf-8,false,200,0,0,,,"78
71
26",3,true
21,https://createmy-qr.com/th/url-link-ekhruue-ngmuue-sraangkhiw-aarokhd-nailnfrii,"เครื่องมือสร้างคิวอาร์โค้ดออนไลน์ฟรี - CreateMy-QR (No Signup) | CreateMy-QR
เครื่องมือสร้างคิวอาร์โค้ดออนไลน์ฟรี - CreateMy-QR (No Signup)",text/html; charset=utf-8,false,200,0,0,,,"76
62",2,true
21,https://createmy-qr.com/hu/ingyenes-online-qr-kod-generator-3,"Free Barcode Scanner Online - Scan UPC & EAN
Barcode Scanner QR-kód generátor - ingyenes és egyedi | CreateMy-QR
scanbarcode - Ingyenes Online QR-kód Generátor - CreateMy-QR",text/html; charset=utf-8,false,200,0,0,,,"44
67
60",3,true
21,https://createmy-qr.com/ko/sms-muryo-onrain-qr-kodeu-saengseonggi,"SMS QR 코드 생성기 - 무료 및 사용자 정의 | CreateMy-QR
SMS - 무료 온라인 QR 코드 생성기 - CreateMy-QR",text/html; charset=utf-8,false,200,0,0,,,"41
36",2,true
21,https://createmy-qr.com/id/generator-qr-code-gratis-online,"Generator Barcode Online Gratis - Membuat Barcode 1D
types.barcode Pembuat Kode QR - Gratis & Khusus | CreateMy-QR
barcode - Generator QR Code Gratis Online - CreateMy-QR",text/html; charset=utf-8,false,200,0,0,,,"52
61
55",3,true
21,https://createmy-qr.com/cs/tiktok-zdarma-online-generator-qr-kodu,"TikTok generátor QR kódu – zdarma a na míru | CreateMy-QR
TikTok - Zdarma Online Generátor QR Kódů - CreateMy-QR",text/html; charset=utf-8,false,200,0,0,,,"57
54",2,true
21,https://createmy-qr.com/paypal-qr-code-generator,"PayPal QR Code Generator - Free & Custom | CreateMy-QR
PayPal - Free QR Code Generator Online - CreateMy-QR",text/html; charset=utf-8,false,200,0,0,,,"54
52",2,true
21,https://createmy-qr.com/ko/jiweondoeneun-eoneo,"무료 온라인 QR 코드 생성기 - CreateMy-QR (No Signup) | 지원되는 언어
types.languages QR 코드 생성기 - 무료 및 사용자 정의 | CreateMy-QR
지원되는 언어 | CreateMy-QR",text/html; charset=utf-8,false,200,0,0,,,"52
53
21",3,true
21,https://createmy-qr.com/tr/resim-ucretsiz-cevrimici-qr-kod-olusturucu,"Resim QR Kod Oluşturucu - Ücretsiz ve Özel | CreateMy-QR
Resim - Ücretsiz Çevrimiçi QR Kod Oluşturucu - CreateMy-QR",text/html; charset=utf-8,false,200,0,0,,,"56
58",2,true
21,https://createmy-qr.com/tr/linkedin-ucretsiz-cevrimici-qr-kod-olusturucu,"LinkedIn QR Kod Oluşturucu - Ücretsiz ve Özel | CreateMy-QR
LinkedIn - Ücretsiz Çevrimiçi QR Kod Oluşturucu - CreateMy-QR",text/html; charset=utf-8,false,200,0,0,,,"59
61",2,true
21,https://createmy-qr.com/ms/amazon-penjana-kod-qr-percuma-dalam-talian,"Penjana Kod QR Amazon - Percuma & Tersuai | CreateMy-QR
Amazon - Penjana Kod QR Percuma Dalam Talian - CreateMy-QR",text/html; charset=utf-8,false,200,0,0,,,"55
58",2,true
21,https://createmy-qr.com/vi/google-forms-tao-ma-qr-mien-phi-truc-tuyen,"Trình tạo mã QR Google Biểu mẫu - Miễn phí & Tùy chỉnh | CreateMy-QR
Google Biểu mẫu - Tạo Mã QR Miễn Phí Trực Tuyến - CreateMy-QR",text/html; charset=utf-8,false,200,0,0,,,"68
61",2,true
21,https://createmy-qr.com/fr/audio-generateur-de-code-qr-gratuit-en-ligne,"Générateur de code QR Audio - Gratuit et personnalisé | CreateMy-QR
Audio - Générateur de Code QR Gratuit en Ligne - CreateMy-QR",text/html; charset=utf-8,false,200,0,0,,,"67
60",2,true
21,https://createmy-qr.com/da/spotify-gratis-qr-kode-generator-online,"Spotify QR Code Generator - Gratis og brugerdefineret | CreateMy-QR
Spotify - Gratis QR Kode Generator Online - CreateMy-QR",text/html; charset=utf-8,false,200,0,0,,,"67
55",2,true
21,https://createmy-qr.com/de/100-kostenlose-preisgestaltung,"Kostenloser QR-Code Generator Online - CreateMy-QR (No Signup) | 100 % kostenlose Preisgestaltung
types.pricing QR-Code-Generator – kostenlos und benutzerdefiniert | CreateMy-QR
100 % kostenlose Preisgestaltung | CreateMy-QR",text/html; charset=utf-8,false,200,0,0,,,"97
79
46",3,true
21,https://createmy-qr.com/ru/besplatnyy-generator-qr-kodov-onlayn-2,"Бесплатный онлайн-сканер QR-кода — мгновенное сканирование QR-кода
types.scanqr Генератор QR-кодов — бесплатный и настраиваемый | CreateMy-QR
scanqr - Бесплатный генератор QR-кодов онлайн - CreateMy-QR",text/html; charset=utf-8,false,200,0,0,,,"66
74
59",3,true
21,https://createmy-qr.com/ms/penjana-kod-qr-percuma-dalam-talian,"Penjana Kod Bar Percuma Dalam Talian - Cipta Kod Bar 1D
Penjana Kod QR types.barcode - Percuma & Tersuai | CreateMy-QR
barcode - Penjana Kod QR Percuma Dalam Talian - CreateMy-QR",text/html; charset=utf-8,false,200,0,0,,,"55
62
59",3,true
21,https://createmy-qr.com/ja/linkedin-wu-liao-qrkodozuo-cheng-zienereta,"リンクトイン QR コード ジェネレーター - 無料 & カスタム | CreateMy-QR
リンクトイン - 無料QRコード作成・ジェネレーター - CreateMy-QR",text/html; charset=utf-8,false,200,0,0,,,"47
40",2,true
21,https://createmy-qr.com/fr/app-store-generateur-de-code-qr-gratuit-en-ligne,"Générateur de code QR Magasin d'applications - Gratuit et personnalisé | CreateMy-QR
Magasin d'applications - Générateur de Code QR Gratuit en Ligne - CreateMy-QR",text/html; charset=utf-8,false,200,0,0,,,"84
77",2,true
21,https://createmy-qr.com/ms/lokasi-penjana-kod-qr-percuma-dalam-talian,"Penjana Kod QR Lokasi - Percuma & Tersuai | CreateMy-QR
Lokasi - Penjana Kod QR Percuma Dalam Talian - CreateMy-QR",text/html; charset=utf-8,false,200,0,0,,,"55
58",2,true
21,https://createmy-qr.com/sv/handelse-gratis-qr-kod-generator-online,"Händelse QR Code Generator - Gratis & anpassad | CreateMy-QR
Händelse - Gratis QR-kod Generator Online - CreateMy-QR",text/html; charset=utf-8,false,200,0,0,,,"60
55",2,true
21,https://createmy-qr.com/vi/youtube-tao-ma-qr-mien-phi-truc-tuyen,"Trình tạo mã QR YouTube - Miễn phí & Tùy chỉnh | CreateMy-QR
YouTube - Tạo Mã QR Miễn Phí Trực Tuyến - CreateMy-QR",text/html; charset=utf-8,false,200,0,0,,,"60
53",2,true
21,https://createmy-qr.com/fi/vcard-ilmainen-qr-koodigeneraattori-netissa,"vCard QR-koodigeneraattori - ilmainen ja räätälöity | CreateMy-QR
vCard - Ilmainen QR-koodigeneraattori Netissä - CreateMy-QR",text/html; charset=utf-8,false,200,0,0,,,"65
59",2,true
21,https://createmy-qr.com/vi/hinh-anh-tao-ma-qr-mien-phi-truc-tuyen,"Trình tạo mã QR Hình ảnh - Miễn phí & Tùy chỉnh | CreateMy-QR
Hình ảnh - Tạo Mã QR Miễn Phí Trực Tuyến - CreateMy-QR",text/html; charset=utf-8,false,200,0,0,,,"61
54",2,true
21,https://createmy-qr.com/th/email-ekhruue-ngmuue-sraangkhiw-aarokhd-nailnfrii,"อีเมล เครื่องสร้างโค้ด QR - ฟรีและกำหนดเอง | CreateMy-QR
อีเมล - เครื่องมือสร้างคิวอาร์โค้ดออนไลน์ฟรี - CreateMy-QR",text/html; charset=utf-8,false,200,0,0,,,"56
58",2,true
21,https://createmy-qr.com/nl/ondersteunde-talen,"Gratis QR Code Generator Online - CreateMy-QR (No Signup) | Ondersteunde talen
types.languages QR-codegenerator - gratis en aangepast | CreateMy-QR
Ondersteunde talen | CreateMy-QR",text/html; charset=utf-8,false,200,0,0,,,"78
68
32",3,true
21,https://createmy-qr.com/fr/generateur-de-code-qr-gratuit-en-ligne-2,"Scanner de code QR gratuit en ligne - Scannez le QR instantanément
Générateur de code QR types.scanqr - Gratuit et personnalisé | CreateMy-QR
scanqr - Générateur de Code QR Gratuit en Ligne - CreateMy-QR",text/html; charset=utf-8,false,200,0,0,,,"66
74
61",3,true
21,https://createmy-qr.com/fi/tiktok-ilmainen-qr-koodigeneraattori-netissa,"TikTok QR-koodigeneraattori - ilmainen ja räätälöity | CreateMy-QR
TikTok - Ilmainen QR-koodigeneraattori Netissä - CreateMy-QR",text/html; charset=utf-8,false,200,0,0,,,"66
60",2,true
21,https://createmy-qr.com/uk/skaner-shtrih-kodiv-bezkoshtovniy-generator-qr-kodiv-onlayn,"Безкоштовний онлайн-сканер штрих-кодів - сканування UPC і EAN
Генератор QR-коду Сканер штрих-кодів – безкоштовний і користувацький | CreateMy-QR
Сканер штрих-кодів - Безкоштовний Генератор QR-кодів Онлайн - CreateMy-QR",text/html; charset=utf-8,false,200,0,0,,,"61
82
73",3,true
21,https://createmy-qr.com/hu/link-a-bioban-ingyenes-online-qr-kod-generator,"Link a Bioban QR-kód generátor - ingyenes és egyedi | CreateMy-QR
Link a Bioban - Ingyenes Online QR-kód Generátor - CreateMy-QR",text/html; charset=utf-8,false,200,0,0,,,"65
62",2,true
21,https://createmy-qr.com/es/evento-generador-de-codigos-qr-gratis-online,"Generador de códigos QR Evento: gratuito y personalizado | CreateMy-QR
Evento - Generador de Códigos QR Gratis Online - CreateMy-QR",text/html; charset=utf-8,false,200,0,0,,,"70
60",2,true
21,https://createmy-qr.com/no/x-twitter-gratis-qr-kode-generator-online,"X (Twitter) QR Code Generator - Gratis og tilpasset | CreateMy-QR
X (Twitter) - Gratis QR-kode Generator Online - CreateMy-QR",text/html; charset=utf-8,false,200,0,0,,,"65
59",2,true
21,https://createmy-qr.com/ms/pautan-di-bio-penjana-kod-qr-percuma-dalam-talian,"Penjana Kod QR Pautan di Bio - Percuma & Tersuai | CreateMy-QR
Pautan di Bio - Penjana Kod QR Percuma Dalam Talian - CreateMy-QR",text/html; charset=utf-8,false,200,0,0,,,"62
65",2,true
21,https://createmy-qr.com/tr/kullanim-durumlari,"Ücretsiz Çevrimiçi QR Kod Oluşturucu - CreateMy-QR (No Signup) | Kullanım Durumları
types.usecases QR Kod Oluşturucu - Ücretsiz ve Özel | CreateMy-QR
Kullanım Durumları | CreateMy-QR",text/html; charset=utf-8,false,200,0,0,,,"83
65
32",3,true
21,https://createmy-qr.com/ru/raspolozhenie-besplatnyy-generator-qr-kodov-onlayn,"Расположение Генератор QR-кодов — бесплатный и настраиваемый | CreateMy-QR
Расположение - Бесплатный генератор QR-кодов онлайн - CreateMy-QR",text/html; charset=utf-8,false,200,0,0,,,"74
65",2,true
21,https://createmy-qr.com/ro/telegram-generator-de-coduri-qr-gratuit-online,"Telegrama QR Code Generator - Gratuit și personalizat | CreateMy-QR
Telegrama - Generator de Coduri QR Gratuit Online - CreateMy-QR",text/html; charset=utf-8,false,200,0,0,,,"67
63",2,true
21,https://createmy-qr.com/nl/google-forms-gratis-qr-code-generator-online,"Google-formulieren QR-codegenerator - gratis en aangepast | CreateMy-QR
Google-formulieren - Gratis QR Code Generator Online - CreateMy-QR",text/html; charset=utf-8,false,200,0,0,,,"71
66",2,true
21,https://createmy-qr.com/ro/facebook-generator-de-coduri-qr-gratuit-online,"Facebook QR Code Generator - Gratuit și personalizat | CreateMy-QR
Facebook - Generator de Coduri QR Gratuit Online - CreateMy-QR",text/html; charset=utf-8,false,200,0,0,,,"66
62",2,true
21,https://createmy-qr.com/ar/hlt-lstkhdm,"مولد رمز الاستجابة السريعة مجاني - CreateMy-QR (No Signup) | حالات الاستخدام
types.usecases QR Code Generator - مجاني ومخصص | CreateMy-QR
حالات الاستخدام | CreateMy-QR",text/html; charset=utf-8,false,200,0,0,,,"76
60
29",3,true
21,https://createmy-qr.com/ro/instrumente-de-comparare,"Generator de Coduri QR Gratuit Online - CreateMy-QR (No Signup) | Instrumente de comparare
types.compare QR Code Generator - Gratuit și personalizat | CreateMy-QR
Instrumente de comparare | CreateMy-QR",text/html; charset=utf-8,false,200,0,0,,,"90
71
38",3,true
21,https://createmy-qr.com/nl/google-review-gratis-qr-code-generator-online,"Google-recensie QR-codegenerator - gratis en aangepast | CreateMy-QR
Google-recensie - Gratis QR Code Generator Online - CreateMy-QR",text/html; charset=utf-8,false,200,0,0,,,"68
63",2,true
21,https://createmy-qr.com/cs/instagram-zdarma-online-generator-qr-kodu,"Instagram generátor QR kódu – zdarma a na míru | CreateMy-QR
Instagram - Zdarma Online Generátor QR Kódů - CreateMy-QR",text/html; charset=utf-8,false,200,0,0,,,"60
57",2,true
21,https://createmy-qr.com/sv/url-link-gratis-qr-kod-generator-online,"Gratis QR-kod Generator Online - CreateMy-QR (No Signup) | CreateMy-QR
Gratis QR-kod Generator Online - CreateMy-QR (No Signup)",text/html; charset=utf-8,false,200,0,0,,,"70
56",2,true
21,https://createmy-qr.com/ja/email-wu-liao-qrkodozuo-cheng-zienereta,"電子メール QR コード ジェネレーター - 無料 & カスタム | CreateMy-QR
電子メール - 無料QRコード作成・ジェネレーター - CreateMy-QR",text/html; charset=utf-8,false,200,0,0,,,"46
39",2,true
21,https://createmy-qr.com/cs/skener-carovych-kodu-zdarma-online-generator-qr-kodu,"Bezplatný skener čárových kódů online – skenování UPC a EAN
Skener čárových kódů generátor QR kódu – zdarma a na míru | CreateMy-QR
Skener čárových kódů - Zdarma Online Generátor QR Kódů - CreateMy-QR",text/html; charset=utf-8,false,200,0,0,,,"59
71
68",3,true
21,https://createmy-qr.com/fr/video-generateur-de-code-qr-gratuit-en-ligne,"Générateur de code QR Vidéo - Gratuit et personnalisé | CreateMy-QR
Vidéo - Générateur de Code QR Gratuit en Ligne - CreateMy-QR",text/html; charset=utf-8,false,200,0,0,,,"67
60",2,true
21,https://createmy-qr.com/th/x-thwitet-r-ekhruue-ngmuue-sraangkhiw-aarokhd-nailnfrii,"X (ทวิตเตอร์) เครื่องสร้างโค้ด QR - ฟรีและกำหนดเอง | CreateMy-QR
X (ทวิตเตอร์) - เครื่องมือสร้างคิวอาร์โค้ดออนไลน์ฟรี - CreateMy-QR",text/html; charset=utf-8,false,200,0,0,,,"64
66",2,true
21,https://createmy-qr.com/el/google-review-dorean-dimioyrgia-qr-code-online,"Αναθεώρηση Google QR Code Generator - Δωρεάν & Προσαρμοσμένο | CreateMy-QR
Αναθεώρηση Google - Δωρεάν Δημιουργία QR Code Online - CreateMy-QR",text/html; charset=utf-8,false,200,0,0,,,"74
66",2,true
21,https://createmy-qr.com/ru/sravnit-instrumenty,"Бесплатный генератор QR-кодов онлайн - CreateMy-QR (No Signup) | Сравнить инструменты
types.compare Генератор QR-кодов — бесплатный и настраиваемый | CreateMy-QR
Сравнить инструменты | CreateMy-QR",text/html; charset=utf-8,false,200,0,0,,,"85
75
34",3,true
21,https://createmy-qr.com/pl/darmowy-generator-kodow-qr-online,"Darmowy generator kodów kreskowych online — twórz kody kreskowe 1D
Generator kodów QR types.barcode — bezpłatny i niestandardowy | CreateMy-QR
barcode - Darmowy Generator Kodów QR Online - CreateMy-QR",text/html; charset=utf-8,false,200,0,0,,,"66
75
57",3,true
21,https://createmy-qr.com/url-qr-code-for-event-tickets-registration,"URL QR Code for Event Tickets & Registration | CreateMy-QR
URL QR Code for Event Tickets & Registration | CreateMy-QR",text/html; charset=utf-8,false,200,0,0,,,"58
58",2,true
21,https://createmy-qr.com/ko/tegseuteu-muryo-onrain-qr-kodeu-saengseonggi,"텍스트 QR 코드 생성기 - 무료 및 사용자 정의 | CreateMy-QR
텍스트 - 무료 온라인 QR 코드 생성기 - CreateMy-QR",text/html; charset=utf-8,false,200,0,0,,,"41
36",2,true
21,https://createmy-qr.com/ja/google-review-wu-liao-qrkodozuo-cheng-zienereta,"Google レビュー QR コード ジェネレーター - 無料 & カスタム | CreateMy-QR
Google レビュー - 無料QRコード作成・ジェネレーター - CreateMy-QR",text/html; charset=utf-8,false,200,0,0,,,"52
45",2,true
21,https://createmy-qr.com/el/youtube-dorean-dimioyrgia-qr-code-online,"YouTube QR Code Generator - Δωρεάν & Προσαρμοσμένο | CreateMy-QR
YouTube - Δωρεάν Δημιουργία QR Code Online - CreateMy-QR",text/html; charset=utf-8,false,200,0,0,,,"64
56",2,true
21,https://createmy-qr.com/sv/tiktok-gratis-qr-kod-generator-online,"TikTok QR Code Generator - Gratis & anpassad | CreateMy-QR
TikTok - Gratis QR-kod Generator Online - CreateMy-QR",text/html; charset=utf-8,false,200,0,0,,,"58
53",2,true
21,https://createmy-qr.com/fr/url-link-generateur-de-code-qr-gratuit-en-ligne,"Générateur de Code QR Gratuit en Ligne - CreateMy-QR (No Signup) | CreateMy-QR
Générateur de Code QR Gratuit en Ligne - CreateMy-QR (No Signup)",text/html; charset=utf-8,false,200,0,0,,,"78
64",2,true
21,https://createmy-qr.com/tr/telefon-ucretsiz-cevrimici-qr-kod-olusturucu,"Telefon QR Kod Oluşturucu - Ücretsiz ve Özel | CreateMy-QR
Telefon - Ücretsiz Çevrimiçi QR Kod Oluşturucu - CreateMy-QR",text/html; charset=utf-8,false,200,0,0,,,"58
60",2,true
21,https://createmy-qr.com/ko/pdf-muryo-onrain-qr-kodeu-saengseonggi,"PDF QR 코드 생성기 - 무료 및 사용자 정의 | CreateMy-QR
PDF - 무료 온라인 QR 코드 생성기 - CreateMy-QR",text/html; charset=utf-8,false,200,0,0,,,"41
36",2,true
21,https://createmy-qr.com/hu/whatsapp-ingyenes-online-qr-kod-generator,"WhatsApp QR-kód generátor - ingyenes és egyedi | CreateMy-QR
WhatsApp - Ingyenes Online QR-kód Generátor - CreateMy-QR",text/html; charset=utf-8,false,200,0,0,,,"60
57",2,true
21,https://createmy-qr.com/cs/app-store-zdarma-online-generator-qr-kodu,"App Store generátor QR kódu – zdarma a na míru | CreateMy-QR
App Store - Zdarma Online Generátor QR Kódů - CreateMy-QR",text/html; charset=utf-8,false,200,0,0,,,"60
57",2,true
21,https://createmy-qr.com/hi/chvi-muph-t-onnlaain-kyuuaar-kodd-jnrettr,"छवि QR कोड जेनरेटर - मुफ़्त और कस्टम | CreateMy-QR
छवि - मुफ़्त ऑनलाइन क्यूआर कोड जनरेटर - CreateMy-QR",text/html; charset=utf-8,false,200,0,0,,,"50
51",2,true
21,https://createmy-qr.com/it/facebook-generatore-di-codici-qr-gratis-online,"Generatore di codici QR Facebook - Gratuito e personalizzato | CreateMy-QR
Facebook - Generatore di Codici QR Gratis Online - CreateMy-QR",text/html; charset=utf-8,false,200,0,0,,,"74
62",2,true
21,https://createmy-qr.com/pt/venmo-gerador-de-codigo-qr-gratis-online,"Gerador de código QR Venmo - gratuito e personalizado | CreateMy-QR
Venmo - Gerador de Código QR Grátis Online - CreateMy-QR",text/html; charset=utf-8,false,200,0,0,,,"67
56",2,true
21,https://createmy-qr.com/ru/telefon-besplatnyy-generator-qr-kodov-onlayn,"Телефон Генератор QR-кодов — бесплатный и настраиваемый | CreateMy-QR
Телефон - Бесплатный генератор QR-кодов онлайн - CreateMy-QR",text/html; charset=utf-8,false,200,0,0,,,"69
60",2,true
21,https://createmy-qr.com/hu/fajl-ingyenes-online-qr-kod-generator,"Fájl QR-kód generátor - ingyenes és egyedi | CreateMy-QR
Fájl - Ingyenes Online QR-kód Generátor - CreateMy-QR",text/html; charset=utf-8,false,200,0,0,,,"56
53",2,true
21,https://createmy-qr.com/hu/kep-ingyenes-online-qr-kod-generator,"Kép QR-kód generátor - ingyenes és egyedi | CreateMy-QR
Kép - Ingyenes Online QR-kód Generátor - CreateMy-QR",text/html; charset=utf-8,false,200,0,0,,,"55
52",2,true
21,https://createmy-qr.com/ms/100-harga-percuma,"Penjana Kod QR Percuma Dalam Talian - CreateMy-QR (No Signup) | 100% Harga Percuma
Penjana Kod QR types.pricing - Percuma & Tersuai | CreateMy-QR
100% Harga Percuma | CreateMy-QR",text/html; charset=utf-8,false,200,0,0,,,"82
62
32",3,true
21,https://createmy-qr.com/el/whatsapp-dorean-dimioyrgia-qr-code-online,"WhatsApp QR Code Generator - Δωρεάν & Προσαρμοσμένο | CreateMy-QR
WhatsApp - Δωρεάν Δημιουργία QR Code Online - CreateMy-QR",text/html; charset=utf-8,false,200,0,0,,,"65
57",2,true
21,https://createmy-qr.com/da/,"CreateMy-QR | Alle QR & stregkoder Værktøjer på ét sted
CreateMy-QR | Alle QR & stregkoder Værktøjer på ét sted
home - Gratis QR Kode Generator Online - CreateMy-QR",text/html; charset=utf-8,false,200,0,1,,,"55
55
52",3,true
21,https://createmy-qr.com/ru/,"CreateMy-QR | Все Инструменты QR и Штрихкодов в Одном Месте
CreateMy-QR | Все Инструменты QR и Штрихкодов в Одном Месте
home - Бесплатный генератор QR-кодов онлайн - CreateMy-QR",text/html; charset=utf-8,false,200,0,1,,,"59
59
57",3,true
21,https://createmy-qr.com/nl/locatie-gratis-qr-code-generator-online,"Locatie QR-codegenerator - gratis en aangepast | CreateMy-QR
Locatie - Gratis QR Code Generator Online - CreateMy-QR",text/html; charset=utf-8,false,200,0,0,,,"60
55",2,true
21,https://createmy-qr.com/el/telegram-dorean-dimioyrgia-qr-code-online,"Τηλεγράφημα QR Code Generator - Δωρεάν & Προσαρμοσμένο | CreateMy-QR
Τηλεγράφημα - Δωρεάν Δημιουργία QR Code Online - CreateMy-QR",text/html; charset=utf-8,false,200,0,0,,,"68
60",2,true
21,https://createmy-qr.com/tr/sms-ucretsiz-cevrimici-qr-kod-olusturucu,"SMS QR Kod Oluşturucu - Ücretsiz ve Özel | CreateMy-QR
SMS - Ücretsiz Çevrimiçi QR Kod Oluşturucu - CreateMy-QR",text/html; charset=utf-8,false,200,0,0,,,"54
56",2,true
21,https://createmy-qr.com/fi/viivakoodinlukija-ilmainen-qr-koodigeneraattori-netissa,"Ilmainen viivakoodilukija verkossa - Skannaa UPC & EAN
Viivakoodinlukija QR-koodigeneraattori - ilmainen ja räätälöity | CreateMy-QR
Viivakoodinlukija - Ilmainen QR-koodigeneraattori Netissä - CreateMy-QR",text/html; charset=utf-8,false,200,0,0,,,"54
77
71",3,true
21,https://createmy-qr.com/hi/ph-aail-muph-t-onnlaain-kyuuaar-kodd-jnrettr,"फ़ाइल QR कोड जेनरेटर - मुफ़्त और कस्टम | CreateMy-QR
फ़ाइल - मुफ़्त ऑनलाइन क्यूआर कोड जनरेटर - CreateMy-QR",text/html; charset=utf-8,false,200,0,0,,,"52
53",2,true
21,https://createmy-qr.com/tl/spotify-libreng-online-qr-code-generator,"Spotify QR Code Generator - Libre at Custom | CreateMy-QR
Spotify - Libreng Online QR Code Generator - CreateMy-QR",text/html; charset=utf-8,false,200,0,0,,,"57
56",2,true
21,https://createmy-qr.com/zh/amazon-mian-fei-zai-xian-er-wei-ma-sheng-cheng-qi,"亚马逊 QR 代码生成器 - 免费和自定义 | CreateMy-QR
亚马逊 - 免费在线二维码生成器 - CreateMy-QR",text/html; charset=utf-8,false,200,0,0,,,"35
30",2,true
21,https://createmy-qr.com/el/kratisi-dorean-dimioyrgia-qr-code-online,"Κράτηση QR Code Generator - Δωρεάν & Προσαρμοσμένο | CreateMy-QR
Κράτηση - Δωρεάν Δημιουργία QR Code Online - CreateMy-QR",text/html; charset=utf-8,false,200,0,0,,,"64
56",2,true
21,https://createmy-qr.com/fi/snapchat-ilmainen-qr-koodigeneraattori-netissa,"Snapchat QR-koodigeneraattori - ilmainen ja räätälöity | CreateMy-QR
Snapchat - Ilmainen QR-koodigeneraattori Netissä - CreateMy-QR",text/html; charset=utf-8,false,200,0,0,,,"68
62",2,true
21,https://createmy-qr.com/ro/spotify-generator-de-coduri-qr-gratuit-online,"Spotify QR Code Generator - Gratuit și personalizat | CreateMy-QR
Spotify - Generator de Coduri QR Gratuit Online - CreateMy-QR",text/html; charset=utf-8,false,200,0,0,,,"65
61",2,true
21,https://createmy-qr.com/ms/facebook-penjana-kod-qr-percuma-dalam-talian,"Penjana Kod QR Facebook - Percuma & Tersuai | CreateMy-QR
Facebook - Penjana Kod QR Percuma Dalam Talian - CreateMy-QR",text/html; charset=utf-8,false,200,0,0,,,"57
60",2,true
21,https://createmy-qr.com/ms/pdf-penjana-kod-qr-percuma-dalam-talian,"Penjana Kod QR PDF - Percuma & Tersuai | CreateMy-QR
PDF - Penjana Kod QR Percuma Dalam Talian - CreateMy-QR",text/html; charset=utf-8,false,200,0,0,,,"52
55",2,true
21,https://createmy-qr.com/hi/amazon-muph-t-onnlaain-kyuuaar-kodd-jnrettr,"अमेज़न QR कोड जेनरेटर - मुफ़्त और कस्टम | CreateMy-QR
अमेज़न - मुफ़्त ऑनलाइन क्यूआर कोड जनरेटर - CreateMy-QR",text/html; charset=utf-8,false,200,0,0,,,"53
54",2,true
21,https://createmy-qr.com/de/discord-kostenloser-qr-code-generator-online,"Zwietracht QR-Code-Generator – kostenlos und benutzerdefiniert | CreateMy-QR
Zwietracht - Kostenloser QR-Code Generator Online - CreateMy-QR",text/html; charset=utf-8,false,200,0,0,,,"76
63",2,true
21,https://createmy-qr.com/ko/discord-muryo-onrain-qr-kodeu-saengseonggi,"불화 QR 코드 생성기 - 무료 및 사용자 정의 | CreateMy-QR
불화 - 무료 온라인 QR 코드 생성기 - CreateMy-QR",text/html; charset=utf-8,false,200,0,0,,,"40
35",2,true
21,https://createmy-qr.com/ms/seni-bina-keselamatan,"Penjana Kod QR Percuma Dalam Talian - CreateMy-QR (No Signup) | Seni Bina Keselamatan
Penjana Kod QR types.security - Percuma & Tersuai | CreateMy-QR
Seni Bina Keselamatan | CreateMy-QR",text/html; charset=utf-8,false,200,0,0,,,"85
63
35",3,true
21,https://createmy-qr.com/no/video-gratis-qr-kode-generator-online,"Video QR Code Generator - Gratis og tilpasset | CreateMy-QR
Video - Gratis QR-kode Generator Online - CreateMy-QR",text/html; charset=utf-8,false,200,0,0,,,"59
53",2,true
21,https://createmy-qr.com/de/tiktok-kostenloser-qr-code-generator-online,"TikTok QR-Code-Generator – kostenlos und benutzerdefiniert | CreateMy-QR
TikTok - Kostenloser QR-Code Generator Online - CreateMy-QR",text/html; charset=utf-8,false,200,0,0,,,"72
59",2,true
21,https://createmy-qr.com/ms/mengenai-kami,"Penjana Kod QR Percuma Dalam Talian - CreateMy-QR (No Signup) | Mengenai Kami
Penjana Kod QR types.about - Percuma & Tersuai | CreateMy-QR
Mengenai Kami | CreateMy-QR",text/html; charset=utf-8,false,200,0,0,,,"77
60
27",3,true
21,https://createmy-qr.com/pt/telegram-gerador-de-codigo-qr-gratis-online,"Gerador de código QR Telegrama - gratuito e personalizado | CreateMy-QR
Telegrama - Gerador de Código QR Grátis Online - CreateMy-QR",text/html; charset=utf-8,false,200,0,0,,,"71
60",2,true
21,https://createmy-qr.com/el/instagram-dorean-dimioyrgia-qr-code-online,"Instagram QR Code Generator - Δωρεάν & Προσαρμοσμένο | CreateMy-QR
Instagram - Δωρεάν Δημιουργία QR Code Online - CreateMy-QR",text/html; charset=utf-8,false,200,0,0,,,"66
58",2,true
21,https://createmy-qr.com/crypto-qr-code-generator,"Crypto QR Code Generator - Free & Custom | CreateMy-QR
Crypto - Free QR Code Generator Online - CreateMy-QR",text/html; charset=utf-8,false,200,0,0,,,"54
52",2,true
21,https://createmy-qr.com/ro/cazuri-de-utilizare,"Generator de Coduri QR Gratuit Online - CreateMy-QR (No Signup) | Cazuri de utilizare
types.usecases QR Code Generator - Gratuit și personalizat | CreateMy-QR
Cazuri de utilizare | CreateMy-QR",text/html; charset=utf-8,false,200,0,0,,,"85
72
33",3,true
21,https://createmy-qr.com/hu/youtube-ingyenes-online-qr-kod-generator,"YouTube QR-kód generátor - ingyenes és egyedi | CreateMy-QR
YouTube - Ingyenes Online QR-kód Generátor - CreateMy-QR",text/html; charset=utf-8,false,200,0,0,,,"59
56",2,true
21,https://createmy-qr.com/no/paypal-gratis-qr-kode-generator-online,"PayPal QR Code Generator - Gratis og tilpasset | CreateMy-QR
PayPal - Gratis QR-kode Generator Online - CreateMy-QR",text/html; charset=utf-8,false,200,0,0,,,"60
54",2,true
21,https://createmy-qr.com/pt/comparar-ferramentas,"Gerador de Código QR Grátis Online - CreateMy-QR (No Signup) | Comparar ferramentas
Gerador de código QR types.compare - gratuito e personalizado | CreateMy-QR
Comparar ferramentas | CreateMy-QR",text/html; charset=utf-8,false,200,0,0,,,"83
75
34",3,true
21,https://createmy-qr.com/sv/youtube-gratis-qr-kod-generator-online,"YouTube QR Code Generator - Gratis & anpassad | CreateMy-QR
YouTube - Gratis QR-kod Generator Online - CreateMy-QR",text/html; charset=utf-8,false,200,0,0,,,"59
54",2,true
21,https://createmy-qr.com/es/audio-generador-de-codigos-qr-gratis-online,"Generador de códigos QR Audio: gratuito y personalizado | CreateMy-QR
Audio - Generador de Códigos QR Gratis Online - CreateMy-QR",text/html; charset=utf-8,false,200,0,0,,,"69
59",2,true
21,https://createmy-qr.com/de/email-kostenloser-qr-code-generator-online,"E-Mail QR-Code-Generator – kostenlos und benutzerdefiniert | CreateMy-QR
E-Mail - Kostenloser QR-Code Generator Online - CreateMy-QR",text/html; charset=utf-8,false,200,0,0,,,"72
59",2,true
21,https://createmy-qr.com/no/facebook-gratis-qr-kode-generator-online,"Facebook QR Code Generator - Gratis og tilpasset | CreateMy-QR
Facebook - Gratis QR-kode Generator Online - CreateMy-QR",text/html; charset=utf-8,false,200,0,0,,,"62
56",2,true
21,https://createmy-qr.com/tl/kaganapan-libreng-online-qr-code-generator,"Kaganapan QR Code Generator - Libre at Custom | CreateMy-QR
Kaganapan - Libreng Online QR Code Generator - CreateMy-QR",text/html; charset=utf-8,false,200,0,0,,,"59
58",2,true
21,https://createmy-qr.com/ms/wi-fi-penjana-kod-qr-percuma-dalam-talian,"Penjana Kod QR Wi-Fi - Percuma & Tersuai | CreateMy-QR
Wi-Fi - Penjana Kod QR Percuma Dalam Talian - CreateMy-QR",text/html; charset=utf-8,false,200,0,0,,,"54
57",2,true
21,https://createmy-qr.com/it/paypal-generatore-di-codici-qr-gratis-online,"Generatore di codici QR PayPal - Gratuito e personalizzato | CreateMy-QR
PayPal - Generatore di Codici QR Gratis Online - CreateMy-QR",text/html; charset=utf-8,false,200,0,0,,,"72
60",2,true
21,https://createmy-qr.com/hu/amazon-ingyenes-online-qr-kod-generator,"Amazon QR-kód generátor - ingyenes és egyedi | CreateMy-QR
Amazon - Ingyenes Online QR-kód Generátor - CreateMy-QR",text/html; charset=utf-8,false,200,0,0,,,"58
55",2,true
21,https://createmy-qr.com/es/texto-generador-de-codigos-qr-gratis-online,"Generador de códigos QR Texto: gratuito y personalizado | CreateMy-QR
Texto - Generador de Códigos QR Gratis Online - CreateMy-QR",text/html; charset=utf-8,false,200,0,0,,,"69
59",2,true
21,https://createmy-qr.com/tl/pag-book-libreng-online-qr-code-generator,"Pag-book QR Code Generator - Libre at Custom | CreateMy-QR
Pag-book - Libreng Online QR Code Generator - CreateMy-QR",text/html; charset=utf-8,false,200,0,0,,,"58
57",2,true
21,https://createmy-qr.com/es/amazon-generador-de-codigos-qr-gratis-online,"Generador de códigos QR Amazonas: gratuito y personalizado | CreateMy-QR
Amazonas - Generador de Códigos QR Gratis Online - CreateMy-QR",text/html; charset=utf-8,false,200,0,0,,,"72
62",2,true
21,https://createmy-qr.com/ru/venmo-besplatnyy-generator-qr-kodov-onlayn,"Венмо Генератор QR-кодов — бесплатный и настраиваемый | CreateMy-QR
Венмо - Бесплатный генератор QR-кодов онлайн - CreateMy-QR",text/html; charset=utf-8,false,200,0,0,,,"67
58",2,true
21,https://createmy-qr.com/tl/use-cases,"Libreng Online QR Code Generator - CreateMy-QR (No Signup) | Use Cases
types.usecases QR Code Generator - Libre at Custom | CreateMy-QR
Use Cases | CreateMy-QR",text/html; charset=utf-8,false,200,0,0,,,"70
64
23",3,true
21,https://createmy-qr.com/th/widiio-ekhruue-ngmuue-sraangkhiw-aarokhd-nailnfrii,"วิดีโอ เครื่องสร้างโค้ด QR - ฟรีและกำหนดเอง | CreateMy-QR
วิดีโอ - เครื่องมือสร้างคิวอาร์โค้ดออนไลน์ฟรี - CreateMy-QR",text/html; charset=utf-8,false,200,0,0,,,"57
59",2,true
21,https://createmy-qr.com/fr/tiktok-generateur-de-code-qr-gratuit-en-ligne,"Générateur de code QR Tik Tok - Gratuit et personnalisé | CreateMy-QR
Tik Tok - Générateur de Code QR Gratuit en Ligne - CreateMy-QR",text/html; charset=utf-8,false,200,0,0,,,"69
62",2,true
21,https://createmy-qr.com/el/crypto-dorean-dimioyrgia-qr-code-online,"Crypto QR Code Generator - Δωρεάν & Προσαρμοσμένο | CreateMy-QR
Crypto - Δωρεάν Δημιουργία QR Code Online - CreateMy-QR",text/html; charset=utf-8,false,200,0,0,,,"63
55",2,true
21,https://createmy-qr.com/ms/acara-penjana-kod-qr-percuma-dalam-talian,"Penjana Kod QR Acara - Percuma & Tersuai | CreateMy-QR
Acara - Penjana Kod QR Percuma Dalam Talian - CreateMy-QR",text/html; charset=utf-8,false,200,0,0,,,"54
57",2,true
21,https://createmy-qr.com/it/informativa-sulla-privacy,"Generatore di Codici QR Gratis Online - CreateMy-QR (No Signup) | Informativa sulla privacy
Generatore di codici QR types.privacy - Gratuito e personalizzato | CreateMy-QR
Informativa sulla privacy | CreateMy-QR",text/html; charset=utf-8,false,200,0,0,,,"91
79
39",3,true
21,https://createmy-qr.com/fr/linkedin-generateur-de-code-qr-gratuit-en-ligne,"Générateur de code QR LinkedIn - Gratuit et personnalisé | CreateMy-QR
LinkedIn - Générateur de Code QR Gratuit en Ligne - CreateMy-QR",text/html; charset=utf-8,false,200,0,0,,,"70
63",2,true
21,https://createmy-qr.com/ko/imiji-muryo-onrain-qr-kodeu-saengseonggi,"이미지 QR 코드 생성기 - 무료 및 사용자 정의 | CreateMy-QR
이미지 - 무료 온라인 QR 코드 생성기 - CreateMy-QR",text/html; charset=utf-8,false,200,0,0,,,"41
36",2,true
21,https://createmy-qr.com/pl/obslugiwane-jezyki,"Darmowy Generator Kodów QR Online - CreateMy-QR (No Signup) | Obsługiwane języki
Generator kodów QR types.languages — bezpłatny i niestandardowy | CreateMy-QR
Obsługiwane języki | CreateMy-QR",text/html; charset=utf-8,false,200,0,0,,,"80
77
32",3,true
21,https://createmy-qr.com/ru/telegram-besplatnyy-generator-qr-kodov-onlayn,"Телеграмма Генератор QR-кодов — бесплатный и настраиваемый | CreateMy-QR
Телеграмма - Бесплатный генератор QR-кодов онлайн - CreateMy-QR",text/html; charset=utf-8,false,200,0,0,,,"72
63",2,true
21,https://createmy-qr.com/th/google-forms-ekhruue-ngmuue-sraangkhiw-aarokhd-nailnfrii,"Google ฟอร์ม เครื่องสร้างโค้ด QR - ฟรีและกำหนดเอง | CreateMy-QR
Google ฟอร์ม - เครื่องมือสร้างคิวอาร์โค้ดออนไลน์ฟรี - CreateMy-QR",text/html; charset=utf-8,false,200,0,0,,,"63
65",2,true
21,https://createmy-qr.com/es/instagram-generador-de-codigos-qr-gratis-online,"Generador de códigos QR Instagram: gratuito y personalizado | CreateMy-QR
Instagram - Generador de Códigos QR Gratis Online - CreateMy-QR",text/html; charset=utf-8,false,200,0,0,,,"73
63",2,true
21,https://createmy-qr.com/es/x-twitter-generador-de-codigos-qr-gratis-online,"Generador de códigos QR X (Twitter): gratuito y personalizado | CreateMy-QR
X (Twitter) - Generador de Códigos QR Gratis Online - CreateMy-QR",text/html; charset=utf-8,false,200,0,0,,,"75
65",2,true
21,https://createmy-qr.com/tl/,"CreateMy-QR | Lahat ng QR at Barcode Mga Tool sa Isang Lugar
CreateMy-QR | Lahat ng QR at Barcode Mga Tool sa Isang Lugar
home - Libreng Online QR Code Generator - CreateMy-QR",text/html; charset=utf-8,false,200,0,1,,,"60
60
53",3,true
21,https://createmy-qr.com/nl/facebook-gratis-qr-code-generator-online,"Facebook QR-codegenerator - gratis en aangepast | CreateMy-QR
Facebook - Gratis QR Code Generator Online - CreateMy-QR",text/html; charset=utf-8,false,200,0,0,,,"61
56",2,true
21,https://createmy-qr.com/ja/shi-yong-li,"無料QRコード作成・ジェネレーター - CreateMy-QR (No Signup) | 使用例
types.usecases QR コード ジェネレーター - 無料 & カスタム | CreateMy-QR
使用例 | CreateMy-QR",text/html; charset=utf-8,false,200,0,0,,,"49
55
17",3,true
21,https://createmy-qr.com/da/booking-gratis-qr-kode-generator-online,"Booking QR Code Generator - Gratis og brugerdefineret | CreateMy-QR
Booking - Gratis QR Kode Generator Online - CreateMy-QR",text/html; charset=utf-8,false,200,0,0,,,"67
55",2,true
21,https://createmy-qr.com/google-review-qr-code-generator,"Google Review QR Code Generator - Free & Custom | CreateMy-QR
Google Review - Free QR Code Generator Online - CreateMy-QR",text/html; charset=utf-8,false,200,0,0,,,"61
59",2,true
21,https://createmy-qr.com/ro/generator-de-coduri-qr-gratuit-online-2,"Scaner online gratuit de coduri QR - Scanează QR instantaneu
types.scanqr QR Code Generator - Gratuit și personalizat | CreateMy-QR
scanqr - Generator de Coduri QR Gratuit Online - CreateMy-QR",text/html; charset=utf-8,false,200,0,0,,,"60
70
60",3,true
21,https://createmy-qr.com/es/vcard-generador-de-codigos-qr-gratis-online,"Generador de códigos QR vCard: gratuito y personalizado | CreateMy-QR
vCard - Generador de Códigos QR Gratis Online - CreateMy-QR",text/html; charset=utf-8,false,200,0,0,,,"69
59",2,true
21,https://createmy-qr.com/nl/geluid-gratis-qr-code-generator-online,"Geluid QR-codegenerator - gratis en aangepast | CreateMy-QR
Geluid - Gratis QR Code Generator Online - CreateMy-QR",text/html; charset=utf-8,false,200,0,0,,,"59
54",2,true
21,https://createmy-qr.com/id/ketentuan-layanan,"Generator QR Code Gratis Online - CreateMy-QR (No Signup) | Ketentuan Layanan
types.terms Pembuat Kode QR - Gratis & Khusus | CreateMy-QR
Ketentuan Layanan | CreateMy-QR",text/html; charset=utf-8,false,200,0,0,,,"77
59
31",3,true
21,https://createmy-qr.com/uk/facebook-bezkoshtovniy-generator-qr-kodiv-onlayn,"Генератор QR-коду Facebook – безкоштовний і користувацький | CreateMy-QR
Facebook - Безкоштовний Генератор QR-кодів Онлайн - CreateMy-QR",text/html; charset=utf-8,false,200,0,0,,,"72
63",2,true
21,https://createmy-qr.com/nl/amazon-gratis-qr-code-generator-online,"Amazone QR-codegenerator - gratis en aangepast | CreateMy-QR
Amazone - Gratis QR Code Generator Online - CreateMy-QR",text/html; charset=utf-8,false,200,0,0,,,"60
55",2,true
21,https://createmy-qr.com/ms/bandingkan-alat,"Penjana Kod QR Percuma Dalam Talian - CreateMy-QR (No Signup) | Bandingkan Alat
Penjana Kod QR types.compare - Percuma & Tersuai | CreateMy-QR
Bandingkan Alat | CreateMy-QR",text/html; charset=utf-8,false,200,0,0,,,"79
62
29",3,true
21,https://createmy-qr.com/tl/link-sa-bio-libreng-online-qr-code-generator,"Link sa Bio QR Code Generator - Libre at Custom | CreateMy-QR
Link sa Bio - Libreng Online QR Code Generator - CreateMy-QR",text/html; charset=utf-8,false,200,0,0,,,"61
60",2,true
21,https://createmy-qr.com/pt/video-gerador-de-codigo-qr-gratis-online,"Gerador de código QR Vídeo - gratuito e personalizado | CreateMy-QR
Vídeo - Gerador de Código QR Grátis Online - CreateMy-QR",text/html; charset=utf-8,false,200,0,0,,,"67
56",2,true
21,https://createmy-qr.com/ms/crypto-penjana-kod-qr-percuma-dalam-talian,"Penjana Kod QR Kripto - Percuma & Tersuai | CreateMy-QR
Kripto - Penjana Kod QR Percuma Dalam Talian - CreateMy-QR",text/html; charset=utf-8,false,200,0,0,,,"55
58",2,true
21,https://createmy-qr.com/no/vilkar-for-bruk,"Gratis QR-kode Generator Online - CreateMy-QR (No Signup) | Vilkår for bruk
types.terms QR Code Generator - Gratis og tilpasset | CreateMy-QR
Vilkår for bruk | CreateMy-QR",text/html; charset=utf-8,false,200,0,0,,,"75
65
29",3,true
21,https://createmy-qr.com/tr/paypal-ucretsiz-cevrimici-qr-kod-olusturucu,"PayPal QR Kod Oluşturucu - Ücretsiz ve Özel | CreateMy-QR
PayPal - Ücretsiz Çevrimiçi QR Kod Oluşturucu - CreateMy-QR",text/html; charset=utf-8,false,200,0,0,,,"57
59",2,true
21,https://createmy-qr.com/cs/youtube-zdarma-online-generator-qr-kodu,"YouTube generátor QR kódu – zdarma a na míru | CreateMy-QR
YouTube - Zdarma Online Generátor QR Kódů - CreateMy-QR",text/html; charset=utf-8,false,200,0,0,,,"58
55",2,true
21,https://createmy-qr.com/it/google-forms-generatore-di-codici-qr-gratis-online,"Generatore di codici QR Moduli Google - Gratuito e personalizzato | CreateMy-QR
Moduli Google - Generatore di Codici QR Gratis Online - CreateMy-QR",text/html; charset=utf-8,false,200,0,0,,,"79
67",2,true
21,https://createmy-qr.com/hu/hang-ingyenes-online-qr-kod-generator,"Hang QR-kód generátor - ingyenes és egyedi | CreateMy-QR
Hang - Ingyenes Online QR-kód Generátor - CreateMy-QR",text/html; charset=utf-8,false,200,0,0,,,"56
53",2,true
21,https://createmy-qr.com/th/ruupphaaph-ekhruue-ngmuue-sraangkhiw-aarokhd-nailnfrii,"รูปภาพ เครื่องสร้างโค้ด QR - ฟรีและกำหนดเอง | CreateMy-QR
รูปภาพ - เครื่องมือสร้างคิวอาร์โค้ดออนไลน์ฟรี - CreateMy-QR",text/html; charset=utf-8,false,200,0,0,,,"57
59",2,true
21,https://createmy-qr.com/vi/vi-tri-tao-ma-qr-mien-phi-truc-tuyen,"Trình tạo mã QR Vị trí - Miễn phí & Tùy chỉnh | CreateMy-QR
Vị trí - Tạo Mã QR Miễn Phí Trực Tuyến - CreateMy-QR",text/html; charset=utf-8,false,200,0,0,,,"59
52",2,true
21,https://createmy-qr.com/de/tools-vergleichen,"Kostenloser QR-Code Generator Online - CreateMy-QR (No Signup) | Tools vergleichen
types.compare QR-Code-Generator – kostenlos und benutzerdefiniert | CreateMy-QR
Tools vergleichen | CreateMy-QR",text/html; charset=utf-8,false,200,0,0,,,"82
79
31",3,true
21,https://createmy-qr.com/no/sms-gratis-qr-kode-generator-online,"SMS QR Code Generator - Gratis og tilpasset | CreateMy-QR
SMS - Gratis QR-kode Generator Online - CreateMy-QR",text/html; charset=utf-8,false,200,0,0,,,"57
51",2,true
21,https://createmy-qr.com/el/ypostirizomenes-glosses,"Δωρεάν Δημιουργία QR Code Online - CreateMy-QR (No Signup) | Υποστηριζόμενες γλώσσες
types.languages QR Code Generator - Δωρεάν & Προσαρμοσμένο | CreateMy-QR
Υποστηριζόμενες γλώσσες | CreateMy-QR",text/html; charset=utf-8,false,200,0,0,,,"84
72
37",3,true
21,https://createmy-qr.com/ko/paypal-muryo-onrain-qr-kodeu-saengseonggi,"페이팔 QR 코드 생성기 - 무료 및 사용자 정의 | CreateMy-QR
페이팔 - 무료 온라인 QR 코드 생성기 - CreateMy-QR",text/html; charset=utf-8,false,200,0,0,,,"41
36",2,true
21,https://createmy-qr.com/snapchat-qr-code-generator,"Snapchat QR Code Generator - Free & Custom | CreateMy-QR
Snapchat - Free QR Code Generator Online - CreateMy-QR",text/html; charset=utf-8,false,200,0,0,,,"56
54",2,true
21,https://createmy-qr.com/ja/yu-yue-wu-liao-qrkodozuo-cheng-zienereta,"予約 QR コード ジェネレーター - 無料 & カスタム | CreateMy-QR
予約 - 無料QRコード作成・ジェネレーター - CreateMy-QR",text/html; charset=utf-8,false,200,0,0,,,"43
36",2,true
21,https://createmy-qr.com/ja/app-store-wu-liao-qrkodozuo-cheng-zienereta,"アプリストア QR コード ジェネレーター - 無料 & カスタム | CreateMy-QR
アプリストア - 無料QRコード作成・ジェネレーター - CreateMy-QR",text/html; charset=utf-8,false,200,0,0,,,"47
40",2,true
21,https://createmy-qr.com/tr/telegram-ucretsiz-cevrimici-qr-kod-olusturucu,"Telgraf QR Kod Oluşturucu - Ücretsiz ve Özel | CreateMy-QR
Telgraf - Ücretsiz Çevrimiçi QR Kod Oluşturucu - CreateMy-QR",text/html; charset=utf-8,false,200,0,0,,,"58
60",2,true
21,https://createmy-qr.com/hu/tamogatott-nyelvek,"Ingyenes Online QR-kód Generátor - CreateMy-QR (No Signup) | Támogatott nyelvek
types.languages QR-kód generátor - ingyenes és egyedi | CreateMy-QR
Támogatott nyelvek | CreateMy-QR",text/html; charset=utf-8,false,200,0,0,,,"79
67
32",3,true
21,https://createmy-qr.com/tl/snapchat-libreng-online-qr-code-generator,"Snapchat QR Code Generator - Libre at Custom | CreateMy-QR
Snapchat - Libreng Online QR Code Generator - CreateMy-QR",text/html; charset=utf-8,false,200,0,0,,,"58
57",2,true
21,https://createmy-qr.com/es/generador-de-codigos-qr-gratis-online,"Generador de códigos de barras gratuito en línea: cree códigos de barras 1D
Generador de códigos QR types.barcode: gratuito y personalizado | CreateMy-QR
barcode - Generador de Códigos QR Gratis Online - CreateMy-QR",text/html; charset=utf-8,false,200,0,0,,,"75
77
61",3,true
21,https://createmy-qr.com/tr/tiktok-ucretsiz-cevrimici-qr-kod-olusturucu,"TikTok QR Kod Oluşturucu - Ücretsiz ve Özel | CreateMy-QR
TikTok - Ücretsiz Çevrimiçi QR Kod Oluşturucu - CreateMy-QR",text/html; charset=utf-8,false,200,0,0,,,"57
59",2,true
21,https://createmy-qr.com/it/evento-generatore-di-codici-qr-gratis-online,"Generatore di codici QR Evento - Gratuito e personalizzato | CreateMy-QR
Evento - Generatore di Codici QR Gratis Online - CreateMy-QR",text/html; charset=utf-8,false,200,0,0,,,"72
60",2,true
21,https://createmy-qr.com/tr/baglanti-bio-da-ucretsiz-cevrimici-qr-kod-olusturucu,"Bağlantı Bio'da QR Kod Oluşturucu - Ücretsiz ve Özel | CreateMy-QR
Bağlantı Bio'da - Ücretsiz Çevrimiçi QR Kod Oluşturucu - CreateMy-QR",text/html; charset=utf-8,false,200,0,0,,,"66
68",2,true
21,https://createmy-qr.com/zh/shi-pin-mian-fei-zai-xian-er-wei-ma-sheng-cheng-qi,"视频 QR 代码生成器 - 免费和自定义 | CreateMy-QR
视频 - 免费在线二维码生成器 - CreateMy-QR",text/html; charset=utf-8,false,200,0,0,,,"34
29",2,true
21,https://createmy-qr.com/zh/wen-ben-mian-fei-zai-xian-er-wei-ma-sheng-cheng-qi,"文本 QR 代码生成器 - 免费和自定义 | CreateMy-QR
文本 - 免费在线二维码生成器 - CreateMy-QR",text/html; charset=utf-8,false,200,0,0,,,"34
29",2,true
21,https://createmy-qr.com/ja/dian-hua-wu-liao-qrkodozuo-cheng-zienereta,"電話 QR コード ジェネレーター - 無料 & カスタム | CreateMy-QR
電話 - 無料QRコード作成・ジェネレーター - CreateMy-QR",text/html; charset=utf-8,false,200,0,0,,,"43
36",2,true
21,https://createmy-qr.com/it/video-generatore-di-codici-qr-gratis-online,"Generatore di codici QR Video - Gratuito e personalizzato | CreateMy-QR
Video - Generatore di Codici QR Gratis Online - CreateMy-QR",text/html; charset=utf-8,false,200,0,0,,,"71
59",2,true
21,https://createmy-qr.com/fi/google-forms-ilmainen-qr-koodigeneraattori-netissa,"Google Forms QR-koodigeneraattori - ilmainen ja räätälöity | CreateMy-QR
Google Forms - Ilmainen QR-koodigeneraattori Netissä - CreateMy-QR",text/html; charset=utf-8,false,200,0,0,,,"72
66",2,true
21,https://createmy-qr.com/no/bilde-gratis-qr-kode-generator-online,"Bilde QR Code Generator - Gratis og tilpasset | CreateMy-QR
Bilde - Gratis QR-kode Generator Online - CreateMy-QR",text/html; charset=utf-8,false,200,0,0,,,"59
53",2,true
21,https://createmy-qr.com/es/email-generador-de-codigos-qr-gratis-online,"Generador de códigos QR Correo electrónico: gratuito y personalizado | CreateMy-QR
Correo electrónico - Generador de Códigos QR Gratis Online - CreateMy-QR",text/html; charset=utf-8,false,200,0,0,,,"82
72",2,true
21,https://createmy-qr.com/th/google-review-ekhruue-ngmuue-sraangkhiw-aarokhd-nailnfrii,"รีวิวของ Google เครื่องสร้างโค้ด QR - ฟรีและกำหนดเอง | CreateMy-QR
รีวิวของ Google - เครื่องมือสร้างคิวอาร์โค้ดออนไลน์ฟรี - CreateMy-QR",text/html; charset=utf-8,false,200,0,0,,,"66
68",2,true
21,https://createmy-qr.com/hi/url-link-muph-t-onnlaain-kyuuaar-kodd-jnrettr,"मुफ़्त ऑनलाइन क्यूआर कोड जनरेटर - CreateMy-QR (No Signup) | CreateMy-QR
मुफ़्त ऑनलाइन क्यूआर कोड जनरेटर - CreateMy-QR (No Signup)",text/html; charset=utf-8,false,200,0,0,,,"71
57",2,true
21,https://createmy-qr.com/wifi-qr-code-generator,"Wi-Fi QR Code Generator - Free & Custom | CreateMy-QR
Wi-Fi - Free QR Code Generator Online - CreateMy-QR",text/html; charset=utf-8,false,200,0,0,,,"53
51",2,true
21,https://createmy-qr.com/app-store-qr-code-for-game-downloads,"App Store QR Code for Mobile Game Downloads | CreateMy-QR
App Store QR Code for Mobile Game Downloads | CreateMy-QR",text/html; charset=utf-8,false,200,0,0,,,"57
57",2,true
21,https://createmy-qr.com/zh/crypto-mian-fei-zai-xian-er-wei-ma-sheng-cheng-qi,"加密 QR 代码生成器 - 免费和自定义 | CreateMy-QR
加密 - 免费在线二维码生成器 - CreateMy-QR",text/html; charset=utf-8,false,200,0,0,,,"34
29",2,true
21,https://createmy-qr.com/th/snapchat-ekhruue-ngmuue-sraangkhiw-aarokhd-nailnfrii,"สแนปแชท เครื่องสร้างโค้ด QR - ฟรีและกำหนดเอง | CreateMy-QR
สแนปแชท - เครื่องมือสร้างคิวอาร์โค้ดออนไลน์ฟรี - CreateMy-QR",text/html; charset=utf-8,false,200,0,0,,,"58
60",2,true
21,https://createmy-qr.com/ru/podderzhivaemye-yazyki,"Бесплатный генератор QR-кодов онлайн - CreateMy-QR (No Signup) | Поддерживаемые языки
types.languages Генератор QR-кодов — бесплатный и настраиваемый | CreateMy-QR
Поддерживаемые языки | CreateMy-QR",text/html; charset=utf-8,false,200,0,0,,,"85
77
34",3,true
21,https://createmy-qr.com/id/gambar-generator-qr-code-gratis-online,"Gambar Pembuat Kode QR - Gratis & Khusus | CreateMy-QR
Gambar - Generator QR Code Gratis Online - CreateMy-QR",text/html; charset=utf-8,false,200,0,0,,,"54
54",2,true
21,https://createmy-qr.com/no/wi-fi-gratis-qr-kode-generator-online,"Wi-Fi QR Code Generator - Gratis og tilpasset | CreateMy-QR
Wi-Fi - Gratis QR-kode Generator Online - CreateMy-QR",text/html; charset=utf-8,false,200,0,0,,,"59
53",2,true
21,https://createmy-qr.com/bn/kes-bybhaar-krun,"ফ্রি অনলাইন কিউআর কোড জেনারেটর - CreateMy-QR (No Signup) | কেস ব্যবহার করুন
types.usecases QR কোড জেনারেটর - বিনামূল্যে এবং কাস্টম | CreateMy-QR
কেস ব্যবহার করুন | CreateMy-QR",text/html; charset=utf-8,false,200,0,0,,,"75
68
30",3,true
21,https://createmy-qr.com/ko/bakodeu-seukaeneo-muryo-onrain-qr-kodeu-saengseonggi,"무료 온라인 바코드 스캐너 - UPC 및 EAN 스캔
바코드 스캐너 QR 코드 생성기 - 무료 및 사용자 정의 | CreateMy-QR
바코드 스캐너 - 무료 온라인 QR 코드 생성기 - CreateMy-QR",text/html; charset=utf-8,false,200,0,0,,,"29
45
40",3,true
21,https://createmy-qr.com/cs/podminky-sluzby,"Zdarma Online Generátor QR Kódů - CreateMy-QR (No Signup) | Podmínky služby
types.terms generátor QR kódu – zdarma a na míru | CreateMy-QR
Podmínky služby | CreateMy-QR",text/html; charset=utf-8,false,200,0,0,,,"75
62
29",3,true
21,https://createmy-qr.com/venmo-qr-code-generator,"Venmo QR Code Generator - Free & Custom | CreateMy-QR
Venmo - Free QR Code Generator Online - CreateMy-QR",text/html; charset=utf-8,false,200,0,0,,,"53
51",2,true
21,https://createmy-qr.com/de/facebook-kostenloser-qr-code-generator-online,"Facebook QR-Code-Generator – kostenlos und benutzerdefiniert | CreateMy-QR
Facebook - Kostenloser QR-Code Generator Online - CreateMy-QR",text/html; charset=utf-8,false,200,0,0,,,"74
61",2,true
21,https://createmy-qr.com/hu/google-forms-ingyenes-online-qr-kod-generator,"Google Forms QR-kód generátor - ingyenes és egyedi | CreateMy-QR
Google Forms - Ingyenes Online QR-kód Generátor - CreateMy-QR",text/html; charset=utf-8,false,200,0,0,,,"64
61",2,true
21,https://createmy-qr.com/it/prenotazione-generatore-di-codici-qr-gratis-online,"Generatore di codici QR Prenotazione - Gratuito e personalizzato | CreateMy-QR
Prenotazione - Generatore di Codici QR Gratis Online - CreateMy-QR",text/html; charset=utf-8,false,200,0,0,,,"78
66",2,true
21,https://createmy-qr.com/ru/wi-fi-besplatnyy-generator-qr-kodov-onlayn,"Wi-Fi Генератор QR-кодов — бесплатный и настраиваемый | CreateMy-QR
Wi-Fi - Бесплатный генератор QR-кодов онлайн - CreateMy-QR",text/html; charset=utf-8,false,200,0,0,,,"67
58",2,true
21,https://createmy-qr.com/url-qr-code-generator,"Free QR Code Generator Online - CreateMy-QR (No Signup) | CreateMy-QR
Free QR Code Generator Online - CreateMy-QR (No Signup)",text/html; charset=utf-8,false,200,0,0,,,"69
55",2,true
21,https://createmy-qr.com/ja/tiktok-wu-liao-qrkodozuo-cheng-zienereta,"TikTok QR コード ジェネレーター - 無料 & カスタム | CreateMy-QR
TikTok - 無料QRコード作成・ジェネレーター - CreateMy-QR",text/html; charset=utf-8,false,200,0,0,,,"47
40",2,true
21,https://createmy-qr.com/ms/google-review-penjana-kod-qr-percuma-dalam-talian,"Penjana Kod QR Ulasan Google - Percuma & Tersuai | CreateMy-QR
Ulasan Google - Penjana Kod QR Percuma Dalam Talian - CreateMy-QR",text/html; charset=utf-8,false,200,0,0,,,"62
65",2,true
21,https://createmy-qr.com/hi/tiktok-muph-t-onnlaain-kyuuaar-kodd-jnrettr,"टिकटॉक QR कोड जेनरेटर - मुफ़्त और कस्टम | CreateMy-QR
टिकटॉक - मुफ़्त ऑनलाइन क्यूआर कोड जनरेटर - CreateMy-QR",text/html; charset=utf-8,false,200,0,0,,,"53
54",2,true
21,https://createmy-qr.com/ar/wi-fi-mwld-rmz-lstjb-lsryaa-mjny,"واي فاي QR Code Generator - مجاني ومخصص | CreateMy-QR
واي فاي - مولد رمز الاستجابة السريعة مجاني - CreateMy-QR",text/html; charset=utf-8,false,200,0,0,,,"53
56",2,true
21,https://createmy-qr.com/zh/mian-fei-zai-xian-er-wei-ma-sheng-cheng-qi-2,"免费在线二维码扫描仪 - 立即扫描二维码
types.scanqr QR 代码生成器 - 免费和自定义 | CreateMy-QR
scanqr - 免费在线二维码生成器 - CreateMy-QR",text/html; charset=utf-8,false,200,0,0,,,"20
44
33",3,true
21,https://createmy-qr.com/uk/pdf-bezkoshtovniy-generator-qr-kodiv-onlayn,"Генератор QR-коду PDF – безкоштовний і користувацький | CreateMy-QR
PDF - Безкоштовний Генератор QR-кодів Онлайн - CreateMy-QR",text/html; charset=utf-8,false,200,0,0,,,"67
58",2,true
21,https://createmy-qr.com/da/paypal-gratis-qr-kode-generator-online,"PayPal QR Code Generator - Gratis og brugerdefineret | CreateMy-QR
PayPal - Gratis QR Kode Generator Online - CreateMy-QR",text/html; charset=utf-8,false,200,0,0,,,"66
54",2,true
21,https://createmy-qr.com/el/app-store-dorean-dimioyrgia-qr-code-online,"App Store QR Code Generator - Δωρεάν & Προσαρμοσμένο | CreateMy-QR
App Store - Δωρεάν Δημιουργία QR Code Online - CreateMy-QR",text/html; charset=utf-8,false,200,0,0,,,"66
58",2,true
21,https://createmy-qr.com/zh/wei-zhi-mian-fei-zai-xian-er-wei-ma-sheng-cheng-qi,"位置 QR 代码生成器 - 免费和自定义 | CreateMy-QR
位置 - 免费在线二维码生成器 - CreateMy-QR",text/html; charset=utf-8,false,200,0,0,,,"34
29",2,true
21,https://createmy-qr.com/whatsapp-qr-code-generator,"WhatsApp QR Code Generator - Free & Custom | CreateMy-QR
WhatsApp - Free QR Code Generator Online - CreateMy-QR",text/html; charset=utf-8,false,200,0,0,,,"56
54",2,true
21,https://createmy-qr.com/hi/wi-fi-muph-t-onnlaain-kyuuaar-kodd-jnrettr,"वाई-फ़ाई QR कोड जेनरेटर - मुफ़्त और कस्टम | CreateMy-QR
वाई-फ़ाई - मुफ़्त ऑनलाइन क्यूआर कोड जनरेटर - CreateMy-QR",text/html; charset=utf-8,false,200,0,0,,,"55
56",2,true
21,https://createmy-qr.com/cs/email-zdarma-online-generator-qr-kodu,"Email generátor QR kódu – zdarma a na míru | CreateMy-QR
Email - Zdarma Online Generátor QR Kódů - CreateMy-QR",text/html; charset=utf-8,false,200,0,0,,,"56
53",2,true
21,https://createmy-qr.com/pl/wydarzenie-darmowy-generator-kodow-qr-online,"Generator kodów QR Wydarzenie — bezpłatny i niestandardowy | CreateMy-QR
Wydarzenie - Darmowy Generator Kodów QR Online - CreateMy-QR",text/html; charset=utf-8,false,200,0,0,,,"72
60",2,true
21,https://createmy-qr.com/pt/snapchat-gerador-de-codigo-qr-gratis-online,"Gerador de código QR Snapchat - gratuito e personalizado | CreateMy-QR
Snapchat - Gerador de Código QR Grátis Online - CreateMy-QR",text/html; charset=utf-8,false,200,0,0,,,"70
59",2,true
21,https://createmy-qr.com/de/app-store-kostenloser-qr-code-generator-online,"App Store QR-Code-Generator – kostenlos und benutzerdefiniert | CreateMy-QR
App Store - Kostenloser QR-Code Generator Online - CreateMy-QR",text/html; charset=utf-8,false,200,0,0,,,"75
62",2,true
21,https://createmy-qr.com/ko/spotify-muryo-onrain-qr-kodeu-saengseonggi,"스포티파이 QR 코드 생성기 - 무료 및 사용자 정의 | CreateMy-QR
스포티파이 - 무료 온라인 QR 코드 생성기 - CreateMy-QR",text/html; charset=utf-8,false,200,0,0,,,"43
38",2,true
21,https://createmy-qr.com/ro/tiktok-generator-de-coduri-qr-gratuit-online,"TikTok QR Code Generator - Gratuit și personalizat | CreateMy-QR
TikTok - Generator de Coduri QR Gratuit Online - CreateMy-QR",text/html; charset=utf-8,false,200,0,0,,,"64
60",2,true
21,https://createmy-qr.com/fr/emplacement-generateur-de-code-qr-gratuit-en-ligne,"Générateur de code QR Emplacement - Gratuit et personnalisé | CreateMy-QR
Emplacement - Générateur de Code QR Gratuit en Ligne - CreateMy-QR",text/html; charset=utf-8,false,200,0,0,,,"73
66",2,true
21,https://createmy-qr.com/pl/venmo-darmowy-generator-kodow-qr-online,"Generator kodów QR Venmo — bezpłatny i niestandardowy | CreateMy-QR
Venmo - Darmowy Generator Kodów QR Online - CreateMy-QR",text/html; charset=utf-8,false,200,0,0,,,"67
55",2,true
21,https://createmy-qr.com/ro/crypto-generator-de-coduri-qr-gratuit-online,"Crypto QR Code Generator - Gratuit și personalizat | CreateMy-QR
Crypto - Generator de Coduri QR Gratuit Online - CreateMy-QR",text/html; charset=utf-8,false,200,0,0,,,"64
60",2,true
21,https://createmy-qr.com/tr/etkinlik-ucretsiz-cevrimici-qr-kod-olusturucu,"Etkinlik QR Kod Oluşturucu - Ücretsiz ve Özel | CreateMy-QR
Etkinlik - Ücretsiz Çevrimiçi QR Kod Oluşturucu - CreateMy-QR",text/html; charset=utf-8,false,200,0,0,,,"59
61",2,true
21,https://createmy-qr.com/ar/saar-mjny-100,"مولد رمز الاستجابة السريعة مجاني - CreateMy-QR (No Signup) | أسعار مجانية 100%
types.pricing QR Code Generator - مجاني ومخصص | CreateMy-QR
أسعار مجانية 100% | CreateMy-QR",text/html; charset=utf-8,false,200,0,0,,,"78
59
31",3,true
21,https://createmy-qr.com/ms/imej-penjana-kod-qr-percuma-dalam-talian,"Penjana Kod QR Imej - Percuma & Tersuai | CreateMy-QR
Imej - Penjana Kod QR Percuma Dalam Talian - CreateMy-QR",text/html; charset=utf-8,false,200,0,0,,,"53
56",2,true
21,https://createmy-qr.com/sv/wi-fi-gratis-qr-kod-generator-online,"Wi-Fi QR Code Generator - Gratis & anpassad | CreateMy-QR
Wi-Fi - Gratis QR-kod Generator Online - CreateMy-QR",text/html; charset=utf-8,false,200,0,0,,,"57
52",2,true
21,https://createmy-qr.com/cs/,"CreateMy-QR | Všechny QR a čárové kódy Nástroje na jednom místě
CreateMy-QR | Všechny QR a čárové kódy Nástroje na jednom místě
home - Zdarma Online Generátor QR Kódů - CreateMy-QR",text/html; charset=utf-8,false,200,0,1,,,"63
63
52",3,true
21,https://createmy-qr.com/uk/discord-bezkoshtovniy-generator-qr-kodiv-onlayn,"Генератор QR-коду Розлад – безкоштовний і користувацький | CreateMy-QR
Розлад - Безкоштовний Генератор QR-кодів Онлайн - CreateMy-QR",text/html; charset=utf-8,false,200,0,0,,,"70
61",2,true
21,https://createmy-qr.com/it/x-twitter-generatore-di-codici-qr-gratis-online,"Generatore di codici QR X (Twitter) - Gratuito e personalizzato | CreateMy-QR
X (Twitter) - Generatore di Codici QR Gratis Online - CreateMy-QR",text/html; charset=utf-8,false,200,0,0,,,"77
65",2,true
21,https://createmy-qr.com/de/vcard-kostenloser-qr-code-generator-online,"vCard QR-Code-Generator – kostenlos und benutzerdefiniert | CreateMy-QR
vCard - Kostenloser QR-Code Generator Online - CreateMy-QR",text/html; charset=utf-8,false,200,0,0,,,"71
58",2,true
21,https://createmy-qr.com/sv/plats-gratis-qr-kod-generator-online,"Plats QR Code Generator - Gratis & anpassad | CreateMy-QR
Plats - Gratis QR-kod Generator Online - CreateMy-QR",text/html; charset=utf-8,false,200,0,0,,,"57
52",2,true
21,https://createmy-qr.com/vi/cong-cu-so-sanh,"Tạo Mã QR Miễn Phí Trực Tuyến - CreateMy-QR (No Signup) | Công cụ so sánh
Trình tạo mã QR types.compare - Miễn phí & Tùy chỉnh | CreateMy-QR
Công cụ so sánh | CreateMy-QR",text/html; charset=utf-8,false,200,0,0,,,"73
66
29",3,true
21,https://createmy-qr.com/es/telegram-generador-de-codigos-qr-gratis-online,"Generador de códigos QR Telegrama: gratuito y personalizado | CreateMy-QR
Telegrama - Generador de Códigos QR Gratis Online - CreateMy-QR",text/html; charset=utf-8,false,200,0,0,,,"73
63",2,true
21,https://createmy-qr.com/bn/sms-phri-anlaain-kiuaar-kodd-jenaarettr,"SMS QR কোড জেনারেটর - বিনামূল্যে এবং কাস্টম | CreateMy-QR
SMS - ফ্রি অনলাইন কিউআর কোড জেনারেটর - CreateMy-QR",text/html; charset=utf-8,false,200,0,0,,,"57
50",2,true
21,https://createmy-qr.com/zh/url-link-mian-fei-zai-xian-er-wei-ma-sheng-cheng-qi,"免费在线二维码生成器 - CreateMy-QR (No Signup) | CreateMy-QR
免费在线二维码生成器 - CreateMy-QR (No Signup)",text/html; charset=utf-8,false,200,0,0,,,"50
36",2,true
21,https://createmy-qr.com/el/tiktok-dorean-dimioyrgia-qr-code-online,"TikTok QR Code Generator - Δωρεάν & Προσαρμοσμένο | CreateMy-QR
TikTok - Δωρεάν Δημιουργία QR Code Online - CreateMy-QR",text/html; charset=utf-8,false,200,0,0,,,"63
55",2,true
21,https://createmy-qr.com/th/,"CreateMy-QR | QR และบาร์โค้ดทั้งหมด เครื่องมือในที่เดียว
CreateMy-QR | QR และบาร์โค้ดทั้งหมด เครื่องมือในที่เดียว
home - เครื่องมือสร้างคิวอาร์โค้ดออนไลน์ฟรี - CreateMy-QR",text/html; charset=utf-8,false,200,0,1,,,"56
56
57",3,true
21,https://createmy-qr.com/tr/whatsapp-ucretsiz-cevrimici-qr-kod-olusturucu,"WhatsApp QR Kod Oluşturucu - Ücretsiz ve Özel | CreateMy-QR
WhatsApp - Ücretsiz Çevrimiçi QR Kod Oluşturucu - CreateMy-QR",text/html; charset=utf-8,false,200,0,0,,,"59
61",2,true
21,https://createmy-qr.com/id/arsitektur-keamanan,"Generator QR Code Gratis Online - CreateMy-QR (No Signup) | Arsitektur Keamanan
types.security Pembuat Kode QR - Gratis & Khusus | CreateMy-QR
Arsitektur Keamanan | CreateMy-QR",text/html; charset=utf-8,false,200,0,0,,,"79
62
33",3,true
21,https://createmy-qr.com/nl/gratis-qr-code-generator-online,"Gratis barcodegenerator online - Maak 1D-streepjescodes
types.barcode QR-codegenerator - gratis en aangepast | CreateMy-QR
barcode - Gratis QR Code Generator Online - CreateMy-QR",text/html; charset=utf-8,false,200,0,0,,,"55
66
55",3,true
21,https://createmy-qr.com/pl/darmowy-generator-kodow-qr-online-2,"Bezpłatny skaner kodów QR online — natychmiastowe skanowanie kodów QR
Generator kodów QR types.scanqr — bezpłatny i niestandardowy | CreateMy-QR
scanqr - Darmowy Generator Kodów QR Online - CreateMy-QR",text/html; charset=utf-8,false,200,0,0,,,"69
74
56",3,true
21,https://createmy-qr.com/cs/telefon-zdarma-online-generator-qr-kodu,"Telefon generátor QR kódu – zdarma a na míru | CreateMy-QR
Telefon - Zdarma Online Generátor QR Kódů - CreateMy-QR",text/html; charset=utf-8,false,200,0,0,,,"58
55",2,true
21,https://createmy-qr.com/el/tilefono-dorean-dimioyrgia-qr-code-online,"Τηλέφωνο QR Code Generator - Δωρεάν & Προσαρμοσμένο | CreateMy-QR
Τηλέφωνο - Δωρεάν Δημιουργία QR Code Online - CreateMy-QR",text/html; charset=utf-8,false,200,0,0,,,"65
57",2,true
21,https://createmy-qr.com/fr/lecteur-de-codes-a-barres-generateur-de-code-qr-gratuit-en-ligne,"Scanner de codes-barres gratuit en ligne - Scannez UPC et EAN
Générateur de code QR Lecteur de codes à barres - Gratuit et personnalisé | CreateMy-QR
Lecteur de codes à barres - Générateur de Code QR Gratuit en Ligne - CreateMy-QR",text/html; charset=utf-8,false,200,0,0,,,"61
87
80",3,true
21,https://createmy-qr.com/bn/prissebaar-shrtaablii,"ফ্রি অনলাইন কিউআর কোড জেনারেটর - CreateMy-QR (No Signup) | পরিষেবার শর্তাবলী
types.terms QR কোড জেনারেটর - বিনামূল্যে এবং কাস্টম | CreateMy-QR
পরিষেবার শর্তাবলী | CreateMy-QR",text/html; charset=utf-8,false,200,0,0,,,"76
65
31",3,true
21,https://createmy-qr.com/tr/guvenlik-mimarisi,"Ücretsiz Çevrimiçi QR Kod Oluşturucu - CreateMy-QR (No Signup) | Güvenlik Mimarisi
types.security QR Kod Oluşturucu - Ücretsiz ve Özel | CreateMy-QR
Güvenlik Mimarisi | CreateMy-QR",text/html; charset=utf-8,false,200,0,0,,,"82
65
31",3,true
21,https://createmy-qr.com/tl/whatsapp-libreng-online-qr-code-generator,"WhatsApp QR Code Generator - Libre at Custom | CreateMy-QR
WhatsApp - Libreng Online QR Code Generator - CreateMy-QR",text/html; charset=utf-8,false,200,0,0,,,"58
57",2,true
21,https://createmy-qr.com/fi/ilmainen-qr-koodigeneraattori-netissa-2,"Ilmainen QR-koodinlukija verkossa - Skannaa QR-koodi heti
types.scanqr QR-koodigeneraattori - ilmainen ja räätälöity | CreateMy-QR
scanqr - Ilmainen QR-koodigeneraattori Netissä - CreateMy-QR",text/html; charset=utf-8,false,200,0,0,,,"57
72
60",3,true
21,https://createmy-qr.com/it/pdf-generatore-di-codici-qr-gratis-online,"Generatore di codici QR PDF - Gratuito e personalizzato | CreateMy-QR
PDF - Generatore di Codici QR Gratis Online - CreateMy-QR",text/html; charset=utf-8,false,200,0,0,,,"69
57",2,true
21,https://createmy-qr.com/no/,"CreateMy-QR | Alle QR og strekkoder Verktøy på ett sted
CreateMy-QR | Alle QR og strekkoder Verktøy på ett sted
home - Gratis QR-kode Generator Online - CreateMy-QR",text/html; charset=utf-8,false,200,0,1,,,"55
55
52",3,true
21,https://createmy-qr.com/id/pemesanan-generator-qr-code-gratis-online,"Pemesanan Pembuat Kode QR - Gratis & Khusus | CreateMy-QR
Pemesanan - Generator QR Code Gratis Online - CreateMy-QR",text/html; charset=utf-8,false,200,0,0,,,"57
57",2,true
21,https://createmy-qr.com/de/google-forms-kostenloser-qr-code-generator-online,"Google-Formulare QR-Code-Generator – kostenlos und benutzerdefiniert | CreateMy-QR
Google-Formulare - Kostenloser QR-Code Generator Online - CreateMy-QR",text/html; charset=utf-8,false,200,0,0,,,"82
69",2,true
21,https://createmy-qr.com/pt/spotify-gerador-de-codigo-qr-gratis-online,"Gerador de código QR Spotify - gratuito e personalizado | CreateMy-QR
Spotify - Gerador de Código QR Grátis Online - CreateMy-QR",text/html; charset=utf-8,false,200,0,0,,,"69
58",2,true
21,https://createmy-qr.com/fr/architecture-de-securite,"Générateur de Code QR Gratuit en Ligne - CreateMy-QR (No Signup) | Architecture de sécurité
Générateur de code QR types.security - Gratuit et personnalisé | CreateMy-QR
Architecture de sécurité | CreateMy-QR",text/html; charset=utf-8,false,200,0,0,,,"91
76
38",3,true
21,https://createmy-qr.com/pt/url-link-gerador-de-codigo-qr-gratis-online,"Gerador de Código QR Grátis Online - CreateMy-QR (No Signup) | CreateMy-QR
Gerador de Código QR Grátis Online - CreateMy-QR (No Signup)",text/html; charset=utf-8,false,200,0,0,,,"74
60",2,true
21,https://createmy-qr.com/tl/audio-libreng-online-qr-code-generator,"Audio QR Code Generator - Libre at Custom | CreateMy-QR
Audio - Libreng Online QR Code Generator - CreateMy-QR",text/html; charset=utf-8,false,200,0,0,,,"55
54",2,true
21,https://createmy-qr.com/vi/tao-ma-qr-mien-phi-truc-tuyen-2,"Máy quét mã QR trực tuyến miễn phí - Quét QR ngay lập tức
Trình tạo mã QR types.scanqr - Miễn phí & Tùy chỉnh | CreateMy-QR
scanqr - Tạo Mã QR Miễn Phí Trực Tuyến - CreateMy-QR",text/html; charset=utf-8,false,200,0,0,,,"57
65
52",3,true
21,https://createmy-qr.com/el/url-link-dorean-dimioyrgia-qr-code-online,"Δωρεάν Δημιουργία QR Code Online - CreateMy-QR (No Signup) | CreateMy-QR
Δωρεάν Δημιουργία QR Code Online - CreateMy-QR (No Signup)",text/html; charset=utf-8,false,200,0,0,,,"72
58",2,true
21,https://createmy-qr.com/nl/email-gratis-qr-code-generator-online,"E-mail QR-codegenerator - gratis en aangepast | CreateMy-QR
E-mail - Gratis QR Code Generator Online - CreateMy-QR",text/html; charset=utf-8,false,200,0,0,,,"59
54",2,true
21,https://createmy-qr.com/es/comparar-herramientas,"Generador de Códigos QR Gratis Online - CreateMy-QR (No Signup) | Comparar herramientas
Generador de códigos QR types.compare: gratuito y personalizado | CreateMy-QR
Comparar herramientas | CreateMy-QR",text/html; charset=utf-8,false,200,0,0,,,"87
77
35",3,true
21,https://createmy-qr.com/sv/linkedin-gratis-qr-kod-generator-online,"LinkedIn QR Code Generator - Gratis & anpassad | CreateMy-QR
LinkedIn - Gratis QR-kod Generator Online - CreateMy-QR",text/html; charset=utf-8,false,200,0,0,,,"60
55",2,true
21,https://createmy-qr.com/ro/generator-de-coduri-qr-gratuit-online-3,"Free Barcode Scanner Online - Scan UPC & EAN
Barcode Scanner QR Code Generator - Gratuit și personalizat | CreateMy-QR
scanbarcode - Generator de Coduri QR Gratuit Online - CreateMy-QR",text/html; charset=utf-8,false,200,0,0,,,"44
73
65",3,true
21,https://createmy-qr.com/tl/barcode-scanner-libreng-online-qr-code-generator,"Libreng Barcode Scanner Online - I-scan ang UPC at EAN
Barcode Scanner QR Code Generator - Libre at Custom | CreateMy-QR
Barcode Scanner - Libreng Online QR Code Generator - CreateMy-QR",text/html; charset=utf-8,false,200,0,0,,,"54
65
64",3,true
21,https://createmy-qr.com/da/sms-gratis-qr-kode-generator-online,"SMS QR Code Generator - Gratis og brugerdefineret | CreateMy-QR
SMS - Gratis QR Kode Generator Online - CreateMy-QR",text/html; charset=utf-8,false,200,0,0,,,"63
51",2,true
21,https://createmy-qr.com/da/tekst-gratis-qr-kode-generator-online,"Tekst QR Code Generator - Gratis og brugerdefineret | CreateMy-QR
Tekst - Gratis QR Kode Generator Online - CreateMy-QR",text/html; charset=utf-8,false,200,0,0,,,"65
53",2,true
21,https://createmy-qr.com/bn/gopniiy-taa-niiti,"ফ্রি অনলাইন কিউআর কোড জেনারেটর - CreateMy-QR (No Signup) | গোপনীয়তা নীতি
types.privacy QR কোড জেনারেটর - বিনামূল্যে এবং কাস্টম | CreateMy-QR
গোপনীয়তা নীতি | CreateMy-QR",text/html; charset=utf-8,false,200,0,0,,,"73
67
28",3,true
21,https://createmy-qr.com/no/tekst-gratis-qr-kode-generator-online,"Tekst QR Code Generator - Gratis og tilpasset | CreateMy-QR
Tekst - Gratis QR-kode Generator Online - CreateMy-QR",text/html; charset=utf-8,false,200,0,0,,,"59
53",2,true
21,https://createmy-qr.com/it/audio-generatore-di-codici-qr-gratis-online,"Generatore di codici QR Audio - Gratuito e personalizzato | CreateMy-QR
Audio - Generatore di Codici QR Gratis Online - CreateMy-QR",text/html; charset=utf-8,false,200,0,0,,,"71
59",2,true
21,https://createmy-qr.com/zh/yin-si-zheng-ce,"免费在线二维码生成器 - CreateMy-QR (No Signup) | 隐私政策
types.privacy QR 代码生成器 - 免费和自定义 | CreateMy-QR
隐私政策 | CreateMy-QR",text/html; charset=utf-8,false,200,0,0,,,"43
45
18",3,true
21,https://createmy-qr.com/pl/pdf-darmowy-generator-kodow-qr-online,"Generator kodów QR PDF — bezpłatny i niestandardowy | CreateMy-QR
PDF - Darmowy Generator Kodów QR Online - CreateMy-QR",text/html; charset=utf-8,false,200,0,0,,,"65
53",2,true
21,https://createmy-qr.com/th/pdf-ekhruue-ngmuue-sraangkhiw-aarokhd-nailnfrii,"PDF เครื่องสร้างโค้ด QR - ฟรีและกำหนดเอง | CreateMy-QR
PDF - เครื่องมือสร้างคิวอาร์โค้ดออนไลน์ฟรี - CreateMy-QR",text/html; charset=utf-8,false,200,0,0,,,"54
56",2,true
21,https://createmy-qr.com/cs/google-forms-zdarma-online-generator-qr-kodu,"Formuláře Google generátor QR kódu – zdarma a na míru | CreateMy-QR
Formuláře Google - Zdarma Online Generátor QR Kódů - CreateMy-QR",text/html; charset=utf-8,false,200,0,0,,,"67
64",2,true
21,https://createmy-qr.com/ro/locatia-generator-de-coduri-qr-gratuit-online,"Locația QR Code Generator - Gratuit și personalizat | CreateMy-QR
Locația - Generator de Coduri QR Gratuit Online - CreateMy-QR",text/html; charset=utf-8,false,200,0,0,,,"65
61",2,true
21,https://createmy-qr.com/ja/,"CreateMy-QR | すべてのQRコード・バーコード ツールが一か所に
CreateMy-QR | すべてのQRコード・バーコード ツールが一か所に
home - 無料QRコード作成・ジェネレーター - CreateMy-QR",text/html; charset=utf-8,false,200,0,1,,,"38
38
38",3,true
21,https://createmy-qr.com/id/app-store-generator-qr-code-gratis-online,"Toko Aplikasi Pembuat Kode QR - Gratis & Khusus | CreateMy-QR
Toko Aplikasi - Generator QR Code Gratis Online - CreateMy-QR",text/html; charset=utf-8,false,200,0,0,,,"61
61",2,true
21,https://createmy-qr.com/ar/spotify-mwld-rmz-lstjb-lsryaa-mjny,"سبوتيفي QR Code Generator - مجاني ومخصص | CreateMy-QR
سبوتيفي - مولد رمز الاستجابة السريعة مجاني - CreateMy-QR",text/html; charset=utf-8,false,200,0,0,,,"53
56",2,true
21,https://createmy-qr.com/id/bahasa-yang-didukung,"Generator QR Code Gratis Online - CreateMy-QR (No Signup) | Bahasa yang Didukung
types.languages Pembuat Kode QR - Gratis & Khusus | CreateMy-QR
Bahasa yang Didukung | CreateMy-QR",text/html; charset=utf-8,false,200,0,0,,,"80
63
34",3,true
21,https://createmy-qr.com/discord-qr-code-generator,"Discord QR Code Generator - Free & Custom | CreateMy-QR
Discord - Free QR Code Generator Online - CreateMy-QR",text/html; charset=utf-8,false,200,0,0,,,"55
53",2,true
21,https://createmy-qr.com/no/discord-gratis-qr-kode-generator-online,"Discord QR Code Generator - Gratis og tilpasset | CreateMy-QR
Discord - Gratis QR-kode Generator Online - CreateMy-QR",text/html; charset=utf-8,false,200,0,0,,,"61
55",2,true
21,https://createmy-qr.com/sv/gratis-qr-kod-generator-online-2,"Gratis QR-kodskanner online - Skanna QR direkt
types.scanqr QR Code Generator - Gratis & anpassad | CreateMy-QR
scanqr - Gratis QR-kod Generator Online - CreateMy-QR",text/html; charset=utf-8,false,200,0,0,,,"46
64
53",3,true
21,https://createmy-qr.com/ja/paypal-wu-liao-qrkodozuo-cheng-zienereta,"ペイパル QR コード ジェネレーター - 無料 & カスタム | CreateMy-QR
ペイパル - 無料QRコード作成・ジェネレーター - CreateMy-QR",text/html; charset=utf-8,false,200,0,0,,,"45
38",2,true
21,https://createmy-qr.com/hi/telegram-muph-t-onnlaain-kyuuaar-kodd-jnrettr,"टेलीग्राम QR कोड जेनरेटर - मुफ़्त और कस्टम | CreateMy-QR
टेलीग्राम - मुफ़्त ऑनलाइन क्यूआर कोड जनरेटर - CreateMy-QR",text/html; charset=utf-8,false,200,0,0,,,"56
57",2,true
21,https://createmy-qr.com/ja/puraibasi-porisi,"無料QRコード作成・ジェネレーター - CreateMy-QR (No Signup) | プライバシー ポリシー
types.privacy QR コード ジェネレーター - 無料 & カスタム | CreateMy-QR
プライバシー ポリシー | CreateMy-QR",text/html; charset=utf-8,false,200,0,0,,,"57
54
25",3,true
21,https://createmy-qr.com/ms/video-penjana-kod-qr-percuma-dalam-talian,"Penjana Kod QR Video - Percuma & Tersuai | CreateMy-QR
Video - Penjana Kod QR Percuma Dalam Talian - CreateMy-QR",text/html; charset=utf-8,false,200,0,0,,,"54
57",2,true
21,https://createmy-qr.com/tr/instagram-ucretsiz-cevrimici-qr-kod-olusturucu,"instagram QR Kod Oluşturucu - Ücretsiz ve Özel | CreateMy-QR
instagram - Ücretsiz Çevrimiçi QR Kod Oluşturucu - CreateMy-QR",text/html; charset=utf-8,false,200,0,0,,,"60
62",2,true
21,https://createmy-qr.com/pl/warunki-swiadczenia-uslug,"Darmowy Generator Kodów QR Online - CreateMy-QR (No Signup) | Warunki świadczenia usług
Generator kodów QR types.terms — bezpłatny i niestandardowy | CreateMy-QR
Warunki świadczenia usług | CreateMy-QR",text/html; charset=utf-8,false,200,0,0,,,"87
73
39",3,true
21,https://createmy-qr.com/ko/url-link-muryo-onrain-qr-kodeu-saengseonggi,"무료 온라인 QR 코드 생성기 - CreateMy-QR (No Signup) | CreateMy-QR
무료 온라인 QR 코드 생성기 - CreateMy-QR (No Signup)",text/html; charset=utf-8,false,200,0,0,,,"56
42",2,true
21,https://createmy-qr.com/uk/instrumenti-porivnyannya,"Безкоштовний Генератор QR-кодів Онлайн - CreateMy-QR (No Signup) | Інструменти порівняння
Генератор QR-коду types.compare – безкоштовний і користувацький | CreateMy-QR
Інструменти порівняння | CreateMy-QR",text/html; charset=utf-8,false,200,0,0,,,"89
77
36",3,true
21,https://createmy-qr.com/th/telegram-ekhruue-ngmuue-sraangkhiw-aarokhd-nailnfrii,"โทรเลข เครื่องสร้างโค้ด QR - ฟรีและกำหนดเอง | CreateMy-QR
โทรเลข - เครื่องมือสร้างคิวอาร์โค้ดออนไลน์ฟรี - CreateMy-QR",text/html; charset=utf-8,false,200,0,0,,,"57
59",2,true
21,https://createmy-qr.com/app-store-qr-code-generator,"App Store QR Code Generator - Free & Custom | CreateMy-QR
App Store - Free QR Code Generator Online - CreateMy-QR",text/html; charset=utf-8,false,200,0,0,,,"57
55",2,true
21,https://createmy-qr.com/el/arheio-dorean-dimioyrgia-qr-code-online,"Αρχείο QR Code Generator - Δωρεάν & Προσαρμοσμένο | CreateMy-QR
Αρχείο - Δωρεάν Δημιουργία QR Code Online - CreateMy-QR",text/html; charset=utf-8,false,200,0,0,,,"63
55",2,true
21,https://createmy-qr.com/image-qr-code-generator,"Image QR Code Generator - Free & Custom | CreateMy-QR
Image - Free QR Code Generator Online - CreateMy-QR",text/html; charset=utf-8,false,200,0,0,,,"53
51",2,true
21,https://createmy-qr.com/fr/amazon-generateur-de-code-qr-gratuit-en-ligne,"Générateur de code QR Amazone - Gratuit et personnalisé | CreateMy-QR
Amazone - Générateur de Code QR Gratuit en Ligne - CreateMy-QR",text/html; charset=utf-8,false,200,0,0,,,"69
62",2,true
21,https://createmy-qr.com/da/servicevilkar,"Gratis QR Kode Generator Online - CreateMy-QR (No Signup) | Servicevilkår
types.terms QR Code Generator - Gratis og brugerdefineret | CreateMy-QR
Servicevilkår | CreateMy-QR",text/html; charset=utf-8,false,200,0,0,,,"73
71
27",3,true
21,https://createmy-qr.com/hi/paypal-muph-t-onnlaain-kyuuaar-kodd-jnrettr,"पेपैल QR कोड जेनरेटर - मुफ़्त और कस्टम | CreateMy-QR
पेपैल - मुफ़्त ऑनलाइन क्यूआर कोड जनरेटर - CreateMy-QR",text/html; charset=utf-8,false,200,0,0,,,"52
53",2,true
21,https://createmy-qr.com/fi/meista,"Ilmainen QR-koodigeneraattori Netissä - CreateMy-QR (No Signup) | Meistä
types.about QR-koodigeneraattori - ilmainen ja räätälöity | CreateMy-QR
Meistä | CreateMy-QR",text/html; charset=utf-8,false,200,0,0,,,"72
71
20",3,true
21,https://createmy-qr.com/tl/file-libreng-online-qr-code-generator,"File QR Code Generator - Libre at Custom | CreateMy-QR
File - Libreng Online QR Code Generator - CreateMy-QR",text/html; charset=utf-8,false,200,0,0,,,"54
53",2,true
21,https://createmy-qr.com/fr/a-propos-de-nous,"Générateur de Code QR Gratuit en Ligne - CreateMy-QR (No Signup) | À propos de nous
Générateur de code QR types.about - Gratuit et personnalisé | CreateMy-QR
À propos de nous | CreateMy-QR",text/html; charset=utf-8,false,200,0,0,,,"83
73
30",3,true
21,https://createmy-qr.com/id/email-generator-qr-code-gratis-online,"Surel Pembuat Kode QR - Gratis & Khusus | CreateMy-QR
Surel - Generator QR Code Gratis Online - CreateMy-QR",text/html; charset=utf-8,false,200,0,0,,,"53
53",2,true
21,https://createmy-qr.com/zh/bi-jiao-gong-ju,"免费在线二维码生成器 - CreateMy-QR (No Signup) | 比较工具
types.compare QR 代码生成器 - 免费和自定义 | CreateMy-QR
比较工具 | CreateMy-QR",text/html; charset=utf-8,false,200,0,0,,,"43
45
18",3,true
21,https://createmy-qr.com/nl/afbeelding-gratis-qr-code-generator-online,"Afbeelding QR-codegenerator - gratis en aangepast | CreateMy-QR
Afbeelding - Gratis QR Code Generator Online - CreateMy-QR",text/html; charset=utf-8,false,200,0,0,,,"63
58",2,true
21,https://createmy-qr.com/el/snapchat-dorean-dimioyrgia-qr-code-online,"Snapchat QR Code Generator - Δωρεάν & Προσαρμοσμένο | CreateMy-QR
Snapchat - Δωρεάν Δημιουργία QR Code Online - CreateMy-QR",text/html; charset=utf-8,false,200,0,0,,,"65
57",2,true
21,https://createmy-qr.com/fr/tarif-100-gratuit,"Générateur de Code QR Gratuit en Ligne - CreateMy-QR (No Signup) | Tarif 100% gratuit
Générateur de code QR types.pricing - Gratuit et personnalisé | CreateMy-QR
Tarif 100% gratuit | CreateMy-QR",text/html; charset=utf-8,false,200,0,0,,,"85
75
32",3,true
21,https://createmy-qr.com/el/periptoseis-hrisis,"Δωρεάν Δημιουργία QR Code Online - CreateMy-QR (No Signup) | Περιπτώσεις χρήσης
types.usecases QR Code Generator - Δωρεάν & Προσαρμοσμένο | CreateMy-QR
Περιπτώσεις χρήσης | CreateMy-QR",text/html; charset=utf-8,false,200,0,0,,,"79
71
32",3,true
21,https://createmy-qr.com/hi/sevaa-kii-shrten,"मुफ़्त ऑनलाइन क्यूआर कोड जनरेटर - CreateMy-QR (No Signup) | सेवा की शर्तें
types.terms QR कोड जेनरेटर - मुफ़्त और कस्टम | CreateMy-QR
सेवा की शर्तें | CreateMy-QR",text/html; charset=utf-8,false,200,0,0,,,"74
58
28",3,true
21,https://createmy-qr.com/ko/whatsapp-muryo-onrain-qr-kodeu-saengseonggi,"왓츠앱 QR 코드 생성기 - 무료 및 사용자 정의 | CreateMy-QR
왓츠앱 - 무료 온라인 QR 코드 생성기 - CreateMy-QR",text/html; charset=utf-8,false,200,0,0,,,"41
36",2,true
21,https://createmy-qr.com/ro/link-in-bio-generator-de-coduri-qr-gratuit-online,"Link in Bio QR Code Generator - Gratuit și personalizat | CreateMy-QR
Link in Bio - Generator de Coduri QR Gratuit Online - CreateMy-QR",text/html; charset=utf-8,false,200,0,0,,,"69
65",2,true
21,https://createmy-qr.com/sv/100-gratis-prissattning,"Gratis QR-kod Generator Online - CreateMy-QR (No Signup) | 100 % gratis prissättning
types.pricing QR Code Generator - Gratis & anpassad | CreateMy-QR
100 % gratis prissättning | CreateMy-QR",text/html; charset=utf-8,false,200,0,0,,,"84
65
39",3,true
21,https://createmy-qr.com/th/facebook-ekhruue-ngmuue-sraangkhiw-aarokhd-nailnfrii,"เฟสบุ๊ค เครื่องสร้างโค้ด QR - ฟรีและกำหนดเอง | CreateMy-QR
เฟสบุ๊ค - เครื่องมือสร้างคิวอาร์โค้ดออนไลน์ฟรี - CreateMy-QR",text/html; charset=utf-8,false,200,0,0,,,"58
60",2,true
21,https://createmy-qr.com/sv/sekretesspolicy,"Gratis QR-kod Generator Online - CreateMy-QR (No Signup) | Sekretesspolicy
types.privacy QR Code Generator - Gratis & anpassad | CreateMy-QR
Sekretesspolicy | CreateMy-QR",text/html; charset=utf-8,false,200,0,0,,,"74
65
29",3,true
21,https://createmy-qr.com/ko/yeyag-muryo-onrain-qr-kodeu-saengseonggi,"예약 QR 코드 생성기 - 무료 및 사용자 정의 | CreateMy-QR
예약 - 무료 온라인 QR 코드 생성기 - CreateMy-QR",text/html; charset=utf-8,false,200,0,0,,,"40
35",2,true
21,https://createmy-qr.com/ja/ibento-wu-liao-qrkodozuo-cheng-zienereta,"イベント QR コード ジェネレーター - 無料 & カスタム | CreateMy-QR
イベント - 無料QRコード作成・ジェネレーター - CreateMy-QR",text/html; charset=utf-8,false,200,0,0,,,"45
38",2,true
21,https://createmy-qr.com/da/email-gratis-qr-kode-generator-online,"E-mail QR Code Generator - Gratis og brugerdefineret | CreateMy-QR
E-mail - Gratis QR Kode Generator Online - CreateMy-QR",text/html; charset=utf-8,false,200,0,0,,,"66
54",2,true
21,https://createmy-qr.com/fr/email-generateur-de-code-qr-gratuit-en-ligne,"Générateur de code QR Courriel - Gratuit et personnalisé | CreateMy-QR
Courriel - Générateur de Code QR Gratuit en Ligne - CreateMy-QR",text/html; charset=utf-8,false,200,0,0,,,"70
63",2,true
21,https://createmy-qr.com/zh/linkedin-mian-fei-zai-xian-er-wei-ma-sheng-cheng-qi,"领英 QR 代码生成器 - 免费和自定义 | CreateMy-QR
领英 - 免费在线二维码生成器 - CreateMy-QR",text/html; charset=utf-8,false,200,0,0,,,"34
29",2,true
21,https://createmy-qr.com/fi/spotify-ilmainen-qr-koodigeneraattori-netissa,"Spotify QR-koodigeneraattori - ilmainen ja räätälöity | CreateMy-QR
Spotify - Ilmainen QR-koodigeneraattori Netissä - CreateMy-QR",text/html; charset=utf-8,false,200,0,0,,,"67
61",2,true
21,https://createmy-qr.com/no/spotify-gratis-qr-kode-generator-online,"Spotify QR Code Generator - Gratis og tilpasset | CreateMy-QR
Spotify - Gratis QR-kode Generator Online - CreateMy-QR",text/html; charset=utf-8,false,200,0,0,,,"61
55",2,true
21,https://createmy-qr.com/tl/video-libreng-online-qr-code-generator,"Video QR Code Generator - Libre at Custom | CreateMy-QR
Video - Libreng Online QR Code Generator - CreateMy-QR",text/html; charset=utf-8,false,200,0,0,,,"55
54",2,true
21,https://createmy-qr.com/ko/wici-muryo-onrain-qr-kodeu-saengseonggi,"위치 QR 코드 생성기 - 무료 및 사용자 정의 | CreateMy-QR
위치 - 무료 온라인 QR 코드 생성기 - CreateMy-QR",text/html; charset=utf-8,false,200,0,0,,,"40
35",2,true
21,https://createmy-qr.com/ja/sapotosareteiruyan-yu,"無料QRコード作成・ジェネレーター - CreateMy-QR (No Signup) | サポートされている言語
types.languages QR コード ジェネレーター - 無料 & カスタム | CreateMy-QR
サポートされている言語 | CreateMy-QR",text/html; charset=utf-8,false,200,0,0,,,"57
56
25",3,true
21,https://createmy-qr.com/id/venmo-generator-qr-code-gratis-online,"Racun Pembuat Kode QR - Gratis & Khusus | CreateMy-QR
Racun - Generator QR Code Gratis Online - CreateMy-QR",text/html; charset=utf-8,false,200,0,0,,,"53
53",2,true
21,https://createmy-qr.com/fr/,"CreateMy-QR | Tous les Outils QR & Code-Barres en Un Seul Endroit
CreateMy-QR | Tous les Outils QR & Code-Barres en Un Seul Endroit
home - Générateur de Code QR Gratuit en Ligne - CreateMy-QR",text/html; charset=utf-8,false,200,0,1,,,"65
65
59",3,true
21,https://createmy-qr.com/hi/muph-t-onnlaain-kyuuaar-kodd-jnrettr,"निःशुल्क बारकोड जेनरेटर ऑनलाइन - 1डी बारकोड बनाएं
types.barcode QR कोड जेनरेटर - मुफ़्त और कस्टम | CreateMy-QR
barcode - मुफ़्त ऑनलाइन क्यूआर कोड जनरेटर - CreateMy-QR",text/html; charset=utf-8,false,200,0,0,,,"49
60
55",3,true
21,https://createmy-qr.com/fi/email-ilmainen-qr-koodigeneraattori-netissa,"Sähköposti QR-koodigeneraattori - ilmainen ja räätälöity | CreateMy-QR
Sähköposti - Ilmainen QR-koodigeneraattori Netissä - CreateMy-QR",text/html; charset=utf-8,false,200,0,0,,,"70
64",2,true
21,https://createmy-qr.com/zh/discord-mian-fei-zai-xian-er-wei-ma-sheng-cheng-qi,"不和谐 QR 代码生成器 - 免费和自定义 | CreateMy-QR
不和谐 - 免费在线二维码生成器 - CreateMy-QR",text/html; charset=utf-8,false,200,0,0,,,"35
30",2,true
21,https://createmy-qr.com/sv/,"CreateMy-QR | Alla QR & streckkoder Verktyg på ett ställe
CreateMy-QR | Alla QR & streckkoder Verktyg på ett ställe
home - Gratis QR-kod Generator Online - CreateMy-QR",text/html; charset=utf-8,false,200,0,1,,,"57
57
51",3,true
21,https://createmy-qr.com/ar/pdf-mwld-rmz-lstjb-lsryaa-mjny,"قوات الدفاع الشعبي QR Code Generator - مجاني ومخصص | CreateMy-QR
قوات الدفاع الشعبي - مولد رمز الاستجابة السريعة مجاني - CreateMy-QR",text/html; charset=utf-8,false,200,0,0,,,"64
67",2,true
21,https://createmy-qr.com/pl/tiktok-darmowy-generator-kodow-qr-online,"Generator kodów QR TikTok — bezpłatny i niestandardowy | CreateMy-QR
TikTok - Darmowy Generator Kodów QR Online - CreateMy-QR",text/html; charset=utf-8,false,200,0,0,,,"68
56",2,true
21,https://createmy-qr.com/tr/hizmet-sartlari,"Ücretsiz Çevrimiçi QR Kod Oluşturucu - CreateMy-QR (No Signup) | Hizmet Şartları
types.terms QR Kod Oluşturucu - Ücretsiz ve Özel | CreateMy-QR
Hizmet Şartları | CreateMy-QR",text/html; charset=utf-8,false,200,0,0,,,"80
62
29",3,true
21,https://createmy-qr.com/nl/,"CreateMy-QR | Alle QR & Barcode Tools op één Plek
CreateMy-QR | Alle QR & Barcode Tools op één Plek
home - Gratis QR Code Generator Online - CreateMy-QR",text/html; charset=utf-8,false,200,0,1,,,"49
49
52",3,true
21,https://createmy-qr.com/file-qr-code-generator,"File QR Code Generator - Free & Custom | CreateMy-QR
File - Free QR Code Generator Online - CreateMy-QR",text/html; charset=utf-8,false,200,0,0,,,"52
50",2,true
21,https://createmy-qr.com/sv/amazon-gratis-qr-kod-generator-online,"Amazon QR Code Generator - Gratis & anpassad | CreateMy-QR
Amazon - Gratis QR-kod Generator Online - CreateMy-QR",text/html; charset=utf-8,false,200,0,0,,,"58
53",2,true
21,https://createmy-qr.com/th/esiiyng-ekhruue-ngmuue-sraangkhiw-aarokhd-nailnfrii,"เสียง เครื่องสร้างโค้ด QR - ฟรีและกำหนดเอง | CreateMy-QR
เสียง - เครื่องมือสร้างคิวอาร์โค้ดออนไลน์ฟรี - CreateMy-QR",text/html; charset=utf-8,false,200,0,0,,,"56
58",2,true
21,https://createmy-qr.com/uk/wi-fi-bezkoshtovniy-generator-qr-kodiv-onlayn,"Генератор QR-коду Wi-Fi – безкоштовний і користувацький | CreateMy-QR
Wi-Fi - Безкоштовний Генератор QR-кодів Онлайн - CreateMy-QR",text/html; charset=utf-8,false,200,0,0,,,"69
60",2,true
21,https://createmy-qr.com/tl/paghambingin-ang-mga-tool,"Libreng Online QR Code Generator - CreateMy-QR (No Signup) | Paghambingin ang Mga Tool
types.compare QR Code Generator - Libre at Custom | CreateMy-QR
Paghambingin ang Mga Tool | CreateMy-QR",text/html; charset=utf-8,false,200,0,0,,,"86
63
39",3,true
21,https://createmy-qr.com/id/video-generator-qr-code-gratis-online,"Video Pembuat Kode QR - Gratis & Khusus | CreateMy-QR
Video - Generator QR Code Gratis Online - CreateMy-QR",text/html; charset=utf-8,false,200,0,0,,,"53
53",2,true
21,https://createmy-qr.com/uk/vipadki-vikoristannya,"Безкоштовний Генератор QR-кодів Онлайн - CreateMy-QR (No Signup) | Випадки використання
Генератор QR-коду types.usecases – безкоштовний і користувацький | CreateMy-QR
Випадки використання | CreateMy-QR",text/html; charset=utf-8,false,200,0,0,,,"87
78
34",3,true
21,https://createmy-qr.com/fr/comparer-les-outils,"Générateur de Code QR Gratuit en Ligne - CreateMy-QR (No Signup) | Comparer les outils
Générateur de code QR types.compare - Gratuit et personnalisé | CreateMy-QR
Comparer les outils | CreateMy-QR",text/html; charset=utf-8,false,200,0,0,,,"86
75
33",3,true
21,https://createmy-qr.com/hi/surkssaa-vaastuklaa,"मुफ़्त ऑनलाइन क्यूआर कोड जनरेटर - CreateMy-QR (No Signup) | सुरक्षा वास्तुकला
types.security QR कोड जेनरेटर - मुफ़्त और कस्टम | CreateMy-QR
सुरक्षा वास्तुकला | CreateMy-QR",text/html; charset=utf-8,false,200,0,0,,,"77
61
31",3,true
21,https://createmy-qr.com/it/email-generatore-di-codici-qr-gratis-online,"Generatore di codici QR E-mail - Gratuito e personalizzato | CreateMy-QR
E-mail - Generatore di Codici QR Gratis Online - CreateMy-QR",text/html; charset=utf-8,false,200,0,0,,,"72
60",2,true
21,https://createmy-qr.com/fi/crypto-ilmainen-qr-koodigeneraattori-netissa,"Krypto QR-koodigeneraattori - ilmainen ja räätälöity | CreateMy-QR
Krypto - Ilmainen QR-koodigeneraattori Netissä - CreateMy-QR",text/html; charset=utf-8,false,200,0,0,,,"66
60",2,true
21,https://createmy-qr.com/nl/instagram-gratis-qr-code-generator-online,"Instagram QR-codegenerator - gratis en aangepast | CreateMy-QR
Instagram - Gratis QR Code Generator Online - CreateMy-QR",text/html; charset=utf-8,false,200,0,0,,,"62
57",2,true
21,https://createmy-qr.com/hu/telegram-ingyenes-online-qr-kod-generator,"Távirat QR-kód generátor - ingyenes és egyedi | CreateMy-QR
Távirat - Ingyenes Online QR-kód Generátor - CreateMy-QR",text/html; charset=utf-8,false,200,0,0,,,"59
56",2,true
21,https://createmy-qr.com/de/spotify-kostenloser-qr-code-generator-online,"Spotify QR-Code-Generator – kostenlos und benutzerdefiniert | CreateMy-QR
Spotify - Kostenloser QR-Code Generator Online - CreateMy-QR",text/html; charset=utf-8,false,200,0,0,,,"73
60",2,true
21,https://createmy-qr.com/cs/venmo-zdarma-online-generator-qr-kodu,"Venmo generátor QR kódu – zdarma a na míru | CreateMy-QR
Venmo - Zdarma Online Generátor QR Kódů - CreateMy-QR",text/html; charset=utf-8,false,200,0,0,,,"56
53",2,true
21,https://createmy-qr.com/de/instagram-kostenloser-qr-code-generator-online,"Instagram QR-Code-Generator – kostenlos und benutzerdefiniert | CreateMy-QR
Instagram - Kostenloser QR-Code Generator Online - CreateMy-QR",text/html; charset=utf-8,false,200,0,0,,,"75
62",2,true
21,https://createmy-qr.com/cs/discord-zdarma-online-generator-qr-kodu,"Rozpor generátor QR kódu – zdarma a na míru | CreateMy-QR
Rozpor - Zdarma Online Generátor QR Kódů - CreateMy-QR",text/html; charset=utf-8,false,200,0,0,,,"57
54",2,true
21,https://createmy-qr.com/pt/reserva-gerador-de-codigo-qr-gratis-online,"Gerador de código QR Reserva - gratuito e personalizado | CreateMy-QR
Reserva - Gerador de Código QR Grátis Online - CreateMy-QR",text/html; charset=utf-8,false,200,0,0,,,"69
58",2,true
21,https://createmy-qr.com/nl/telefoon-gratis-qr-code-generator-online,"Telefoon QR-codegenerator - gratis en aangepast | CreateMy-QR
Telefoon - Gratis QR Code Generator Online - CreateMy-QR",text/html; charset=utf-8,false,200,0,0,,,"61
56",2,true
21,https://createmy-qr.com/tr/ucretsiz-cevrimici-qr-kod-olusturucu-2,"Ücretsiz Çevrimiçi QR Kod Tarayıcı - QR'yi Anında Tarayın
types.scanqr QR Kod Oluşturucu - Ücretsiz ve Özel | CreateMy-QR
scanqr - Ücretsiz Çevrimiçi QR Kod Oluşturucu - CreateMy-QR",text/html; charset=utf-8,false,200,0,0,,,"57
63
59",3,true
21,https://createmy-qr.com/ko/100-muryo-gagyeog,"무료 온라인 QR 코드 생성기 - CreateMy-QR (No Signup) | 100% 무료 가격
types.pricing QR 코드 생성기 - 무료 및 사용자 정의 | CreateMy-QR
100% 무료 가격 | CreateMy-QR",text/html; charset=utf-8,false,200,0,0,,,"55
51
24",3,true
21,https://createmy-qr.com/ru/skaner-shtrih-koda-besplatnyy-generator-qr-kodov-onlayn,"Бесплатный онлайн-сканер штрих-кодов — сканирование UPC и EAN
Сканер штрих-кода Генератор QR-кодов — бесплатный и настраиваемый | CreateMy-QR
Сканер штрих-кода - Бесплатный генератор QR-кодов онлайн - CreateMy-QR",text/html; charset=utf-8,false,200,0,0,,,"61
79
70",3,true
21,https://createmy-qr.com/id/tautan-di-bio-generator-qr-code-gratis-online,"Tautan di Bio Pembuat Kode QR - Gratis & Khusus | CreateMy-QR
Tautan di Bio - Generator QR Code Gratis Online - CreateMy-QR",text/html; charset=utf-8,false,200,0,0,,,"61
61",2,true
21,https://createmy-qr.com/pt/linkedin-gerador-de-codigo-qr-gratis-online,"Gerador de código QR LinkedIn - gratuito e personalizado | CreateMy-QR
LinkedIn - Gerador de Código QR Grátis Online - CreateMy-QR",text/html; charset=utf-8,false,200,0,0,,,"70
59",2,true
21,https://createmy-qr.com/cs/spotify-zdarma-online-generator-qr-kodu,"Spotify generátor QR kódu – zdarma a na míru | CreateMy-QR
Spotify - Zdarma Online Generátor QR Kódů - CreateMy-QR",text/html; charset=utf-8,false,200,0,0,,,"58
55",2,true
21,https://createmy-qr.com/fr/facebook-generateur-de-code-qr-gratuit-en-ligne,"Générateur de code QR Facebook - Gratuit et personnalisé | CreateMy-QR
Facebook - Générateur de Code QR Gratuit en Ligne - CreateMy-QR",text/html; charset=utf-8,false,200,0,0,,,"70
63",2,true
21,https://createmy-qr.com/ro/pret-100-gratuit,"Generator de Coduri QR Gratuit Online - CreateMy-QR (No Signup) | Preț 100% gratuit
types.pricing QR Code Generator - Gratuit și personalizat | CreateMy-QR
Preț 100% gratuit | CreateMy-QR",text/html; charset=utf-8,false,200,0,0,,,"83
71
31",3,true
21,https://createmy-qr.com/cs/odkaz-v-biu-zdarma-online-generator-qr-kodu,"Odkaz v Biu generátor QR kódu – zdarma a na míru | CreateMy-QR
Odkaz v Biu - Zdarma Online Generátor QR Kódů - CreateMy-QR",text/html; charset=utf-8,false,200,0,0,,,"62
59",2,true
21,https://createmy-qr.com/bn/phri-anlaain-kiuaar-kodd-jenaarettr,"বিনামূল্যে বারকোড জেনারেটর অনলাইন - 1D বারকোড তৈরি করুন
types.barcode QR কোড জেনারেটর - বিনামূল্যে এবং কাস্টম | CreateMy-QR
barcode - ফ্রি অনলাইন কিউআর কোড জেনারেটর - CreateMy-QR",text/html; charset=utf-8,false,200,0,0,,,"55
67
54",3,true
21,https://createmy-qr.com/nl/linkedin-gratis-qr-code-generator-online,"LinkedIn QR-codegenerator - gratis en aangepast | CreateMy-QR
LinkedIn - Gratis QR Code Generator Online - CreateMy-QR",text/html; charset=utf-8,false,200,0,0,,,"61
56",2,true
21,https://createmy-qr.com/da/app-store-gratis-qr-kode-generator-online,"App Store QR Code Generator - Gratis og brugerdefineret | CreateMy-QR
App Store - Gratis QR Kode Generator Online - CreateMy-QR",text/html; charset=utf-8,false,200,0,0,,,"69
57",2,true
21,https://createmy-qr.com/nl/pdf-gratis-qr-code-generator-online,"Pdf QR-codegenerator - gratis en aangepast | CreateMy-QR
Pdf - Gratis QR Code Generator Online - CreateMy-QR",text/html; charset=utf-8,false,200,0,0,,,"56
51",2,true
21,https://createmy-qr.com/hi/ph-on-muph-t-onnlaain-kyuuaar-kodd-jnrettr,"फ़ोन QR कोड जेनरेटर - मुफ़्त और कस्टम | CreateMy-QR
फ़ोन - मुफ़्त ऑनलाइन क्यूआर कोड जनरेटर - CreateMy-QR",text/html; charset=utf-8,false,200,0,0,,,"51
52",2,true
21,https://createmy-qr.com/pt/pdf-gerador-de-codigo-qr-gratis-online,"Gerador de código QR PDF - gratuito e personalizado | CreateMy-QR
PDF - Gerador de Código QR Grátis Online - CreateMy-QR",text/html; charset=utf-8,false,200,0,0,,,"65
54",2,true
21,https://createmy-qr.com/pt/localizacao-gerador-de-codigo-qr-gratis-online,"Gerador de código QR Localização - gratuito e personalizado | CreateMy-QR
Localização - Gerador de Código QR Grátis Online - CreateMy-QR",text/html; charset=utf-8,false,200,0,0,,,"73
62",2,true
21,https://createmy-qr.com/th/ekhruue-ngmuue-sraangkhiw-aarokhd-nailnfrii-2,"เครื่องสแกนรหัส QR ออนไลน์ฟรี - สแกน QR ทันที
types.scanqr เครื่องสร้างโค้ด QR - ฟรีและกำหนดเอง | CreateMy-QR
scanqr - เครื่องมือสร้างคิวอาร์โค้ดออนไลน์ฟรี - CreateMy-QR",text/html; charset=utf-8,false,200,0,0,,,"45
63
59",3,true
21,https://createmy-qr.com/ar/facebook-mwld-rmz-lstjb-lsryaa-mjny,"فيس بوك QR Code Generator - مجاني ومخصص | CreateMy-QR
فيس بوك - مولد رمز الاستجابة السريعة مجاني - CreateMy-QR",text/html; charset=utf-8,false,200,0,0,,,"53
56",2,true
21,https://createmy-qr.com/ro/arhitectura-de-securitate,"Generator de Coduri QR Gratuit Online - CreateMy-QR (No Signup) | Arhitectura de securitate
types.security QR Code Generator - Gratuit și personalizat | CreateMy-QR
Arhitectura de securitate | CreateMy-QR",text/html; charset=utf-8,false,200,0,0,,,"91
72
39",3,true
21,https://createmy-qr.com/zh/whatsapp-mian-fei-zai-xian-er-wei-ma-sheng-cheng-qi,"WhatsApp QR 代码生成器 - 免费和自定义 | CreateMy-QR
WhatsApp - 免费在线二维码生成器 - CreateMy-QR",text/html; charset=utf-8,false,200,0,0,,,"40
35",2,true
21,https://createmy-qr.com/es/archivo-generador-de-codigos-qr-gratis-online,"Generador de códigos QR Archivo: gratuito y personalizado | CreateMy-QR
Archivo - Generador de Códigos QR Gratis Online - CreateMy-QR",text/html; charset=utf-8,false,200,0,0,,,"71
61",2,true
21,https://createmy-qr.com/ru/pdf-besplatnyy-generator-qr-kodov-onlayn,"PDF Генератор QR-кодов — бесплатный и настраиваемый | CreateMy-QR
PDF - Бесплатный генератор QR-кодов онлайн - CreateMy-QR",text/html; charset=utf-8,false,200,0,0,,,"65
56",2,true
21,https://createmy-qr.com/fr/telegram-generateur-de-code-qr-gratuit-en-ligne,"Générateur de code QR Télégramme - Gratuit et personnalisé | CreateMy-QR
Télégramme - Générateur de Code QR Gratuit en Ligne - CreateMy-QR",text/html; charset=utf-8,false,200,0,0,,,"72
65",2,true
21,https://createmy-qr.com/tr/hakkimizda,"Ücretsiz Çevrimiçi QR Kod Oluşturucu - CreateMy-QR (No Signup) | Hakkımızda
types.about QR Kod Oluşturucu - Ücretsiz ve Özel | CreateMy-QR
Hakkımızda | CreateMy-QR",text/html; charset=utf-8,false,200,0,0,,,"75
62
24",3,true
21,https://createmy-qr.com/da/discord-gratis-qr-kode-generator-online,"Discord QR Code Generator - Gratis og brugerdefineret | CreateMy-QR
Discord - Gratis QR Kode Generator Online - CreateMy-QR",text/html; charset=utf-8,false,200,0,0,,,"67
55",2,true
21,https://createmy-qr.com/nl/bestand-gratis-qr-code-generator-online,"Bestand QR-codegenerator - gratis en aangepast | CreateMy-QR
Bestand - Gratis QR Code Generator Online - CreateMy-QR",text/html; charset=utf-8,false,200,0,0,,,"60
55",2,true
21,https://createmy-qr.com/pt/facebook-gerador-de-codigo-qr-gratis-online,"Gerador de código QR Facebook - gratuito e personalizado | CreateMy-QR
Facebook - Gerador de Código QR Grátis Online - CreateMy-QR",text/html; charset=utf-8,false,200,0,0,,,"70
59",2,true
21,https://createmy-qr.com/el/pdf-dorean-dimioyrgia-qr-code-online,"PDF QR Code Generator - Δωρεάν & Προσαρμοσμένο | CreateMy-QR
PDF - Δωρεάν Δημιουργία QR Code Online - CreateMy-QR",text/html; charset=utf-8,false,200,0,0,,,"60
52",2,true
21,https://createmy-qr.com/no/pdf-gratis-qr-kode-generator-online,"PDF QR Code Generator - Gratis og tilpasset | CreateMy-QR
PDF - Gratis QR-kode Generator Online - CreateMy-QR",text/html; charset=utf-8,false,200,0,0,,,"57
51",2,true
21,https://createmy-qr.com/da/pdf-gratis-qr-kode-generator-online,"PDF QR Code Generator - Gratis og brugerdefineret | CreateMy-QR
PDF - Gratis QR Kode Generator Online - CreateMy-QR",text/html; charset=utf-8,false,200,0,0,,,"63
51",2,true
21,https://createmy-qr.com/email-qr-code-for-newsletter-signup,"Email QR Code for Newsletter Signups | CreateMy-QR
Email QR Code for Newsletter Signups | CreateMy-QR",text/html; charset=utf-8,false,200,0,0,,,"50
50",2,true
21,https://createmy-qr.com/ko/sayong-sarye,"무료 온라인 QR 코드 생성기 - CreateMy-QR (No Signup) | 사용 사례
types.usecases QR 코드 생성기 - 무료 및 사용자 정의 | CreateMy-QR
사용 사례 | CreateMy-QR",text/html; charset=utf-8,false,200,0,0,,,"50
52
19",3,true
21,https://createmy-qr.com/ar/telegram-mwld-rmz-lstjb-lsryaa-mjny,"برقية QR Code Generator - مجاني ومخصص | CreateMy-QR
برقية - مولد رمز الاستجابة السريعة مجاني - CreateMy-QR",text/html; charset=utf-8,false,200,0,0,,,"51
54",2,true
21,https://createmy-qr.com/nl/tiktok-gratis-qr-code-generator-online,"TikTok QR-codegenerator - gratis en aangepast | CreateMy-QR
TikTok - Gratis QR Code Generator Online - CreateMy-QR",text/html; charset=utf-8,false,200,0,0,,,"59
54",2,true
21,https://createmy-qr.com/nl/gebruiksscenario-s,"Gratis QR Code Generator Online - CreateMy-QR (No Signup) | Gebruiksscenario's
types.usecases QR-codegenerator - gratis en aangepast | CreateMy-QR
Gebruiksscenario's | CreateMy-QR",text/html; charset=utf-8,false,200,0,0,,,"78
67
32",3,true
21,https://createmy-qr.com/ja/wi-fi-wu-liao-qrkodozuo-cheng-zienereta,"Wi-Fi QR コード ジェネレーター - 無料 & カスタム | CreateMy-QR
Wi-Fi - 無料QRコード作成・ジェネレーター - CreateMy-QR",text/html; charset=utf-8,false,200,0,0,,,"46
39",2,true
21,https://createmy-qr.com/el/arhitektoniki-asfaleias,"Δωρεάν Δημιουργία QR Code Online - CreateMy-QR (No Signup) | Αρχιτεκτονική Ασφαλείας
types.security QR Code Generator - Δωρεάν & Προσαρμοσμένο | CreateMy-QR
Αρχιτεκτονική Ασφαλείας | CreateMy-QR",text/html; charset=utf-8,false,200,0,0,,,"84
71
37",3,true
21,https://createmy-qr.com/tl/100-libreng-pagpepresyo,"Libreng Online QR Code Generator - CreateMy-QR (No Signup) | 100% Libreng Pagpepresyo
types.pricing QR Code Generator - Libre at Custom | CreateMy-QR
100% Libreng Pagpepresyo | CreateMy-QR",text/html; charset=utf-8,false,200,0,0,,,"85
63
38",3,true
21,https://createmy-qr.com/hi/facebook-muph-t-onnlaain-kyuuaar-kodd-jnrettr,"फेसबुक QR कोड जेनरेटर - मुफ़्त और कस्टम | CreateMy-QR
फेसबुक - मुफ़्त ऑनलाइन क्यूआर कोड जनरेटर - CreateMy-QR",text/html; charset=utf-8,false,200,0,0,,,"53
54",2,true
21,https://createmy-qr.com/cs/linkedin-zdarma-online-generator-qr-kodu,"LinkedIn generátor QR kódu – zdarma a na míru | CreateMy-QR
LinkedIn - Zdarma Online Generátor QR Kódů - CreateMy-QR",text/html; charset=utf-8,false,200,0,0,,,"59
56",2,true
21,https://createmy-qr.com/fi/tuetut-kielet,"Ilmainen QR-koodigeneraattori Netissä - CreateMy-QR (No Signup) | Tuetut kielet
types.languages QR-koodigeneraattori - ilmainen ja räätälöity | CreateMy-QR
Tuetut kielet | CreateMy-QR",text/html; charset=utf-8,false,200,0,0,,,"79
75
27",3,true
21,https://createmy-qr.com/id/lokasi-maps-generator-qr-code-gratis-online,"Lokasi Maps Pembuat Kode QR - Gratis & Khusus | CreateMy-QR
Lokasi Maps - Generator QR Code Gratis Online - CreateMy-QR",text/html; charset=utf-8,false,200,0,0,,,"59
59",2,true
21,https://createmy-qr.com/ro/amazon-generator-de-coduri-qr-gratuit-online,"Amazon QR Code Generator - Gratuit și personalizat | CreateMy-QR
Amazon - Generator de Coduri QR Gratuit Online - CreateMy-QR",text/html; charset=utf-8,false,200,0,0,,,"64
60",2,true
21,https://createmy-qr.com/ms/sms-penjana-kod-qr-percuma-dalam-talian,"Penjana Kod QR SMS - Percuma & Tersuai | CreateMy-QR
SMS - Penjana Kod QR Percuma Dalam Talian - CreateMy-QR",text/html; charset=utf-8,false,200,0,0,,,"52
55",2,true
21,https://createmy-qr.com/es/generador-de-codigos-qr-gratis-online-2,"Escáner de códigos QR gratuito en línea: escanee QR al instante
Generador de códigos QR types.scanqr: gratuito y personalizado | CreateMy-QR
scanqr - Generador de Códigos QR Gratis Online - CreateMy-QR",text/html; charset=utf-8,false,200,0,0,,,"63
76
60",3,true
21,https://createmy-qr.com/da/tiktok-gratis-qr-kode-generator-online,"TikTok QR Code Generator - Gratis og brugerdefineret | CreateMy-QR
TikTok - Gratis QR Kode Generator Online - CreateMy-QR",text/html; charset=utf-8,false,200,0,0,,,"66
54",2,true
21,https://createmy-qr.com/fr/images-generateur-de-code-qr-gratuit-en-ligne,"Générateur de code QR Images - Gratuit et personnalisé | CreateMy-QR
Images - Générateur de Code QR Gratuit en Ligne - CreateMy-QR",text/html; charset=utf-8,false,200,0,0,,,"68
61",2,true
21,https://createmy-qr.com/tl/pdf-libreng-online-qr-code-generator,"PDF QR Code Generator - Libre at Custom | CreateMy-QR
PDF - Libreng Online QR Code Generator - CreateMy-QR",text/html; charset=utf-8,false,200,0,0,,,"53
52",2,true
21,https://createmy-qr.com/pl/przypadki-uzycia,"Darmowy Generator Kodów QR Online - CreateMy-QR (No Signup) | Przypadki użycia
Generator kodów QR types.usecases — bezpłatny i niestandardowy | CreateMy-QR
Przypadki użycia | CreateMy-QR",text/html; charset=utf-8,false,200,0,0,,,"78
76
30",3,true
21,https://createmy-qr.com/ar/crypto-mwld-rmz-lstjb-lsryaa-mjny,"التشفير QR Code Generator - مجاني ومخصص | CreateMy-QR
التشفير - مولد رمز الاستجابة السريعة مجاني - CreateMy-QR",text/html; charset=utf-8,false,200,0,0,,,"53
56",2,true
21,https://createmy-qr.com/ja/wu-liao-qrkodozuo-cheng-zienereta,"無料のオンライン バーコード ジェネレーター - 1D バーコードを作成
types.barcode QR コード ジェネレーター - 無料 & カスタム | CreateMy-QR
barcode - 無料QRコード作成・ジェネレーター - CreateMy-QR",text/html; charset=utf-8,false,200,0,0,,,"36
54
41",3,true
21,https://createmy-qr.com/nl/tekst-gratis-qr-code-generator-online,"Tekst QR-codegenerator - gratis en aangepast | CreateMy-QR
Tekst - Gratis QR Code Generator Online - CreateMy-QR",text/html; charset=utf-8,false,200,0,0,,,"58
53",2,true
21,https://createmy-qr.com/ms/dasar-privasi,"Penjana Kod QR Percuma Dalam Talian - CreateMy-QR (No Signup) | Dasar Privasi
Penjana Kod QR types.privacy - Percuma & Tersuai | CreateMy-QR
Dasar Privasi | CreateMy-QR",text/html; charset=utf-8,false,200,0,0,,,"77
62
27",3,true
21,https://createmy-qr.com/el/dorean-dimioyrgia-qr-code-online-2,"Δωρεάν σαρωτής κωδικών QR Online - Σάρωση QR άμεσα
types.scanqr QR Code Generator - Δωρεάν & Προσαρμοσμένο | CreateMy-QR
scanqr - Δωρεάν Δημιουργία QR Code Online - CreateMy-QR",text/html; charset=utf-8,false,200,0,0,,,"50
69
55",3,true
21,https://createmy-qr.com/hi/sthaan-muph-t-onnlaain-kyuuaar-kodd-jnrettr,"स्थान QR कोड जेनरेटर - मुफ़्त और कस्टम | CreateMy-QR
स्थान - मुफ़्त ऑनलाइन क्यूआर कोड जनरेटर - CreateMy-QR",text/html; charset=utf-8,false,200,0,0,,,"52
53",2,true
21,https://createmy-qr.com/da/link-i-bio-gratis-qr-kode-generator-online,"Link i bio QR Code Generator - Gratis og brugerdefineret | CreateMy-QR
Link i bio - Gratis QR Kode Generator Online - CreateMy-QR",text/html; charset=utf-8,false,200,0,0,,,"70
58",2,true
21,https://createmy-qr.com/id/,"CreateMy-QR | Semua Alat QR & Barcode dalam Satu Tempat
CreateMy-QR | Semua Alat QR & Barcode dalam Satu Tempat
home - Generator QR Code Gratis Online - CreateMy-QR",text/html; charset=utf-8,false,200,0,1,,,"55
55
52",3,true
21,https://createmy-qr.com/hu/discord-ingyenes-online-qr-kod-generator,"Discord QR-kód generátor - ingyenes és egyedi | CreateMy-QR
Discord - Ingyenes Online QR-kód Generátor - CreateMy-QR",text/html; charset=utf-8,false,200,0,0,,,"59
56",2,true
21,https://createmy-qr.com/ro/politica-de-confidentialitate,"Generator de Coduri QR Gratuit Online - CreateMy-QR (No Signup) | Politica de confidențialitate
types.privacy QR Code Generator - Gratuit și personalizat | CreateMy-QR
Politica de confidențialitate | CreateMy-QR",text/html; charset=utf-8,false,200,0,0,,,"95
71
43",3,true
21,https://createmy-qr.com/bn/paatthy-phri-anlaain-kiuaar-kodd-jenaarettr,"পাঠ্য QR কোড জেনারেটর - বিনামূল্যে এবং কাস্টম | CreateMy-QR
পাঠ্য - ফ্রি অনলাইন কিউআর কোড জেনারেটর - CreateMy-QR",text/html; charset=utf-8,false,200,0,0,,,"59
52",2,true
21,https://createmy-qr.com/es/wi-fi-generador-de-codigos-qr-gratis-online,"Generador de códigos QR Wifi: gratuito y personalizado | CreateMy-QR
Wifi - Generador de Códigos QR Gratis Online - CreateMy-QR",text/html; charset=utf-8,false,200,0,0,,,"68
58",2,true
21,https://createmy-qr.com/id/tiktok-generator-qr-code-gratis-online,"TikTok Pembuat Kode QR - Gratis & Khusus | CreateMy-QR
TikTok - Generator QR Code Gratis Online - CreateMy-QR",text/html; charset=utf-8,false,200,0,0,,,"54
54",2,true
21,https://createmy-qr.com/hi/smrthit-bhaassaaen,"मुफ़्त ऑनलाइन क्यूआर कोड जनरेटर - CreateMy-QR (No Signup) | समर्थित भाषाएँ
types.languages QR कोड जेनरेटर - मुफ़्त और कस्टम | CreateMy-QR
समर्थित भाषाएँ | CreateMy-QR",text/html; charset=utf-8,false,200,0,0,,,"74
62
28",3,true
21,https://createmy-qr.com/tr/x-twitter-ucretsiz-cevrimici-qr-kod-olusturucu,"X (Twitter) QR Kod Oluşturucu - Ücretsiz ve Özel | CreateMy-QR
X (Twitter) - Ücretsiz Çevrimiçi QR Kod Oluşturucu - CreateMy-QR",text/html; charset=utf-8,false,200,0,0,,,"62
64",2,true
21,https://createmy-qr.com/tl/tungkol-sa-amin,"Libreng Online QR Code Generator - CreateMy-QR (No Signup) | Tungkol sa Amin
types.about QR Code Generator - Libre at Custom | CreateMy-QR
Tungkol sa Amin | CreateMy-QR",text/html; charset=utf-8,false,200,0,0,,,"76
61
29",3,true
21,https://createmy-qr.com/nl/discord-gratis-qr-code-generator-online,"Onenigheid QR-codegenerator - gratis en aangepast | CreateMy-QR
Onenigheid - Gratis QR Code Generator Online - CreateMy-QR",text/html; charset=utf-8,false,200,0,0,,,"63
58",2,true
21,https://createmy-qr.com/ko/wi-fi-muryo-onrain-qr-kodeu-saengseonggi,"와이파이 QR 코드 생성기 - 무료 및 사용자 정의 | CreateMy-QR
와이파이 - 무료 온라인 QR 코드 생성기 - CreateMy-QR",text/html; charset=utf-8,false,200,0,0,,,"42
37",2,true
21,https://createmy-qr.com/google-review-qr-code-for-local-business,"Google Review QR Code for Local Businesses | CreateMy-QR
Google Review QR Code for Local Businesses | CreateMy-QR",text/html; charset=utf-8,false,200,0,0,,,"56
56",2,true
21,https://createmy-qr.com/th/venmo-ekhruue-ngmuue-sraangkhiw-aarokhd-nailnfrii,"เวนโม เครื่องสร้างโค้ด QR - ฟรีและกำหนดเอง | CreateMy-QR
เวนโม - เครื่องมือสร้างคิวอาร์โค้ดออนไลน์ฟรี - CreateMy-QR",text/html; charset=utf-8,false,200,0,0,,,"56
58",2,true
21,https://createmy-qr.com/tl/email-libreng-online-qr-code-generator,"Email QR Code Generator - Libre at Custom | CreateMy-QR
Email - Libreng Online QR Code Generator - CreateMy-QR",text/html; charset=utf-8,false,200,0,0,,,"55
54",2,true
21,https://createmy-qr.com/ru/crypto-besplatnyy-generator-qr-kodov-onlayn,"Крипто Генератор QR-кодов — бесплатный и настраиваемый | CreateMy-QR
Крипто - Бесплатный генератор QR-кодов онлайн - CreateMy-QR",text/html; charset=utf-8,false,200,0,0,,,"68
59",2,true
21,https://createmy-qr.com/zh/sms-mian-fei-zai-xian-er-wei-ma-sheng-cheng-qi,"SMS QR 代码生成器 - 免费和自定义 | CreateMy-QR
SMS - 免费在线二维码生成器 - CreateMy-QR",text/html; charset=utf-8,false,200,0,0,,,"35
30",2,true
21,https://createmy-qr.com/zh/zhi-chi-de-yu-yan,"免费在线二维码生成器 - CreateMy-QR (No Signup) | 支持的语言
types.languages QR 代码生成器 - 免费和自定义 | CreateMy-QR
支持的语言 | CreateMy-QR",text/html; charset=utf-8,false,200,0,0,,,"44
47
19",3,true
21,https://createmy-qr.com/nl/over-ons,"Gratis QR Code Generator Online - CreateMy-QR (No Signup) | Over ons
types.about QR-codegenerator - gratis en aangepast | CreateMy-QR
Over ons | CreateMy-QR",text/html; charset=utf-8,false,200,0,0,,,"68
64
22",3,true
21,https://createmy-qr.com/bn/pdf-phri-anlaain-kiuaar-kodd-jenaarettr,"পিডিএফ QR কোড জেনারেটর - বিনামূল্যে এবং কাস্টম | CreateMy-QR
পিডিএফ - ফ্রি অনলাইন কিউআর কোড জেনারেটর - CreateMy-QR",text/html; charset=utf-8,false,200,0,0,,,"60
53",2,true
21,https://createmy-qr.com/ko/seobiseu-yaggwan,"무료 온라인 QR 코드 생성기 - CreateMy-QR (No Signup) | 서비스 약관
types.terms QR 코드 생성기 - 무료 및 사용자 정의 | CreateMy-QR
서비스 약관 | CreateMy-QR",text/html; charset=utf-8,false,200,0,0,,,"51
49
20",3,true
21,https://createmy-qr.com/pt/evento-gerador-de-codigo-qr-gratis-online,"Gerador de código QR Evento - gratuito e personalizado | CreateMy-QR
Evento - Gerador de Código QR Grátis Online - CreateMy-QR",text/html; charset=utf-8,false,200,0,0,,,"68
57",2,true
21,https://createmy-qr.com/pt/sobre-nos,"Gerador de Código QR Grátis Online - CreateMy-QR (No Signup) | Sobre nós
Gerador de código QR types.about - gratuito e personalizado | CreateMy-QR
Sobre nós | CreateMy-QR",text/html; charset=utf-8,false,200,0,0,,,"72
73
23",3,true
21,https://createmy-qr.com/uk/,"CreateMy-QR | Усі QR та штрих-коди Інструменти в одному місці
CreateMy-QR | Усі QR та штрих-коди Інструменти в одному місці
home - Безкоштовний Генератор QR-кодів Онлайн - CreateMy-QR",text/html; charset=utf-8,false,200,0,1,,,"61
61
59",3,true
21,https://createmy-qr.com/tr/amazon-ucretsiz-cevrimici-qr-kod-olusturucu,"Amazon QR Kod Oluşturucu - Ücretsiz ve Özel | CreateMy-QR
Amazon - Ücretsiz Çevrimiçi QR Kod Oluşturucu - CreateMy-QR",text/html; charset=utf-8,false,200,0,0,,,"57
59",2,true
21,https://createmy-qr.com/it/casi-d-uso,"Generatore di Codici QR Gratis Online - CreateMy-QR (No Signup) | Casi d'uso
Generatore di codici QR types.usecases - Gratuito e personalizzato | CreateMy-QR
Casi d'uso | CreateMy-QR",text/html; charset=utf-8,false,200,0,0,,,"76
80
24",3,true
21,https://createmy-qr.com/ms/vcard-penjana-kod-qr-percuma-dalam-talian,"Penjana Kod QR vCard - Percuma & Tersuai | CreateMy-QR
vCard - Penjana Kod QR Percuma Dalam Talian - CreateMy-QR",text/html; charset=utf-8,false,200,0,0,,,"54
57",2,true
21,https://createmy-qr.com/de/url-link-kostenloser-qr-code-generator-online,"Kostenloser QR-Code Generator Online - CreateMy-QR (No Signup) | CreateMy-QR
Kostenloser QR-Code Generator Online - CreateMy-QR (No Signup)",text/html; charset=utf-8,false,200,0,0,,,"76
62",2,true
21,https://createmy-qr.com/fr/generateur-de-code-qr-gratuit-en-ligne,"Générateur de codes-barres gratuit en ligne - Créez des codes-barres 1D
Générateur de code QR types.barcode - Gratuit et personnalisé | CreateMy-QR
barcode - Générateur de Code QR Gratuit en Ligne - CreateMy-QR",text/html; charset=utf-8,false,200,0,0,,,"71
75
62",3,true
21,https://createmy-qr.com/nl/spotify-gratis-qr-code-generator-online,"Spotify QR-codegenerator - gratis en aangepast | CreateMy-QR
Spotify - Gratis QR Code Generator Online - CreateMy-QR",text/html; charset=utf-8,false,200,0,0,,,"60
55",2,true
21,https://createmy-qr.com/ru/audio-besplatnyy-generator-qr-kodov-onlayn,"Аудио Генератор QR-кодов — бесплатный и настраиваемый | CreateMy-QR
Аудио - Бесплатный генератор QR-кодов онлайн - CreateMy-QR",text/html; charset=utf-8,false,200,0,0,,,"67
58",2,true
21,https://createmy-qr.com/sms-qr-code-generator,"SMS QR Code Generator - Free & Custom | CreateMy-QR
SMS - Free QR Code Generator Online - CreateMy-QR",text/html; charset=utf-8,false,200,0,0,,,"51
49",2,true
21,https://createmy-qr.com/ms/google-forms-penjana-kod-qr-percuma-dalam-talian,"Penjana Kod QR Borang Google - Percuma & Tersuai | CreateMy-QR
Borang Google - Penjana Kod QR Percuma Dalam Talian - CreateMy-QR",text/html; charset=utf-8,false,200,0,0,,,"62
65",2,true
21,https://createmy-qr.com/hi/100-nihshulk-muuly-nirdhaarnn,"मुफ़्त ऑनलाइन क्यूआर कोड जनरेटर - CreateMy-QR (No Signup) | 100% निःशुल्क मूल्य निर्धारण
types.pricing QR कोड जेनरेटर - मुफ़्त और कस्टम | CreateMy-QR
100% निःशुल्क मूल्य निर्धारण | CreateMy-QR",text/html; charset=utf-8,false,200,0,0,,,"88
60
42",3,true
21,https://createmy-qr.com/nl/paypal-gratis-qr-code-generator-online,"PayPal QR-codegenerator - gratis en aangepast | CreateMy-QR
PayPal - Gratis QR Code Generator Online - CreateMy-QR",text/html; charset=utf-8,false,200,0,0,,,"59
54",2,true
21,https://createmy-qr.com/vi/snapchat-tao-ma-qr-mien-phi-truc-tuyen,"Trình tạo mã QR Snapchat - Miễn phí & Tùy chỉnh | CreateMy-QR
Snapchat - Tạo Mã QR Miễn Phí Trực Tuyến - CreateMy-QR",text/html; charset=utf-8,false,200,0,0,,,"61
54",2,true
21,https://createmy-qr.com/uk/fayl-bezkoshtovniy-generator-qr-kodiv-onlayn,"Генератор QR-коду Файл – безкоштовний і користувацький | CreateMy-QR
Файл - Безкоштовний Генератор QR-кодів Онлайн - CreateMy-QR",text/html; charset=utf-8,false,200,0,0,,,"68
59",2,true
21,https://createmy-qr.com/id/berkas-generator-qr-code-gratis-online,"Berkas Pembuat Kode QR - Gratis & Khusus | CreateMy-QR
Berkas - Generator QR Code Gratis Online - CreateMy-QR",text/html; charset=utf-8,false,200,0,0,,,"54
54",2,true
21,https://createmy-qr.com/sv/app-store-gratis-qr-kod-generator-online,"App Store QR Code Generator - Gratis & anpassad | CreateMy-QR
App Store - Gratis QR-kod Generator Online - CreateMy-QR",text/html; charset=utf-8,false,200,0,0,,,"61
56",2,true
21,https://createmy-qr.com/ar/whatsapp-mwld-rmz-lstjb-lsryaa-mjny,"واتساب QR Code Generator - مجاني ومخصص | CreateMy-QR
واتساب - مولد رمز الاستجابة السريعة مجاني - CreateMy-QR",text/html; charset=utf-8,false,200,0,0,,,"52
55",2,true
21,https://createmy-qr.com/bn/spotify-phri-anlaain-kiuaar-kodd-jenaarettr,"Spotify QR কোড জেনারেটর - বিনামূল্যে এবং কাস্টম | CreateMy-QR
Spotify - ফ্রি অনলাইন কিউআর কোড জেনারেটর - CreateMy-QR",text/html; charset=utf-8,false,200,0,0,,,"61
54",2,true
21,https://createmy-qr.com/ko/email-muryo-onrain-qr-kodeu-saengseonggi,"이메일 QR 코드 생성기 - 무료 및 사용자 정의 | CreateMy-QR
이메일 - 무료 온라인 QR 코드 생성기 - CreateMy-QR",text/html; charset=utf-8,false,200,0,0,,,"41
36",2,true
21,https://createmy-qr.com/de/snapchat-kostenloser-qr-code-generator-online,"Snapchat QR-Code-Generator – kostenlos und benutzerdefiniert | CreateMy-QR
Snapchat - Kostenloser QR-Code Generator Online - CreateMy-QR",text/html; charset=utf-8,false,200,0,0,,,"74
61",2,true
21,https://createmy-qr.com/ru/arhitektura-bezopasnosti,"Бесплатный генератор QR-кодов онлайн - CreateMy-QR (No Signup) | Архитектура безопасности
types.security Генератор QR-кодов — бесплатный и настраиваемый | CreateMy-QR
Архитектура безопасности | CreateMy-QR",text/html; charset=utf-8,false,200,0,0,,,"89
76
38",3,true
21,https://createmy-qr.com/no/crypto-gratis-qr-kode-generator-online,"Krypto QR Code Generator - Gratis og tilpasset | CreateMy-QR
Krypto - Gratis QR-kode Generator Online - CreateMy-QR",text/html; charset=utf-8,false,200,0,0,,,"60
54",2,true
21,https://createmy-qr.com/da/lyd-gratis-qr-kode-generator-online,"Lyd QR Code Generator - Gratis og brugerdefineret | CreateMy-QR
Lyd - Gratis QR Kode Generator Online - CreateMy-QR",text/html; charset=utf-8,false,200,0,0,,,"63
51",2,true
21,https://createmy-qr.com/ro/imagine-generator-de-coduri-qr-gratuit-online,"Imagine QR Code Generator - Gratuit și personalizat | CreateMy-QR
Imagine - Generator de Coduri QR Gratuit Online - CreateMy-QR",text/html; charset=utf-8,false,200,0,0,,,"65
61",2,true
21,https://createmy-qr.com/hu/helyszin-ingyenes-online-qr-kod-generator,"Helyszín QR-kód generátor - ingyenes és egyedi | CreateMy-QR
Helyszín - Ingyenes Online QR-kód Generátor - CreateMy-QR",text/html; charset=utf-8,false,200,0,0,,,"60
57",2,true
21,https://createmy-qr.com/google-forms-qr-code-generator,"Google Forms QR Code Generator - Free & Custom | CreateMy-QR
Google Forms - Free QR Code Generator Online - CreateMy-QR",text/html; charset=utf-8,false,200,0,0,,,"60
58",2,true
21,https://createmy-qr.com/zh/100-mian-fei-ding-jie,"免费在线二维码生成器 - CreateMy-QR (No Signup) | 100% 免费定价
types.pricing QR 代码生成器 - 免费和自定义 | CreateMy-QR
100% 免费定价 | CreateMy-QR",text/html; charset=utf-8,false,200,0,0,,,"48
45
23",3,true
21,https://createmy-qr.com/tr/url-link-ucretsiz-cevrimici-qr-kod-olusturucu,"Ücretsiz Çevrimiçi QR Kod Oluşturucu - CreateMy-QR (No Signup) | CreateMy-QR
Ücretsiz Çevrimiçi QR Kod Oluşturucu - CreateMy-QR (No Signup)",text/html; charset=utf-8,false,200,0,0,,,"76
62",2,true
21,https://createmy-qr.com/nl/url-link-gratis-qr-code-generator-online,"Gratis QR Code Generator Online - CreateMy-QR (No Signup) | CreateMy-QR
Gratis QR Code Generator Online - CreateMy-QR (No Signup)",text/html; charset=utf-8,false,200,0,0,,,"71
57",2,true
21,https://createmy-qr.com/el/amazon-dorean-dimioyrgia-qr-code-online,"Amazon QR Code Generator - Δωρεάν & Προσαρμοσμένο | CreateMy-QR
Amazon - Δωρεάν Δημιουργία QR Code Online - CreateMy-QR",text/html; charset=utf-8,false,200,0,0,,,"63
55",2,true
21,https://createmy-qr.com/ms/x-twitter-penjana-kod-qr-percuma-dalam-talian,"Penjana Kod QR X (Twitter) - Percuma & Tersuai | CreateMy-QR
X (Twitter) - Penjana Kod QR Percuma Dalam Talian - CreateMy-QR",text/html; charset=utf-8,false,200,0,0,,,"60
63",2,true
21,https://createmy-qr.com/vi/x-twitter-tao-ma-qr-mien-phi-truc-tuyen,"Trình tạo mã QR X (Twitter) - Miễn phí & Tùy chỉnh | CreateMy-QR
X (Twitter) - Tạo Mã QR Miễn Phí Trực Tuyến - CreateMy-QR",text/html; charset=utf-8,false,200,0,0,,,"64
57",2,true
21,https://createmy-qr.com/it/prezzo-gratuito-al-100,"Generatore di Codici QR Gratis Online - CreateMy-QR (No Signup) | Prezzo gratuito al 100%
Generatore di codici QR types.pricing - Gratuito e personalizzato | CreateMy-QR
Prezzo gratuito al 100% | CreateMy-QR",text/html; charset=utf-8,false,200,0,0,,,"89
79
37",3,true
21,https://createmy-qr.com/th/raakhaafrii-100,"เครื่องมือสร้างคิวอาร์โค้ดออนไลน์ฟรี - CreateMy-QR (No Signup) | ราคาฟรี 100%
types.pricing เครื่องสร้างโค้ด QR - ฟรีและกำหนดเอง | CreateMy-QR
ราคาฟรี 100% | CreateMy-QR",text/html; charset=utf-8,false,200,0,0,,,"77
64
26",3,true
21,https://createmy-qr.com/ms/tiktok-penjana-kod-qr-percuma-dalam-talian,"Penjana Kod QR TikTok - Percuma & Tersuai | CreateMy-QR
TikTok - Penjana Kod QR Percuma Dalam Talian - CreateMy-QR",text/html; charset=utf-8,false,200,0,0,,,"55
58",2,true
21,https://createmy-qr.com/bn/telegram-phri-anlaain-kiuaar-kodd-jenaarettr,"টেলিগ্রাম QR কোড জেনারেটর - বিনামূল্যে এবং কাস্টম | CreateMy-QR
টেলিগ্রাম - ফ্রি অনলাইন কিউআর কোড জেনারেটর - CreateMy-QR",text/html; charset=utf-8,false,200,0,0,,,"63
56",2,true
21,https://createmy-qr.com/fi/x-twitter-ilmainen-qr-koodigeneraattori-netissa,"X (Twitter) QR-koodigeneraattori - ilmainen ja räätälöity | CreateMy-QR
X (Twitter) - Ilmainen QR-koodigeneraattori Netissä - CreateMy-QR",text/html; charset=utf-8,false,200,0,0,,,"71
65",2,true
21,https://createmy-qr.com/ar/youtube-mwld-rmz-lstjb-lsryaa-mjny,"يوتيوب QR Code Generator - مجاني ومخصص | CreateMy-QR
يوتيوب - مولد رمز الاستجابة السريعة مجاني - CreateMy-QR",text/html; charset=utf-8,false,200,0,0,,,"52
55",2,true
21,https://createmy-qr.com/uk/roztashuvannya-bezkoshtovniy-generator-qr-kodiv-onlayn,"Генератор QR-коду Розташування – безкоштовний і користувацький | CreateMy-QR
Розташування - Безкоштовний Генератор QR-кодів Онлайн - CreateMy-QR",text/html; charset=utf-8,false,200,0,0,,,"76
67",2,true
21,https://createmy-qr.com/hu/video-ingyenes-online-qr-kod-generator,"Videó QR-kód generátor - ingyenes és egyedi | CreateMy-QR
Videó - Ingyenes Online QR-kód Generátor - CreateMy-QR",text/html; charset=utf-8,false,200,0,0,,,"57
54",2,true
21,https://createmy-qr.com/cs/video-zdarma-online-generator-qr-kodu,"Video generátor QR kódu – zdarma a na míru | CreateMy-QR
Video - Zdarma Online Generátor QR Kódů - CreateMy-QR",text/html; charset=utf-8,false,200,0,0,,,"56
53",2,true
21,https://createmy-qr.com/no/telegram-gratis-qr-kode-generator-online,"Telegram QR Code Generator - Gratis og tilpasset | CreateMy-QR
Telegram - Gratis QR-kode Generator Online - CreateMy-QR",text/html; charset=utf-8,false,200,0,0,,,"62
56",2,true
20,https://createmy-qr.com/tl/scan-barcode,"Libreng Barcode Scanner Online - I-scan ang UPC at EAN
Libreng Online QR Code Generator - CreateMy-QR (No Signup) | CreateMy-QR
Scan Barcode Online",text/html; charset=utf-8,false,200,0,0,,,"54
72
19",3,true
20,https://createmy-qr.com/id/kode-qr-wifi-untuk-kafe-hotel,"Kode QR WiFi untuk Kafe & Hotel | CreateMy-QR
Kode QR WiFi untuk Kafe & Hotel | CreateMy-QR",text/html; charset=utf-8,false,200,0,0,,,"45
45",2,true
20,https://createmy-qr.com/id/url-kode-qr-untuk-pendaftaran-tiket-acara,"URL Kode QR untuk Tiket Acara & Pendaftaran | CreateMy-QR
URL Kode QR untuk Tiket Acara & Pendaftaran | CreateMy-QR",text/html; charset=utf-8,false,200,0,0,,,"57
57",2,true
20,https://createmy-qr.com/sv/google-recension-qr-kod-for-lokala-foretag,"Google Granska QR-kod för lokala företag | CreateMy-QR
Google Granska QR-kod för lokala företag | CreateMy-QR",text/html; charset=utf-8,false,200,0,0,,,"54
54",2,true
20,https://createmy-qr.com/sv/paypal-qr-kod-for-donationer,"PayPal QR-kod för ideella organisationer och donationer | CreateMy-QR
PayPal QR-kod för ideella organisationer och donationer | CreateMy-QR",text/html; charset=utf-8,false,200,0,0,,,"69
69",2,true
20,https://createmy-qr.com/ko/barcode-generator,"온라인 무료 바코드 생성기 - 1D 바코드 생성
무료 온라인 QR 코드 생성기 - CreateMy-QR (No Signup) | CreateMy-QR
Free Barcode Generator",text/html; charset=utf-8,false,200,0,0,,,"26
56
22",3,true
20,https://createmy-qr.com/fr/barcode-generator,"Générateur de codes-barres gratuit en ligne - Créez des codes-barres 1D
Générateur de Code QR Gratuit en Ligne - CreateMy-QR (No Signup) | CreateMy-QR
Free Barcode Generator",text/html; charset=utf-8,false,200,0,0,,,"71
78
22",3,true
20,https://createmy-qr.com/cs/barcode-generator,"Bezplatný generátor čárových kódů online - Vytvořte 1D čárové kódy
Zdarma Online Generátor QR Kódů - CreateMy-QR (No Signup) | CreateMy-QR
Free Barcode Generator",text/html; charset=utf-8,false,200,0,0,,,"66
71
22",3,true
20,https://createmy-qr.com/tl/tl-wifi-qr-code-for-cafe-hotel,"[TL] WiFi QR Code for Cafes & Hotels | CreateMy-QR
[TL] WiFi QR Code for Cafes & Hotels | CreateMy-QR",text/html; charset=utf-8,false,200,0,0,,,"50
50",2,true
20,https://createmy-qr.com/pl/scan-barcode,"Bezpłatny skaner kodów kreskowych online — skanuj kody UPC i EAN
Darmowy Generator Kodów QR Online - CreateMy-QR (No Signup) | CreateMy-QR
Scan Barcode Online",text/html; charset=utf-8,false,200,0,0,,,"64
73
19",3,true
20,https://createmy-qr.com/vi/email-ma-qr-e-ang-ky-ban-tin,"Mã QR qua email để đăng ký bản tin | CreateMy-QR
Mã QR qua email để đăng ký bản tin | CreateMy-QR",text/html; charset=utf-8,false,200,0,0,,,"48
48",2,true
20,https://createmy-qr.com/pl/google-sprawdz-kod-qr-dla-lokalnej-firmy,"Google Sprawdź kod QR dla lokalnych firm | CreateMy-QR
Google Sprawdź kod QR dla lokalnych firm | CreateMy-QR",text/html; charset=utf-8,false,200,0,0,,,"54
54",2,true
20,https://createmy-qr.com/nl/privacy,"Gratis QR Code Generator Online - CreateMy-QR (No Signup) | Privacybeleid
Gratis QR Code Generator Online - CreateMy-QR (No Signup) | CreateMy-QR
Privacy Policy - CreateMy-QR",text/html; charset=utf-8,false,200,0,0,,,"73
71
28",3,true
20,https://createmy-qr.com/fr/scan-qr,"Scanner de code QR gratuit en ligne - Scannez le QR instantanément
Générateur de Code QR Gratuit en Ligne - CreateMy-QR (No Signup) | CreateMy-QR
Scan QR Code Online",text/html; charset=utf-8,false,200,0,0,,,"66
78
19",3,true
20,https://createmy-qr.com/vi/url-qr-code-e-ang-ky-ve-su-kien,"Mã QR URL cho vé sự kiện và đăng ký | CreateMy-QR
Mã QR URL cho vé sự kiện và đăng ký | CreateMy-QR",text/html; charset=utf-8,false,200,0,0,,,"49
49",2,true
20,https://createmy-qr.com/ru/paypal-qr-code-for-donations,"QR-код PayPal для некоммерческих организаций и пожертвований | CreateMy-QR
QR-код PayPal для некоммерческих организаций и пожертвований | CreateMy-QR",text/html; charset=utf-8,false,200,0,0,,,"74
74",2,true
20,https://createmy-qr.com/hi/google-review-qr-code-for-local-business,"Google स्थानीय व्यवसायों के लिए QR कोड की समीक्षा करता है | CreateMy-QR
Google स्थानीय व्यवसायों के लिए QR कोड की समीक्षा करता है | CreateMy-QR",text/html; charset=utf-8,false,200,0,0,,,"71
71",2,true
20,https://createmy-qr.com/ru/pdf-qr-code-for-restaurant-menu,"PDF QR-код для меню ресторана | CreateMy-QR
PDF QR-код для меню ресторана | CreateMy-QR",text/html; charset=utf-8,false,200,0,0,,,"43
43",2,true
20,https://createmy-qr.com/ja/url-qr-code-for-event-tickets-registration,"イベントチケット＆登録用URL QRコード | CreateMy-QR
イベントチケット＆登録用URL QRコード | CreateMy-QR",text/html; charset=utf-8,false,200,0,0,,,"35
35",2,true
20,https://createmy-qr.com/no/terms,"Gratis QR-kode Generator Online - CreateMy-QR (No Signup) | Vilkår for bruk
Gratis QR-kode Generator Online - CreateMy-QR (No Signup) | CreateMy-QR
Terms of Service - CreateMy-QR",text/html; charset=utf-8,false,200,0,0,,,"75
71
30",3,true
20,https://createmy-qr.com/hi/youtube-qr-code-for-product-manuals,"उत्पाद नियमावली के लिए यूट्यूब वीडियो क्यूआर कोड | CreateMy-QR
उत्पाद नियमावली के लिए यूट्यूब वीडियो क्यूआर कोड | CreateMy-QR",text/html; charset=utf-8,false,200,0,0,,,"62
62",2,true
20,https://createmy-qr.com/pt/terms,"Gerador de Código QR Grátis Online - CreateMy-QR (No Signup) | Termos de Serviço
Gerador de Código QR Grátis Online - CreateMy-QR (No Signup) | CreateMy-QR
Terms of Service - CreateMy-QR",text/html; charset=utf-8,false,200,0,0,,,"80
74
30",3,true
20,https://createmy-qr.com/no/pdf-qr-kode-for-restaurantmeny,"PDF QR-kode for restaurantmenyer | CreateMy-QR
PDF QR-kode for restaurantmenyer | CreateMy-QR",text/html; charset=utf-8,false,200,0,0,,,"46
46",2,true
20,https://createmy-qr.com/ms/about,"Penjana Kod QR Percuma Dalam Talian - CreateMy-QR (No Signup) | Mengenai Kami
Penjana Kod QR Percuma Dalam Talian - CreateMy-QR (No Signup) | CreateMy-QR
About CreateMy-QR",text/html; charset=utf-8,false,200,0,0,,,"77
75
17",3,true
20,https://createmy-qr.com/vi/ma-qr-vcard-danh-cho-ai-ly-bat-ong-san,"Mã QR vCard dành cho đại lý bất động sản | CreateMy-QR
Mã QR vCard dành cho đại lý bất động sản | CreateMy-QR",text/html; charset=utf-8,false,200,0,0,,,"54
54",2,true
20,https://createmy-qr.com/no/scan-qr,"Gratis QR-kodeskanner online - Skann QR umiddelbart
Gratis QR-kode Generator Online - CreateMy-QR (No Signup) | CreateMy-QR
Scan QR Code Online",text/html; charset=utf-8,false,200,0,0,,,"51
71
19",3,true
20,https://createmy-qr.com/de/whatsapp-qr-code-fur-den-kundensupport,"WhatsApp-QR-Code für den Kundensupport | CreateMy-QR
WhatsApp-QR-Code für den Kundensupport | CreateMy-QR",text/html; charset=utf-8,false,200,0,0,,,"52
52",2,true
20,https://createmy-qr.com/sv/compare,"Gratis QR-kod Generator Online - CreateMy-QR (No Signup) | Jämför verktyg
Gratis QR-kod Generator Online - CreateMy-QR (No Signup) | CreateMy-QR
Compare Plans - CreateMy-QR",text/html; charset=utf-8,false,200,0,0,,,"73
70
27",3,true
20,https://createmy-qr.com/el/whatsapp-qr-code-for-customer-support,"WhatsApp QR Code για υποστήριξη πελατών | CreateMy-QR
WhatsApp QR Code για υποστήριξη πελατών | CreateMy-QR",text/html; charset=utf-8,false,200,0,0,,,"53
53",2,true
20,https://createmy-qr.com/da/vcard-qr-kode-til-ejendomsmglere,"vCard QR-kode til ejendomsmæglere | CreateMy-QR
vCard QR-kode til ejendomsmæglere | CreateMy-QR",text/html; charset=utf-8,false,200,0,0,,,"47
47",2,true
20,https://createmy-qr.com/uk/scan-qr,"Безкоштовний онлайн-сканер QR-коду - миттєво скануйте QR-код
Безкоштовний Генератор QR-кодів Онлайн - CreateMy-QR (No Signup) | CreateMy-QR
Scan QR Code Online",text/html; charset=utf-8,false,200,0,0,,,"60
78
19",3,true
20,https://createmy-qr.com/de/vcard-qr-code-fur-immobilienmakler,"vCard-QR-Code für Immobilienmakler | CreateMy-QR
vCard-QR-Code für Immobilienmakler | CreateMy-QR",text/html; charset=utf-8,false,200,0,0,,,"48
48",2,true
20,https://createmy-qr.com/ar/wifi-qr-code-for-cafe-hotel,"رمز QR للواي فاي للمقاهي والفنادق | CreateMy-QR
رمز QR للواي فاي للمقاهي والفنادق | CreateMy-QR",text/html; charset=utf-8,false,200,0,0,,,"47
47",2,true
20,https://createmy-qr.com/fi/privacy,"Ilmainen QR-koodigeneraattori Netissä - CreateMy-QR (No Signup) | Tietosuojakäytäntö
Ilmainen QR-koodigeneraattori Netissä - CreateMy-QR (No Signup) | CreateMy-QR
Privacy Policy - CreateMy-QR",text/html; charset=utf-8,false,200,0,0,,,"84
77
28",3,true
20,https://createmy-qr.com/hi/paypal-qr-code-for-donations,"गैर-लाभकारी और दान के लिए पेपैल क्यूआर कोड | CreateMy-QR
गैर-लाभकारी और दान के लिए पेपैल क्यूआर कोड | CreateMy-QR",text/html; charset=utf-8,false,200,0,0,,,"56
56",2,true
20,https://createmy-qr.com/pl/privacy,"Darmowy Generator Kodów QR Online - CreateMy-QR (No Signup) | Polityka prywatności
Darmowy Generator Kodów QR Online - CreateMy-QR (No Signup) | CreateMy-QR
Privacy Policy - CreateMy-QR",text/html; charset=utf-8,false,200,0,0,,,"82
73
28",3,true
20,https://createmy-qr.com/ja/youtube-qr-code-for-product-manuals,"製品マニュアルの YouTube ビデオ QR コード | CreateMy-QR
製品マニュアルの YouTube ビデオ QR コード | CreateMy-QR",text/html; charset=utf-8,false,200,0,0,,,"41
41",2,true
20,https://createmy-qr.com/fr/terms,"Générateur de Code QR Gratuit en Ligne - CreateMy-QR (No Signup) | Conditions d'utilisation
Générateur de Code QR Gratuit en Ligne - CreateMy-QR (No Signup) | CreateMy-QR
Terms of Service - CreateMy-QR",text/html; charset=utf-8,false,200,0,0,,,"91
78
30",3,true
20,https://createmy-qr.com/ru/whatsapp-qr-code-for-customer-support,"QR-код WhatsApp для службы поддержки клиентов | CreateMy-QR
QR-код WhatsApp для службы поддержки клиентов | CreateMy-QR",text/html; charset=utf-8,false,200,0,0,,,"59
59",2,true
20,https://createmy-qr.com/cs/google-recenze-qr-kod-pro-mistni-firmu,"QR kód recenze Google pro místní firmy | CreateMy-QR
QR kód recenze Google pro místní firmy | CreateMy-QR",text/html; charset=utf-8,false,200,0,0,,,"52
52",2,true
20,https://createmy-qr.com/tr/scan-barcode,"Ücretsiz Çevrimiçi Barkod Tarayıcı - UPC ve EAN'yi tarayın
Ücretsiz Çevrimiçi QR Kod Oluşturucu - CreateMy-QR (No Signup) | CreateMy-QR
Scan Barcode Online",text/html; charset=utf-8,false,200,0,0,,,"58
76
19",3,true
20,https://createmy-qr.com/fr/code-qr-youtube-pour-les-manuels-des-produits,"Code QR vidéo YouTube pour les manuels de produits | CreateMy-QR
Code QR vidéo YouTube pour les manuels de produits | CreateMy-QR",text/html; charset=utf-8,false,200,0,0,,,"64
64",2,true
20,https://createmy-qr.com/tr/kafe-otel-icin-wifi-qr-kodu,"Kafeler ve Oteller için WiFi QR Kodu | CreateMy-QR
Kafeler ve Oteller için WiFi QR Kodu | CreateMy-QR",text/html; charset=utf-8,false,200,0,0,,,"50
50",2,true
20,https://createmy-qr.com/hi/terms,"मुफ़्त ऑनलाइन क्यूआर कोड जनरेटर - CreateMy-QR (No Signup) | सेवा की शर्तें
मुफ़्त ऑनलाइन क्यूआर कोड जनरेटर - CreateMy-QR (No Signup) | CreateMy-QR
Terms of Service - CreateMy-QR",text/html; charset=utf-8,false,200,0,0,,,"74
71
30",3,true
20,https://createmy-qr.com/sv/terms,"Gratis QR-kod Generator Online - CreateMy-QR (No Signup) | Användarvillkor
Gratis QR-kod Generator Online - CreateMy-QR (No Signup) | CreateMy-QR
Terms of Service - CreateMy-QR",text/html; charset=utf-8,false,200,0,0,,,"74
70
30",3,true
20,https://createmy-qr.com/uk/wifi-qr-code-for-cafe-hotel,"QR-код WiFi для кафе та готелів | CreateMy-QR
QR-код WiFi для кафе та готелів | CreateMy-QR",text/html; charset=utf-8,false,200,0,0,,,"45
45",2,true
20,https://createmy-qr.com/tl/privacy,"Libreng Online QR Code Generator - CreateMy-QR (No Signup) | Patakaran sa Privacy
Libreng Online QR Code Generator - CreateMy-QR (No Signup) | CreateMy-QR
Privacy Policy - CreateMy-QR",text/html; charset=utf-8,false,200,0,0,,,"81
72
28",3,true
20,https://createmy-qr.com/it/barcode-generator,"Generatore di codici a barre online gratuito - Crea codici a barre 1D
Generatore di Codici QR Gratis Online - CreateMy-QR (No Signup) | CreateMy-QR
Free Barcode Generator",text/html; charset=utf-8,false,200,0,0,,,"69
77
22",3,true
20,https://createmy-qr.com/fi/paypal-qr-koodi-lahjoituksia-varten,"PayPal QR-koodi voittoa tavoitteleville ja lahjoituksille | CreateMy-QR
PayPal QR-koodi voittoa tavoitteleville ja lahjoituksille | CreateMy-QR",text/html; charset=utf-8,false,200,0,0,,,"71
71",2,true
20,https://createmy-qr.com/no/privacy,"Gratis QR-kode Generator Online - CreateMy-QR (No Signup) | Personvernerklæring
Gratis QR-kode Generator Online - CreateMy-QR (No Signup) | CreateMy-QR
Privacy Policy - CreateMy-QR",text/html; charset=utf-8,false,200,0,0,,,"79
71
28",3,true
20,https://createmy-qr.com/hi/wifi-qr-code-for-cafe-hotel,"कैफे और होटलों के लिए वाईफाई क्यूआर कोड | CreateMy-QR
कैफे और होटलों के लिए वाईफाई क्यूआर कोड | CreateMy-QR",text/html; charset=utf-8,false,200,0,0,,,"53
53",2,true
20,https://createmy-qr.com/ko/scan-qr,"무료 QR 코드 스캐너 온라인 - 즉시 QR 스캔
무료 온라인 QR 코드 생성기 - CreateMy-QR (No Signup) | CreateMy-QR
Scan QR Code Online",text/html; charset=utf-8,false,200,0,0,,,"27
56
19",3,true
20,https://createmy-qr.com/nl/barcode-generator,"Gratis barcodegenerator online - Maak 1D-streepjescodes
Gratis QR Code Generator Online - CreateMy-QR (No Signup) | CreateMy-QR
Free Barcode Generator",text/html; charset=utf-8,false,200,0,0,,,"55
71
22",3,true
20,https://createmy-qr.com/pt/compare,"Gerador de Código QR Grátis Online - CreateMy-QR (No Signup) | Comparar ferramentas
Gerador de Código QR Grátis Online - CreateMy-QR (No Signup) | CreateMy-QR
Compare Plans - CreateMy-QR",text/html; charset=utf-8,false,200,0,0,,,"83
74
27",3,true
20,https://createmy-qr.com/uk/youtube-qr-code-for-product-manuals,"Відео YouTube QR-код для посібників з продукту | CreateMy-QR
Відео YouTube QR-код для посібників з продукту | CreateMy-QR",text/html; charset=utf-8,false,200,0,0,,,"60
60",2,true
20,https://createmy-qr.com/tl/tl-paypal-qr-code-for-donations,"[TL] PayPal QR Code for Non-Profits & Donations | CreateMy-QR
[TL] PayPal QR Code for Non-Profits & Donations | CreateMy-QR",text/html; charset=utf-8,false,200,0,0,,,"61
61",2,true
20,https://createmy-qr.com/pl/about,"Darmowy Generator Kodów QR Online - CreateMy-QR (No Signup) | O nas
Darmowy Generator Kodów QR Online - CreateMy-QR (No Signup) | CreateMy-QR
About CreateMy-QR",text/html; charset=utf-8,false,200,0,0,,,"67
73
17",3,true
20,https://createmy-qr.com/tr/bagslar-icin-paypal-qr-kodu,"Kâr Amacı Gütmeyen Kuruluşlar ve Bağışlar için PayPal QR Kodu | CreateMy-QR
Kâr Amacı Gütmeyen Kuruluşlar ve Bağışlar için PayPal QR Kodu | CreateMy-QR",text/html; charset=utf-8,false,200,0,0,,,"75
75",2,true
20,https://createmy-qr.com/es/privacy,"Generador de Códigos QR Gratis Online - CreateMy-QR (No Signup) | Política de privacidad
Generador de Códigos QR Gratis Online - CreateMy-QR (No Signup) | CreateMy-QR
Privacy Policy - CreateMy-QR",text/html; charset=utf-8,false,200,0,0,,,"88
77
28",3,true
20,https://createmy-qr.com/ro/e-mail-cod-qr-pentru-inscrierea-la-newsletter,"Cod QR prin e-mail pentru înscrieri la buletine informative | CreateMy-QR
Cod QR prin e-mail pentru înscrieri la buletine informative | CreateMy-QR",text/html; charset=utf-8,false,200,0,0,,,"73
73",2,true
20,https://createmy-qr.com/zh/about,"免费在线二维码生成器 - CreateMy-QR (No Signup) | 关于我们
免费在线二维码生成器 - CreateMy-QR (No Signup) | CreateMy-QR
About CreateMy-QR",text/html; charset=utf-8,false,200,0,0,,,"43
50
17",3,true
20,https://createmy-qr.com/th/compare,"เครื่องมือสร้างคิวอาร์โค้ดออนไลน์ฟรี - CreateMy-QR (No Signup) | เปรียบเทียบเครื่องมือ
เครื่องมือสร้างคิวอาร์โค้ดออนไลน์ฟรี - CreateMy-QR (No Signup) | CreateMy-QR
Compare Plans - CreateMy-QR",text/html; charset=utf-8,false,200,0,0,,,"86
76
27",3,true
20,https://createmy-qr.com/id/kode-qr-pdf-untuk-menu-restoran,"Kode QR PDF untuk Menu Restoran | CreateMy-QR
Kode QR PDF untuk Menu Restoran | CreateMy-QR",text/html; charset=utf-8,false,200,0,0,,,"45
45",2,true
20,https://createmy-qr.com/hu/barcode-generator,"Ingyenes vonalkódgenerátor online – 1D vonalkódok létrehozása
Ingyenes Online QR-kód Generátor - CreateMy-QR (No Signup) | CreateMy-QR
Free Barcode Generator",text/html; charset=utf-8,false,200,0,0,,,"61
72
22",3,true
20,https://createmy-qr.com/de/wlan-qr-code-fur-cafe-hotel,"WLAN-QR-Code für Cafés und Hotels | CreateMy-QR
WLAN-QR-Code für Cafés und Hotels | CreateMy-QR",text/html; charset=utf-8,false,200,0,0,,,"47
47",2,true
20,https://createmy-qr.com/ja/scan-barcode,"無料のオンラインバーコードスキャナー - UPC と EAN をスキャン
無料QRコード作成・ジェネレーター - CreateMy-QR (No Signup) | CreateMy-QR
Scan Barcode Online",text/html; charset=utf-8,false,200,0,0,,,"36
57
19",3,true
20,https://createmy-qr.com/it/compare,"Generatore di Codici QR Gratis Online - CreateMy-QR (No Signup) | Confronta strumenti
Generatore di Codici QR Gratis Online - CreateMy-QR (No Signup) | CreateMy-QR
Compare Plans - CreateMy-QR",text/html; charset=utf-8,false,200,0,0,,,"85
77
27",3,true
20,https://createmy-qr.com/pt/e-mail-com-codigo-qr-para-inscricao-no-boletim-informativo,"Código QR por e-mail para inscrições em boletins informativos | CreateMy-QR
Código QR por e-mail para inscrições em boletins informativos | CreateMy-QR",text/html; charset=utf-8,false,200,0,0,,,"75
75",2,true
20,https://createmy-qr.com/ja/vcard-qr-code-for-real-estate-agents,"不動産業者向け vCard QR コード | CreateMy-QR
不動産業者向け vCard QR コード | CreateMy-QR",text/html; charset=utf-8,false,200,0,0,,,"34
34",2,true
20,https://createmy-qr.com/hi/vcard-qr-code-for-real-estate-agents,"रियल एस्टेट एजेंटों के लिए वीकार्ड क्यूआर कोड | CreateMy-QR
रियल एस्टेट एजेंटों के लिए वीकार्ड क्यूआर कोड | CreateMy-QR",text/html; charset=utf-8,false,200,0,0,,,"59
59",2,true
20,https://createmy-qr.com/da/scan-qr,"Gratis QR-kodescanner online - Scan QR øjeblikkeligt
Gratis QR Kode Generator Online - CreateMy-QR (No Signup) | CreateMy-QR
Scan QR Code Online",text/html; charset=utf-8,false,200,0,0,,,"52
71
19",3,true
20,https://createmy-qr.com/id/kode-qr-toko-aplikasi-untuk-unduhan-game,"Kode QR App Store untuk Unduhan Game Seluler | CreateMy-QR
Kode QR App Store untuk Unduhan Game Seluler | CreateMy-QR",text/html; charset=utf-8,false,200,0,0,,,"58
58",2,true
20,https://createmy-qr.com/pt/scan-qr,"Scanner de código QR gratuito online - Digitalize QR instantaneamente
Gerador de Código QR Grátis Online - CreateMy-QR (No Signup) | CreateMy-QR
Scan QR Code Online",text/html; charset=utf-8,false,200,0,0,,,"69
74
19",3,true
20,https://createmy-qr.com/es/codigo-qr-de-youtube-para-manuales-de-productos,"Código QR de vídeo de YouTube para manuales de productos | CreateMy-QR
Código QR de vídeo de YouTube para manuales de productos | CreateMy-QR",text/html; charset=utf-8,false,200,0,0,,,"70
70",2,true
20,https://createmy-qr.com/de/scan-barcode,"Kostenloser Barcode-Scanner online – Scannen Sie UPC und EAN
Kostenloser QR-Code Generator Online - CreateMy-QR (No Signup) | CreateMy-QR
Scan Barcode Online",text/html; charset=utf-8,false,200,0,0,,,"60
76
19",3,true
20,https://createmy-qr.com/nl/terms,"Gratis QR Code Generator Online - CreateMy-QR (No Signup) | Servicevoorwaarden
Gratis QR Code Generator Online - CreateMy-QR (No Signup) | CreateMy-QR
Terms of Service - CreateMy-QR",text/html; charset=utf-8,false,200,0,0,,,"78
71
30",3,true
20,https://createmy-qr.com/uk/email-qr-code-for-newsletter-signup,"Надішліть QR-код електронною поштою для підписки на розсилку | CreateMy-QR
Надішліть QR-код електронною поштою для підписки на розсилку | CreateMy-QR",text/html; charset=utf-8,false,200,0,0,,,"74
74",2,true
20,https://createmy-qr.com/ro/cod-qr-paypal-pentru-donatii,"Cod QR PayPal pentru organizații nonprofit și donații | CreateMy-QR
Cod QR PayPal pentru organizații nonprofit și donații | CreateMy-QR",text/html; charset=utf-8,false,200,0,0,,,"67
67",2,true
20,https://createmy-qr.com/sv/scan-qr,"Gratis QR-kodskanner online - Skanna QR direkt
Gratis QR-kod Generator Online - CreateMy-QR (No Signup) | CreateMy-QR
Scan QR Code Online",text/html; charset=utf-8,false,200,0,0,,,"46
70
19",3,true
20,https://createmy-qr.com/sv/about,"Gratis QR-kod Generator Online - CreateMy-QR (No Signup) | Om oss
Gratis QR-kod Generator Online - CreateMy-QR (No Signup) | CreateMy-QR
About CreateMy-QR",text/html; charset=utf-8,false,200,0,0,,,"65
70
17",3,true
20,https://createmy-qr.com/ko/youtube-qr-code-for-product-manuals,"제품 설명서용 YouTube 비디오 QR 코드 | CreateMy-QR
제품 설명서용 YouTube 비디오 QR 코드 | CreateMy-QR",text/html; charset=utf-8,false,200,0,0,,,"39
39",2,true
20,https://createmy-qr.com/ar/privacy,"مولد رمز الاستجابة السريعة مجاني - CreateMy-QR (No Signup) | سياسة الخصوصية
مولد رمز الاستجابة السريعة مجاني - CreateMy-QR (No Signup) | CreateMy-QR
Privacy Policy - CreateMy-QR",text/html; charset=utf-8,false,200,0,0,,,"75
72
28",3,true
20,https://createmy-qr.com/ar/scan-barcode,"ماسح الباركود المجاني عبر الإنترنت - مسح UPC وEAN
مولد رمز الاستجابة السريعة مجاني - CreateMy-QR (No Signup) | CreateMy-QR
Scan Barcode Online",text/html; charset=utf-8,false,200,0,0,,,"49
72
19",3,true
20,https://createmy-qr.com/es/about,"Generador de Códigos QR Gratis Online - CreateMy-QR (No Signup) | Sobre nosotros
Generador de Códigos QR Gratis Online - CreateMy-QR (No Signup) | CreateMy-QR
About CreateMy-QR",text/html; charset=utf-8,false,200,0,0,,,"80
77
17",3,true
20,https://createmy-qr.com/pt/codigo-qr-da-loja-de-aplicativos-para-downloads-de-jogos,"Código QR da App Store para downloads de jogos para celular | CreateMy-QR
Código QR da App Store para downloads de jogos para celular | CreateMy-QR",text/html; charset=utf-8,false,200,0,0,,,"73
73",2,true
20,https://createmy-qr.com/id/about,"Generator QR Code Gratis Online - CreateMy-QR (No Signup) | Tentang Kami
Generator QR Code Gratis Online - CreateMy-QR (No Signup) | CreateMy-QR
About CreateMy-QR",text/html; charset=utf-8,false,200,0,0,,,"72
71
17",3,true
20,https://createmy-qr.com/pl/scan-qr,"Bezpłatny skaner kodów QR online — natychmiastowe skanowanie kodów QR
Darmowy Generator Kodów QR Online - CreateMy-QR (No Signup) | CreateMy-QR
Scan QR Code Online",text/html; charset=utf-8,false,200,0,0,,,"69
73
19",3,true
20,https://createmy-qr.com/hi/privacy,"मुफ़्त ऑनलाइन क्यूआर कोड जनरेटर - CreateMy-QR (No Signup) | गोपनीयता नीति
मुफ़्त ऑनलाइन क्यूआर कोड जनरेटर - CreateMy-QR (No Signup) | CreateMy-QR
Privacy Policy - CreateMy-QR",text/html; charset=utf-8,false,200,0,0,,,"73
71
28",3,true
20,https://createmy-qr.com/zh/youtube-qr-code-for-product-manuals,"产品手册的 YouTube 视频二维码 | CreateMy-QR
产品手册的 YouTube 视频二维码 | CreateMy-QR",text/html; charset=utf-8,false,200,0,0,,,"33
33",2,true
20,https://createmy-qr.com/es/codigo-qr-vcard-para-agentes-inmobiliarios,"Código QR vCard para agentes inmobiliarios | CreateMy-QR
Código QR vCard para agentes inmobiliarios | CreateMy-QR",text/html; charset=utf-8,false,200,0,0,,,"56
56",2,true
20,https://createmy-qr.com/ar/google-review-qr-code-for-local-business,"جوجل مراجعة رمز الاستجابة السريعة للشركات المحلية | CreateMy-QR
جوجل مراجعة رمز الاستجابة السريعة للشركات المحلية | CreateMy-QR",text/html; charset=utf-8,false,200,0,0,,,"63
63",2,true
20,https://createmy-qr.com/sv/mejla-qr-kod-for-nyhetsbrevsregistrering,"E-posta QR-kod för nyhetsbrevsregistreringar | CreateMy-QR
E-posta QR-kod för nyhetsbrevsregistreringar | CreateMy-QR",text/html; charset=utf-8,false,200,0,0,,,"58
58",2,true
20,https://createmy-qr.com/hu/privacy,"Ingyenes Online QR-kód Generátor - CreateMy-QR (No Signup) | Adatvédelmi szabályzat
Ingyenes Online QR-kód Generátor - CreateMy-QR (No Signup) | CreateMy-QR
Privacy Policy - CreateMy-QR",text/html; charset=utf-8,false,200,0,0,,,"83
72
28",3,true
20,https://createmy-qr.com/ro/terms,"Generator de Coduri QR Gratuit Online - CreateMy-QR (No Signup) | Termeni și condiții
Generator de Coduri QR Gratuit Online - CreateMy-QR (No Signup) | CreateMy-QR
Terms of Service - CreateMy-QR",text/html; charset=utf-8,false,200,0,0,,,"85
77
30",3,true
20,https://createmy-qr.com/ro/compare,"Generator de Coduri QR Gratuit Online - CreateMy-QR (No Signup) | Instrumente de comparare
Generator de Coduri QR Gratuit Online - CreateMy-QR (No Signup) | CreateMy-QR
Compare Plans - CreateMy-QR",text/html; charset=utf-8,false,200,0,0,,,"90
77
27",3,true
20,https://createmy-qr.com/es/compare,"Generador de Códigos QR Gratis Online - CreateMy-QR (No Signup) | Comparar herramientas
Generador de Códigos QR Gratis Online - CreateMy-QR (No Signup) | CreateMy-QR
Compare Plans - CreateMy-QR",text/html; charset=utf-8,false,200,0,0,,,"87
77
27",3,true
20,https://createmy-qr.com/hi/barcode-generator,"निःशुल्क बारकोड जेनरेटर ऑनलाइन - 1डी बारकोड बनाएं
मुफ़्त ऑनलाइन क्यूआर कोड जनरेटर - CreateMy-QR (No Signup) | CreateMy-QR
Free Barcode Generator",text/html; charset=utf-8,false,200,0,0,,,"49
71
22",3,true
20,https://createmy-qr.com/bn/wifi-qr-code-for-cafe-hotel,"ক্যাফে এবং হোটেলের জন্য ওয়াইফাই কিউআর কোড | CreateMy-QR
ক্যাফে এবং হোটেলের জন্য ওয়াইফাই কিউআর কোড | CreateMy-QR",text/html; charset=utf-8,false,200,0,0,,,"56
56",2,true
20,https://createmy-qr.com/tr/oyun-indirmeleri-icin-uygulama-magazas-qr-kodu,"Mobil Oyun İndirmeleri için App Store QR Kodu | CreateMy-QR
Mobil Oyun İndirmeleri için App Store QR Kodu | CreateMy-QR",text/html; charset=utf-8,false,200,0,0,,,"59
59",2,true
20,https://createmy-qr.com/it/codice-qr-url-per-la-registrazione-dei-biglietti-per-gli-eventi,"Codice QR URL per biglietti e registrazione per eventi | CreateMy-QR
Codice QR URL per biglietti e registrazione per eventi | CreateMy-QR",text/html; charset=utf-8,false,200,0,0,,,"68
68",2,true
20,https://createmy-qr.com/ms/scan-barcode,"Pengimbas Kod Bar Percuma Dalam Talian - Imbas UPC & EAN
Penjana Kod QR Percuma Dalam Talian - CreateMy-QR (No Signup) | CreateMy-QR
Scan Barcode Online",text/html; charset=utf-8,false,200,0,0,,,"56
75
19",3,true
20,https://createmy-qr.com/uk/compare,"Безкоштовний Генератор QR-кодів Онлайн - CreateMy-QR (No Signup) | Інструменти порівняння
Безкоштовний Генератор QR-кодів Онлайн - CreateMy-QR (No Signup) | CreateMy-QR
Compare Plans - CreateMy-QR",text/html; charset=utf-8,false,200,0,0,,,"89
78
27",3,true
20,https://createmy-qr.com/tl/tl-app-store-qr-code-for-game-downloads,"[TL] App Store QR Code for Mobile Game Downloads | CreateMy-QR
[TL] App Store QR Code for Mobile Game Downloads | CreateMy-QR",text/html; charset=utf-8,false,200,0,0,,,"62
62",2,true
20,https://createmy-qr.com/nl/pdf-qr-code-voor-restaurantmenu,"PDF QR-code voor restaurantmenu's | CreateMy-QR
PDF QR-code voor restaurantmenu's | CreateMy-QR",text/html; charset=utf-8,false,200,0,0,,,"47
47",2,true
20,https://createmy-qr.com/ro/privacy,"Generator de Coduri QR Gratuit Online - CreateMy-QR (No Signup) | Politica de confidențialitate
Generator de Coduri QR Gratuit Online - CreateMy-QR (No Signup) | CreateMy-QR
Privacy Policy - CreateMy-QR",text/html; charset=utf-8,false,200,0,0,,,"95
77
28",3,true
20,https://createmy-qr.com/sv/wifi-qr-kod-for-cafehotell,"WiFi QR-kod för kaféer och hotell | CreateMy-QR
WiFi QR-kod för kaféer och hotell | CreateMy-QR",text/html; charset=utf-8,false,200,0,0,,,"47
47",2,true
20,https://createmy-qr.com/cs/wifi-qr-kod-pro-kavarnu-hotelu,"WiFi QR kód pro kavárny a hotely | CreateMy-QR
WiFi QR kód pro kavárny a hotely | CreateMy-QR",text/html; charset=utf-8,false,200,0,0,,,"46
46",2,true
20,https://createmy-qr.com/hi/app-store-qr-code-for-game-downloads,"मोबाइल गेम डाउनलोड के लिए ऐप स्टोर क्यूआर कोड | CreateMy-QR
मोबाइल गेम डाउनलोड के लिए ऐप स्टोर क्यूआर कोड | CreateMy-QR",text/html; charset=utf-8,false,200,0,0,,,"59
59",2,true
20,https://createmy-qr.com/da/scan-barcode,"Gratis stregkodescanner online - Scan UPC & EAN
Gratis QR Kode Generator Online - CreateMy-QR (No Signup) | CreateMy-QR
Scan Barcode Online",text/html; charset=utf-8,false,200,0,0,,,"47
71
19",3,true
20,https://createmy-qr.com/hi/scan-barcode,"मुफ़्त बारकोड स्कैनर ऑनलाइन - यूपीसी और ईएएन स्कैन करें
मुफ़्त ऑनलाइन क्यूआर कोड जनरेटर - CreateMy-QR (No Signup) | CreateMy-QR
Scan Barcode Online",text/html; charset=utf-8,false,200,0,0,,,"55
71
19",3,true
20,https://createmy-qr.com/ja/about,"無料QRコード作成・ジェネレーター - CreateMy-QR (No Signup) | 私たちについて
無料QRコード作成・ジェネレーター - CreateMy-QR (No Signup) | CreateMy-QR
About CreateMy-QR",text/html; charset=utf-8,false,200,0,0,,,"53
57
17",3,true
20,https://createmy-qr.com/tl/terms,"Libreng Online QR Code Generator - CreateMy-QR (No Signup) | Mga Tuntunin ng Serbisyo
Libreng Online QR Code Generator - CreateMy-QR (No Signup) | CreateMy-QR
Terms of Service - CreateMy-QR",text/html; charset=utf-8,false,200,0,0,,,"85
72
30",3,true
20,https://createmy-qr.com/ar/paypal-qr-code-for-donations,"رمز QR الخاص بـ PayPal للمؤسسات غير الربحية والتبرعات | CreateMy-QR
رمز QR الخاص بـ PayPal للمؤسسات غير الربحية والتبرعات | CreateMy-QR",text/html; charset=utf-8,false,200,0,0,,,"67
67",2,true
20,https://createmy-qr.com/ms/whatsapp-kod-qr-untuk-sokongan-pelanggan,"Kod QR WhatsApp untuk Sokongan Pelanggan | CreateMy-QR
Kod QR WhatsApp untuk Sokongan Pelanggan | CreateMy-QR",text/html; charset=utf-8,false,200,0,0,,,"54
54",2,true
20,https://createmy-qr.com/da/url-qr-kode-til-registrering-af-arrangementsbilletter,"URL QR-kode til begivenhedsbilletter og registrering | CreateMy-QR
URL QR-kode til begivenhedsbilletter og registrering | CreateMy-QR",text/html; charset=utf-8,false,200,0,0,,,"66
66",2,true
20,https://createmy-qr.com/ko/email-qr-code-for-newsletter-signup,"뉴스레터 가입을 위한 이메일 QR 코드 | CreateMy-QR
뉴스레터 가입을 위한 이메일 QR 코드 | CreateMy-QR",text/html; charset=utf-8,false,200,0,0,,,"35
35",2,true
20,https://createmy-qr.com/th/youtube-qr-code-for-product-manuals,"รหัส QR วิดีโอ YouTube สำหรับคู่มือผลิตภัณฑ์ | CreateMy-QR
รหัส QR วิดีโอ YouTube สำหรับคู่มือผลิตภัณฑ์ | CreateMy-QR",text/html; charset=utf-8,false,200,0,0,,,"58
58",2,true
20,https://createmy-qr.com/ja/wifi-qr-code-for-cafe-hotel,"カフェとホテルの WiFi QR コード | CreateMy-QR
カフェとホテルの WiFi QR コード | CreateMy-QR",text/html; charset=utf-8,false,200,0,0,,,"34
34",2,true
20,https://createmy-qr.com/hi/about,"मुफ़्त ऑनलाइन क्यूआर कोड जनरेटर - CreateMy-QR (No Signup) | हमारे बारे में
मुफ़्त ऑनलाइन क्यूआर कोड जनरेटर - CreateMy-QR (No Signup) | CreateMy-QR
About CreateMy-QR",text/html; charset=utf-8,false,200,0,0,,,"74
71
17",3,true
20,https://createmy-qr.com/ar/barcode-generator,"مولد باركود مجاني عبر الإنترنت - إنشاء باركود ثنائي الأبعاد
مولد رمز الاستجابة السريعة مجاني - CreateMy-QR (No Signup) | CreateMy-QR
Free Barcode Generator",text/html; charset=utf-8,false,200,0,0,,,"59
72
22",3,true
20,https://createmy-qr.com/cs/scan-qr,"Bezplatný skener QR kódů online – naskenujte QR okamžitě
Zdarma Online Generátor QR Kódů - CreateMy-QR (No Signup) | CreateMy-QR
Scan QR Code Online",text/html; charset=utf-8,false,200,0,0,,,"56
71
19",3,true
20,https://createmy-qr.com/pt/codigo-qr-vcard-para-agentes-imobiliarios,"Código QR vCard para agentes imobiliários | CreateMy-QR
Código QR vCard para agentes imobiliários | CreateMy-QR",text/html; charset=utf-8,false,200,0,0,,,"55
55",2,true
20,https://createmy-qr.com/tl/about,"Libreng Online QR Code Generator - CreateMy-QR (No Signup) | Tungkol sa Amin
Libreng Online QR Code Generator - CreateMy-QR (No Signup) | CreateMy-QR
About CreateMy-QR",text/html; charset=utf-8,false,200,0,0,,,"76
72
17",3,true
20,https://createmy-qr.com/bn/pdf-qr-code-for-restaurant-menu,"রেস্তোরাঁ মেনুর জন্য PDF QR কোড | CreateMy-QR
রেস্তোরাঁ মেনুর জন্য PDF QR কোড | CreateMy-QR",text/html; charset=utf-8,false,200,0,0,,,"45
45",2,true
20,https://createmy-qr.com/bn/scan-qr,"বিনামূল্যে QR কোড স্ক্যানার অনলাইন - অবিলম্বে QR স্ক্যান করুন
ফ্রি অনলাইন কিউআর কোড জেনারেটর - CreateMy-QR (No Signup) | CreateMy-QR
Scan QR Code Online",text/html; charset=utf-8,false,200,0,0,,,"61
70
19",3,true
20,https://createmy-qr.com/zh/terms,"免费在线二维码生成器 - CreateMy-QR (No Signup) | 服务条款
免费在线二维码生成器 - CreateMy-QR (No Signup) | CreateMy-QR
Terms of Service - CreateMy-QR",text/html; charset=utf-8,false,200,0,0,,,"43
50
30",3,true
20,https://createmy-qr.com/id/kode-qr-whatsapp-untuk-dukungan-pelanggan,"Kode QR WhatsApp untuk Dukungan Pelanggan | CreateMy-QR
Kode QR WhatsApp untuk Dukungan Pelanggan | CreateMy-QR",text/html; charset=utf-8,false,200,0,0,,,"55
55",2,true
20,https://createmy-qr.com/hu/scan-barcode,"Free Barcode Scanner Online - Scan UPC & EAN
Ingyenes Online QR-kód Generátor - CreateMy-QR (No Signup) | CreateMy-QR
Scan Barcode Online",text/html; charset=utf-8,false,200,0,0,,,"44
72
19",3,true
20,https://createmy-qr.com/cs/url-qr-kod-pro-registraci-vstupenek-na-akci,"URL QR kód pro vstupenky na akce a registraci | CreateMy-QR
URL QR kód pro vstupenky na akce a registraci | CreateMy-QR",text/html; charset=utf-8,false,200,0,0,,,"59
59",2,true
20,https://createmy-qr.com/da/paypal-qr-kode-til-donationer,"PayPal QR-kode til non-profit og donationer | CreateMy-QR
PayPal QR-kode til non-profit og donationer | CreateMy-QR",text/html; charset=utf-8,false,200,0,0,,,"57
57",2,true
20,https://createmy-qr.com/tr/about,"Ücretsiz Çevrimiçi QR Kod Oluşturucu - CreateMy-QR (No Signup) | Hakkımızda
Ücretsiz Çevrimiçi QR Kod Oluşturucu - CreateMy-QR (No Signup) | CreateMy-QR
About CreateMy-QR",text/html; charset=utf-8,false,200,0,0,,,"75
76
17",3,true
20,https://createmy-qr.com/ru/email-qr-code-for-newsletter-signup,"QR-код электронной почты для подписки на рассылку новостей | CreateMy-QR
QR-код электронной почты для подписки на рассылку новостей | CreateMy-QR",text/html; charset=utf-8,false,200,0,0,,,"72
72",2,true
20,https://createmy-qr.com/ro/cod-qr-pdf-pentru-meniul-restaurantului,"Cod QR PDF pentru meniurile restaurantelor | CreateMy-QR
Cod QR PDF pentru meniurile restaurantelor | CreateMy-QR",text/html; charset=utf-8,false,200,0,0,,,"56
56",2,true
20,https://createmy-qr.com/hu/scan-qr,"Ingyenes QR-kód olvasó online - QR-kód azonnali beolvasása
Ingyenes Online QR-kód Generátor - CreateMy-QR (No Signup) | CreateMy-QR
Scan QR Code Online",text/html; charset=utf-8,false,200,0,0,,,"58
72
19",3,true
20,https://createmy-qr.com/bn/scan-barcode,"বিনামূল্যে বারকোড স্ক্যানার অনলাইন - UPC এবং EAN স্ক্যান করুন
ফ্রি অনলাইন কিউআর কোড জেনারেটর - CreateMy-QR (No Signup) | CreateMy-QR
Scan Barcode Online",text/html; charset=utf-8,false,200,0,0,,,"61
70
19",3,true
20,https://createmy-qr.com/sv/app-store-qr-kod-for-nedladdning-av-spel,"App Store QR-kod för nedladdning av mobilspel | CreateMy-QR
App Store QR-kod för nedladdning av mobilspel | CreateMy-QR",text/html; charset=utf-8,false,200,0,0,,,"59
59",2,true
20,https://createmy-qr.com/ms/e-mel-kod-qr-untuk-pendaftaran-surat-berita,"E-mel Kod QR untuk Pendaftaran Surat Berita | CreateMy-QR
E-mel Kod QR untuk Pendaftaran Surat Berita | CreateMy-QR",text/html; charset=utf-8,false,200,0,0,,,"57
57",2,true
20,https://createmy-qr.com/nl/scan-qr,"Gratis QR-codescanner online - Scan QR direct
Gratis QR Code Generator Online - CreateMy-QR (No Signup) | CreateMy-QR
Scan QR Code Online",text/html; charset=utf-8,false,200,0,0,,,"45
71
19",3,true
20,https://createmy-qr.com/th/wifi-qr-code-for-cafe-hotel,"รหัส QR WiFi สำหรับร้านกาแฟและโรงแรม | CreateMy-QR
รหัส QR WiFi สำหรับร้านกาแฟและโรงแรม | CreateMy-QR",text/html; charset=utf-8,false,200,0,0,,,"50
50",2,true
20,https://createmy-qr.com/es/codigo-qr-pdf-para-menu-de-restaurante,"Código QR PDF para Menús de Restaurante | CreateMy-QR
Código QR PDF para Menús de Restaurante | CreateMy-QR",text/html; charset=utf-8,false,200,0,0,,,"53
53",2,true
20,https://createmy-qr.com/bn/paypal-qr-code-for-donations,"অলাভজনক এবং অনুদানের জন্য PayPal QR কোড | CreateMy-QR
অলাভজনক এবং অনুদানের জন্য PayPal QR কোড | CreateMy-QR",text/html; charset=utf-8,false,200,0,0,,,"53
53",2,true
20,https://createmy-qr.com/ar/pdf-qr-code-for-restaurant-menu,"PDF QR Code لقوائم المطاعم | CreateMy-QR
PDF QR Code لقوائم المطاعم | CreateMy-QR",text/html; charset=utf-8,false,200,0,0,,,"40
40",2,true
20,https://createmy-qr.com/nl/youtube-qr-code-voor-producthandleidingen,"YouTube Video QR-code voor producthandleidingen | CreateMy-QR
YouTube Video QR-code voor producthandleidingen | CreateMy-QR",text/html; charset=utf-8,false,200,0,0,,,"61
61",2,true
20,https://createmy-qr.com/el/privacy,"Δωρεάν Δημιουργία QR Code Online - CreateMy-QR (No Signup) | Πολιτική Απορρήτου
Δωρεάν Δημιουργία QR Code Online - CreateMy-QR (No Signup) | CreateMy-QR
Privacy Policy - CreateMy-QR",text/html; charset=utf-8,false,200,0,0,,,"79
72
28",3,true
20,https://createmy-qr.com/ms/kod-qr-youtube-untuk-manual-produk,"Kod QR Video YouTube untuk Manual Produk | CreateMy-QR
Kod QR Video YouTube untuk Manual Produk | CreateMy-QR",text/html; charset=utf-8,false,200,0,0,,,"54
54",2,true
20,https://createmy-qr.com/ko/compare,"무료 온라인 QR 코드 생성기 - CreateMy-QR (No Signup) | 도구 비교
무료 온라인 QR 코드 생성기 - CreateMy-QR (No Signup) | CreateMy-QR
Compare Plans - CreateMy-QR",text/html; charset=utf-8,false,200,0,0,,,"50
56
27",3,true
20,https://createmy-qr.com/it/codice-qr-wifi-per-lhotel-bar,"Codice QR WiFi per bar e hotel | CreateMy-QR
Codice QR WiFi per bar e hotel | CreateMy-QR",text/html; charset=utf-8,false,200,0,0,,,"44
44",2,true
20,https://createmy-qr.com/hu/paypal-qr-kod-adomanyokhoz,"PayPal QR-kód non-profit szervezetekhez és adományokhoz | CreateMy-QR
PayPal QR-kód non-profit szervezetekhez és adományokhoz | CreateMy-QR",text/html; charset=utf-8,false,200,0,0,,,"69
69",2,true
20,https://createmy-qr.com/tl/barcode-generator,"Libreng Barcode Generator Online - Lumikha ng 1D Barcodes
Libreng Online QR Code Generator - CreateMy-QR (No Signup) | CreateMy-QR
Free Barcode Generator",text/html; charset=utf-8,false,200,0,0,,,"57
72
22",3,true
20,https://createmy-qr.com/ro/cod-qr-whatsapp-pentru-asistenta-clienti,"Cod QR WhatsApp pentru asistență clienți | CreateMy-QR
Cod QR WhatsApp pentru asistență clienți | CreateMy-QR",text/html; charset=utf-8,false,200,0,0,,,"54
54",2,true
20,https://createmy-qr.com/ru/wifi-qr-code-for-cafe-hotel,"QR-код WiFi для кафе и отелей | CreateMy-QR
QR-код WiFi для кафе и отелей | CreateMy-QR",text/html; charset=utf-8,false,200,0,0,,,"43
43",2,true
20,https://createmy-qr.com/tl/scan-qr,"Libreng QR Code Scanner Online - I-scan ang QR Agad
Libreng Online QR Code Generator - CreateMy-QR (No Signup) | CreateMy-QR
Scan QR Code Online",text/html; charset=utf-8,false,200,0,0,,,"51
72
19",3,true
20,https://createmy-qr.com/es/scan-barcode,"Escáner de códigos de barras gratuito en línea: escanee UPC y EAN
Generador de Códigos QR Gratis Online - CreateMy-QR (No Signup) | CreateMy-QR
Scan Barcode Online",text/html; charset=utf-8,false,200,0,0,,,"65
77
19",3,true
20,https://createmy-qr.com/vi/ma-qr-cua-hang-ung-dung-e-tai-xuong-tro-choi,"Mã QR App Store để tải xuống trò chơi di động | CreateMy-QR
Mã QR App Store để tải xuống trò chơi di động | CreateMy-QR",text/html; charset=utf-8,false,200,0,0,,,"59
59",2,true
20,https://createmy-qr.com/es/codigo-qr-url-para-registro-de-entradas-para-eventos,"Código QR URL para entradas y registro de eventos | CreateMy-QR
Código QR URL para entradas y registro de eventos | CreateMy-QR",text/html; charset=utf-8,false,200,0,0,,,"63
63",2,true
20,https://createmy-qr.com/vi/google-anh-gia-ma-qr-cho-doanh-nghiep-ia-phuong,"Google Review Mã QR dành cho doanh nghiệp địa phương | CreateMy-QR
Google Review Mã QR dành cho doanh nghiệp địa phương | CreateMy-QR",text/html; charset=utf-8,false,200,0,0,,,"66
66",2,true
20,https://createmy-qr.com/cs/pdf-qr-kod-pro-menu-restaurace,"PDF QR kód pro jídelní lístky restaurací | CreateMy-QR
PDF QR kód pro jídelní lístky restaurací | CreateMy-QR",text/html; charset=utf-8,false,200,0,0,,,"54
54",2,true
20,https://createmy-qr.com/ru/url-qr-code-for-event-tickets-registration,"URL-адрес QR-кода для билетов на мероприятия и регистрации | CreateMy-QR
URL-адрес QR-кода для билетов на мероприятия и регистрации | CreateMy-QR",text/html; charset=utf-8,false,200,0,0,,,"72
72",2,true
20,https://createmy-qr.com/vi/ma-qr-youtube-cho-huong-dan-su-dung-san-pham,"Mã QR Video YouTube dành cho Hướng dẫn sử dụng sản phẩm | CreateMy-QR
Mã QR Video YouTube dành cho Hướng dẫn sử dụng sản phẩm | CreateMy-QR",text/html; charset=utf-8,false,200,0,0,,,"69
69",2,true
20,https://createmy-qr.com/cs/scan-barcode,"Bezplatný skener čárových kódů online – skenování UPC a EAN
Zdarma Online Generátor QR Kódů - CreateMy-QR (No Signup) | CreateMy-QR
Scan Barcode Online",text/html; charset=utf-8,false,200,0,0,,,"59
71
19",3,true
20,https://createmy-qr.com/ms/scan-qr,"Pengimbas Kod QR Percuma Dalam Talian - Imbas QR Serta-merta
Penjana Kod QR Percuma Dalam Talian - CreateMy-QR (No Signup) | CreateMy-QR
Scan QR Code Online",text/html; charset=utf-8,false,200,0,0,,,"60
75
19",3,true
20,https://createmy-qr.com/de/scan-qr,"Kostenloser QR-Code-Scanner online – QR sofort scannen
Kostenloser QR-Code Generator Online - CreateMy-QR (No Signup) | CreateMy-QR
Scan QR Code Online",text/html; charset=utf-8,false,200,0,0,,,"54
76
19",3,true
20,https://createmy-qr.com/ru/about,"Бесплатный генератор QR-кодов онлайн - CreateMy-QR (No Signup) | О нас
Бесплатный генератор QR-кодов онлайн - CreateMy-QR (No Signup) | CreateMy-QR
About CreateMy-QR",text/html; charset=utf-8,false,200,0,0,,,"70
76
17",3,true
20,https://createmy-qr.com/nl/e-mail-qr-code-voor-aanmelding-op-de-nieuwsbrief,"E-mail QR-code voor aanmeldingen voor de nieuwsbrief | CreateMy-QR
E-mail QR-code voor aanmeldingen voor de nieuwsbrief | CreateMy-QR",text/html; charset=utf-8,false,200,0,0,,,"66
66",2,true
20,https://createmy-qr.com/es/scan-qr,"Escáner de códigos QR gratuito en línea: escanee QR al instante
Generador de Códigos QR Gratis Online - CreateMy-QR (No Signup) | CreateMy-QR
Scan QR Code Online",text/html; charset=utf-8,false,200,0,0,,,"63
77
19",3,true
20,https://createmy-qr.com/nl/app-store-qr-code-voor-gamedownloads,"App Store QR-code voor mobiele gamedownloads | CreateMy-QR
App Store QR-code voor mobiele gamedownloads | CreateMy-QR",text/html; charset=utf-8,false,200,0,0,,,"58
58",2,true
20,https://createmy-qr.com/uk/vcard-qr-code-for-real-estate-agents,"QR-код vCard для агентів з нерухомості | CreateMy-QR
QR-код vCard для агентів з нерухомості | CreateMy-QR",text/html; charset=utf-8,false,200,0,0,,,"52
52",2,true
20,https://createmy-qr.com/ru/youtube-qr-code-for-product-manuals,"QR-код видео YouTube для руководств по продуктам | CreateMy-QR
QR-код видео YouTube для руководств по продуктам | CreateMy-QR",text/html; charset=utf-8,false,200,0,0,,,"62
62",2,true
20,https://createmy-qr.com/it/terms,"Generatore di Codici QR Gratis Online - CreateMy-QR (No Signup) | Termini di servizio
Generatore di Codici QR Gratis Online - CreateMy-QR (No Signup) | CreateMy-QR
Terms of Service - CreateMy-QR",text/html; charset=utf-8,false,200,0,0,,,"85
77
30",3,true
20,https://createmy-qr.com/it/inviare-via-email-il-codice-qr-per-liscrizione-alla-newsletter,"Invia il codice QR via e-mail per le iscrizioni alla newsletter | CreateMy-QR
Invia il codice QR via e-mail per le iscrizioni alla newsletter | CreateMy-QR",text/html; charset=utf-8,false,200,0,0,,,"77
77",2,true
20,https://createmy-qr.com/ar/url-qr-code-for-event-tickets-registration,"URL رمز الاستجابة السريعة لتذاكر الحدث والتسجيل | CreateMy-QR
URL رمز الاستجابة السريعة لتذاكر الحدث والتسجيل | CreateMy-QR",text/html; charset=utf-8,false,200,0,0,,,"61
61",2,true
20,https://createmy-qr.com/uk/paypal-qr-code-for-donations,"QR-код PayPal для некомерційних організацій і пожертв | CreateMy-QR
QR-код PayPal для некомерційних організацій і пожертв | CreateMy-QR",text/html; charset=utf-8,false,200,0,0,,,"67
67",2,true
20,https://createmy-qr.com/ar/email-qr-code-for-newsletter-signup,"إرسال رمز الاستجابة السريعة عبر البريد الإلكتروني للاشتراك في النشرة الإخبارية | CreateMy-QR
إرسال رمز الاستجابة السريعة عبر البريد الإلكتروني للاشتراك في النشرة الإخبارية | CreateMy-QR",text/html; charset=utf-8,false,200,0,0,,,"92
92",2,true
20,https://createmy-qr.com/fi/terms,"Ilmainen QR-koodigeneraattori Netissä - CreateMy-QR (No Signup) | Palveluehdot
Ilmainen QR-koodigeneraattori Netissä - CreateMy-QR (No Signup) | CreateMy-QR
Terms of Service - CreateMy-QR",text/html; charset=utf-8,false,200,0,0,,,"78
77
30",3,true
20,https://createmy-qr.com/fi/whatsapp-qr-koodi-asiakastukea-varten,"WhatsApp QR-koodi asiakastuelle | CreateMy-QR
WhatsApp QR-koodi asiakastuelle | CreateMy-QR",text/html; charset=utf-8,false,200,0,0,,,"45
45",2,true
20,https://createmy-qr.com/da/youtube-qr-kode-til-produktmanualer,"YouTube Video QR-kode til produktmanualer | CreateMy-QR
YouTube Video QR-kode til produktmanualer | CreateMy-QR",text/html; charset=utf-8,false,200,0,0,,,"55
55",2,true
20,https://createmy-qr.com/it/codice-qr-di-youtube-per-i-manuali-dei-prodotti,"Codice QR video YouTube per manuali di prodotto | CreateMy-QR
Codice QR video YouTube per manuali di prodotto | CreateMy-QR",text/html; charset=utf-8,false,200,0,0,,,"61
61",2,true
20,https://createmy-qr.com/it/codice-qr-vcard-per-agenti-immobiliari,"Codice QR vCard per agenti immobiliari | CreateMy-QR
Codice QR vCard per agenti immobiliari | CreateMy-QR",text/html; charset=utf-8,false,200,0,0,,,"52
52",2,true
20,https://createmy-qr.com/th/app-store-qr-code-for-game-downloads,"รหัส QR ของ App Store สำหรับการดาวน์โหลดเกมบนมือถือ | CreateMy-QR
รหัส QR ของ App Store สำหรับการดาวน์โหลดเกมบนมือถือ | CreateMy-QR",text/html; charset=utf-8,false,200,0,0,,,"65
65",2,true
20,https://createmy-qr.com/th/about,"เครื่องมือสร้างคิวอาร์โค้ดออนไลน์ฟรี - CreateMy-QR (No Signup) | เกี่ยวกับเรา
เครื่องมือสร้างคิวอาร์โค้ดออนไลน์ฟรี - CreateMy-QR (No Signup) | CreateMy-QR
About CreateMy-QR",text/html; charset=utf-8,false,200,0,0,,,"77
76
17",3,true
20,https://createmy-qr.com/id/barcode-generator,"Generator Barcode Online Gratis - Membuat Barcode 1D
Generator QR Code Gratis Online - CreateMy-QR (No Signup) | CreateMy-QR
Free Barcode Generator",text/html; charset=utf-8,false,200,0,0,,,"52
71
22",3,true
20,https://createmy-qr.com/pt/codigo-qr-do-paypal-para-doacoes,"Código QR do PayPal para organizações sem fins lucrativos e doações | CreateMy-QR
Código QR do PayPal para organizações sem fins lucrativos e doações | CreateMy-QR",text/html; charset=utf-8,false,200,0,0,,,"81
81",2,true
20,https://createmy-qr.com/ar/youtube-qr-code-for-product-manuals,"رمز الاستجابة السريعة لفيديو YouTube لأدلة المنتجات | CreateMy-QR
رمز الاستجابة السريعة لفيديو YouTube لأدلة المنتجات | CreateMy-QR",text/html; charset=utf-8,false,200,0,0,,,"65
65",2,true
20,https://createmy-qr.com/tl/tl-pdf-qr-code-for-restaurant-menu,"[TL] PDF QR Code for Restaurant Menus | CreateMy-QR
[TL] PDF QR Code for Restaurant Menus | CreateMy-QR",text/html; charset=utf-8,false,200,0,0,,,"51
51",2,true
20,https://createmy-qr.com/pt/codigo-qr-pdf-para-menu-do-restaurante,"Código QR PDF para cardápios de restaurantes | CreateMy-QR
Código QR PDF para cardápios de restaurantes | CreateMy-QR",text/html; charset=utf-8,false,200,0,0,,,"58
58",2,true
20,https://createmy-qr.com/th/email-qr-code-for-newsletter-signup,"ส่งอีเมลรหัส QR สำหรับการสมัครรับจดหมายข่าว | CreateMy-QR
ส่งอีเมลรหัส QR สำหรับการสมัครรับจดหมายข่าว | CreateMy-QR",text/html; charset=utf-8,false,200,0,0,,,"57
57",2,true
20,https://createmy-qr.com/fi/barcode-generator,"Ilmainen viivakoodigeneraattori verkossa - Luo 1D-viivakoodeja
Ilmainen QR-koodigeneraattori Netissä - CreateMy-QR (No Signup) | CreateMy-QR
Free Barcode Generator",text/html; charset=utf-8,false,200,0,0,,,"62
77
22",3,true
20,https://createmy-qr.com/uk/about,"Безкоштовний Генератор QR-кодів Онлайн - CreateMy-QR (No Signup) | Про нас
Безкоштовний Генератор QR-кодів Онлайн - CreateMy-QR (No Signup) | CreateMy-QR
About CreateMy-QR",text/html; charset=utf-8,false,200,0,0,,,"74
78
17",3,true
20,https://createmy-qr.com/bn/youtube-qr-code-for-product-manuals,"পণ্য ম্যানুয়াল জন্য YouTube ভিডিও QR কোড | CreateMy-QR
পণ্য ম্যানুয়াল জন্য YouTube ভিডিও QR কোড | CreateMy-QR",text/html; charset=utf-8,false,200,0,0,,,"55
55",2,true
20,https://createmy-qr.com/de/barcode-generator,"Kostenloser Online-Barcode-Generator – Erstellen Sie 1D-Barcodes
Kostenloser QR-Code Generator Online - CreateMy-QR (No Signup) | CreateMy-QR
Free Barcode Generator",text/html; charset=utf-8,false,200,0,0,,,"64
76
22",3,true
20,https://createmy-qr.com/ru/vcard-qr-code-for-real-estate-agents,"QR-код vCard для агентов по недвижимости | CreateMy-QR
QR-код vCard для агентов по недвижимости | CreateMy-QR",text/html; charset=utf-8,false,200,0,0,,,"54
54",2,true
20,https://createmy-qr.com/fr/privacy,"Générateur de Code QR Gratuit en Ligne - CreateMy-QR (No Signup) | Politique de confidentialité
Générateur de Code QR Gratuit en Ligne - CreateMy-QR (No Signup) | CreateMy-QR
Privacy Policy - CreateMy-QR",text/html; charset=utf-8,false,200,0,0,,,"95
78
28",3,true
20,https://createmy-qr.com/hu/vcard-qr-kod-ingatlanugynokok-szamara,"vCard QR-kód ingatlanügynökök számára | CreateMy-QR
vCard QR-kód ingatlanügynökök számára | CreateMy-QR",text/html; charset=utf-8,false,200,0,0,,,"51
51",2,true
20,https://createmy-qr.com/ja/email-qr-code-for-newsletter-signup,"ニュースレター登録用の電子メール QR コード | CreateMy-QR
ニュースレター登録用の電子メール QR コード | CreateMy-QR",text/html; charset=utf-8,false,200,0,0,,,"37
37",2,true
20,https://createmy-qr.com/id/scan-qr,"Pemindai Kode QR Online Gratis - Pindai QR Seketika
Generator QR Code Gratis Online - CreateMy-QR (No Signup) | CreateMy-QR
Scan QR Code Online",text/html; charset=utf-8,false,200,0,0,,,"51
71
19",3,true
20,https://createmy-qr.com/ms/terms,"Penjana Kod QR Percuma Dalam Talian - CreateMy-QR (No Signup) | Syarat Perkhidmatan
Penjana Kod QR Percuma Dalam Talian - CreateMy-QR (No Signup) | CreateMy-QR
Terms of Service - CreateMy-QR",text/html; charset=utf-8,false,200,0,0,,,"83
75
30",3,true
20,https://createmy-qr.com/no/whatsapp-qr-kode-for-kundesttte,"WhatsApp QR-kode for kundestøtte | CreateMy-QR
WhatsApp QR-kode for kundestøtte | CreateMy-QR",text/html; charset=utf-8,false,200,0,0,,,"46
46",2,true
20,https://createmy-qr.com/nl/about,"Gratis QR Code Generator Online - CreateMy-QR (No Signup) | Over ons
Gratis QR Code Generator Online - CreateMy-QR (No Signup) | CreateMy-QR
About CreateMy-QR",text/html; charset=utf-8,false,200,0,0,,,"68
71
17",3,true
20,https://createmy-qr.com/ms/kod-qr-vcard-untuk-ejen-hartanah,"Kod QR vCard untuk Ejen Hartanah | CreateMy-QR
Kod QR vCard untuk Ejen Hartanah | CreateMy-QR",text/html; charset=utf-8,false,200,0,0,,,"46
46",2,true
20,https://createmy-qr.com/es/terms,"Generador de Códigos QR Gratis Online - CreateMy-QR (No Signup) | Términos de servicio
Generador de Códigos QR Gratis Online - CreateMy-QR (No Signup) | CreateMy-QR
Terms of Service - CreateMy-QR",text/html; charset=utf-8,false,200,0,0,,,"86
77
30",3,true
20,https://createmy-qr.com/uk/privacy,"Безкоштовний Генератор QR-кодів Онлайн - CreateMy-QR (No Signup) | Політика конфіденційності
Безкоштовний Генератор QR-кодів Онлайн - CreateMy-QR (No Signup) | CreateMy-QR
Privacy Policy - CreateMy-QR",text/html; charset=utf-8,false,200,0,0,,,"92
78
28",3,true
20,https://createmy-qr.com/fi/compare,"Ilmainen QR-koodigeneraattori Netissä - CreateMy-QR (No Signup) | Vertaa työkaluja
Ilmainen QR-koodigeneraattori Netissä - CreateMy-QR (No Signup) | CreateMy-QR
Compare Plans - CreateMy-QR",text/html; charset=utf-8,false,200,0,0,,,"82
77
27",3,true
20,https://createmy-qr.com/fi/wifi-qr-koodi-kahvilahotellille,"WiFi QR-koodi kahviloita ja hotelleja varten | CreateMy-QR
WiFi QR-koodi kahviloita ja hotelleja varten | CreateMy-QR",text/html; charset=utf-8,false,200,0,0,,,"58
58",2,true
20,https://createmy-qr.com/nl/wifi-qr-code-voor-cafehotel,"WiFi QR-code voor cafés en hotels | CreateMy-QR
WiFi QR-code voor cafés en hotels | CreateMy-QR",text/html; charset=utf-8,false,200,0,0,,,"47
47",2,true
20,https://createmy-qr.com/hi/whatsapp-qr-code-for-customer-support,"ग्राहक सहायता के लिए व्हाट्सएप क्यूआर कोड | CreateMy-QR
ग्राहक सहायता के लिए व्हाट्सएप क्यूआर कोड | CreateMy-QR",text/html; charset=utf-8,false,200,0,0,,,"55
55",2,true
20,https://createmy-qr.com/tr/scan-qr,"Ücretsiz Çevrimiçi QR Kod Tarayıcı - QR'yi Anında Tarayın
Ücretsiz Çevrimiçi QR Kod Oluşturucu - CreateMy-QR (No Signup) | CreateMy-QR
Scan QR Code Online",text/html; charset=utf-8,false,200,0,0,,,"57
76
19",3,true
20,https://createmy-qr.com/pt/codigo-qr-url-para-registro-de-ingressos-para-eventos,"URL QR Code para ingressos e registro de eventos | CreateMy-QR
URL QR Code para ingressos e registro de eventos | CreateMy-QR",text/html; charset=utf-8,false,200,0,0,,,"62
62",2,true
20,https://createmy-qr.com/zh/vcard-qr-code-for-real-estate-agents,"房地产经纪人 vCard 二维码 | CreateMy-QR
房地产经纪人 vCard 二维码 | CreateMy-QR",text/html; charset=utf-8,false,200,0,0,,,"30
30",2,true
20,https://createmy-qr.com/da/e-mail-qr-kode-for-tilmelding-til-nyhedsbrev,"Email QR-kode til nyhedsbrevstilmeldinger | CreateMy-QR
Email QR-kode til nyhedsbrevstilmeldinger | CreateMy-QR",text/html; charset=utf-8,false,200,0,0,,,"55
55",2,true
20,https://createmy-qr.com/it/scan-barcode,"Scanner di codici a barre online gratuito: scansiona UPC e EAN
Generatore di Codici QR Gratis Online - CreateMy-QR (No Signup) | CreateMy-QR
Scan Barcode Online",text/html; charset=utf-8,false,200,0,0,,,"62
77
19",3,true
20,https://createmy-qr.com/el/about,"Δωρεάν Δημιουργία QR Code Online - CreateMy-QR (No Signup) | Σχετικά με εμάς
Δωρεάν Δημιουργία QR Code Online - CreateMy-QR (No Signup) | CreateMy-QR
About CreateMy-QR",text/html; charset=utf-8,false,200,0,0,,,"76
72
17",3,true
20,https://createmy-qr.com/el/google-review-qr-code-for-local-business,"Αναθεώρηση Google QR Code για τοπικές επιχειρήσεις | CreateMy-QR
Αναθεώρηση Google QR Code για τοπικές επιχειρήσεις | CreateMy-QR",text/html; charset=utf-8,false,200,0,0,,,"64
64",2,true
20,https://createmy-qr.com/pl/kod-qr-w-formacie-pdf-do-menu-restauracji,"Kod QR w formacie PDF dla menu restauracji | CreateMy-QR
Kod QR w formacie PDF dla menu restauracji | CreateMy-QR",text/html; charset=utf-8,false,200,0,0,,,"56
56",2,true
20,https://createmy-qr.com/uk/url-qr-code-for-event-tickets-registration,"URL QR-код для квитків на події та реєстрації | CreateMy-QR
URL QR-код для квитків на події та реєстрації | CreateMy-QR",text/html; charset=utf-8,false,200,0,0,,,"59
59",2,true
20,https://createmy-qr.com/th/scan-qr,"เครื่องสแกนรหัส QR ออนไลน์ฟรี - สแกน QR ทันที
เครื่องมือสร้างคิวอาร์โค้ดออนไลน์ฟรี - CreateMy-QR (No Signup) | CreateMy-QR
Scan QR Code Online",text/html; charset=utf-8,false,200,0,0,,,"45
76
19",3,true
20,https://createmy-qr.com/fr/envoyer-le-code-qr-par-e-mail-pour-linscription-a-la-newsletter,"Envoyer le code QR par e-mail pour les inscriptions à la newsletter | CreateMy-QR
Envoyer le code QR par e-mail pour les inscriptions à la newsletter | CreateMy-QR",text/html; charset=utf-8,false,200,0,0,,,"81
81",2,true
20,https://createmy-qr.com/hu/wifi-qr-kod-a-kavezo-szallodahoz,"WiFi QR-kód kávézók és szállodák számára | CreateMy-QR
WiFi QR-kód kávézók és szállodák számára | CreateMy-QR",text/html; charset=utf-8,false,200,0,0,,,"54
54",2,true
20,https://createmy-qr.com/ko/vcard-qr-code-for-real-estate-agents,"부동산 중개인을 위한 vCard QR 코드 | CreateMy-QR
부동산 중개인을 위한 vCard QR 코드 | CreateMy-QR",text/html; charset=utf-8,false,200,0,0,,,"37
37",2,true
20,https://createmy-qr.com/es/google-revisa-el-codigo-qr-para-empresas-locales,"Código QR de revisión de Google para empresas locales | CreateMy-QR
Código QR de revisión de Google para empresas locales | CreateMy-QR",text/html; charset=utf-8,false,200,0,0,,,"67
67",2,true
20,https://createmy-qr.com/es/codigo-qr-de-whatsapp-para-atencion-al-cliente,"Código QR de WhatsApp para atención al cliente | CreateMy-QR
Código QR de WhatsApp para atención al cliente | CreateMy-QR",text/html; charset=utf-8,false,200,0,0,,,"60
60",2,true
20,https://createmy-qr.com/pt/codigo-qr-wifi-para-cafe-hotel,"Código QR WiFi para cafés e hotéis | CreateMy-QR
Código QR WiFi para cafés e hotéis | CreateMy-QR",text/html; charset=utf-8,false,200,0,0,,,"48
48",2,true
20,https://createmy-qr.com/es/envie-un-codigo-qr-por-correo-electronico-para-suscribirse-al-boletin,"Código QR por correo electrónico para suscribirse al boletín | CreateMy-QR
Código QR por correo electrónico para suscribirse al boletín | CreateMy-QR",text/html; charset=utf-8,false,200,0,0,,,"74
74",2,true
20,https://createmy-qr.com/th/scan-barcode,"เครื่องสแกนบาร์โค้ดออนไลน์ฟรี - สแกน UPC และ EAN
เครื่องมือสร้างคิวอาร์โค้ดออนไลน์ฟรี - CreateMy-QR (No Signup) | CreateMy-QR
Scan Barcode Online",text/html; charset=utf-8,false,200,0,0,,,"48
76
19",3,true
20,https://createmy-qr.com/zh/paypal-qr-code-for-donations,"用于非营利组织和捐赠的 PayPal 二维码 | CreateMy-QR
用于非营利组织和捐赠的 PayPal 二维码 | CreateMy-QR",text/html; charset=utf-8,false,200,0,0,,,"36
36",2,true
20,https://createmy-qr.com/ms/barcode-generator,"Penjana Kod Bar Percuma Dalam Talian - Cipta Kod Bar 1D
Penjana Kod QR Percuma Dalam Talian - CreateMy-QR (No Signup) | CreateMy-QR
Free Barcode Generator",text/html; charset=utf-8,false,200,0,0,,,"55
75
22",3,true
20,https://createmy-qr.com/ms/kod-qr-url-untuk-pendaftaran-tiket-acara,"Kod QR URL untuk Tiket Acara & Pendaftaran | CreateMy-QR
Kod QR URL untuk Tiket Acara & Pendaftaran | CreateMy-QR",text/html; charset=utf-8,false,200,0,0,,,"56
56",2,true
20,https://createmy-qr.com/de/terms,"Kostenloser QR-Code Generator Online - CreateMy-QR (No Signup) | Nutzungsbedingungen
Kostenloser QR-Code Generator Online - CreateMy-QR (No Signup) | CreateMy-QR
Terms of Service - CreateMy-QR",text/html; charset=utf-8,false,200,0,0,,,"84
76
30",3,true
20,https://createmy-qr.com/ro/scan-qr,"Scaner online gratuit de coduri QR - Scanează QR instantaneu
Generator de Coduri QR Gratuit Online - CreateMy-QR (No Signup) | CreateMy-QR
Scan QR Code Online",text/html; charset=utf-8,false,200,0,0,,,"60
77
19",3,true
20,https://createmy-qr.com/ro/barcode-generator,"Generator online gratuit de coduri de bare - Creați coduri de bare 1D
Generator de Coduri QR Gratuit Online - CreateMy-QR (No Signup) | CreateMy-QR
Free Barcode Generator",text/html; charset=utf-8,false,200,0,0,,,"69
77
22",3,true
20,https://createmy-qr.com/da/app-store-qr-kode-til-spildownloads,"App Store QR-kode til mobilspildownloads | CreateMy-QR
App Store QR-kode til mobilspildownloads | CreateMy-QR",text/html; charset=utf-8,false,200,0,0,,,"54
54",2,true
20,https://createmy-qr.com/ms/kedai-aplikasi-kod-qr-untuk-muat-turun-permainan,"Kod QR App Store untuk Muat Turun Permainan Mudah Alih | CreateMy-QR
Kod QR App Store untuk Muat Turun Permainan Mudah Alih | CreateMy-QR",text/html; charset=utf-8,false,200,0,0,,,"68
68",2,true
20,https://createmy-qr.com/ms/privacy,"Penjana Kod QR Percuma Dalam Talian - CreateMy-QR (No Signup) | Dasar Privasi
Penjana Kod QR Percuma Dalam Talian - CreateMy-QR (No Signup) | CreateMy-QR
Privacy Policy - CreateMy-QR",text/html; charset=utf-8,false,200,0,0,,,"77
75
28",3,true
20,https://createmy-qr.com/tr/musteri-destegi-icin-whatsapp-qr-kodu,"Müşteri Desteği için WhatsApp QR Kodu | CreateMy-QR
Müşteri Desteği için WhatsApp QR Kodu | CreateMy-QR",text/html; charset=utf-8,false,200,0,0,,,"51
51",2,true
20,https://createmy-qr.com/fi/vcard-qr-koodi-kiinteistonvalittajille,"vCard QR-koodi kiinteistönvälittäjille | CreateMy-QR
vCard QR-koodi kiinteistönvälittäjille | CreateMy-QR",text/html; charset=utf-8,false,200,0,0,,,"52
52",2,true
20,https://createmy-qr.com/uk/whatsapp-qr-code-for-customer-support,"QR-код WhatsApp для підтримки клієнтів | CreateMy-QR
QR-код WhatsApp для підтримки клієнтів | CreateMy-QR",text/html; charset=utf-8,false,200,0,0,,,"52
52",2,true
20,https://createmy-qr.com/ja/compare,"無料QRコード作成・ジェネレーター - CreateMy-QR (No Signup) | 比較ツール
無料QRコード作成・ジェネレーター - CreateMy-QR (No Signup) | CreateMy-QR
Compare Plans - CreateMy-QR",text/html; charset=utf-8,false,200,0,0,,,"51
57
27",3,true
20,https://createmy-qr.com/es/barcode-generator,"Generador de códigos de barras gratuito en línea: cree códigos de barras 1D
Generador de Códigos QR Gratis Online - CreateMy-QR (No Signup) | CreateMy-QR
Free Barcode Generator",text/html; charset=utf-8,false,200,0,0,,,"75
77
22",3,true
20,https://createmy-qr.com/bn/whatsapp-qr-code-for-customer-support,"গ্রাহক সহায়তার জন্য WhatsApp QR কোড | CreateMy-QR
গ্রাহক সহায়তার জন্য WhatsApp QR কোড | CreateMy-QR",text/html; charset=utf-8,false,200,0,0,,,"50
50",2,true
20,https://createmy-qr.com/ko/terms,"무료 온라인 QR 코드 생성기 - CreateMy-QR (No Signup) | 서비스 약관
무료 온라인 QR 코드 생성기 - CreateMy-QR (No Signup) | CreateMy-QR
Terms of Service - CreateMy-QR",text/html; charset=utf-8,false,200,0,0,,,"51
56
30",3,true
20,https://createmy-qr.com/pl/wyslij-e-mail-z-kodem-qr-umozliwiajacym-zapisanie-sie-do-newslettera,"Wyślij e-mail z kodem QR umożliwiającym subskrypcję biuletynu | CreateMy-QR
Wyślij e-mail z kodem QR umożliwiającym subskrypcję biuletynu | CreateMy-QR",text/html; charset=utf-8,false,200,0,0,,,"75
75",2,true
20,https://createmy-qr.com/zh/scan-qr,"免费在线二维码扫描仪 - 立即扫描二维码
免费在线二维码生成器 - CreateMy-QR (No Signup) | CreateMy-QR
Scan QR Code Online",text/html; charset=utf-8,false,200,0,0,,,"20
50
19",3,true
20,https://createmy-qr.com/da/terms,"Gratis QR Kode Generator Online - CreateMy-QR (No Signup) | Servicevilkår
Gratis QR Kode Generator Online - CreateMy-QR (No Signup) | CreateMy-QR
Terms of Service - CreateMy-QR",text/html; charset=utf-8,false,200,0,0,,,"73
71
30",3,true
20,https://createmy-qr.com/fi/scan-qr,"Ilmainen QR-koodinlukija verkossa - Skannaa QR-koodi heti
Ilmainen QR-koodigeneraattori Netissä - CreateMy-QR (No Signup) | CreateMy-QR
Scan QR Code Online",text/html; charset=utf-8,false,200,0,0,,,"57
77
19",3,true
20,https://createmy-qr.com/nl/paypal-qr-code-voor-donaties,"PayPal QR-code voor non-profitorganisaties en donaties | CreateMy-QR
PayPal QR-code voor non-profitorganisaties en donaties | CreateMy-QR",text/html; charset=utf-8,false,200,0,0,,,"68
68",2,true
20,https://createmy-qr.com/bn/vcard-qr-code-for-real-estate-agents,"রিয়েল এস্টেট এজেন্টদের জন্য vCard QR কোড | CreateMy-QR
রিয়েল এস্টেট এজেন্টদের জন্য vCard QR কোড | CreateMy-QR",text/html; charset=utf-8,false,200,0,0,,,"55
55",2,true
20,https://createmy-qr.com/id/kode-qr-email-untuk-pendaftaran-buletin,"Email Kode QR untuk Pendaftaran Buletin | CreateMy-QR
Email Kode QR untuk Pendaftaran Buletin | CreateMy-QR",text/html; charset=utf-8,false,200,0,0,,,"53
53",2,true
20,https://createmy-qr.com/fi/url-qr-koodi-tapahtumalippujen-rekisterointia-varten,"URL QR-koodi tapahtumalippuja ja ilmoittautumista varten | CreateMy-QR
URL QR-koodi tapahtumalippuja ja ilmoittautumista varten | CreateMy-QR",text/html; charset=utf-8,false,200,0,0,,,"70
70",2,true
20,https://createmy-qr.com/th/privacy,"เครื่องมือสร้างคิวอาร์โค้ดออนไลน์ฟรี - CreateMy-QR (No Signup) | นโยบายความเป็นส่วนตัว
เครื่องมือสร้างคิวอาร์โค้ดออนไลน์ฟรี - CreateMy-QR (No Signup) | CreateMy-QR
Privacy Policy - CreateMy-QR",text/html; charset=utf-8,false,200,0,0,,,"86
76
28",3,true
20,https://createmy-qr.com/pt/google-revisa-o-codigo-qr-para-empresas-locais,"Código QR de revisão do Google para empresas locais | CreateMy-QR
Código QR de revisão do Google para empresas locais | CreateMy-QR",text/html; charset=utf-8,false,200,0,0,,,"65
65",2,true
20,https://createmy-qr.com/ar/about,"مولد رمز الاستجابة السريعة مجاني - CreateMy-QR (No Signup) | من نحن
مولد رمز الاستجابة السريعة مجاني - CreateMy-QR (No Signup) | CreateMy-QR
About CreateMy-QR",text/html; charset=utf-8,false,200,0,0,,,"67
72
17",3,true
20,https://createmy-qr.com/no/app-store-qr-kode-for-nedlasting-av-spill,"App Store QR-kode for mobilspillnedlastinger | CreateMy-QR
App Store QR-kode for mobilspillnedlastinger | CreateMy-QR",text/html; charset=utf-8,false,200,0,0,,,"58
58",2,true
20,https://createmy-qr.com/fr/code-qr-paypal-pour-les-dons,"Code QR PayPal pour les organisations à but non lucratif et les dons | CreateMy-QR
Code QR PayPal pour les organisations à but non lucratif et les dons | CreateMy-QR",text/html; charset=utf-8,false,200,0,0,,,"82
82",2,true
20,https://createmy-qr.com/el/compare,"Δωρεάν Δημιουργία QR Code Online - CreateMy-QR (No Signup) | Εργαλεία σύγκρισης
Δωρεάν Δημιουργία QR Code Online - CreateMy-QR (No Signup) | CreateMy-QR
Compare Plans - CreateMy-QR",text/html; charset=utf-8,false,200,0,0,,,"79
72
27",3,true
20,https://createmy-qr.com/ru/google-review-qr-code-for-local-business,"Google Review QR-код для местного бизнеса | CreateMy-QR
Google Review QR-код для местного бизнеса | CreateMy-QR",text/html; charset=utf-8,false,200,0,0,,,"55
55",2,true
20,https://createmy-qr.com/sv/url-qr-kod-for-registrering-av-evenemangsbiljetter,"URL QR-kod för evenemangsbiljetter och registrering | CreateMy-QR
URL QR-kod för evenemangsbiljetter och registrering | CreateMy-QR",text/html; charset=utf-8,false,200,0,0,,,"65
65",2,true
20,https://createmy-qr.com/no/compare,"Gratis QR-kode Generator Online - CreateMy-QR (No Signup) | Sammenlign verktøy
Gratis QR-kode Generator Online - CreateMy-QR (No Signup) | CreateMy-QR
Compare Plans - CreateMy-QR",text/html; charset=utf-8,false,200,0,0,,,"78
71
27",3,true
20,https://createmy-qr.com/no/about,"Gratis QR-kode Generator Online - CreateMy-QR (No Signup) | Om oss
Gratis QR-kode Generator Online - CreateMy-QR (No Signup) | CreateMy-QR
About CreateMy-QR",text/html; charset=utf-8,false,200,0,0,,,"66
71
17",3,true
20,https://createmy-qr.com/hi/compare,"मुफ़्त ऑनलाइन क्यूआर कोड जनरेटर - CreateMy-QR (No Signup) | टूल्स की तुलना करें
मुफ़्त ऑनलाइन क्यूआर कोड जनरेटर - CreateMy-QR (No Signup) | CreateMy-QR
Compare Plans - CreateMy-QR",text/html; charset=utf-8,false,200,0,0,,,"79
71
27",3,true
20,https://createmy-qr.com/tl/tl-email-qr-code-for-newsletter-signup,"[TL] Email QR Code for Newsletter Signups | CreateMy-QR
[TL] Email QR Code for Newsletter Signups | CreateMy-QR",text/html; charset=utf-8,false,200,0,0,,,"55
55",2,true
20,https://createmy-qr.com/no/e-post-qr-kode-for-pamelding-til-nyhetsbrev,"E-post QR-kode for nyhetsbrevregistrering | CreateMy-QR
E-post QR-kode for nyhetsbrevregistrering | CreateMy-QR",text/html; charset=utf-8,false,200,0,0,,,"55
55",2,true
20,https://createmy-qr.com/cs/about,"Zdarma Online Generátor QR Kódů - CreateMy-QR (No Signup) | O nás
Zdarma Online Generátor QR Kódů - CreateMy-QR (No Signup) | CreateMy-QR
About CreateMy-QR",text/html; charset=utf-8,false,200,0,0,,,"65
71
17",3,true
20,https://createmy-qr.com/ko/privacy,"무료 온라인 QR 코드 생성기 - CreateMy-QR (No Signup) | 개인 정보 보호 정책
무료 온라인 QR 코드 생성기 - CreateMy-QR (No Signup) | CreateMy-QR
Privacy Policy - CreateMy-QR",text/html; charset=utf-8,false,200,0,0,,,"56
56
28",3,true
20,https://createmy-qr.com/pl/kod-qr-whatsapp-do-obsugi-klienta,"Kod QR WhatsApp do obsługi klienta | CreateMy-QR
Kod QR WhatsApp do obsługi klienta | CreateMy-QR",text/html; charset=utf-8,false,200,0,0,,,"48
48",2,true
20,https://createmy-qr.com/pt/codigo-qr-do-youtube-para-manuais-de-produtos,"Código QR de vídeo do YouTube para manuais de produtos | CreateMy-QR
Código QR de vídeo do YouTube para manuais de produtos | CreateMy-QR",text/html; charset=utf-8,false,200,0,0,,,"68
68",2,true
20,https://createmy-qr.com/th/url-qr-code-for-event-tickets-registration,"URL รหัส QR สำหรับตั๋วกิจกรรมและการลงทะเบียน | CreateMy-QR
URL รหัส QR สำหรับตั๋วกิจกรรมและการลงทะเบียน | CreateMy-QR",text/html; charset=utf-8,false,200,0,0,,,"58
58",2,true
20,https://createmy-qr.com/cs/vcard-qr-kod-pro-realitni-maklere,"vCard QR kód pro realitní kanceláře | CreateMy-QR
vCard QR kód pro realitní kanceláře | CreateMy-QR",text/html; charset=utf-8,false,200,0,0,,,"49
49",2,true
20,https://createmy-qr.com/vi/compare,"Tạo Mã QR Miễn Phí Trực Tuyến - CreateMy-QR (No Signup) | Công cụ so sánh
Tạo Mã QR Miễn Phí Trực Tuyến - CreateMy-QR (No Signup) | CreateMy-QR
Compare Plans - CreateMy-QR",text/html; charset=utf-8,false,200,0,0,,,"73
69
27",3,true
20,https://createmy-qr.com/uk/scan-barcode,"Безкоштовний онлайн-сканер штрих-кодів - сканування UPC і EAN
Безкоштовний Генератор QR-кодів Онлайн - CreateMy-QR (No Signup) | CreateMy-QR
Scan Barcode Online",text/html; charset=utf-8,false,200,0,0,,,"61
78
19",3,true
20,https://createmy-qr.com/pt/codigo-qr-do-whatsapp-para-suporte-ao-cliente,"Código QR do WhatsApp para suporte ao cliente | CreateMy-QR
Código QR do WhatsApp para suporte ao cliente | CreateMy-QR",text/html; charset=utf-8,false,200,0,0,,,"59
59",2,true
20,https://createmy-qr.com/zh/compare,"免费在线二维码生成器 - CreateMy-QR (No Signup) | 比较工具
免费在线二维码生成器 - CreateMy-QR (No Signup) | CreateMy-QR
Compare Plans - CreateMy-QR",text/html; charset=utf-8,false,200,0,0,,,"43
50
27",3,true
20,https://createmy-qr.com/hu/terms,"Ingyenes Online QR-kód Generátor - CreateMy-QR (No Signup) | Szolgáltatási feltételek
Ingyenes Online QR-kód Generátor - CreateMy-QR (No Signup) | CreateMy-QR
Terms of Service - CreateMy-QR",text/html; charset=utf-8,false,200,0,0,,,"85
72
30",3,true
20,https://createmy-qr.com/uk/app-store-qr-code-for-game-downloads,"QR-код App Store для завантаження мобільних ігор | CreateMy-QR
QR-код App Store для завантаження мобільних ігор | CreateMy-QR",text/html; charset=utf-8,false,200,0,0,,,"62
62",2,true
20,https://createmy-qr.com/de/youtube-qr-code-fur-produkthandbucher,"YouTube-Video-QR-Code für Produkthandbücher | CreateMy-QR
YouTube-Video-QR-Code für Produkthandbücher | CreateMy-QR",text/html; charset=utf-8,false,200,0,0,,,"57
57",2,true
20,https://createmy-qr.com/zh/email-qr-code-for-newsletter-signup,"通过电子邮件发送 QR 码以进行新闻通讯注册 | CreateMy-QR
通过电子邮件发送 QR 码以进行新闻通讯注册 | CreateMy-QR",text/html; charset=utf-8,false,200,0,0,,,"36
36",2,true
20,https://createmy-qr.com/vi/scan-barcode,"Máy quét mã vạch trực tuyến miễn phí - Quét UPC & EAN
Tạo Mã QR Miễn Phí Trực Tuyến - CreateMy-QR (No Signup) | CreateMy-QR
Scan Barcode Online",text/html; charset=utf-8,false,200,0,0,,,"53
69
19",3,true
20,https://createmy-qr.com/ja/terms,"無料QRコード作成・ジェネレーター - CreateMy-QR (No Signup) | 利用規約
無料QRコード作成・ジェネレーター - CreateMy-QR (No Signup) | CreateMy-QR
Terms of Service - CreateMy-QR",text/html; charset=utf-8,false,200,0,0,,,"50
57
30",3,true
20,https://createmy-qr.com/nl/whatsapp-qr-code-voor-klantenondersteuning,"WhatsApp QR-code voor klantenondersteuning | CreateMy-QR
WhatsApp QR-code voor klantenondersteuning | CreateMy-QR",text/html; charset=utf-8,false,200,0,0,,,"56
56",2,true
20,https://createmy-qr.com/id/kode-qr-youtube-untuk-manual-produk,"Kode QR Video YouTube untuk Manual Produk | CreateMy-QR
Kode QR Video YouTube untuk Manual Produk | CreateMy-QR",text/html; charset=utf-8,false,200,0,0,,,"55
55",2,true
20,https://createmy-qr.com/hu/e-mailben-qr-kodot-a-hirlevelre-valo-feliratkozashoz,"QR-kód e-mailben a hírlevélre való feliratkozáshoz | CreateMy-QR
QR-kód e-mailben a hírlevélre való feliratkozáshoz | CreateMy-QR",text/html; charset=utf-8,false,200,0,0,,,"64
64",2,true
20,https://createmy-qr.com/cs/compare,"Zdarma Online Generátor QR Kódů - CreateMy-QR (No Signup) | Nástroje pro porovnání
Zdarma Online Generátor QR Kódů - CreateMy-QR (No Signup) | CreateMy-QR
Compare Plans - CreateMy-QR",text/html; charset=utf-8,false,200,0,0,,,"82
71
27",3,true
20,https://createmy-qr.com/ko/wifi-qr-code-for-cafe-hotel,"카페 및 호텔용 WiFi QR 코드 | CreateMy-QR
카페 및 호텔용 WiFi QR 코드 | CreateMy-QR",text/html; charset=utf-8,false,200,0,0,,,"33
33",2,true
20,https://createmy-qr.com/id/kode-qr-paypal-untuk-donasi,"Kode QR PayPal untuk Nirlaba & Donasi | CreateMy-QR
Kode QR PayPal untuk Nirlaba & Donasi | CreateMy-QR",text/html; charset=utf-8,false,200,0,0,,,"51
51",2,true
20,https://createmy-qr.com/fr/url-code-qr-pour-linscription-des-billets-devenement,"URL QR Code pour les billets d'événements et l'inscription | CreateMy-QR
URL QR Code pour les billets d'événements et l'inscription | CreateMy-QR",text/html; charset=utf-8,false,200,0,0,,,"72
72",2,true
20,https://createmy-qr.com/fi/youtube-qr-koodi-tuoteoppaita-varten,"YouTube-videon QR-koodi tuoteoppaita varten | CreateMy-QR
YouTube-videon QR-koodi tuoteoppaita varten | CreateMy-QR",text/html; charset=utf-8,false,200,0,0,,,"57
57",2,true
20,https://createmy-qr.com/ko/about,"무료 온라인 QR 코드 생성기 - CreateMy-QR (No Signup) | 회사 소개
무료 온라인 QR 코드 생성기 - CreateMy-QR (No Signup) | CreateMy-QR
About CreateMy-QR",text/html; charset=utf-8,false,200,0,0,,,"50
56
17",3,true
20,https://createmy-qr.com/vi/terms,"Tạo Mã QR Miễn Phí Trực Tuyến - CreateMy-QR (No Signup) | Điều khoản dịch vụ
Tạo Mã QR Miễn Phí Trực Tuyến - CreateMy-QR (No Signup) | CreateMy-QR
Terms of Service - CreateMy-QR",text/html; charset=utf-8,false,200,0,0,,,"76
69
30",3,true
20,https://createmy-qr.com/cs/e-mailem-qr-kod-pro-prihlaseni-k-odberu-newsletteru,"E-mail QR kód pro přihlášení k odběru newsletteru | CreateMy-QR
E-mail QR kód pro přihlášení k odběru newsletteru | CreateMy-QR",text/html; charset=utf-8,false,200,0,0,,,"63
63",2,true
20,https://createmy-qr.com/fr/code-qr-wifi-pour-cafe-hotel,"Code QR WiFi pour les cafés et les hôtels | CreateMy-QR
Code QR WiFi pour les cafés et les hôtels | CreateMy-QR",text/html; charset=utf-8,false,200,0,0,,,"55
55",2,true
20,https://createmy-qr.com/it/about,"Generatore di Codici QR Gratis Online - CreateMy-QR (No Signup) | Chi siamo
Generatore di Codici QR Gratis Online - CreateMy-QR (No Signup) | CreateMy-QR
About CreateMy-QR",text/html; charset=utf-8,false,200,0,0,,,"75
77
17",3,true
20,https://createmy-qr.com/ro/cod-qr-url-pentru-inregistrarea-biletelor-la-eveniment,"Cod QR URL pentru bilete la eveniment și înregistrare | CreateMy-QR
Cod QR URL pentru bilete la eveniment și înregistrare | CreateMy-QR",text/html; charset=utf-8,false,200,0,0,,,"67
67",2,true
20,https://createmy-qr.com/ru/scan-barcode,"Бесплатный онлайн-сканер штрих-кодов — сканирование UPC и EAN
Бесплатный генератор QR-кодов онлайн - CreateMy-QR (No Signup) | CreateMy-QR
Scan Barcode Online",text/html; charset=utf-8,false,200,0,0,,,"61
76
19",3,true
20,https://createmy-qr.com/fi/about,"Ilmainen QR-koodigeneraattori Netissä - CreateMy-QR (No Signup) | Meistä
Ilmainen QR-koodigeneraattori Netissä - CreateMy-QR (No Signup) | CreateMy-QR
About CreateMy-QR",text/html; charset=utf-8,false,200,0,0,,,"72
77
17",3,true
20,https://createmy-qr.com/de/compare,"Kostenloser QR-Code Generator Online - CreateMy-QR (No Signup) | Tools vergleichen
Kostenloser QR-Code Generator Online - CreateMy-QR (No Signup) | CreateMy-QR
Compare Plans - CreateMy-QR",text/html; charset=utf-8,false,200,0,0,,,"82
76
27",3,true
20,https://createmy-qr.com/tr/etkinlik-biletleri-kayd-icin-url-qr-kodu,"Etkinlik Biletleri ve Kayıt için URL QR Kodu | CreateMy-QR
Etkinlik Biletleri ve Kayıt için URL QR Kodu | CreateMy-QR",text/html; charset=utf-8,false,200,0,0,,,"58
58",2,true
20,https://createmy-qr.com/de/url-qr-code-fur-die-registrierung-von-veranstaltungstickets,"URL-QR-Code für Veranstaltungstickets und Registrierung | CreateMy-QR
URL-QR-Code für Veranstaltungstickets und Registrierung | CreateMy-QR",text/html; charset=utf-8,false,200,0,0,,,"69
69",2,true
20,https://createmy-qr.com/ja/app-store-qr-code-for-game-downloads,"App Store QR Code for Mobile Game Downloads | CreateMy-QR
App Store QR Code for Mobile Game Downloads | CreateMy-QR",text/html; charset=utf-8,false,200,0,0,,,"57
57",2,true
20,https://createmy-qr.com/ms/ulasan-google-kod-qr-untuk-perniagaan-tempatan,"Google Semak Kod QR untuk Perniagaan Tempatan | CreateMy-QR
Google Semak Kod QR untuk Perniagaan Tempatan | CreateMy-QR",text/html; charset=utf-8,false,200,0,0,,,"59
59",2,true
20,https://createmy-qr.com/pl/terms,"Darmowy Generator Kodów QR Online - CreateMy-QR (No Signup) | Warunki świadczenia usług
Darmowy Generator Kodów QR Online - CreateMy-QR (No Signup) | CreateMy-QR
Terms of Service - CreateMy-QR",text/html; charset=utf-8,false,200,0,0,,,"87
73
30",3,true
20,https://createmy-qr.com/cs/whatsapp-qr-kod-pro-zakaznickou-podporu,"WhatsApp QR kód pro zákaznickou podporu | CreateMy-QR
WhatsApp QR kód pro zákaznickou podporu | CreateMy-QR",text/html; charset=utf-8,false,200,0,0,,,"53
53",2,true
20,https://createmy-qr.com/da/whatsapp-qr-kode-til-kundesupport,"WhatsApp QR-kode til kundesupport | CreateMy-QR
WhatsApp QR-kode til kundesupport | CreateMy-QR",text/html; charset=utf-8,false,200,0,0,,,"47
47",2,true
20,https://createmy-qr.com/vi/privacy,"Tạo Mã QR Miễn Phí Trực Tuyến - CreateMy-QR (No Signup) | Chính sách bảo mật
Tạo Mã QR Miễn Phí Trực Tuyến - CreateMy-QR (No Signup) | CreateMy-QR
Privacy Policy - CreateMy-QR",text/html; charset=utf-8,false,200,0,0,,,"76
69
28",3,true
20,https://createmy-qr.com/ko/paypal-qr-code-for-donations,"비영리 및 기부를 위한 PayPal QR 코드 | CreateMy-QR
비영리 및 기부를 위한 PayPal QR 코드 | CreateMy-QR",text/html; charset=utf-8,false,200,0,0,,,"39
39",2,true
20,https://createmy-qr.com/pl/url-kod-qr-do-rejestracji-biletow-na-wydarzenie,"Kod QR URL dla biletów na wydarzenia i rejestracji | CreateMy-QR
Kod QR URL dla biletów na wydarzenia i rejestracji | CreateMy-QR",text/html; charset=utf-8,false,200,0,0,,,"64
64",2,true
20,https://createmy-qr.com/nl/scan-barcode,"Gratis barcodescanner online - Scan UPC en EAN
Gratis QR Code Generator Online - CreateMy-QR (No Signup) | CreateMy-QR
Scan Barcode Online",text/html; charset=utf-8,false,200,0,0,,,"46
71
19",3,true
20,https://createmy-qr.com/no/vcard-qr-kode-for-eiendomsmeglere,"vCard QR-kode for eiendomsmeglere | CreateMy-QR
vCard QR-kode for eiendomsmeglere | CreateMy-QR",text/html; charset=utf-8,false,200,0,0,,,"47
47",2,true
20,https://createmy-qr.com/ru/app-store-qr-code-for-game-downloads,"QR-код App Store для загрузки мобильных игр | CreateMy-QR
QR-код App Store для загрузки мобильных игр | CreateMy-QR",text/html; charset=utf-8,false,200,0,0,,,"57
57",2,true
20,https://createmy-qr.com/ar/vcard-qr-code-for-real-estate-agents,"vCard QR Code لوكلاء العقارات | CreateMy-QR
vCard QR Code لوكلاء العقارات | CreateMy-QR",text/html; charset=utf-8,false,200,0,0,,,"43
43",2,true
20,https://createmy-qr.com/vi/barcode-generator,"Trình tạo mã vạch trực tuyến miễn phí - Tạo mã vạch 1D
Tạo Mã QR Miễn Phí Trực Tuyến - CreateMy-QR (No Signup) | CreateMy-QR
Free Barcode Generator",text/html; charset=utf-8,false,200,0,0,,,"54
69
22",3,true
20,https://createmy-qr.com/pl/kod-qr-sklepu-z-aplikacjami-do-pobierania-gier,"Kod QR App Store do pobierania gier na urządzenia mobilne | CreateMy-QR
Kod QR App Store do pobierania gier na urządzenia mobilne | CreateMy-QR",text/html; charset=utf-8,false,200,0,0,,,"71
71",2,true
20,https://createmy-qr.com/zh/privacy,"免费在线二维码生成器 - CreateMy-QR (No Signup) | 隐私政策
免费在线二维码生成器 - CreateMy-QR (No Signup) | CreateMy-QR
Privacy Policy - CreateMy-QR",text/html; charset=utf-8,false,200,0,0,,,"43
50
28",3,true
20,https://createmy-qr.com/sv/whatsapp-qr-kod-for-kundsupport,"WhatsApp QR-kod för kundsupport | CreateMy-QR
WhatsApp QR-kod för kundsupport | CreateMy-QR",text/html; charset=utf-8,false,200,0,0,,,"45
45",2,true
20,https://createmy-qr.com/vi/about,"Tạo Mã QR Miễn Phí Trực Tuyến - CreateMy-QR (No Signup) | Về chúng tôi
Tạo Mã QR Miễn Phí Trực Tuyến - CreateMy-QR (No Signup) | CreateMy-QR
About CreateMy-QR",text/html; charset=utf-8,false,200,0,0,,,"70
69
17",3,true
20,https://createmy-qr.com/sv/barcode-generator,"Gratis streckkodsgenerator online - Skapa 1D streckkoder
Gratis QR-kod Generator Online - CreateMy-QR (No Signup) | CreateMy-QR
Free Barcode Generator",text/html; charset=utf-8,false,200,0,0,,,"56
70
22",3,true
20,https://createmy-qr.com/tr/google-yerel-isletmeler-icin-qr-kodunu-gozden-geciriyor,"Yerel İşletmeler için Google İnceleme QR Kodu | CreateMy-QR
Yerel İşletmeler için Google İnceleme QR Kodu | CreateMy-QR",text/html; charset=utf-8,false,200,0,0,,,"59
59",2,true
20,https://createmy-qr.com/da/about,"Gratis QR Kode Generator Online - CreateMy-QR (No Signup) | Om os
Gratis QR Kode Generator Online - CreateMy-QR (No Signup) | CreateMy-QR
About CreateMy-QR",text/html; charset=utf-8,false,200,0,0,,,"65
71
17",3,true
20,https://createmy-qr.com/hi/url-qr-code-for-event-tickets-registration,"इवेंट टिकट और पंजीकरण के लिए यूआरएल क्यूआर कोड | CreateMy-QR
इवेंट टिकट और पंजीकरण के लिए यूआरएल क्यूआर कोड | CreateMy-QR",text/html; charset=utf-8,false,200,0,0,,,"60
60",2,true
20,https://createmy-qr.com/tr/emlakclar-icin-vcard-qr-kodu,"Emlakçılar için vCard QR Kodu | CreateMy-QR
Emlakçılar için vCard QR Kodu | CreateMy-QR",text/html; charset=utf-8,false,200,0,0,,,"43
43",2,true
20,https://createmy-qr.com/tl/tl-vcard-qr-code-for-real-estate-agents,"[TL] vCard QR Code for Real Estate Agents | CreateMy-QR
[TL] vCard QR Code for Real Estate Agents | CreateMy-QR",text/html; charset=utf-8,false,200,0,0,,,"55
55",2,true
20,https://createmy-qr.com/hi/scan-qr,"निःशुल्क क्यूआर कोड स्कैनर ऑनलाइन - तुरंत क्यूआर स्कैन करें
मुफ़्त ऑनलाइन क्यूआर कोड जनरेटर - CreateMy-QR (No Signup) | CreateMy-QR
Scan QR Code Online",text/html; charset=utf-8,false,200,0,0,,,"59
71
19",3,true
20,https://createmy-qr.com/id/terms,"Generator QR Code Gratis Online - CreateMy-QR (No Signup) | Ketentuan Layanan
Generator QR Code Gratis Online - CreateMy-QR (No Signup) | CreateMy-QR
Terms of Service - CreateMy-QR",text/html; charset=utf-8,false,200,0,0,,,"77
71
30",3,true
20,https://createmy-qr.com/th/pdf-qr-code-for-restaurant-menu,"PDF QR Code สำหรับเมนูร้านอาหาร | CreateMy-QR
PDF QR Code สำหรับเมนูร้านอาหาร | CreateMy-QR",text/html; charset=utf-8,false,200,0,0,,,"45
45",2,true
20,https://createmy-qr.com/cs/terms,"Zdarma Online Generátor QR Kódů - CreateMy-QR (No Signup) | Podmínky služby
Zdarma Online Generátor QR Kódů - CreateMy-QR (No Signup) | CreateMy-QR
Terms of Service - CreateMy-QR",text/html; charset=utf-8,false,200,0,0,,,"75
71
30",3,true
20,https://createmy-qr.com/nl/vcard-qr-code-voor-makelaars-in-onroerend-goed,"vCard QR-code voor makelaars in onroerend goed | CreateMy-QR
vCard QR-code voor makelaars in onroerend goed | CreateMy-QR",text/html; charset=utf-8,false,200,0,0,,,"60
60",2,true
20,https://createmy-qr.com/ar/scan-qr,"ماسح رمز QR المجاني عبر الإنترنت - مسح QR على الفور
مولد رمز الاستجابة السريعة مجاني - CreateMy-QR (No Signup) | CreateMy-QR
Scan QR Code Online",text/html; charset=utf-8,false,200,0,0,,,"51
72
19",3,true
20,https://createmy-qr.com/ar/app-store-qr-code-for-game-downloads,"رمز الاستجابة السريعة لمتجر التطبيقات لتنزيل ألعاب الهاتف المحمول | CreateMy-QR
رمز الاستجابة السريعة لمتجر التطبيقات لتنزيل ألعاب الهاتف المحمول | CreateMy-QR",text/html; charset=utf-8,false,200,0,0,,,"79
79",2,true
20,https://createmy-qr.com/hu/about,"Ingyenes Online QR-kód Generátor - CreateMy-QR (No Signup) | Rólunk
Ingyenes Online QR-kód Generátor - CreateMy-QR (No Signup) | CreateMy-QR
About CreateMy-QR",text/html; charset=utf-8,false,200,0,0,,,"67
72
17",3,true
20,https://createmy-qr.com/fr/code-qr-pdf-pour-le-menu-du-restaurant,"Code QR PDF pour les menus des restaurants | CreateMy-QR
Code QR PDF pour les menus des restaurants | CreateMy-QR",text/html; charset=utf-8,false,200,0,0,,,"56
56",2,true
20,https://createmy-qr.com/ro/about,"Generator de Coduri QR Gratuit Online - CreateMy-QR (No Signup) | Despre noi
Generator de Coduri QR Gratuit Online - CreateMy-QR (No Signup) | CreateMy-QR
About CreateMy-QR",text/html; charset=utf-8,false,200,0,0,,,"76
77
17",3,true
20,https://createmy-qr.com/ro/cod-qr-youtube-pentru-manualele-produselor,"Codul QR video YouTube pentru manualele de produse | CreateMy-QR
Codul QR video YouTube pentru manualele de produse | CreateMy-QR",text/html; charset=utf-8,false,200,0,0,,,"64
64",2,true
20,https://createmy-qr.com/ko/google-review-qr-code-for-local-business,"Google은 지역 비즈니스를 위한 QR 코드를 검토합니다. | CreateMy-QR
Google은 지역 비즈니스를 위한 QR 코드를 검토합니다. | CreateMy-QR",text/html; charset=utf-8,false,200,0,0,,,"47
47",2,true
20,https://createmy-qr.com/th/terms,"เครื่องมือสร้างคิวอาร์โค้ดออนไลน์ฟรี - CreateMy-QR (No Signup) | ข้อกำหนดในการให้บริการ
เครื่องมือสร้างคิวอาร์โค้ดออนไลน์ฟรี - CreateMy-QR (No Signup) | CreateMy-QR
Terms of Service - CreateMy-QR",text/html; charset=utf-8,false,200,0,0,,,"87
76
30",3,true
20,https://createmy-qr.com/hu/youtube-qr-kod-a-termek-kezikonyvehez,"YouTube-videó QR-kód a termékkézikönyvekhez | CreateMy-QR
YouTube-videó QR-kód a termékkézikönyvekhez | CreateMy-QR",text/html; charset=utf-8,false,200,0,0,,,"57
57",2,true
20,https://createmy-qr.com/pl/kod-qr-wi-fi-dla-kawiarni-hotelowej,"Kod QR Wi-Fi dla kawiarni i hoteli | CreateMy-QR
Kod QR Wi-Fi dla kawiarni i hoteli | CreateMy-QR",text/html; charset=utf-8,false,200,0,0,,,"48
48",2,true
20,https://createmy-qr.com/ru/compare,"Бесплатный генератор QR-кодов онлайн - CreateMy-QR (No Signup) | Сравнить инструменты
Бесплатный генератор QR-кодов онлайн - CreateMy-QR (No Signup) | CreateMy-QR
Compare Plans - CreateMy-QR",text/html; charset=utf-8,false,200,0,0,,,"85
76
27",3,true
20,https://createmy-qr.com/hi/pdf-qr-code-for-restaurant-menu,"रेस्तरां मेनू के लिए पीडीएफ क्यूआर कोड | CreateMy-QR
रेस्तरां मेनू के लिए पीडीएफ क्यूआर कोड | CreateMy-QR",text/html; charset=utf-8,false,200,0,0,,,"52
52",2,true
20,https://createmy-qr.com/hi/email-qr-code-for-newsletter-signup,"न्यूज़लेटर साइनअप के लिए ईमेल क्यूआर कोड | CreateMy-QR
न्यूज़लेटर साइनअप के लिए ईमेल क्यूआर कोड | CreateMy-QR",text/html; charset=utf-8,false,200,0,0,,,"54
54",2,true
20,https://createmy-qr.com/pl/kod-qr-paypal-dla-darowizn,"Kod QR PayPal dla organizacji non-profit i darowizn | CreateMy-QR
Kod QR PayPal dla organizacji non-profit i darowizn | CreateMy-QR",text/html; charset=utf-8,false,200,0,0,,,"65
65",2,true
20,https://createmy-qr.com/id/compare,"Generator QR Code Gratis Online - CreateMy-QR (No Signup) | Bandingkan Alat
Generator QR Code Gratis Online - CreateMy-QR (No Signup) | CreateMy-QR
Compare Plans - CreateMy-QR",text/html; charset=utf-8,false,200,0,0,,,"75
71
27",3,true
20,https://createmy-qr.com/bn/about,"ফ্রি অনলাইন কিউআর কোড জেনারেটর - CreateMy-QR (No Signup) | আমাদের সম্পর্কে
ফ্রি অনলাইন কিউআর কোড জেনারেটর - CreateMy-QR (No Signup) | CreateMy-QR
About CreateMy-QR",text/html; charset=utf-8,false,200,0,0,,,"74
70
17",3,true
20,https://createmy-qr.com/id/scan-barcode,"Pemindai Kode Batang Online Gratis - Pindai UPC & EAN
Generator QR Code Gratis Online - CreateMy-QR (No Signup) | CreateMy-QR
Scan Barcode Online",text/html; charset=utf-8,false,200,0,0,,,"53
71
19",3,true
20,https://createmy-qr.com/da/barcode-generator,"Gratis stregkodegenerator online - Opret 1D stregkoder
Gratis QR Kode Generator Online - CreateMy-QR (No Signup) | CreateMy-QR
Free Barcode Generator",text/html; charset=utf-8,false,200,0,0,,,"54
71
22",3,true
20,https://createmy-qr.com/ja/pdf-qr-code-for-restaurant-menu,"レストランメニューのPDF QRコード | CreateMy-QR
レストランメニューのPDF QRコード | CreateMy-QR",text/html; charset=utf-8,false,200,0,0,,,"33
33",2,true
20,https://createmy-qr.com/tl/tl-youtube-qr-code-for-product-manuals,"[TL] YouTube Video QR Code for Product Manuals | CreateMy-QR
[TL] YouTube Video QR Code for Product Manuals | CreateMy-QR",text/html; charset=utf-8,false,200,0,0,,,"60
60",2,true
20,https://createmy-qr.com/zh/google-review-qr-code-for-local-business,"Google 审核本地企业的二维码 | CreateMy-QR
Google 审核本地企业的二维码 | CreateMy-QR",text/html; charset=utf-8,false,200,0,0,,,"31
31",2,true
20,https://createmy-qr.com/ru/scan-qr,"Бесплатный онлайн-сканер QR-кода — мгновенное сканирование QR-кода
Бесплатный генератор QR-кодов онлайн - CreateMy-QR (No Signup) | CreateMy-QR
Scan QR Code Online",text/html; charset=utf-8,false,200,0,0,,,"66
76
19",3,true
20,https://createmy-qr.com/pt/privacy,"Gerador de Código QR Grátis Online - CreateMy-QR (No Signup) | Política de Privacidade
Gerador de Código QR Grátis Online - CreateMy-QR (No Signup) | CreateMy-QR
Privacy Policy - CreateMy-QR",text/html; charset=utf-8,false,200,0,0,,,"86
74
28",3,true
20,https://createmy-qr.com/no/wifi-qr-kode-for-kafehotell,"WiFi QR-kode for kafeer og hoteller | CreateMy-QR
WiFi QR-kode for kafeer og hoteller | CreateMy-QR",text/html; charset=utf-8,false,200,0,0,,,"49
49",2,true
20,https://createmy-qr.com/ko/app-store-qr-code-for-game-downloads,"모바일 게임 다운로드를 위한 App Store QR 코드 | CreateMy-QR
모바일 게임 다운로드를 위한 App Store QR 코드 | CreateMy-QR",text/html; charset=utf-8,false,200,0,0,,,"45
45",2,true
20,https://createmy-qr.com/ar/compare,"مولد رمز الاستجابة السريعة مجاني - CreateMy-QR (No Signup) | أدوات المقارنة
مولد رمز الاستجابة السريعة مجاني - CreateMy-QR (No Signup) | CreateMy-QR
Compare Plans - CreateMy-QR",text/html; charset=utf-8,false,200,0,0,,,"75
72
27",3,true
20,https://createmy-qr.com/pl/compare,"Darmowy Generator Kodów QR Online - CreateMy-QR (No Signup) | Porównaj narzędzia
Darmowy Generator Kodów QR Online - CreateMy-QR (No Signup) | CreateMy-QR
Compare Plans - CreateMy-QR",text/html; charset=utf-8,false,200,0,0,,,"80
73
27",3,true
20,https://createmy-qr.com/ja/scan-qr,"無料の QR コード スキャナー オンライン - QR を即座にスキャン
無料QRコード作成・ジェネレーター - CreateMy-QR (No Signup) | CreateMy-QR
Scan QR Code Online",text/html; charset=utf-8,false,200,0,0,,,"36
57
19",3,true
20,https://createmy-qr.com/bn/url-qr-code-for-event-tickets-registration,"ইভেন্ট টিকেট এবং রেজিস্ট্রেশনের জন্য URL QR কোড | CreateMy-QR
ইভেন্ট টিকেট এবং রেজিস্ট্রেশনের জন্য URL QR কোড | CreateMy-QR",text/html; charset=utf-8,false,200,0,0,,,"61
61",2,true
20,https://createmy-qr.com/ms/kod-qr-pdf-untuk-menu-restoran,"Kod QR PDF untuk Menu Restoran | CreateMy-QR
Kod QR PDF untuk Menu Restoran | CreateMy-QR",text/html; charset=utf-8,false,200,0,0,,,"44
44",2,true
20,https://createmy-qr.com/bn/compare,"ফ্রি অনলাইন কিউআর কোড জেনারেটর - CreateMy-QR (No Signup) | টুল তুলনা করুন
ফ্রি অনলাইন কিউআর কোড জেনারেটর - CreateMy-QR (No Signup) | CreateMy-QR
Compare Plans - CreateMy-QR",text/html; charset=utf-8,false,200,0,0,,,"73
70
27",3,true
20,https://createmy-qr.com/zh/app-store-qr-code-for-game-downloads,"App Store 手游二维码下载 | CreateMy-QR
App Store 手游二维码下载 | CreateMy-QR",text/html; charset=utf-8,false,200,0,0,,,"31
31",2,true
20,https://createmy-qr.com/fr/about,"Générateur de Code QR Gratuit en Ligne - CreateMy-QR (No Signup) | À propos de nous
Générateur de Code QR Gratuit en Ligne - CreateMy-QR (No Signup) | CreateMy-QR
About CreateMy-QR",text/html; charset=utf-8,false,200,0,0,,,"83
78
17",3,true
20,https://createmy-qr.com/id/google-meninjau-kode-qr-untuk-bisnis-lokal,"Google Tinjau Kode QR untuk Bisnis Lokal | CreateMy-QR
Google Tinjau Kode QR untuk Bisnis Lokal | CreateMy-QR",text/html; charset=utf-8,false,200,0,0,,,"54
54",2,true
20,https://createmy-qr.com/ja/whatsapp-qr-code-for-customer-support,"カスタマーサポート用のWhatsApp QRコード | CreateMy-QR
カスタマーサポート用のWhatsApp QRコード | CreateMy-QR",text/html; charset=utf-8,false,200,0,0,,,"39
39",2,true
20,https://createmy-qr.com/bn/terms,"ফ্রি অনলাইন কিউআর কোড জেনারেটর - CreateMy-QR (No Signup) | পরিষেবার শর্তাবলী
ফ্রি অনলাইন কিউআর কোড জেনারেটর - CreateMy-QR (No Signup) | CreateMy-QR
Terms of Service - CreateMy-QR",text/html; charset=utf-8,false,200,0,0,,,"76
70
30",3,true
20,https://createmy-qr.com/tl/tl-url-qr-code-for-event-tickets-registration,"[TL] URL QR Code for Event Tickets & Registration | CreateMy-QR
[TL] URL QR Code for Event Tickets & Registration | CreateMy-QR",text/html; charset=utf-8,false,200,0,0,,,"63
63",2,true
20,https://createmy-qr.com/ro/scan-barcode,"Free Barcode Scanner Online - Scan UPC & EAN
Generator de Coduri QR Gratuit Online - CreateMy-QR (No Signup) | CreateMy-QR
Scan Barcode Online",text/html; charset=utf-8,false,200,0,0,,,"44
77
19",3,true
20,https://createmy-qr.com/de/paypal-qr-code-fur-spenden,"PayPal-QR-Code für gemeinnützige Organisationen und Spenden | CreateMy-QR
PayPal-QR-Code für gemeinnützige Organisationen und Spenden | CreateMy-QR",text/html; charset=utf-8,false,200,0,0,,,"73
73",2,true
20,https://createmy-qr.com/uk/barcode-generator,"Безкоштовний онлайн-генератор штрих-кодів - створюйте одновимірні штрих-коди
Безкоштовний Генератор QR-кодів Онлайн - CreateMy-QR (No Signup) | CreateMy-QR
Free Barcode Generator",text/html; charset=utf-8,false,200,0,0,,,"76
78
22",3,true
20,https://createmy-qr.com/tr/bulten-kayd-icin-qr-kodunu-e-postayla-gonderin,"Bülten Kayıtları için QR Kodunu E-postayla Gönder | CreateMy-QR
Bülten Kayıtları için QR Kodunu E-postayla Gönder | CreateMy-QR",text/html; charset=utf-8,false,200,0,0,,,"63
63",2,true
20,https://createmy-qr.com/sv/pdf-qr-kod-for-restaurangmeny,"PDF QR-kod för restaurangmenyer | CreateMy-QR
PDF QR-kod för restaurangmenyer | CreateMy-QR",text/html; charset=utf-8,false,200,0,0,,,"45
45",2,true
20,https://createmy-qr.com/fr/compare,"Générateur de Code QR Gratuit en Ligne - CreateMy-QR (No Signup) | Comparer les outils
Générateur de Code QR Gratuit en Ligne - CreateMy-QR (No Signup) | CreateMy-QR
Compare Plans - CreateMy-QR",text/html; charset=utf-8,false,200,0,0,,,"86
78
27",3,true
20,https://createmy-qr.com/ro/google-review-qr-code-pentru-afaceri-locale,"Codul QR Google Review pentru companiile locale | CreateMy-QR
Codul QR Google Review pentru companiile locale | CreateMy-QR",text/html; charset=utf-8,false,200,0,0,,,"61
61",2,true
20,https://createmy-qr.com/es/codigo-qr-de-la-tienda-de-aplicaciones-para-descargas-de-juegos,"Código QR de App Store para descargas de juegos móviles | CreateMy-QR
Código QR de App Store para descargas de juegos móviles | CreateMy-QR",text/html; charset=utf-8,false,200,0,0,,,"69
69",2,true
20,https://createmy-qr.com/ko/whatsapp-qr-code-for-customer-support,"고객 지원을 위한 WhatsApp QR 코드 | CreateMy-QR
고객 지원을 위한 WhatsApp QR 코드 | CreateMy-QR",text/html; charset=utf-8,false,200,0,0,,,"38
38",2,true
20,https://createmy-qr.com/nl/compare,"Gratis QR Code Generator Online - CreateMy-QR (No Signup) | Hulpmiddelen vergelijken
Gratis QR Code Generator Online - CreateMy-QR (No Signup) | CreateMy-QR
Compare Plans - CreateMy-QR",text/html; charset=utf-8,false,200,0,0,,,"84
71
27",3,true
20,https://createmy-qr.com/el/youtube-qr-code-for-product-manuals,"Κωδικός QR βίντεο YouTube για εγχειρίδια προϊόντων | CreateMy-QR
Κωδικός QR βίντεο YouTube για εγχειρίδια προϊόντων | CreateMy-QR",text/html; charset=utf-8,false,200,0,0,,,"64
64",2,true
20,https://createmy-qr.com/tr/barcode-generator,"Ücretsiz Çevrimiçi Barkod Oluşturucu - 1D Barkodlar Oluşturun
Ücretsiz Çevrimiçi QR Kod Oluşturucu - CreateMy-QR (No Signup) | CreateMy-QR
Free Barcode Generator",text/html; charset=utf-8,false,200,0,0,,,"61
76
22",3,true
20,https://createmy-qr.com/it/codice-qr-per-la-revisione-di-google-per-attivita-commerciali-locali,"Codice QR per la revisione di Google per le imprese locali | CreateMy-QR
Codice QR per la revisione di Google per le imprese locali | CreateMy-QR",text/html; charset=utf-8,false,200,0,0,,,"72
72",2,true
20,https://createmy-qr.com/el/wifi-qr-code-for-cafe-hotel,"WiFi QR Code για καφετέριες και ξενοδοχεία | CreateMy-QR
WiFi QR Code για καφετέριες και ξενοδοχεία | CreateMy-QR",text/html; charset=utf-8,false,200,0,0,,,"56
56",2,true
20,https://createmy-qr.com/sv/youtube-qr-kod-for-produktmanualer,"YouTube Video QR-kod för produktmanualer | CreateMy-QR
YouTube Video QR-kod för produktmanualer | CreateMy-QR",text/html; charset=utf-8,false,200,0,0,,,"54
54",2,true
20,https://createmy-qr.com/tl/tl-google-review-qr-code-for-local-business,"[TL] Google Review QR Code for Local Businesses | CreateMy-QR
[TL] Google Review QR Code for Local Businesses | CreateMy-QR",text/html; charset=utf-8,false,200,0,0,,,"61
61",2,true
20,https://createmy-qr.com/vi/ma-qr-paypal-e-quyen-gop,"Mã QR PayPal dành cho tổ chức phi lợi nhuận và quyên góp | CreateMy-QR
Mã QR PayPal dành cho tổ chức phi lợi nhuận và quyên góp | CreateMy-QR",text/html; charset=utf-8,false,200,0,0,,,"70
70",2,true
20,https://createmy-qr.com/de/about,"Kostenloser QR-Code Generator Online - CreateMy-QR (No Signup) | Über uns
Kostenloser QR-Code Generator Online - CreateMy-QR (No Signup) | CreateMy-QR
About CreateMy-QR",text/html; charset=utf-8,false,200,0,0,,,"73
76
17",3,true
20,https://createmy-qr.com/cs/qr-kod-obchodu-s-aplikacemi-pro-stahovani-her,"QR kód App Store pro stahování mobilních her | CreateMy-QR
QR kód App Store pro stahování mobilních her | CreateMy-QR",text/html; charset=utf-8,false,200,0,0,,,"58
58",2,true
20,https://createmy-qr.com/bn/google-review-qr-code-for-local-business,"স্থানীয় ব্যবসার জন্য Google পর্যালোচনা QR কোড | CreateMy-QR
স্থানীয় ব্যবসার জন্য Google পর্যালোচনা QR কোড | CreateMy-QR",text/html; charset=utf-8,false,200,0,0,,,"60
60",2,true
20,https://createmy-qr.com/el/url-qr-code-for-event-tickets-registration,"URL QR Code για εισιτήρια εκδηλώσεων και εγγραφές | CreateMy-QR
URL QR Code για εισιτήρια εκδηλώσεων και εγγραφές | CreateMy-QR",text/html; charset=utf-8,false,200,0,0,,,"63
63",2,true
20,https://createmy-qr.com/pl/kod-qr-youtube-dla-instrukcji-produktow,"Kod QR filmu YouTube dla instrukcji obsługi produktów | CreateMy-QR
Kod QR filmu YouTube dla instrukcji obsługi produktów | CreateMy-QR",text/html; charset=utf-8,false,200,0,0,,,"67
67",2,true
20,https://createmy-qr.com/ms/kod-qr-wifi-untuk-hotel-kafe,"Kod QR WiFi untuk Kafe & Hotel | CreateMy-QR
Kod QR WiFi untuk Kafe & Hotel | CreateMy-QR",text/html; charset=utf-8,false,200,0,0,,,"44
44",2,true
20,https://createmy-qr.com/th/barcode-generator,"เครื่องสร้างบาร์โค้ดออนไลน์ฟรี - สร้างบาร์โค้ด 1D
เครื่องมือสร้างคิวอาร์โค้ดออนไลน์ฟรี - CreateMy-QR (No Signup) | CreateMy-QR
Free Barcode Generator",text/html; charset=utf-8,false,200,0,0,,,"49
76
22",3,true
20,https://createmy-qr.com/sv/privacy,"Gratis QR-kod Generator Online - CreateMy-QR (No Signup) | Sekretesspolicy
Gratis QR-kod Generator Online - CreateMy-QR (No Signup) | CreateMy-QR
Privacy Policy - CreateMy-QR",text/html; charset=utf-8,false,200,0,0,,,"74
70
28",3,true
20,https://createmy-qr.com/de/e-mail-qr-code-fur-die-newsletter-anmeldung,"E-Mail-QR-Code für Newsletter-Anmeldungen | CreateMy-QR
E-Mail-QR-Code für Newsletter-Anmeldungen | CreateMy-QR",text/html; charset=utf-8,false,200,0,0,,,"55
55",2,true
20,https://createmy-qr.com/fi/sahkoposti-qr-koodi-uutiskirjeen-tilaamista-varten,"Sähköposti QR-koodi uutiskirjeen tilaamista varten | CreateMy-QR
Sähköposti QR-koodi uutiskirjeen tilaamista varten | CreateMy-QR",text/html; charset=utf-8,false,200,0,0,,,"64
64",2,true
20,https://createmy-qr.com/ko/url-qr-code-for-event-tickets-registration,"이벤트 티켓 및 등록을 위한 URL QR 코드 | CreateMy-QR
이벤트 티켓 및 등록을 위한 URL QR 코드 | CreateMy-QR",text/html; charset=utf-8,false,200,0,0,,,"39
39",2,true
20,https://createmy-qr.com/vi/ma-qr-whatsapp-e-ho-tro-khach-hang,"Mã QR WhatsApp để hỗ trợ khách hàng | CreateMy-QR
Mã QR WhatsApp để hỗ trợ khách hàng | CreateMy-QR",text/html; charset=utf-8,false,200,0,0,,,"49
49",2,true
20,https://createmy-qr.com/es/codigo-qr-wifi-para-cafeteria-hotel,"Código QR WiFi para cafeterías y hoteles | CreateMy-QR
Código QR WiFi para cafeterías y hoteles | CreateMy-QR",text/html; charset=utf-8,false,200,0,0,,,"54
54",2,true
20,https://createmy-qr.com/ro/cod-qr-din-magazinul-de-aplicatii-pentru-descarcari-de-jocuri,"Cod QR App Store pentru descărcări de jocuri mobile | CreateMy-QR
Cod QR App Store pentru descărcări de jocuri mobile | CreateMy-QR",text/html; charset=utf-8,false,200,0,0,,,"65
65",2,true
20,https://createmy-qr.com/th/vcard-qr-code-for-real-estate-agents,"vCard QR Code สำหรับตัวแทนอสังหาริมทรัพย์ | CreateMy-QR
vCard QR Code สำหรับตัวแทนอสังหาริมทรัพย์ | CreateMy-QR",text/html; charset=utf-8,false,200,0,0,,,"55
55",2,true
20,https://createmy-qr.com/tr/privacy,"Ücretsiz Çevrimiçi QR Kod Oluşturucu - CreateMy-QR (No Signup) | Gizlilik Politikası
Ücretsiz Çevrimiçi QR Kod Oluşturucu - CreateMy-QR (No Signup) | CreateMy-QR
Privacy Policy - CreateMy-QR",text/html; charset=utf-8,false,200,0,0,,,"84
76
28",3,true
20,https://createmy-qr.com/pt/barcode-generator,"Gerador de código de barras online gratuito - Crie códigos de barras 1D
Gerador de Código QR Grátis Online - CreateMy-QR (No Signup) | CreateMy-QR
Free Barcode Generator",text/html; charset=utf-8,false,200,0,0,,,"71
74
22",3,true
20,https://createmy-qr.com/fi/app-storen-qr-koodi-pelien-lataamista-varten,"App Storen QR-koodi mobiilipelien lataamiseen | CreateMy-QR
App Storen QR-koodi mobiilipelien lataamiseen | CreateMy-QR",text/html; charset=utf-8,false,200,0,0,,,"59
59",2,true
20,https://createmy-qr.com/it/codice-qr-paypal-per-le-donazioni,"Codice QR PayPal per organizzazioni no-profit e donazioni | CreateMy-QR
Codice QR PayPal per organizzazioni no-profit e donazioni | CreateMy-QR",text/html; charset=utf-8,false,200,0,0,,,"71
71",2,true
20,https://createmy-qr.com/fi/scan-barcode,"Ilmainen viivakoodilukija verkossa - Skannaa UPC & EAN
Ilmainen QR-koodigeneraattori Netissä - CreateMy-QR (No Signup) | CreateMy-QR
Scan Barcode Online",text/html; charset=utf-8,false,200,0,0,,,"54
77
19",3,true
20,https://createmy-qr.com/tr/restoran-menusu-icin-pdf-qr-kodu,"Restoran Menüleri için PDF QR Kodu | CreateMy-QR
Restoran Menüleri için PDF QR Kodu | CreateMy-QR",text/html; charset=utf-8,false,200,0,0,,,"48
48",2,true
20,https://createmy-qr.com/pt/about,"Gerador de Código QR Grátis Online - CreateMy-QR (No Signup) | Sobre nós
Gerador de Código QR Grátis Online - CreateMy-QR (No Signup) | CreateMy-QR
About CreateMy-QR",text/html; charset=utf-8,false,200,0,0,,,"72
74
17",3,true
20,https://createmy-qr.com/no/barcode-generator,"Gratis strekkodegenerator online - Lag 1D strekkoder
Gratis QR-kode Generator Online - CreateMy-QR (No Signup) | CreateMy-QR
Free Barcode Generator",text/html; charset=utf-8,false,200,0,0,,,"52
71
22",3,true
20,https://createmy-qr.com/ar/whatsapp-qr-code-for-customer-support,"رمز QR الخاص بـ WhatsApp لدعم العملاء | CreateMy-QR
رمز QR الخاص بـ WhatsApp لدعم العملاء | CreateMy-QR",text/html; charset=utf-8,false,200,0,0,,,"51
51",2,true
20,https://createmy-qr.com/bn/app-store-qr-code-for-game-downloads,"মোবাইল গেম ডাউনলোডের জন্য অ্যাপ স্টোর QR কোড | CreateMy-QR
মোবাইল গেম ডাউনলোডের জন্য অ্যাপ স্টোর QR কোড | CreateMy-QR",text/html; charset=utf-8,false,200,0,0,,,"58
58",2,true
20,https://createmy-qr.com/ja/privacy,"無料QRコード作成・ジェネレーター - CreateMy-QR (No Signup) | プライバシー ポリシー
無料QRコード作成・ジェネレーター - CreateMy-QR (No Signup) | CreateMy-QR
Privacy Policy - CreateMy-QR",text/html; charset=utf-8,false,200,0,0,,,"57
57
28",3,true
20,https://createmy-qr.com/it/codice-qr-whatsapp-per-lassistenza-clienti,"Codice QR WhatsApp per l'assistenza clienti | CreateMy-QR
Codice QR WhatsApp per l'assistenza clienti | CreateMy-QR",text/html; charset=utf-8,false,200,0,0,,,"57
57",2,true
20,https://createmy-qr.com/bn/email-qr-code-for-newsletter-signup,"নিউজলেটার সাইনআপের জন্য QR কোড ইমেল করুন | CreateMy-QR
নিউজলেটার সাইনআপের জন্য QR কোড ইমেল করুন | CreateMy-QR",text/html; charset=utf-8,false,200,0,0,,,"54
54",2,true
20,https://createmy-qr.com/nl/url-qr-code-voor-registratie-van-evenemententickets,"URL QR-code voor evenementtickets en registratie | CreateMy-QR
URL QR-code voor evenementtickets en registratie | CreateMy-QR",text/html; charset=utf-8,false,200,0,0,,,"62
62",2,true
20,https://createmy-qr.com/ko/scan-barcode,"무료 온라인 바코드 스캐너 - UPC 및 EAN 스캔
무료 온라인 QR 코드 생성기 - CreateMy-QR (No Signup) | CreateMy-QR
Scan Barcode Online",text/html; charset=utf-8,false,200,0,0,,,"29
56
19",3,true
20,https://createmy-qr.com/th/whatsapp-qr-code-for-customer-support,"รหัส QR ของ WhatsApp สำหรับการสนับสนุนลูกค้า | CreateMy-QR
รหัส QR ของ WhatsApp สำหรับการสนับสนุนลูกค้า | CreateMy-QR",text/html; charset=utf-8,false,200,0,0,,,"58
58",2,true
20,https://createmy-qr.com/da/compare,"Gratis QR Kode Generator Online - CreateMy-QR (No Signup) | Sammenlign værktøjer
Gratis QR Kode Generator Online - CreateMy-QR (No Signup) | CreateMy-QR
Compare Plans - CreateMy-QR",text/html; charset=utf-8,false,200,0,0,,,"80
71
27",3,true
20,https://createmy-qr.com/th/google-review-qr-code-for-local-business,"Google ตรวจสอบรหัส QR สำหรับธุรกิจในท้องถิ่น | CreateMy-QR
Google ตรวจสอบรหัส QR สำหรับธุรกิจในท้องถิ่น | CreateMy-QR",text/html; charset=utf-8,false,200,0,0,,,"58
58",2,true
20,https://createmy-qr.com/uk/pdf-qr-code-for-restaurant-menu,"PDF-код QR для меню ресторану | CreateMy-QR
PDF-код QR для меню ресторану | CreateMy-QR",text/html; charset=utf-8,false,200,0,0,,,"43
43",2,true
20,https://createmy-qr.com/el/terms,"Δωρεάν Δημιουργία QR Code Online - CreateMy-QR (No Signup) | Όροι Παροχής Υπηρεσιών
Δωρεάν Δημιουργία QR Code Online - CreateMy-QR (No Signup) | CreateMy-QR
Terms of Service - CreateMy-QR",text/html; charset=utf-8,false,200,0,0,,,"83
72
30",3,true
20,https://createmy-qr.com/bn/barcode-generator,"বিনামূল্যে বারকোড জেনারেটর অনলাইন - 1D বারকোড তৈরি করুন
ফ্রি অনলাইন কিউআর কোড জেনারেটর - CreateMy-QR (No Signup) | CreateMy-QR
Free Barcode Generator",text/html; charset=utf-8,false,200,0,0,,,"55
70
22",3,true
20,https://createmy-qr.com/el/app-store-qr-code-for-game-downloads,"Κωδικός QR App Store για λήψεις παιχνιδιών για κινητά | CreateMy-QR
Κωδικός QR App Store για λήψεις παιχνιδιών για κινητά | CreateMy-QR",text/html; charset=utf-8,false,200,0,0,,,"67
67",2,true
20,https://createmy-qr.com/zh/wifi-qr-code-for-cafe-hotel,"咖啡馆和酒店 WiFi 二维码 | CreateMy-QR
咖啡馆和酒店 WiFi 二维码 | CreateMy-QR",text/html; charset=utf-8,false,200,0,0,,,"29
29",2,true
20,https://createmy-qr.com/sv/scan-barcode,"Gratis streckkodsläsare online - Skanna UPC & EAN
Gratis QR-kod Generator Online - CreateMy-QR (No Signup) | CreateMy-QR
Scan Barcode Online",text/html; charset=utf-8,false,200,0,0,,,"49
70
19",3,true
20,https://createmy-qr.com/nl/google-review-qr-code-voor-lokaal-bedrijf,"Google Review QR-code voor lokale bedrijven | CreateMy-QR
Google Review QR-code voor lokale bedrijven | CreateMy-QR",text/html; charset=utf-8,false,200,0,0,,,"57
57",2,true
20,https://createmy-qr.com/tl/compare,"Libreng Online QR Code Generator - CreateMy-QR (No Signup) | Paghambingin ang Mga Tool
Libreng Online QR Code Generator - CreateMy-QR (No Signup) | CreateMy-QR
Compare Plans - CreateMy-QR",text/html; charset=utf-8,false,200,0,0,,,"86
72
27",3,true
20,https://createmy-qr.com/ro/cod-qr-vcard-pentru-agentii-imobiliari,"Cod QR vCard pentru agenții imobiliari | CreateMy-QR
Cod QR vCard pentru agenții imobiliari | CreateMy-QR",text/html; charset=utf-8,false,200,0,0,,,"52
52",2,true
20,https://createmy-qr.com/id/kode-qr-vcard-untuk-agen-real-estat,"Kode QR vCard untuk Agen Real Estat | CreateMy-QR
Kode QR vCard untuk Agen Real Estat | CreateMy-QR",text/html; charset=utf-8,false,200,0,0,,,"49
49",2,true
20,https://createmy-qr.com/it/codice-qr-dellapp-store-per-il-download-dei-giochi,"Codice QR dell'App Store per i download di giochi per dispositivi mobili | CreateMy-QR
Codice QR dell'App Store per i download di giochi per dispositivi mobili | CreateMy-QR",text/html; charset=utf-8,false,200,0,0,,,"86
86",2,true
20,https://createmy-qr.com/de/google-rezensions-qr-code-fur-lokale-unternehmen,"Google Review QR-Code für lokale Unternehmen | CreateMy-QR
Google Review QR-Code für lokale Unternehmen | CreateMy-QR",text/html; charset=utf-8,false,200,0,0,,,"58
58",2,true
20,https://createmy-qr.com/no/url-qr-kode-for-registrering-av-arrangementsbilletter,"URL QR-kode for arrangementsbilletter og registrering | CreateMy-QR
URL QR-kode for arrangementsbilletter og registrering | CreateMy-QR",text/html; charset=utf-8,false,200,0,0,,,"67
67",2,true
20,https://createmy-qr.com/tr/urun-klavuzlar-icin-youtube-qr-kodu,"Ürün Kılavuzları için YouTube Video QR Kodu | CreateMy-QR
Ürün Kılavuzları için YouTube Video QR Kodu | CreateMy-QR",text/html; charset=utf-8,false,200,0,0,,,"57
57",2,true
20,https://createmy-qr.com/zh/barcode-generator,"免费在线条码生成器 - 创建一维条码
免费在线二维码生成器 - CreateMy-QR (No Signup) | CreateMy-QR
Free Barcode Generator",text/html; charset=utf-8,false,200,0,0,,,"18
50
22",3,true
20,https://createmy-qr.com/ja/barcode-generator,"無料のオンライン バーコード ジェネレーター - 1D バーコードを作成
無料QRコード作成・ジェネレーター - CreateMy-QR (No Signup) | CreateMy-QR
Free Barcode Generator",text/html; charset=utf-8,false,200,0,0,,,"36
57
22",3,true
20,https://createmy-qr.com/no/paypal-qr-kode-for-donasjoner,"PayPal QR-kode for ideelle organisasjoner og donasjoner | CreateMy-QR
PayPal QR-kode for ideelle organisasjoner og donasjoner | CreateMy-QR",text/html; charset=utf-8,false,200,0,0,,,"69
69",2,true
20,https://createmy-qr.com/cs/paypal-qr-kod-pro-dary,"PayPal QR Code for Non-Profits & Donations | CreateMy-QR
PayPal QR Code for Non-Profits & Donations | CreateMy-QR",text/html; charset=utf-8,false,200,0,0,,,"56
56",2,true
20,https://createmy-qr.com/th/paypal-qr-code-for-donations,"รหัส QR ของ PayPal สำหรับองค์กรไม่แสวงผลกำไรและการบริจาค | CreateMy-QR
รหัส QR ของ PayPal สำหรับองค์กรไม่แสวงผลกำไรและการบริจาค | CreateMy-QR",text/html; charset=utf-8,false,200,0,0,,,"70
70",2,true
20,https://createmy-qr.com/zh/scan-barcode,"免费在线条码扫描仪 - 扫描 UPC 和 EAN
免费在线二维码生成器 - CreateMy-QR (No Signup) | CreateMy-QR
Scan Barcode Online",text/html; charset=utf-8,false,200,0,0,,,"24
50
19",3,true
20,https://createmy-qr.com/de/pdf-qr-code-fur-die-speisekarte-des-restaurants,"PDF-QR-Code für Restaurantmenüs | CreateMy-QR
PDF-QR-Code für Restaurantmenüs | CreateMy-QR",text/html; charset=utf-8,false,200,0,0,,,"45
45",2,true
20,https://createmy-qr.com/fr/code-qr-whatsapp-pour-le-support-client,"Code QR WhatsApp pour le support client | CreateMy-QR
Code QR WhatsApp pour le support client | CreateMy-QR",text/html; charset=utf-8,false,200,0,0,,,"53
53",2,true
20,https://createmy-qr.com/da/privacy,"Gratis QR Kode Generator Online - CreateMy-QR (No Signup) | Privatlivspolitik
Gratis QR Kode Generator Online - CreateMy-QR (No Signup) | CreateMy-QR
Privacy Policy - CreateMy-QR",text/html; charset=utf-8,false,200,0,0,,,"77
71
28",3,true
20,https://createmy-qr.com/el/scan-barcode,"Δωρεάν Online Scanner Barcode - Σάρωση UPC & EAN
Δωρεάν Δημιουργία QR Code Online - CreateMy-QR (No Signup) | CreateMy-QR
Scan Barcode Online",text/html; charset=utf-8,false,200,0,0,,,"48
72
19",3,true
20,https://createmy-qr.com/vi/ma-qr-pdf-cho-thuc-on-nha-hang,"Mã QR PDF cho thực đơn nhà hàng | CreateMy-QR
Mã QR PDF cho thực đơn nhà hàng | CreateMy-QR",text/html; charset=utf-8,false,200,0,0,,,"45
45",2,true
20,https://createmy-qr.com/hu/pdf-qr-kod-az-etterem-menujehez,"PDF QR-kód az éttermi menükhöz | CreateMy-QR
PDF QR-kód az éttermi menükhöz | CreateMy-QR",text/html; charset=utf-8,false,200,0,0,,,"44
44",2,true
20,https://createmy-qr.com/no/youtube-qr-kode-for-produktmanualer,"YouTube Video QR-kode for produkthåndbøker | CreateMy-QR
YouTube Video QR-kode for produkthåndbøker | CreateMy-QR",text/html; charset=utf-8,false,200,0,0,,,"56
56",2,true
20,https://createmy-qr.com/id/privacy,"Generator QR Code Gratis Online - CreateMy-QR (No Signup) | Kebijakan Privasi
Generator QR Code Gratis Online - CreateMy-QR (No Signup) | CreateMy-QR
Privacy Policy - CreateMy-QR",text/html; charset=utf-8,false,200,0,0,,,"77
71
28",3,true
20,https://createmy-qr.com/hu/google-ertekeles-qr-kod-a-helyi-vallalkozasok-szamara,"Google Review QR-kód helyi vállalkozások számára | CreateMy-QR
Google Review QR-kód helyi vállalkozások számára | CreateMy-QR",text/html; charset=utf-8,false,200,0,0,,,"62
62",2,true
20,https://createmy-qr.com/zh/pdf-qr-code-for-restaurant-menu,"餐厅菜单 PDF 二维码 | CreateMy-QR
餐厅菜单 PDF 二维码 | CreateMy-QR",text/html; charset=utf-8,false,200,0,0,,,"26
26",2,true
20,https://createmy-qr.com/el/scan-qr,"Δωρεάν σαρωτής κωδικών QR Online - Σάρωση QR άμεσα
Δωρεάν Δημιουργία QR Code Online - CreateMy-QR (No Signup) | CreateMy-QR
Scan QR Code Online",text/html; charset=utf-8,false,200,0,0,,,"50
72
19",3,true
20,https://createmy-qr.com/it/codice-qr-pdf-per-il-menu-del-ristorante,"Codice QR PDF per i menu dei ristoranti | CreateMy-QR
Codice QR PDF per i menu dei ristoranti | CreateMy-QR",text/html; charset=utf-8,false,200,0,0,,,"53
53",2,true
20,https://createmy-qr.com/cs/youtube-qr-kod-pro-produktove-manualy,"YouTube Video QR kód pro produktové manuály | CreateMy-QR
YouTube Video QR kód pro produktové manuály | CreateMy-QR",text/html; charset=utf-8,false,200,0,0,,,"57
57",2,true
20,https://createmy-qr.com/ru/barcode-generator,"Бесплатный онлайн-генератор штрих-кодов — создание 1D-штрих-кодов
Бесплатный генератор QR-кодов онлайн - CreateMy-QR (No Signup) | CreateMy-QR
Free Barcode Generator",text/html; charset=utf-8,false,200,0,0,,,"65
76
22",3,true
20,https://createmy-qr.com/es/codigo-qr-de-paypal-para-donaciones,"Código QR de PayPal para organizaciones sin fines de lucro y donaciones | CreateMy-QR
Código QR de PayPal para organizaciones sin fines de lucro y donaciones | CreateMy-QR",text/html; charset=utf-8,false,200,0,0,,,"85
85",2,true
20,https://createmy-qr.com/bn/privacy,"ফ্রি অনলাইন কিউআর কোড জেনারেটর - CreateMy-QR (No Signup) | গোপনীয়তা নীতি
ফ্রি অনলাইন কিউআর কোড জেনারেটর - CreateMy-QR (No Signup) | CreateMy-QR
Privacy Policy - CreateMy-QR",text/html; charset=utf-8,false,200,0,0,,,"73
70
28",3,true
20,https://createmy-qr.com/cs/privacy,"Zdarma Online Generátor QR Kódů - CreateMy-QR (No Signup) | Zásady ochrany osobních údajů
Zdarma Online Generátor QR Kódů - CreateMy-QR (No Signup) | CreateMy-QR
Privacy Policy - CreateMy-QR",text/html; charset=utf-8,false,200,0,0,,,"89
71
28",3,true
20,https://createmy-qr.com/uk/google-review-qr-code-for-local-business,"Огляд QR-коду Google для місцевих компаній | CreateMy-QR
Огляд QR-коду Google для місцевих компаній | CreateMy-QR",text/html; charset=utf-8,false,200,0,0,,,"56
56",2,true
20,https://createmy-qr.com/el/barcode-generator,"Δωρεάν Online Generator Barcode - Δημιουργήστε γραμμωτούς κώδικες 1D
Δωρεάν Δημιουργία QR Code Online - CreateMy-QR (No Signup) | CreateMy-QR
Free Barcode Generator",text/html; charset=utf-8,false,200,0,0,,,"68
72
22",3,true
20,https://createmy-qr.com/de/privacy,"Kostenloser QR-Code Generator Online - CreateMy-QR (No Signup) | Datenschutzrichtlinie
Kostenloser QR-Code Generator Online - CreateMy-QR (No Signup) | CreateMy-QR
Privacy Policy - CreateMy-QR",text/html; charset=utf-8,false,200,0,0,,,"86
76
28",3,true
20,https://createmy-qr.com/hu/compare,"Ingyenes Online QR-kód Generátor - CreateMy-QR (No Signup) | Eszközök összehasonlítása
Ingyenes Online QR-kód Generátor - CreateMy-QR (No Signup) | CreateMy-QR
Compare Plans - CreateMy-QR",text/html; charset=utf-8,false,200,0,0,,,"86
72
27",3,true
20,https://createmy-qr.com/fi/pdf-qr-koodi-ravintolamenulle,"PDF QR-koodi ravintolamenuille | CreateMy-QR
PDF QR-koodi ravintolamenuille | CreateMy-QR",text/html; charset=utf-8,false,200,0,0,,,"44
44",2,true
20,https://createmy-qr.com/ru/privacy,"Бесплатный генератор QR-кодов онлайн - CreateMy-QR (No Signup) | Политика конфиденциальности
Бесплатный генератор QR-кодов онлайн - CreateMy-QR (No Signup) | CreateMy-QR
Privacy Policy - CreateMy-QR",text/html; charset=utf-8,false,200,0,0,,,"92
76
28",3,true
20,https://createmy-qr.com/tl/tl-whatsapp-qr-code-for-customer-support,"[TL] WhatsApp QR Code for Customer Support | CreateMy-QR
[TL] WhatsApp QR Code for Customer Support | CreateMy-QR",text/html; charset=utf-8,false,200,0,0,,,"56
56",2,true
20,https://createmy-qr.com/da/pdf-qr-kode-til-restaurantmenu,"PDF QR-kode til restaurantmenuer | CreateMy-QR
PDF QR-kode til restaurantmenuer | CreateMy-QR",text/html; charset=utf-8,false,200,0,0,,,"46
46",2,true
20,https://createmy-qr.com/ms/compare,"Penjana Kod QR Percuma Dalam Talian - CreateMy-QR (No Signup) | Bandingkan Alat
Penjana Kod QR Percuma Dalam Talian - CreateMy-QR (No Signup) | CreateMy-QR
Compare Plans - CreateMy-QR",text/html; charset=utf-8,false,200,0,0,,,"79
75
27",3,true
20,https://createmy-qr.com/tr/terms,"Ücretsiz Çevrimiçi QR Kod Oluşturucu - CreateMy-QR (No Signup) | Hizmet Şartları
Ücretsiz Çevrimiçi QR Kod Oluşturucu - CreateMy-QR (No Signup) | CreateMy-QR
Terms of Service - CreateMy-QR",text/html; charset=utf-8,false,200,0,0,,,"80
76
30",3,true
20,https://createmy-qr.com/el/pdf-qr-code-for-restaurant-menu,"PDF QR Code για Μενού Εστιατορίου | CreateMy-QR
PDF QR Code για Μενού Εστιατορίου | CreateMy-QR",text/html; charset=utf-8,false,200,0,0,,,"47
47",2,true
20,https://createmy-qr.com/hu/url-qr-kod-az-esemenyjegyek-regisztraciojahoz,"URL QR-kód rendezvényjegyekhez és regisztrációhoz | CreateMy-QR
URL QR-kód rendezvényjegyekhez és regisztrációhoz | CreateMy-QR",text/html; charset=utf-8,false,200,0,0,,,"63
63",2,true
20,https://createmy-qr.com/ms/kod-qr-paypal-untuk-derma,"Kod QR PayPal untuk Bukan Untung & Derma | CreateMy-QR
Kod QR PayPal untuk Bukan Untung & Derma | CreateMy-QR",text/html; charset=utf-8,false,200,0,0,,,"54
54",2,true
20,https://createmy-qr.com/hu/whatsapp-qr-kod-az-ugyfelszolgalathoz,"WhatsApp QR-kód az ügyfélszolgálathoz | CreateMy-QR
WhatsApp QR-kód az ügyfélszolgálathoz | CreateMy-QR",text/html; charset=utf-8,false,200,0,0,,,"51
51",2,true
20,https://createmy-qr.com/fr/scan-barcode,"Scanner de codes-barres gratuit en ligne - Scannez UPC et EAN
Générateur de Code QR Gratuit en Ligne - CreateMy-QR (No Signup) | CreateMy-QR
Scan Barcode Online",text/html; charset=utf-8,false,200,0,0,,,"61
78
19",3,true
20,https://createmy-qr.com/pt/scan-barcode,"Scanner de código de barras online gratuito - Digitalize UPC e EAN
Gerador de Código QR Grátis Online - CreateMy-QR (No Signup) | CreateMy-QR
Scan Barcode Online",text/html; charset=utf-8,false,200,0,0,,,"66
74
19",3,true
20,https://createmy-qr.com/ro/cod-qr-wifi-pentru-cafenea-hotel,"Cod QR WiFi pentru cafenele și hoteluri | CreateMy-QR
Cod QR WiFi pentru cafenele și hoteluri | CreateMy-QR",text/html; charset=utf-8,false,200,0,0,,,"53
53",2,true
20,https://createmy-qr.com/tr/compare,"Ücretsiz Çevrimiçi QR Kod Oluşturucu - CreateMy-QR (No Signup) | Araçları Karşılaştır
Ücretsiz Çevrimiçi QR Kod Oluşturucu - CreateMy-QR (No Signup) | CreateMy-QR
Compare Plans - CreateMy-QR",text/html; charset=utf-8,false,200,0,0,,,"85
76
27",3,true
20,https://createmy-qr.com/el/vcard-qr-code-for-real-estate-agents,"vCard QR Code για κτηματομεσίτες | CreateMy-QR
vCard QR Code για κτηματομεσίτες | CreateMy-QR",text/html; charset=utf-8,false,200,0,0,,,"46
46",2,true
20,https://createmy-qr.com/ja/google-review-qr-code-for-local-business,"Google がローカル ビジネス向けの QR コードをレビューする | CreateMy-QR
Google がローカル ビジネス向けの QR コードをレビューする | CreateMy-QR",text/html; charset=utf-8,false,200,0,0,,,"48
48",2,true
20,https://createmy-qr.com/de/app-store-qr-code-fur-spiele-downloads,"App Store-QR-Code für Handyspiel-Downloads | CreateMy-QR
App Store-QR-Code für Handyspiel-Downloads | CreateMy-QR",text/html; charset=utf-8,false,200,0,0,,,"56
56",2,true
20,https://createmy-qr.com/pl/barcode-generator,"Darmowy generator kodów kreskowych online — twórz kody kreskowe 1D
Darmowy Generator Kodów QR Online - CreateMy-QR (No Signup) | CreateMy-QR
Free Barcode Generator",text/html; charset=utf-8,false,200,0,0,,,"66
73
22",3,true
20,https://createmy-qr.com/it/scan-qr,"Scanner di codici QR online gratuito: scansiona QR istantaneamente
Generatore di Codici QR Gratis Online - CreateMy-QR (No Signup) | CreateMy-QR
Scan QR Code Online",text/html; charset=utf-8,false,200,0,0,,,"66
77
19",3,true
20,https://createmy-qr.com/uk/terms,"Безкоштовний Генератор QR-кодів Онлайн - CreateMy-QR (No Signup) | Умови надання послуг
Безкоштовний Генератор QR-кодів Онлайн - CreateMy-QR (No Signup) | CreateMy-QR
Terms of Service - CreateMy-QR",text/html; charset=utf-8,false,200,0,0,,,"87
78
30",3,true
20,https://createmy-qr.com/fr/google-examine-le-code-qr-pour-une-entreprise-locale,"Google Review QR Code pour les entreprises locales | CreateMy-QR
Google Review QR Code pour les entreprises locales | CreateMy-QR",text/html; charset=utf-8,false,200,0,0,,,"64
64",2,true
20,https://createmy-qr.com/it/privacy,"Generatore di Codici QR Gratis Online - CreateMy-QR (No Signup) | Informativa sulla privacy
Generatore di Codici QR Gratis Online - CreateMy-QR (No Signup) | CreateMy-QR
Privacy Policy - CreateMy-QR",text/html; charset=utf-8,false,200,0,0,,,"91
77
28",3,true
20,https://createmy-qr.com/el/paypal-qr-code-for-donations,"Κωδικός QR PayPal για μη κερδοσκοπικούς οργανισμούς και δωρεές | CreateMy-QR
Κωδικός QR PayPal για μη κερδοσκοπικούς οργανισμούς και δωρεές | CreateMy-QR",text/html; charset=utf-8,false,200,0,0,,,"76
76",2,true
20,https://createmy-qr.com/ko/pdf-qr-code-for-restaurant-menu,"레스토랑 메뉴용 PDF QR 코드 | CreateMy-QR
레스토랑 메뉴용 PDF QR 코드 | CreateMy-QR",text/html; charset=utf-8,false,200,0,0,,,"32
32",2,true
20,https://createmy-qr.com/no/scan-barcode,"Gratis strekkodeskanner på nett - Skann UPC og EAN
Gratis QR-kode Generator Online - CreateMy-QR (No Signup) | CreateMy-QR
Scan Barcode Online",text/html; charset=utf-8,false,200,0,0,,,"50
71
19",3,true
20,https://createmy-qr.com/zh/whatsapp-qr-code-for-customer-support,"WhatsApp 二维码用于客户支持 | CreateMy-QR
WhatsApp 二维码用于客户支持 | CreateMy-QR",text/html; charset=utf-8,false,200,0,0,,,"32
32",2,true
20,https://createmy-qr.com/hu/app-store-qr-kod-a-jatekok-letoltesehez,"App Store QR-kód mobiljátékok letöltéséhez | CreateMy-QR
App Store QR-kód mobiljátékok letöltéséhez | CreateMy-QR",text/html; charset=utf-8,false,200,0,0,,,"56
56",2,true
20,https://createmy-qr.com/pl/kod-qr-vcard-dla-agentow-nieruchomosci,"Kod QR vCard dla agentów nieruchomości | CreateMy-QR
Kod QR vCard dla agentów nieruchomości | CreateMy-QR",text/html; charset=utf-8,false,200,0,0,,,"52
52",2,true
20,https://createmy-qr.com/sv/vcard-qr-kod-for-fastighetsmaklare,"vCard QR-kod för fastighetsmäklare | CreateMy-QR
vCard QR-kod för fastighetsmäklare | CreateMy-QR",text/html; charset=utf-8,false,200,0,0,,,"48
48",2,true
20,https://createmy-qr.com/zh/url-qr-code-for-event-tickets-registration,"活动门票和注册的 URL 二维码 | CreateMy-QR
活动门票和注册的 URL 二维码 | CreateMy-QR",text/html; charset=utf-8,false,200,0,0,,,"30
30",2,true
20,https://createmy-qr.com/fr/code-qr-de-lapp-store-pour-les-telechargements-de-jeux,"Code QR de l’App Store pour les téléchargements de jeux mobiles | CreateMy-QR
Code QR de l’App Store pour les téléchargements de jeux mobiles | CreateMy-QR",text/html; charset=utf-8,false,200,0,0,,,"77
77",2,true
20,https://createmy-qr.com/ru/terms,"Бесплатный генератор QR-кодов онлайн - CreateMy-QR (No Signup) | Условия обслуживания
Бесплатный генератор QR-кодов онлайн - CreateMy-QR (No Signup) | CreateMy-QR
Terms of Service - CreateMy-QR",text/html; charset=utf-8,false,200,0,0,,,"85
76
30",3,true
20,https://createmy-qr.com/el/email-qr-code-for-newsletter-signup,"Email QR Code για Εγγραφές σε Newsletter | CreateMy-QR
Email QR Code για Εγγραφές σε Newsletter | CreateMy-QR",text/html; charset=utf-8,false,200,0,0,,,"54
54",2,true
20,https://createmy-qr.com/da/google-review-qr-kode-til-lokal-virksomhed,"Google anmelder QR-kode til lokale virksomheder | CreateMy-QR
Google anmelder QR-kode til lokale virksomheder | CreateMy-QR",text/html; charset=utf-8,false,200,0,0,,,"61
61",2,true
20,https://createmy-qr.com/fi/google-arvostelun-qr-koodi-paikallisille-yrityksille,"Google Review QR Code paikallisille yrityksille | CreateMy-QR
Google Review QR Code paikallisille yrityksille | CreateMy-QR",text/html; charset=utf-8,false,200,0,0,,,"61
61",2,true
20,https://createmy-qr.com/no/google-anmeldelse-qr-kode-for-lokal-virksomhet,"Google vurdere QR-kode for lokale bedrifter | CreateMy-QR
Google vurdere QR-kode for lokale bedrifter | CreateMy-QR",text/html; charset=utf-8,false,200,0,0,,,"57
57",2,true
20,https://createmy-qr.com/ja/paypal-qr-code-for-donations,"非営利および寄付用の PayPal QR コード | CreateMy-QR
非営利および寄付用の PayPal QR コード | CreateMy-QR",text/html; charset=utf-8,false,200,0,0,,,"38
38",2,true
20,https://createmy-qr.com/vi/ma-qr-wifi-cho-quan-ca-phe-khach-san,"Mã QR WiFi cho quán cà phê & khách sạn | CreateMy-QR
Mã QR WiFi cho quán cà phê & khách sạn | CreateMy-QR",text/html; charset=utf-8,false,200,0,0,,,"52
52",2,true
20,https://createmy-qr.com/ar/terms,"مولد رمز الاستجابة السريعة مجاني - CreateMy-QR (No Signup) | شروط الخدمة
مولد رمز الاستجابة السريعة مجاني - CreateMy-QR (No Signup) | CreateMy-QR
Terms of Service - CreateMy-QR",text/html; charset=utf-8,false,200,0,0,,,"72
72
30",3,true
20,https://createmy-qr.com/da/wifi-qr-kode-til-cafehotel,"WiFi QR-kode til caféer og hoteller | CreateMy-QR
WiFi QR-kode til caféer og hoteller | CreateMy-QR",text/html; charset=utf-8,false,200,0,0,,,"49
49",2,true
20,https://createmy-qr.com/fr/code-qr-vcard-pour-les-agents-immobiliers,"Code QR vCard pour les agents immobiliers | CreateMy-QR
Code QR vCard pour les agents immobiliers | CreateMy-QR",text/html; charset=utf-8,false,200,0,0,,,"55
55",2,true
20,https://createmy-qr.com/vi/scan-qr,"Máy quét mã QR trực tuyến miễn phí - Quét QR ngay lập tức
Tạo Mã QR Miễn Phí Trực Tuyến - CreateMy-QR (No Signup) | CreateMy-QR
Scan QR Code Online",text/html; charset=utf-8,false,200,0,0,,,"57
69
19",3,true
