PR,URL,Title,Content type,Is rendered page,HTTP status code,Organic traffic,Depth,Meta description,Meta description patch,Meta description patch status,Meta description length,No. of meta descriptions,Is indexable page
22,https://createmy-qr.com/languages,"Free QR Code Generator Online - CreateMy-QR (No Signup) | Supported Languages
types.languages QR Code Generator - Free & Custom | CreateMy-QR
Supported Languages | CreateMy-QR",text/html; charset=utf-8,false,200,0,0,"Learn more about CreateMy-QR supported languages.
Convert your types.languages data into a custom QR code directly in your browser. 100% processed offline for absolute privacy. Free, no limits, and highly secure.",,,"49
162",2,true
22,https://createmy-qr.com/scan-barcode,"Free Barcode Scanner Online - Scan UPC & EAN
Barcode Scanner QR Code Generator - Free & Custom | CreateMy-QR
Scan Barcode Online",text/html; charset=utf-8,false,200,0,0,"Scan Barcodes directly from your browser.
Convert your Barcode Scanner data into a custom QR code directly in your browser. 100% processed offline for absolute privacy. Free, no limits, and highly secure.
Scan barcodes online for free using your device's camera or upload an image. Supports UPC, EAN, Code 128 and more. 100% private and secure.",,,"41
162
139",3,true
22,https://createmy-qr.com/security,"Free QR Code Generator Online - CreateMy-QR (No Signup) | Security Architecture
types.security QR Code Generator - Free & Custom | CreateMy-QR
Security Architecture | CreateMy-QR",text/html; charset=utf-8,false,200,0,0,"Learn more about CreateMy-QR security architecture.
Convert your types.security data into a custom QR code directly in your browser. 100% processed offline for absolute privacy. Free, no limits, and highly secure.",,,"51
161",2,true
21,https://createmy-qr.com/tr/snapchat-ucretsiz-cevrimici-qr-kod-olusturucu,"Snapchat QR Kod Oluşturucu - Ücretsiz ve Özel | CreateMy-QR
Snapchat - Ücretsiz Çevrimiçi QR Kod Oluşturucu - CreateMy-QR",text/html; charset=utf-8,false,200,0,0,"Snapchat verilerinizi doğrudan tarayıcınızda özel bir QR koduna dönüştürün. Mutlak gizlilik için %100 çevrimdışı işlenir. Ücretsiz, sınırsız ve son derece güvenli.
Snapchat verilerinizi doğrudan tarayıcınızda özel bir QR koduna dönüştürün. Mutlak gizlilik için %100 çevrimdışı işlenir. Ücretsiz, sınırsız ve son derece güvenli.",,,"163
163",2,true
21,https://createmy-qr.com/fi/tietosuojakaytanto,"Ilmainen QR-koodigeneraattori Netissä - CreateMy-QR (No Signup) | Tietosuojakäytäntö
types.privacy QR-koodigeneraattori - ilmainen ja räätälöity | CreateMy-QR
Tietosuojakäytäntö | CreateMy-QR",text/html; charset=utf-8,false,200,0,0,"Learn more about CreateMy-QR privacy policy.
Muunna types.privacy-tietosi mukautetuksi QR-koodiksi suoraan selaimessasi. 100 % käsitelty offline-tilassa täydellisen yksityisyyden takaamiseksi. Ilmainen, ei rajoituksia ja erittäin turvallinen.",,,"44
197",2,true
21,https://createmy-qr.com/es/venmo-generador-de-codigos-qr-gratis-online,"Generador de códigos QR Venmo: gratuito y personalizado | CreateMy-QR
Venmo - Generador de Códigos QR Gratis Online - CreateMy-QR",text/html; charset=utf-8,false,200,0,0,"Convierta sus datos de Venmo en un código QR personalizado directamente en su navegador. 100% procesado fuera de línea para absoluta privacidad. Gratis, sin límites y muy seguro.
Convierta sus datos de Venmo en un código QR personalizado directamente en su navegador. 100% procesado fuera de línea para absoluta privacidad. Gratis, sin límites y muy seguro.",,,"178
178",2,true
21,https://createmy-qr.com/ru/vcard-besplatnyy-generator-qr-kodov-onlayn,"vCard Генератор QR-кодов — бесплатный и настраиваемый | CreateMy-QR
vCard - Бесплатный генератор QR-кодов онлайн - CreateMy-QR",text/html; charset=utf-8,false,200,0,0,"Преобразуйте данные vCard в собственный QR-код прямо в браузере. 100% обработка в автономном режиме для абсолютной конфиденциальности. Бесплатно, без ограничений и очень безопасно.
Преобразуйте данные vCard в собственный QR-код прямо в браузере. 100% обработка в автономном режиме для абсолютной конфиденциальности. Бесплатно, без ограничений и очень безопасно.",,,"180
180",2,true
21,https://createmy-qr.com/it/app-store-generatore-di-codici-qr-gratis-online,"Generatore di codici QR App Store - Gratuito e personalizzato | CreateMy-QR
App Store - Generatore di Codici QR Gratis Online - CreateMy-QR",text/html; charset=utf-8,false,200,0,0,"Converti i tuoi dati App Store in un codice QR personalizzato direttamente nel tuo browser. Elaborato offline al 100% per una privacy assoluta. Gratuito, senza limiti e altamente sicuro.
Converti i tuoi dati App Store in un codice QR personalizzato direttamente nel tuo browser. Elaborato offline al 100% per una privacy assoluta. Gratuito, senza limiti e altamente sicuro.",,,"186
186",2,true
21,https://createmy-qr.com/tr/crypto-ucretsiz-cevrimici-qr-kod-olusturucu,"Kripto QR Kod Oluşturucu - Ücretsiz ve Özel | CreateMy-QR
Kripto - Ücretsiz Çevrimiçi QR Kod Oluşturucu - CreateMy-QR",text/html; charset=utf-8,false,200,0,0,"Kripto verilerinizi doğrudan tarayıcınızda özel bir QR koduna dönüştürün. Mutlak gizlilik için %100 çevrimdışı işlenir. Ücretsiz, sınırsız ve son derece güvenli.
Kripto verilerinizi doğrudan tarayıcınızda özel bir QR koduna dönüştürün. Mutlak gizlilik için %100 çevrimdışı işlenir. Ücretsiz, sınırsız ve son derece güvenli.",,,"161
161",2,true
21,https://createmy-qr.com/ar/discord-mwld-rmz-lstjb-lsryaa-mjny,"خلاف QR Code Generator - مجاني ومخصص | CreateMy-QR
خلاف - مولد رمز الاستجابة السريعة مجاني - CreateMy-QR",text/html; charset=utf-8,false,200,0,0,"قم بتحويل بيانات خلاف الخاصة بك إلى رمز QR مخصص مباشرةً في متصفحك. تمت معالجتها بنسبة 100% دون الاتصال بالإنترنت لتوفير الخصوصية المطلقة. مجاني، بلا حدود، وآمن للغاية.
قم بتحويل بيانات خلاف الخاصة بك إلى رمز QR مخصص مباشرةً في متصفحك. تمت معالجتها بنسبة 100% دون الاتصال بالإنترنت لتوفير الخصوصية المطلقة. مجاني، بلا حدود، وآمن للغاية.",,,"167
167",2,true
21,https://createmy-qr.com/fr/reservation-generateur-de-code-qr-gratuit-en-ligne,"Générateur de code QR Réservation - Gratuit et personnalisé | CreateMy-QR
Réservation - Générateur de Code QR Gratuit en Ligne - CreateMy-QR",text/html; charset=utf-8,false,200,0,0,"Convertissez vos données Réservation en un code QR personnalisé directement dans votre navigateur. 100 % traité hors ligne pour une confidentialité absolue. Gratuit, sans limites et hautement sécurisé.
Convertissez vos données Réservation en un code QR personnalisé directement dans votre navigateur. 100 % traité hors ligne pour une confidentialité absolue. Gratuit, sans limites et hautement sécurisé.",,,"201
201",2,true
21,https://createmy-qr.com/pl/polityka-prywatnosci,"Darmowy Generator Kodów QR Online - CreateMy-QR (No Signup) | Polityka prywatności
Generator kodów QR types.privacy — bezpłatny i niestandardowy | CreateMy-QR
Polityka prywatności | CreateMy-QR",text/html; charset=utf-8,false,200,0,0,"Learn more about CreateMy-QR privacy policy.
Konwertuj dane types.privacy na niestandardowy kod QR bezpośrednio w przeglądarce. 100% przetwarzane w trybie offline, aby zapewnić całkowitą prywatność. Bezpłatnie, bez ograniczeń i bardzo bezpiecznie.",,,"44
202",2,true
21,https://createmy-qr.com/no/whatsapp-gratis-qr-kode-generator-online,"WhatsApp QR Code Generator - Gratis og tilpasset | CreateMy-QR
WhatsApp - Gratis QR-kode Generator Online - CreateMy-QR",text/html; charset=utf-8,false,200,0,0,"Konverter WhatsApp-dataene dine til en tilpasset QR-kode direkte i nettleseren din. 100 % behandlet offline for absolutt personvern. Gratis, ingen grenser og svært sikker.
Konverter WhatsApp-dataene dine til en tilpasset QR-kode direkte i nettleseren din. 100 % behandlet offline for absolutt personvern. Gratis, ingen grenser og svært sikker.",,,"171
171",2,true
21,https://createmy-qr.com/de/telegram-kostenloser-qr-code-generator-online,"Telegramm QR-Code-Generator – kostenlos und benutzerdefiniert | CreateMy-QR
Telegramm - Kostenloser QR-Code Generator Online - CreateMy-QR",text/html; charset=utf-8,false,200,0,0,"Wandeln Sie Ihre Telegramm-Daten direkt in Ihrem Browser in einen benutzerdefinierten QR-Code um. 100 % offline verarbeitet für absolute Privatsphäre. Kostenlos, ohne Grenzen und äußerst sicher.
Wandeln Sie Ihre Telegramm-Daten direkt in Ihrem Browser in einen benutzerdefinierten QR-Code um. 100 % offline verarbeitet für absolute Privatsphäre. Kostenlos, ohne Grenzen und äußerst sicher.",,,"194
194",2,true
21,https://createmy-qr.com/de/google-review-kostenloser-qr-code-generator-online,"Google-Rezension QR-Code-Generator – kostenlos und benutzerdefiniert | CreateMy-QR
Google-Rezension - Kostenloser QR-Code Generator Online - CreateMy-QR",text/html; charset=utf-8,false,200,0,0,"Wandeln Sie Ihre Google-Rezension-Daten direkt in Ihrem Browser in einen benutzerdefinierten QR-Code um. 100 % offline verarbeitet für absolute Privatsphäre. Kostenlos, ohne Grenzen und äußerst sicher.
Wandeln Sie Ihre Google-Rezension-Daten direkt in Ihrem Browser in einen benutzerdefinierten QR-Code um. 100 % offline verarbeitet für absolute Privatsphäre. Kostenlos, ohne Grenzen und äußerst sicher.",,,"201
201",2,true
21,https://createmy-qr.com/ms/telegram-penjana-kod-qr-percuma-dalam-talian,"Penjana Kod QR Telegram - Percuma & Tersuai | CreateMy-QR
Telegram - Penjana Kod QR Percuma Dalam Talian - CreateMy-QR",text/html; charset=utf-8,false,200,0,0,"Tukar data Telegram anda kepada kod QR tersuai terus dalam penyemak imbas anda. 100% diproses di luar talian untuk privasi mutlak. Percuma, tiada had dan sangat selamat.
Tukar data Telegram anda kepada kod QR tersuai terus dalam penyemak imbas anda. 100% diproses di luar talian untuk privasi mutlak. Percuma, tiada had dan sangat selamat.",,,"169
169",2,true
21,https://createmy-qr.com/hi/baarkodd-skainr-muph-t-onnlaain-kyuuaar-kodd-jnrettr,"मुफ़्त बारकोड स्कैनर ऑनलाइन - यूपीसी और ईएएन स्कैन करें
बारकोड स्कैनर QR कोड जेनरेटर - मुफ़्त और कस्टम | CreateMy-QR
बारकोड स्कैनर - मुफ़्त ऑनलाइन क्यूआर कोड जनरेटर - CreateMy-QR",text/html; charset=utf-8,false,200,0,0,"अपने बारकोड स्कैनर डेटा को सीधे अपने ब्राउज़र में एक कस्टम क्यूआर कोड में बदलें। पूर्ण गोपनीयता के लिए 100% ऑफ़लाइन संसाधित। निःशुल्क, कोई सीमा नहीं, और अत्यधिक सुरक्षित।
अपने बारकोड स्कैनर डेटा को सीधे अपने ब्राउज़र में एक कस्टम क्यूआर कोड में बदलें। पूर्ण गोपनीयता के लिए 100% ऑफ़लाइन संसाधित। निःशुल्क, कोई सीमा नहीं, और अत्यधिक सुरक्षित।
अपने डिवाइस के कैमरे का उपयोग करके बारकोड को निःशुल्क ऑनलाइन स्कैन करें या एक छवि अपलोड करें।यूपीसी, ईएएन, कोड 128 और अधिक का समर्थन करता है।100% निजी और सुरक्षित।",,,"170
170
163",3,true
21,https://createmy-qr.com/ar/app-store-mwld-rmz-lstjb-lsryaa-mjny,"متجر التطبيقات QR Code Generator - مجاني ومخصص | CreateMy-QR
متجر التطبيقات - مولد رمز الاستجابة السريعة مجاني - CreateMy-QR",text/html; charset=utf-8,false,200,0,0,"قم بتحويل بيانات متجر التطبيقات الخاصة بك إلى رمز QR مخصص مباشرةً في متصفحك. تمت معالجتها بنسبة 100% دون الاتصال بالإنترنت لتوفير الخصوصية المطلقة. مجاني، بلا حدود، وآمن للغاية.
قم بتحويل بيانات متجر التطبيقات الخاصة بك إلى رمز QR مخصص مباشرةً في متصفحك. تمت معالجتها بنسبة 100% دون الاتصال بالإنترنت لتوفير الخصوصية المطلقة. مجاني، بلا حدود، وآمن للغاية.",,,"177
177",2,true
21,https://createmy-qr.com/bn/discord-phri-anlaain-kiuaar-kodd-jenaarettr,"বিরোধ QR কোড জেনারেটর - বিনামূল্যে এবং কাস্টম | CreateMy-QR
বিরোধ - ফ্রি অনলাইন কিউআর কোড জেনারেটর - CreateMy-QR",text/html; charset=utf-8,false,200,0,0,"আপনার ব্রাউজারে সরাসরি একটি কাস্টম QR কোডে আপনার বিরোধ ডেটা রূপান্তর করুন। সম্পূর্ণ গোপনীয়তার জন্য 100% অফলাইনে প্রক্রিয়া করা হয়েছে। বিনামূল্যে, কোন সীমা নেই, এবং অত্যন্ত নিরাপদ।
আপনার ব্রাউজারে সরাসরি একটি কাস্টম QR কোডে আপনার বিরোধ ডেটা রূপান্তর করুন। সম্পূর্ণ গোপনীয়তার জন্য 100% অফলাইনে প্রক্রিয়া করা হয়েছে। বিনামূল্যে, কোন সীমা নেই, এবং অত্যন্ত নিরাপদ।",,,"181
181",2,true
21,https://createmy-qr.com/ar/email-mwld-rmz-lstjb-lsryaa-mjny,"البريد الإلكتروني QR Code Generator - مجاني ومخصص | CreateMy-QR
البريد الإلكتروني - مولد رمز الاستجابة السريعة مجاني - CreateMy-QR",text/html; charset=utf-8,false,200,0,0,"قم بتحويل بيانات البريد الإلكتروني الخاصة بك إلى رمز QR مخصص مباشرةً في متصفحك. تمت معالجتها بنسبة 100% دون الاتصال بالإنترنت لتوفير الخصوصية المطلقة. مجاني، بلا حدود، وآمن للغاية.
قم بتحويل بيانات البريد الإلكتروني الخاصة بك إلى رمز QR مخصص مباشرةً في متصفحك. تمت معالجتها بنسبة 100% دون الاتصال بالإنترنت لتوفير الخصوصية المطلقة. مجاني، بلا حدود، وآمن للغاية.",,,"180
180",2,true
21,https://createmy-qr.com/de/ereignis-kostenloser-qr-code-generator-online,"Ereignis QR-Code-Generator – kostenlos und benutzerdefiniert | CreateMy-QR
Ereignis - Kostenloser QR-Code Generator Online - CreateMy-QR",text/html; charset=utf-8,false,200,0,0,"Wandeln Sie Ihre Ereignis-Daten direkt in Ihrem Browser in einen benutzerdefinierten QR-Code um. 100 % offline verarbeitet für absolute Privatsphäre. Kostenlos, ohne Grenzen und äußerst sicher.
Wandeln Sie Ihre Ereignis-Daten direkt in Ihrem Browser in einen benutzerdefinierten QR-Code um. 100 % offline verarbeitet für absolute Privatsphäre. Kostenlos, ohne Grenzen und äußerst sicher.",,,"193
193",2,true
21,https://createmy-qr.com/fi/teksti-ilmainen-qr-koodigeneraattori-netissa,"Teksti QR-koodigeneraattori - ilmainen ja räätälöity | CreateMy-QR
Teksti - Ilmainen QR-koodigeneraattori Netissä - CreateMy-QR",text/html; charset=utf-8,false,200,0,0,"Muunna Teksti-tietosi mukautetuksi QR-koodiksi suoraan selaimessasi. 100 % käsitelty offline-tilassa täydellisen yksityisyyden takaamiseksi. Ilmainen, ei rajoituksia ja erittäin turvallinen.
Muunna Teksti-tietosi mukautetuksi QR-koodiksi suoraan selaimessasi. 100 % käsitelty offline-tilassa täydellisen yksityisyyden takaamiseksi. Ilmainen, ei rajoituksia ja erittäin turvallinen.",,,"190
190",2,true
21,https://createmy-qr.com/tl/telepono-libreng-online-qr-code-generator,"Telepono QR Code Generator - Libre at Custom | CreateMy-QR
Telepono - Libreng Online QR Code Generator - CreateMy-QR",text/html; charset=utf-8,false,200,0,0,"I-convert ang iyong Telepono data sa isang custom na QR code nang direkta sa iyong browser. 100% na naproseso offline para sa ganap na privacy. Libre, walang limitasyon, at lubos na secure.
I-convert ang iyong Telepono data sa isang custom na QR code nang direkta sa iyong browser. 100% na naproseso offline para sa ganap na privacy. Libre, walang limitasyon, at lubos na secure.",,,"189
189",2,true
21,https://createmy-qr.com/pl/telegram-darmowy-generator-kodow-qr-online,"Generator kodów QR Telegram — bezpłatny i niestandardowy | CreateMy-QR
Telegram - Darmowy Generator Kodów QR Online - CreateMy-QR",text/html; charset=utf-8,false,200,0,0,"Konwertuj dane Telegram na niestandardowy kod QR bezpośrednio w przeglądarce. 100% przetwarzane w trybie offline, aby zapewnić całkowitą prywatność. Bezpłatnie, bez ograniczeń i bardzo bezpiecznie.
Konwertuj dane Telegram na niestandardowy kod QR bezpośrednio w przeglądarce. 100% przetwarzane w trybie offline, aby zapewnić całkowitą prywatność. Bezpłatnie, bez ograniczeń i bardzo bezpiecznie.",,,"197
197",2,true
21,https://createmy-qr.com/vi/,"CreateMy-QR | Tất cả QR & Mã vạch Công cụ ở một nơi
CreateMy-QR | Tất cả QR & Mã vạch Công cụ ở một nơi
home - Tạo Mã QR Miễn Phí Trực Tuyến - CreateMy-QR",text/html; charset=utf-8,false,200,0,1,"Chuyển đổi dữ liệu home của bạn thành mã QR tùy chỉnh trực tiếp trong trình duyệt của bạn. 100% được xử lý ngoại tuyến để đảm bảo quyền riêng tư tuyệt đối. Miễn phí, không giới hạn và có tính bảo mật cao.
Tạo 37 loại mã QR và mã vạch miễn phí. Không đăng ký. Tải xuống ngay lập tức. 100% phía khách hàng, tuân thủ ISO/IEC 18004, có sẵn bằng 30 ngôn ngữ.
Tạo 37 loại mã QR và mã vạch miễn phí. Không đăng ký. Tải xuống ngay lập tức. 100% phía khách hàng, tuân thủ ISO/IEC 18004, có sẵn bằng 30 ngôn ngữ.",,,"204
148
148",3,true
21,https://createmy-qr.com/hi/,"CreateMy-QR | सभी क्यूआर और बारकोड एक ही स्थान पर उपकरण
CreateMy-QR | सभी क्यूआर और बारकोड एक ही स्थान पर उपकरण
home - मुफ़्त ऑनलाइन क्यूआर कोड जनरेटर - CreateMy-QR",text/html; charset=utf-8,false,200,0,1,"अपने home डेटा को सीधे अपने ब्राउज़र में एक कस्टम क्यूआर कोड में बदलें। पूर्ण गोपनीयता के लिए 100% ऑफ़लाइन संसाधित। निःशुल्क, कोई सीमा नहीं, और अत्यधिक सुरक्षित।
37 प्रकार के क्यूआर कोड और बारकोड मुफ़्त में जेनरेट करें। कोई साइनअप नहीं. तुरंत डाउनलोड करें. 100% क्लाइंट-साइड, आईएसओ/आईईसी 18004-अनुपालक, 30 भाषाओं में उपलब्ध है।
37 प्रकार के क्यूआर कोड और बारकोड मुफ़्त में जेनरेट करें। कोई साइनअप नहीं. तुरंत डाउनलोड करें. 100% क्लाइंट-साइड, आईएसओ/आईईसी 18004-अनुपालक, 30 भाषाओं में उपलब्ध है।",,,"161
165
165",3,true
21,https://createmy-qr.com/fi/venmo-ilmainen-qr-koodigeneraattori-netissa,"Venmo QR-koodigeneraattori - ilmainen ja räätälöity | CreateMy-QR
Venmo - Ilmainen QR-koodigeneraattori Netissä - CreateMy-QR",text/html; charset=utf-8,false,200,0,0,"Muunna Venmo-tietosi mukautetuksi QR-koodiksi suoraan selaimessasi. 100 % käsitelty offline-tilassa täydellisen yksityisyyden takaamiseksi. Ilmainen, ei rajoituksia ja erittäin turvallinen.
Muunna Venmo-tietosi mukautetuksi QR-koodiksi suoraan selaimessasi. 100 % käsitelty offline-tilassa täydellisen yksityisyyden takaamiseksi. Ilmainen, ei rajoituksia ja erittäin turvallinen.",,,"189
189",2,true
21,https://createmy-qr.com/hu/foglalas-ingyenes-online-qr-kod-generator,"Foglalás QR-kód generátor - ingyenes és egyedi | CreateMy-QR
Foglalás - Ingyenes Online QR-kód Generátor - CreateMy-QR",text/html; charset=utf-8,false,200,0,0,"Alakítsa át Foglalás adatait egyéni QR-kóddá közvetlenül a böngészőjében. 100%-ban offline feldolgozva az abszolút adatvédelem érdekében. Ingyenes, korlátok nélkül és rendkívül biztonságos.
Alakítsa át Foglalás adatait egyéni QR-kóddá közvetlenül a böngészőjében. 100%-ban offline feldolgozva az abszolút adatvédelem érdekében. Ingyenes, korlátok nélkül és rendkívül biztonságos.",,,"189
189",2,true
21,https://createmy-qr.com/hi/vcard-muph-t-onnlaain-kyuuaar-kodd-jnrettr,"vCard QR कोड जेनरेटर - मुफ़्त और कस्टम | CreateMy-QR
vCard - मुफ़्त ऑनलाइन क्यूआर कोड जनरेटर - CreateMy-QR",text/html; charset=utf-8,false,200,0,0,"अपने vCard डेटा को सीधे अपने ब्राउज़र में एक कस्टम क्यूआर कोड में बदलें। पूर्ण गोपनीयता के लिए 100% ऑफ़लाइन संसाधित। निःशुल्क, कोई सीमा नहीं, और अत्यधिक सुरक्षित।
अपने vCard डेटा को सीधे अपने ब्राउज़र में एक कस्टम क्यूआर कोड में बदलें। पूर्ण गोपनीयता के लिए 100% ऑफ़लाइन संसाधित। निःशुल्क, कोई सीमा नहीं, और अत्यधिक सुरक्षित।",,,"162
162",2,true
21,https://createmy-qr.com/hi/piiddiieph-muph-t-onnlaain-kyuuaar-kodd-jnrettr,"पीडीएफ QR कोड जेनरेटर - मुफ़्त और कस्टम | CreateMy-QR
पीडीएफ - मुफ़्त ऑनलाइन क्यूआर कोड जनरेटर - CreateMy-QR",text/html; charset=utf-8,false,200,0,0,"अपने पीडीएफ डेटा को सीधे अपने ब्राउज़र में एक कस्टम क्यूआर कोड में बदलें। पूर्ण गोपनीयता के लिए 100% ऑफ़लाइन संसाधित। निःशुल्क, कोई सीमा नहीं, और अत्यधिक सुरक्षित।
अपने पीडीएफ डेटा को सीधे अपने ब्राउज़र में एक कस्टम क्यूआर कोड में बदलें। पूर्ण गोपनीयता के लिए 100% ऑफ़लाइन संसाधित। निःशुल्क, कोई सीमा नहीं, और अत्यधिक सुरक्षित।",,,"163
163",2,true
21,https://createmy-qr.com/it/lettore-di-codici-a-barre-generatore-di-codici-qr-gratis-online,"Scanner di codici a barre online gratuito: scansiona UPC e EAN
Generatore di codici QR Lettore di codici a barre - Gratuito e personalizzato | CreateMy-QR
Lettore di codici a barre - Generatore di Codici QR Gratis Online - CreateMy-QR",text/html; charset=utf-8,false,200,0,0,"Converti i tuoi dati Lettore di codici a barre in un codice QR personalizzato direttamente nel tuo browser. Elaborato offline al 100% per una privacy assoluta. Gratuito, senza limiti e altamente sicuro.
Converti i tuoi dati Lettore di codici a barre in un codice QR personalizzato direttamente nel tuo browser. Elaborato offline al 100% per una privacy assoluta. Gratuito, senza limiti e altamente sicuro.
Scansiona i codici a barre online gratuitamente utilizzando la fotocamera del tuo dispositivo o carica un'immagine.Supporta UPC, EAN, Codice 128 e altro.100% privato e sicuro.",,,"202
202
175",3,true
21,https://createmy-qr.com/bn/whatsapp-phri-anlaain-kiuaar-kodd-jenaarettr,"হোয়াটসঅ্যাপ QR কোড জেনারেটর - বিনামূল্যে এবং কাস্টম | CreateMy-QR
হোয়াটসঅ্যাপ - ফ্রি অনলাইন কিউআর কোড জেনারেটর - CreateMy-QR",text/html; charset=utf-8,false,200,0,0,"আপনার ব্রাউজারে সরাসরি একটি কাস্টম QR কোডে আপনার হোয়াটসঅ্যাপ ডেটা রূপান্তর করুন। সম্পূর্ণ গোপনীয়তার জন্য 100% অফলাইনে প্রক্রিয়া করা হয়েছে। বিনামূল্যে, কোন সীমা নেই, এবং অত্যন্ত নিরাপদ।
আপনার ব্রাউজারে সরাসরি একটি কাস্টম QR কোডে আপনার হোয়াটসঅ্যাপ ডেটা রূপান্তর করুন। সম্পূর্ণ গোপনীয়তার জন্য 100% অফলাইনে প্রক্রিয়া করা হয়েছে। বিনামূল্যে, কোন সীমা নেই, এবং অত্যন্ত নিরাপদ।",,,"188
188",2,true
21,https://createmy-qr.com/da/gratis-qr-kode-generator-online-2,"Gratis QR-kodescanner online - Scan QR øjeblikkeligt
types.scanqr QR Code Generator - Gratis og brugerdefineret | CreateMy-QR
scanqr - Gratis QR Kode Generator Online - CreateMy-QR",text/html; charset=utf-8,false,200,0,0,"Konverter dine scanqr-data til en tilpasset QR-kode direkte i din browser. 100 % behandlet offline for absolut privatliv. Gratis, ingen grænser og meget sikker.
Konverter dine types.scanqr-data til en tilpasset QR-kode direkte i din browser. 100 % behandlet offline for absolut privatliv. Gratis, ingen grænser og meget sikker.
Scan QR-koder med det samme ved hjælp af dit kamera eller ved at uploade et billede. 100 % sikker, privat og klient-side behandling.",,,"160
166
132",3,true
21,https://createmy-qr.com/pt/politica-de-privacidade,"Gerador de Código QR Grátis Online - CreateMy-QR (No Signup) | Política de Privacidade
Gerador de código QR types.privacy - gratuito e personalizado | CreateMy-QR
Política de Privacidade | CreateMy-QR",text/html; charset=utf-8,false,200,0,0,"Learn more about CreateMy-QR privacy policy.
Converta seus dados do types.privacy em um código QR personalizado diretamente no seu navegador. 100% processado offline para privacidade absoluta. Gratuito, sem limites e altamente seguro.",,,"44
189",2,true
21,https://createmy-qr.com/no/vcard-gratis-qr-kode-generator-online,"vCard QR Code Generator - Gratis og tilpasset | CreateMy-QR
vCard - Gratis QR-kode Generator Online - CreateMy-QR",text/html; charset=utf-8,false,200,0,0,"Konverter vCard-dataene dine til en tilpasset QR-kode direkte i nettleseren din. 100 % behandlet offline for absolutt personvern. Gratis, ingen grenser og svært sikker.
Konverter vCard-dataene dine til en tilpasset QR-kode direkte i nettleseren din. 100 % behandlet offline for absolutt personvern. Gratis, ingen grenser og svært sikker.",,,"168
168",2,true
21,https://createmy-qr.com/tl/tiktok-libreng-online-qr-code-generator,"TikTok QR Code Generator - Libre at Custom | CreateMy-QR
TikTok - Libreng Online QR Code Generator - CreateMy-QR",text/html; charset=utf-8,false,200,0,0,"I-convert ang iyong TikTok data sa isang custom na QR code nang direkta sa iyong browser. 100% na naproseso offline para sa ganap na privacy. Libre, walang limitasyon, at lubos na secure.
I-convert ang iyong TikTok data sa isang custom na QR code nang direkta sa iyong browser. 100% na naproseso offline para sa ganap na privacy. Libre, walang limitasyon, at lubos na secure.",,,"187
187",2,true
21,https://createmy-qr.com/tr/100-ucretsiz-fiyatlandirma,"Ücretsiz Çevrimiçi QR Kod Oluşturucu - CreateMy-QR (No Signup) | %100 Ücretsiz Fiyatlandırma
types.pricing QR Kod Oluşturucu - Ücretsiz ve Özel | CreateMy-QR
%100 Ücretsiz Fiyatlandırma | CreateMy-QR",text/html; charset=utf-8,false,200,0,0,"Learn more about CreateMy-QR 100% free pricing.
types.pricing verilerinizi doğrudan tarayıcınızda özel bir QR koduna dönüştürün. Mutlak gizlilik için %100 çevrimdışı işlenir. Ücretsiz, sınırsız ve son derece güvenli.",,,"47
168",2,true
21,https://createmy-qr.com/de/kostenloser-qr-code-generator-online-2,"Kostenloser QR-Code-Scanner online – QR sofort scannen
types.scanqr QR-Code-Generator – kostenlos und benutzerdefiniert | CreateMy-QR
scanqr - Kostenloser QR-Code Generator Online - CreateMy-QR",text/html; charset=utf-8,false,200,0,0,"Wandeln Sie Ihre scanqr-Daten direkt in Ihrem Browser in einen benutzerdefinierten QR-Code um. 100 % offline verarbeitet für absolute Privatsphäre. Kostenlos, ohne Grenzen und äußerst sicher.
Wandeln Sie Ihre types.scanqr-Daten direkt in Ihrem Browser in einen benutzerdefinierten QR-Code um. 100 % offline verarbeitet für absolute Privatsphäre. Kostenlos, ohne Grenzen und äußerst sicher.
Scannen Sie QR-Codes sofort mit Ihrer Kamera oder indem Sie ein Bild hochladen. 100 % sichere, private und clientseitige Verarbeitung.",,,"191
197
134",3,true
21,https://createmy-qr.com/bn/phri-anlaain-kiuaar-kodd-jenaarettr-2,"বিনামূল্যে QR কোড স্ক্যানার অনলাইন - অবিলম্বে QR স্ক্যান করুন
types.scanqr QR কোড জেনারেটর - বিনামূল্যে এবং কাস্টম | CreateMy-QR
scanqr - ফ্রি অনলাইন কিউআর কোড জেনারেটর - CreateMy-QR",text/html; charset=utf-8,false,200,0,0,"আপনার ব্রাউজারে সরাসরি একটি কাস্টম QR কোডে আপনার scanqr ডেটা রূপান্তর করুন। সম্পূর্ণ গোপনীয়তার জন্য 100% অফলাইনে প্রক্রিয়া করা হয়েছে। বিনামূল্যে, কোন সীমা নেই, এবং অত্যন্ত নিরাপদ।
আপনার ব্রাউজারে সরাসরি একটি কাস্টম QR কোডে আপনার types.scanqr ডেটা রূপান্তর করুন। সম্পূর্ণ গোপনীয়তার জন্য 100% অফলাইনে প্রক্রিয়া করা হয়েছে। বিনামূল্যে, কোন সীমা নেই, এবং অত্যন্ত নিরাপদ।
আপনার ক্যামেরা ব্যবহার করে বা একটি ছবি আপলোড করে অবিলম্বে QR কোড স্ক্যান করুন। 100% নিরাপদ, ব্যক্তিগত, এবং ক্লায়েন্ট-সাইড প্রক্রিয়াকরণ।",,,"182
188
137",3,true
21,https://createmy-qr.com/fr/politique-de-confidentialite,"Générateur de Code QR Gratuit en Ligne - CreateMy-QR (No Signup) | Politique de confidentialité
Générateur de code QR types.privacy - Gratuit et personnalisé | CreateMy-QR
Politique de confidentialité | CreateMy-QR",text/html; charset=utf-8,false,200,0,0,"Learn more about CreateMy-QR privacy policy.
Convertissez vos données types.privacy en un code QR personnalisé directement dans votre navigateur. 100 % traité hors ligne pour une confidentialité absolue. Gratuit, sans limites et hautement sécurisé.",,,"44
203",2,true
21,https://createmy-qr.com/bn/facebook-phri-anlaain-kiuaar-kodd-jenaarettr,"ফেসবুক QR কোড জেনারেটর - বিনামূল্যে এবং কাস্টম | CreateMy-QR
ফেসবুক - ফ্রি অনলাইন কিউআর কোড জেনারেটর - CreateMy-QR",text/html; charset=utf-8,false,200,0,0,"আপনার ব্রাউজারে সরাসরি একটি কাস্টম QR কোডে আপনার ফেসবুক ডেটা রূপান্তর করুন। সম্পূর্ণ গোপনীয়তার জন্য 100% অফলাইনে প্রক্রিয়া করা হয়েছে। বিনামূল্যে, কোন সীমা নেই, এবং অত্যন্ত নিরাপদ।
আপনার ব্রাউজারে সরাসরি একটি কাস্টম QR কোডে আপনার ফেসবুক ডেটা রূপান্তর করুন। সম্পূর্ণ গোপনীয়তার জন্য 100% অফলাইনে প্রক্রিয়া করা হয়েছে। বিনামূল্যে, কোন সীমা নেই, এবং অত্যন্ত নিরাপদ।",,,"182
182",2,true
21,https://createmy-qr.com/tr/google-review-ucretsiz-cevrimici-qr-kod-olusturucu,"Google İncelemesi QR Kod Oluşturucu - Ücretsiz ve Özel | CreateMy-QR
Google İncelemesi - Ücretsiz Çevrimiçi QR Kod Oluşturucu - CreateMy-QR",text/html; charset=utf-8,false,200,0,0,"Google İncelemesi verilerinizi doğrudan tarayıcınızda özel bir QR koduna dönüştürün. Mutlak gizlilik için %100 çevrimdışı işlenir. Ücretsiz, sınırsız ve son derece güvenli.
Google İncelemesi verilerinizi doğrudan tarayıcınızda özel bir QR koduna dönüştürün. Mutlak gizlilik için %100 çevrimdışı işlenir. Ücretsiz, sınırsız ve son derece güvenli.",,,"172
172",2,true
21,https://createmy-qr.com/it/discord-generatore-di-codici-qr-gratis-online,"Generatore di codici QR Discordia - Gratuito e personalizzato | CreateMy-QR
Discordia - Generatore di Codici QR Gratis Online - CreateMy-QR",text/html; charset=utf-8,false,200,0,0,"Converti i tuoi dati Discordia in un codice QR personalizzato direttamente nel tuo browser. Elaborato offline al 100% per una privacy assoluta. Gratuito, senza limiti e altamente sicuro.
Converti i tuoi dati Discordia in un codice QR personalizzato direttamente nel tuo browser. Elaborato offline al 100% per una privacy assoluta. Gratuito, senza limiti e altamente sicuro.",,,"186
186",2,true
21,https://createmy-qr.com/pt/youtube-gerador-de-codigo-qr-gratis-online,"Gerador de código QR YouTube - gratuito e personalizado | CreateMy-QR
YouTube - Gerador de Código QR Grátis Online - CreateMy-QR",text/html; charset=utf-8,false,200,0,0,"Converta seus dados do YouTube em um código QR personalizado diretamente no seu navegador. 100% processado offline para privacidade absoluta. Gratuito, sem limites e altamente seguro.
Converta seus dados do YouTube em um código QR personalizado diretamente no seu navegador. 100% processado offline para privacidade absoluta. Gratuito, sem limites e altamente seguro.",,,"183
183",2,true
21,https://createmy-qr.com/fr/x-twitter-generateur-de-code-qr-gratuit-en-ligne,"Générateur de code QR X (Twitter) - Gratuit et personnalisé | CreateMy-QR
X (Twitter) - Générateur de Code QR Gratuit en Ligne - CreateMy-QR",text/html; charset=utf-8,false,200,0,0,"Convertissez vos données X (Twitter) en un code QR personnalisé directement dans votre navigateur. 100 % traité hors ligne pour une confidentialité absolue. Gratuit, sans limites et hautement sécurisé.
Convertissez vos données X (Twitter) en un code QR personnalisé directement dans votre navigateur. 100 % traité hors ligne pour une confidentialité absolue. Gratuit, sans limites et hautement sécurisé.",,,"201
201",2,true
21,https://createmy-qr.com/vi/url-link-tao-ma-qr-mien-phi-truc-tuyen,"Tạo Mã QR Miễn Phí Trực Tuyến - CreateMy-QR (No Signup) | CreateMy-QR
Tạo Mã QR Miễn Phí Trực Tuyến - CreateMy-QR (No Signup)",text/html; charset=utf-8,false,200,0,0,"Tạo Mã QR Có Logo & Màu Sắc - Không Cần Đăng Ký, Không Giới Hạn. 100% privacy-safe, client-side generation without signup. Try CreateMy-QR today.
Chuyển đổi dữ liệu URL / Liên kết của bạn thành mã QR tùy chỉnh trực tiếp trong trình duyệt của bạn. 100% được xử lý ngoại tuyến để đảm bảo quyền riêng tư tuyệt đối. Miễn phí, không giới hạn và có tính bảo mật cao.",,,"145
214",2,true
21,https://createmy-qr.com/de/standort-kostenloser-qr-code-generator-online,"Standort QR-Code-Generator – kostenlos und benutzerdefiniert | CreateMy-QR
Standort - Kostenloser QR-Code Generator Online - CreateMy-QR",text/html; charset=utf-8,false,200,0,0,"Wandeln Sie Ihre Standort-Daten direkt in Ihrem Browser in einen benutzerdefinierten QR-Code um. 100 % offline verarbeitet für absolute Privatsphäre. Kostenlos, ohne Grenzen und äußerst sicher.
Wandeln Sie Ihre Standort-Daten direkt in Ihrem Browser in einen benutzerdefinierten QR-Code um. 100 % offline verarbeitet für absolute Privatsphäre. Kostenlos, ohne Grenzen und äußerst sicher.",,,"193
193",2,true
21,https://createmy-qr.com/fi/paypal-ilmainen-qr-koodigeneraattori-netissa,"PayPal QR-koodigeneraattori - ilmainen ja räätälöity | CreateMy-QR
PayPal - Ilmainen QR-koodigeneraattori Netissä - CreateMy-QR",text/html; charset=utf-8,false,200,0,0,"Muunna PayPal-tietosi mukautetuksi QR-koodiksi suoraan selaimessasi. 100 % käsitelty offline-tilassa täydellisen yksityisyyden takaamiseksi. Ilmainen, ei rajoituksia ja erittäin turvallinen.
Muunna PayPal-tietosi mukautetuksi QR-koodiksi suoraan selaimessasi. 100 % käsitelty offline-tilassa täydellisen yksityisyyden takaamiseksi. Ilmainen, ei rajoituksia ja erittäin turvallinen.",,,"190
190",2,true
21,https://createmy-qr.com/ro/termeni-si-conditii,"Generator de Coduri QR Gratuit Online - CreateMy-QR (No Signup) | Termeni și condiții
types.terms QR Code Generator - Gratuit și personalizat | CreateMy-QR
Termeni și condiții | CreateMy-QR",text/html; charset=utf-8,false,200,0,0,"Learn more about CreateMy-QR terms of service.
Transformați datele dvs. types.terms într-un cod QR personalizat direct în browser. Procesat 100% offline pentru confidențialitate absolută. Gratuit, fără limite și foarte sigur.",,,"46
178",2,true
21,https://createmy-qr.com/fi/instagram-ilmainen-qr-koodigeneraattori-netissa,"Instagram QR-koodigeneraattori - ilmainen ja räätälöity | CreateMy-QR
Instagram - Ilmainen QR-koodigeneraattori Netissä - CreateMy-QR",text/html; charset=utf-8,false,200,0,0,"Muunna Instagram-tietosi mukautetuksi QR-koodiksi suoraan selaimessasi. 100 % käsitelty offline-tilassa täydellisen yksityisyyden takaamiseksi. Ilmainen, ei rajoituksia ja erittäin turvallinen.
Muunna Instagram-tietosi mukautetuksi QR-koodiksi suoraan selaimessasi. 100 % käsitelty offline-tilassa täydellisen yksityisyyden takaamiseksi. Ilmainen, ei rajoituksia ja erittäin turvallinen.",,,"193
193",2,true
21,https://createmy-qr.com/th/youtube-ekhruue-ngmuue-sraangkhiw-aarokhd-nailnfrii,"ยูทูบ เครื่องสร้างโค้ด QR - ฟรีและกำหนดเอง | CreateMy-QR
ยูทูบ - เครื่องมือสร้างคิวอาร์โค้ดออนไลน์ฟรี - CreateMy-QR",text/html; charset=utf-8,false,200,0,0,"แปลงข้อมูล ยูทูบ ของคุณให้เป็นโค้ด QR ที่กำหนดเองได้โดยตรงในเบราว์เซอร์ของคุณ ประมวลผลแบบออฟไลน์ 100% เพื่อความเป็นส่วนตัวอย่างแท้จริง ฟรี ไม่จำกัด และมีความปลอดภัยสูง
แปลงข้อมูล ยูทูบ ของคุณให้เป็นโค้ด QR ที่กำหนดเองได้โดยตรงในเบราว์เซอร์ของคุณ ประมวลผลแบบออฟไลน์ 100% เพื่อความเป็นส่วนตัวอย่างแท้จริง ฟรี ไม่จำกัด และมีความปลอดภัยสูง",,,"167
167",2,true
21,https://createmy-qr.com/uk/url-link-bezkoshtovniy-generator-qr-kodiv-onlayn,"Безкоштовний Генератор QR-кодів Онлайн - CreateMy-QR (No Signup) | CreateMy-QR
Безкоштовний Генератор QR-кодів Онлайн - CreateMy-QR (No Signup)",text/html; charset=utf-8,false,200,0,0,"Створюйте QR-коди з Логотипом і Кольором - Без Реєстрації, Безлімітно. 100% privacy-safe, client-side generation without signup. Try CreateMy-QR today.
Перетворіть свої дані URL / Посилання на власний QR-код безпосередньо у своєму браузері. 100% обробка офлайн для повної конфіденційності. Безкоштовно, без обмежень і дуже безпечно.",,,"151
180",2,true
21,https://createmy-qr.com/vi/dieu-khoan-dich-vu,"Tạo Mã QR Miễn Phí Trực Tuyến - CreateMy-QR (No Signup) | Điều khoản dịch vụ
Trình tạo mã QR types.terms - Miễn phí & Tùy chỉnh | CreateMy-QR
Điều khoản dịch vụ | CreateMy-QR",text/html; charset=utf-8,false,200,0,0,"Learn more about CreateMy-QR terms of service.
Chuyển đổi dữ liệu types.terms của bạn thành mã QR tùy chỉnh trực tiếp trong trình duyệt của bạn. 100% được xử lý ngoại tuyến để đảm bảo quyền riêng tư tuyệt đối. Miễn phí, không giới hạn và có tính bảo mật cao.",,,"46
211",2,true
21,https://createmy-qr.com/pl/plik-darmowy-generator-kodow-qr-online,"Generator kodów QR Plik — bezpłatny i niestandardowy | CreateMy-QR
Plik - Darmowy Generator Kodów QR Online - CreateMy-QR",text/html; charset=utf-8,false,200,0,0,"Konwertuj dane Plik na niestandardowy kod QR bezpośrednio w przeglądarce. 100% przetwarzane w trybie offline, aby zapewnić całkowitą prywatność. Bezpłatnie, bez ograniczeń i bardzo bezpiecznie.
Konwertuj dane Plik na niestandardowy kod QR bezpośrednio w przeglądarce. 100% przetwarzane w trybie offline, aby zapewnić całkowitą prywatność. Bezpłatnie, bez ograniczeń i bardzo bezpiecznie.",,,"193
193",2,true
21,https://createmy-qr.com/ar/snapchat-mwld-rmz-lstjb-lsryaa-mjny,"سناب شات QR Code Generator - مجاني ومخصص | CreateMy-QR
سناب شات - مولد رمز الاستجابة السريعة مجاني - CreateMy-QR",text/html; charset=utf-8,false,200,0,0,"قم بتحويل بيانات سناب شات الخاصة بك إلى رمز QR مخصص مباشرةً في متصفحك. تمت معالجتها بنسبة 100% دون الاتصال بالإنترنت لتوفير الخصوصية المطلقة. مجاني، بلا حدود، وآمن للغاية.
قم بتحويل بيانات سناب شات الخاصة بك إلى رمز QR مخصص مباشرةً في متصفحك. تمت معالجتها بنسبة 100% دون الاتصال بالإنترنت لتوفير الخصوصية المطلقة. مجاني، بلا حدود، وآمن للغاية.",,,"171
171",2,true
21,https://createmy-qr.com/cs/online-rezervace-zdarma-online-generator-qr-kodu,"Online rezervace generátor QR kódu – zdarma a na míru | CreateMy-QR
Online rezervace - Zdarma Online Generátor QR Kódů - CreateMy-QR",text/html; charset=utf-8,false,200,0,0,"Převeďte svá data Online rezervace na vlastní QR kód přímo ve vašem prohlížeči. 100% zpracováno offline pro absolutní soukromí. Zdarma, bez omezení a vysoce bezpečné.
Převeďte svá data Online rezervace na vlastní QR kód přímo ve vašem prohlížeči. 100% zpracováno offline pro absolutní soukromí. Zdarma, bez omezení a vysoce bezpečné.",,,"166
166",2,true
21,https://createmy-qr.com/ms/syarat-perkhidmatan,"Penjana Kod QR Percuma Dalam Talian - CreateMy-QR (No Signup) | Syarat Perkhidmatan
Penjana Kod QR types.terms - Percuma & Tersuai | CreateMy-QR
Syarat Perkhidmatan | CreateMy-QR",text/html; charset=utf-8,false,200,0,0,"Learn more about CreateMy-QR terms of service.
Tukar data types.terms anda kepada kod QR tersuai terus dalam penyemak imbas anda. 100% diproses di luar talian untuk privasi mutlak. Percuma, tiada had dan sangat selamat.",,,"46
172",2,true
21,https://createmy-qr.com/no/lyd-gratis-qr-kode-generator-online,"Lyd QR Code Generator - Gratis og tilpasset | CreateMy-QR
Lyd - Gratis QR-kode Generator Online - CreateMy-QR",text/html; charset=utf-8,false,200,0,0,"Konverter Lyd-dataene dine til en tilpasset QR-kode direkte i nettleseren din. 100 % behandlet offline for absolutt personvern. Gratis, ingen grenser og svært sikker.
Konverter Lyd-dataene dine til en tilpasset QR-kode direkte i nettleseren din. 100 % behandlet offline for absolutt personvern. Gratis, ingen grenser og svært sikker.",,,"166
166",2,true
21,https://createmy-qr.com/vi/chinh-sach-bao-mat,"Tạo Mã QR Miễn Phí Trực Tuyến - CreateMy-QR (No Signup) | Chính sách bảo mật
Trình tạo mã QR types.privacy - Miễn phí & Tùy chỉnh | CreateMy-QR
Chính sách bảo mật | CreateMy-QR",text/html; charset=utf-8,false,200,0,0,"Learn more about CreateMy-QR privacy policy.
Chuyển đổi dữ liệu types.privacy của bạn thành mã QR tùy chỉnh trực tiếp trong trình duyệt của bạn. 100% được xử lý ngoại tuyến để đảm bảo quyền riêng tư tuyệt đối. Miễn phí, không giới hạn và có tính bảo mật cao.",,,"44
213",2,true
21,https://createmy-qr.com/uk/whatsapp-bezkoshtovniy-generator-qr-kodiv-onlayn,"Генератор QR-коду WhatsApp – безкоштовний і користувацький | CreateMy-QR
WhatsApp - Безкоштовний Генератор QR-кодів Онлайн - CreateMy-QR",text/html; charset=utf-8,false,200,0,0,"Перетворіть свої дані WhatsApp на власний QR-код безпосередньо у своєму браузері. 100% обробка офлайн для повної конфіденційності. Безкоштовно, без обмежень і дуже безпечно.
Перетворіть свої дані WhatsApp на власний QR-код безпосередньо у своєму браузері. 100% обробка офлайн для повної конфіденційності. Безкоштовно, без обмежень і дуже безпечно.",,,"173
173",2,true
21,https://createmy-qr.com/fr/cas-d-utilisation,"Générateur de Code QR Gratuit en Ligne - CreateMy-QR (No Signup) | Cas d'utilisation
Générateur de code QR types.usecases - Gratuit et personnalisé | CreateMy-QR
Cas d'utilisation | CreateMy-QR",text/html; charset=utf-8,false,200,0,0,"Learn more about CreateMy-QR use cases.
Convertissez vos données types.usecases en un code QR personnalisé directement dans votre navigateur. 100 % traité hors ligne pour une confidentialité absolue. Gratuit, sans limites et hautement sécurisé.",,,"39
204",2,true
21,https://createmy-qr.com/ar/lmwqaa-mwld-rmz-lstjb-lsryaa-mjny,"الموقع QR Code Generator - مجاني ومخصص | CreateMy-QR
الموقع - مولد رمز الاستجابة السريعة مجاني - CreateMy-QR",text/html; charset=utf-8,false,200,0,0,"قم بتحويل بيانات الموقع الخاصة بك إلى رمز QR مخصص مباشرةً في متصفحك. تمت معالجتها بنسبة 100% دون الاتصال بالإنترنت لتوفير الخصوصية المطلقة. مجاني، بلا حدود، وآمن للغاية.
قم بتحويل بيانات الموقع الخاصة بك إلى رمز QR مخصص مباشرةً في متصفحك. تمت معالجتها بنسبة 100% دون الاتصال بالإنترنت لتوفير الخصوصية المطلقة. مجاني، بلا حدود، وآمن للغاية.",,,"169
169",2,true
21,https://createmy-qr.com/vi/dat-cho-tao-ma-qr-mien-phi-truc-tuyen,"Trình tạo mã QR Đặt chỗ - Miễn phí & Tùy chỉnh | CreateMy-QR
Đặt chỗ - Tạo Mã QR Miễn Phí Trực Tuyến - CreateMy-QR",text/html; charset=utf-8,false,200,0,0,"Chuyển đổi dữ liệu Đặt chỗ của bạn thành mã QR tùy chỉnh trực tiếp trong trình duyệt của bạn. 100% được xử lý ngoại tuyến để đảm bảo quyền riêng tư tuyệt đối. Miễn phí, không giới hạn và có tính bảo mật cao.
Chuyển đổi dữ liệu Đặt chỗ của bạn thành mã QR tùy chỉnh trực tiếp trong trình duyệt của bạn. 100% được xử lý ngoại tuyến để đảm bảo quyền riêng tư tuyệt đối. Miễn phí, không giới hạn và có tính bảo mật cao.",,,"207
207",2,true
21,https://createmy-qr.com/fi/facebook-ilmainen-qr-koodigeneraattori-netissa,"Facebook QR-koodigeneraattori - ilmainen ja räätälöity | CreateMy-QR
Facebook - Ilmainen QR-koodigeneraattori Netissä - CreateMy-QR",text/html; charset=utf-8,false,200,0,0,"Muunna Facebook-tietosi mukautetuksi QR-koodiksi suoraan selaimessasi. 100 % käsitelty offline-tilassa täydellisen yksityisyyden takaamiseksi. Ilmainen, ei rajoituksia ja erittäin turvallinen.
Muunna Facebook-tietosi mukautetuksi QR-koodiksi suoraan selaimessasi. 100 % käsitelty offline-tilassa täydellisen yksityisyyden takaamiseksi. Ilmainen, ei rajoituksia ja erittäin turvallinen.",,,"192
192",2,true
21,https://createmy-qr.com/fr/telephone-generateur-de-code-qr-gratuit-en-ligne,"Générateur de code QR Téléphone - Gratuit et personnalisé | CreateMy-QR
Téléphone - Générateur de Code QR Gratuit en Ligne - CreateMy-QR",text/html; charset=utf-8,false,200,0,0,"Convertissez vos données Téléphone en un code QR personnalisé directement dans votre navigateur. 100 % traité hors ligne pour une confidentialité absolue. Gratuit, sans limites et hautement sécurisé.
Convertissez vos données Téléphone en un code QR personnalisé directement dans votre navigateur. 100 % traité hors ligne pour une confidentialité absolue. Gratuit, sans limites et hautement sécurisé.",,,"199
199",2,true
21,https://createmy-qr.com/uk/100-bezkoshtovni-cini,"Безкоштовний Генератор QR-кодів Онлайн - CreateMy-QR (No Signup) | 100% безкоштовні ціни
Генератор QR-коду types.pricing – безкоштовний і користувацький | CreateMy-QR
100% безкоштовні ціни | CreateMy-QR",text/html; charset=utf-8,false,200,0,0,"Learn more about CreateMy-QR 100% free pricing.
Перетворіть свої дані types.pricing на власний QR-код безпосередньо у своєму браузері. 100% обробка офлайн для повної конфіденційності. Безкоштовно, без обмежень і дуже безпечно.",,,"47
178",2,true
21,https://createmy-qr.com/no/google-forms-gratis-qr-kode-generator-online,"Google Skjemaer QR Code Generator - Gratis og tilpasset | CreateMy-QR
Google Skjemaer - Gratis QR-kode Generator Online - CreateMy-QR",text/html; charset=utf-8,false,200,0,0,"Konverter Google Skjemaer-dataene dine til en tilpasset QR-kode direkte i nettleseren din. 100 % behandlet offline for absolutt personvern. Gratis, ingen grenser og svært sikker.
Konverter Google Skjemaer-dataene dine til en tilpasset QR-kode direkte i nettleseren din. 100 % behandlet offline for absolutt personvern. Gratis, ingen grenser og svært sikker.",,,"178
178",2,true
21,https://createmy-qr.com/pt/email-gerador-de-codigo-qr-gratis-online,"Gerador de código QR E-mail - gratuito e personalizado | CreateMy-QR
E-mail - Gerador de Código QR Grátis Online - CreateMy-QR",text/html; charset=utf-8,false,200,0,0,"Converta seus dados do E-mail em um código QR personalizado diretamente no seu navegador. 100% processado offline para privacidade absoluta. Gratuito, sem limites e altamente seguro.
Converta seus dados do E-mail em um código QR personalizado diretamente no seu navegador. 100% processado offline para privacidade absoluta. Gratuito, sem limites e altamente seguro.",,,"182
182",2,true
21,https://createmy-qr.com/ru/video-besplatnyy-generator-qr-kodov-onlayn,"Видео Генератор QR-кодов — бесплатный и настраиваемый | CreateMy-QR
Видео - Бесплатный генератор QR-кодов онлайн - CreateMy-QR",text/html; charset=utf-8,false,200,0,0,"Преобразуйте данные Видео в собственный QR-код прямо в браузере. 100% обработка в автономном режиме для абсолютной конфиденциальности. Бесплатно, без ограничений и очень безопасно.
Преобразуйте данные Видео в собственный QR-код прямо в браузере. 100% обработка в автономном режиме для абсолютной конфиденциальности. Бесплатно, без ограничений и очень безопасно.",,,"180
180",2,true
21,https://createmy-qr.com/vi/pdf-tao-ma-qr-mien-phi-truc-tuyen,"Trình tạo mã QR PDF - Miễn phí & Tùy chỉnh | CreateMy-QR
PDF - Tạo Mã QR Miễn Phí Trực Tuyến - CreateMy-QR",text/html; charset=utf-8,false,200,0,0,"Chuyển đổi dữ liệu PDF của bạn thành mã QR tùy chỉnh trực tiếp trong trình duyệt của bạn. 100% được xử lý ngoại tuyến để đảm bảo quyền riêng tư tuyệt đối. Miễn phí, không giới hạn và có tính bảo mật cao.
Chuyển đổi dữ liệu PDF của bạn thành mã QR tùy chỉnh trực tiếp trong trình duyệt của bạn. 100% được xử lý ngoại tuyến để đảm bảo quyền riêng tư tuyệt đối. Miễn phí, không giới hạn và có tính bảo mật cao.",,,"203
203",2,true
21,https://createmy-qr.com/fi/url-link-ilmainen-qr-koodigeneraattori-netissa,"Ilmainen QR-koodigeneraattori Netissä - CreateMy-QR (No Signup) | CreateMy-QR
Ilmainen QR-koodigeneraattori Netissä - CreateMy-QR (No Signup)",text/html; charset=utf-8,false,200,0,0,"Luo QR-koodeja Logolla ja Värillä - Ei Rekisteröintiä, Rajaton. 100% privacy-safe, client-side generation without signup. Try CreateMy-QR today.
Muunna URL / linkki-tietosi mukautetuksi QR-koodiksi suoraan selaimessasi. 100 % käsitelty offline-tilassa täydellisen yksityisyyden takaamiseksi. Ilmainen, ei rajoituksia ja erittäin turvallinen.",,,"144
196",2,true
21,https://createmy-qr.com/da/whatsapp-gratis-qr-kode-generator-online,"WhatsApp QR Code Generator - Gratis og brugerdefineret | CreateMy-QR
WhatsApp - Gratis QR Kode Generator Online - CreateMy-QR",text/html; charset=utf-8,false,200,0,0,"Konverter dine WhatsApp-data til en tilpasset QR-kode direkte i din browser. 100 % behandlet offline for absolut privatliv. Gratis, ingen grænser og meget sikker.
Konverter dine WhatsApp-data til en tilpasset QR-kode direkte i din browser. 100 % behandlet offline for absolut privatliv. Gratis, ingen grænser og meget sikker.",,,"162
162",2,true
21,https://createmy-qr.com/vi/tap-tin-tao-ma-qr-mien-phi-truc-tuyen,"Trình tạo mã QR Tập tin - Miễn phí & Tùy chỉnh | CreateMy-QR
Tập tin - Tạo Mã QR Miễn Phí Trực Tuyến - CreateMy-QR",text/html; charset=utf-8,false,200,0,0,"Chuyển đổi dữ liệu Tập tin của bạn thành mã QR tùy chỉnh trực tiếp trong trình duyệt của bạn. 100% được xử lý ngoại tuyến để đảm bảo quyền riêng tư tuyệt đối. Miễn phí, không giới hạn và có tính bảo mật cao.
Chuyển đổi dữ liệu Tập tin của bạn thành mã QR tùy chỉnh trực tiếp trong trình duyệt của bạn. 100% được xử lý ngoại tuyến để đảm bảo quyền riêng tư tuyệt đối. Miễn phí, không giới hạn và có tính bảo mật cao.",,,"207
207",2,true
21,https://createmy-qr.com/tr/araclari-karsilastir,"Ücretsiz Çevrimiçi QR Kod Oluşturucu - CreateMy-QR (No Signup) | Araçları Karşılaştır
types.compare QR Kod Oluşturucu - Ücretsiz ve Özel | CreateMy-QR
Araçları Karşılaştır | CreateMy-QR",text/html; charset=utf-8,false,200,0,0,"Learn more about CreateMy-QR compare tools.
types.compare verilerinizi doğrudan tarayıcınızda özel bir QR koduna dönüştürün. Mutlak gizlilik için %100 çevrimdışı işlenir. Ücretsiz, sınırsız ve son derece güvenli.",,,"43
168",2,true
21,https://createmy-qr.com/hi/viiddiyo-muph-t-onnlaain-kyuuaar-kodd-jnrettr,"वीडियो QR कोड जेनरेटर - मुफ़्त और कस्टम | CreateMy-QR
वीडियो - मुफ़्त ऑनलाइन क्यूआर कोड जनरेटर - CreateMy-QR",text/html; charset=utf-8,false,200,0,0,"अपने वीडियो डेटा को सीधे अपने ब्राउज़र में एक कस्टम क्यूआर कोड में बदलें। पूर्ण गोपनीयता के लिए 100% ऑफ़लाइन संसाधित। निःशुल्क, कोई सीमा नहीं, और अत्यधिक सुरक्षित।
अपने वीडियो डेटा को सीधे अपने ब्राउज़र में एक कस्टम क्यूआर कोड में बदलें। पूर्ण गोपनीयता के लिए 100% ऑफ़लाइन संसाधित। निःशुल्क, कोई सीमा नहीं, और अत्यधिक सुरक्षित।",,,"163
163",2,true
21,https://createmy-qr.com/ru/whatsapp-besplatnyy-generator-qr-kodov-onlayn,"Ватсап Генератор QR-кодов — бесплатный и настраиваемый | CreateMy-QR
Ватсап - Бесплатный генератор QR-кодов онлайн - CreateMy-QR",text/html; charset=utf-8,false,200,0,0,"Преобразуйте данные Ватсап в собственный QR-код прямо в браузере. 100% обработка в автономном режиме для абсолютной конфиденциальности. Бесплатно, без ограничений и очень безопасно.
Преобразуйте данные Ватсап в собственный QR-код прямо в браузере. 100% обработка в автономном режиме для абсолютной конфиденциальности. Бесплатно, без ограничений и очень безопасно.",,,"181
181",2,true
21,https://createmy-qr.com/sv/spotify-gratis-qr-kod-generator-online,"Spotify QR Code Generator - Gratis & anpassad | CreateMy-QR
Spotify - Gratis QR-kod Generator Online - CreateMy-QR",text/html; charset=utf-8,false,200,0,0,"Konvertera dina Spotify-data till en anpassad QR-kod direkt i din webbläsare. 100 % bearbetad offline för absolut integritet. Gratis, inga gränser och mycket säker.
Konvertera dina Spotify-data till en anpassad QR-kod direkt i din webbläsare. 100 % bearbetad offline för absolut integritet. Gratis, inga gränser och mycket säker.",,,"164
164",2,true
21,https://createmy-qr.com/fr/langues-prises-en-charge,"Générateur de Code QR Gratuit en Ligne - CreateMy-QR (No Signup) | Langues prises en charge
Générateur de code QR types.languages - Gratuit et personnalisé | CreateMy-QR
Langues prises en charge | CreateMy-QR",text/html; charset=utf-8,false,200,0,0,"Learn more about CreateMy-QR supported languages.
Convertissez vos données types.languages en un code QR personnalisé directement dans votre navigateur. 100 % traité hors ligne pour une confidentialité absolue. Gratuit, sans limites et hautement sécurisé.",,,"49
205",2,true
21,https://createmy-qr.com/de/video-kostenloser-qr-code-generator-online,"Video QR-Code-Generator – kostenlos und benutzerdefiniert | CreateMy-QR
Video - Kostenloser QR-Code Generator Online - CreateMy-QR",text/html; charset=utf-8,false,200,0,0,"Wandeln Sie Ihre Video-Daten direkt in Ihrem Browser in einen benutzerdefinierten QR-Code um. 100 % offline verarbeitet für absolute Privatsphäre. Kostenlos, ohne Grenzen und äußerst sicher.
Wandeln Sie Ihre Video-Daten direkt in Ihrem Browser in einen benutzerdefinierten QR-Code um. 100 % offline verarbeitet für absolute Privatsphäre. Kostenlos, ohne Grenzen und äußerst sicher.",,,"190
190",2,true
21,https://createmy-qr.com/fi/telegram-ilmainen-qr-koodigeneraattori-netissa,"Telegram QR-koodigeneraattori - ilmainen ja räätälöity | CreateMy-QR
Telegram - Ilmainen QR-koodigeneraattori Netissä - CreateMy-QR",text/html; charset=utf-8,false,200,0,0,"Muunna Telegram-tietosi mukautetuksi QR-koodiksi suoraan selaimessasi. 100 % käsitelty offline-tilassa täydellisen yksityisyyden takaamiseksi. Ilmainen, ei rajoituksia ja erittäin turvallinen.
Muunna Telegram-tietosi mukautetuksi QR-koodiksi suoraan selaimessasi. 100 % käsitelty offline-tilassa täydellisen yksityisyyden takaamiseksi. Ilmainen, ei rajoituksia ja erittäin turvallinen.",,,"192
192",2,true
21,https://createmy-qr.com/tr/spotify-ucretsiz-cevrimici-qr-kod-olusturucu,"Spotify QR Kod Oluşturucu - Ücretsiz ve Özel | CreateMy-QR
Spotify - Ücretsiz Çevrimiçi QR Kod Oluşturucu - CreateMy-QR",text/html; charset=utf-8,false,200,0,0,"Spotify verilerinizi doğrudan tarayıcınızda özel bir QR koduna dönüştürün. Mutlak gizlilik için %100 çevrimdışı işlenir. Ücretsiz, sınırsız ve son derece güvenli.
Spotify verilerinizi doğrudan tarayıcınızda özel bir QR koduna dönüştürün. Mutlak gizlilik için %100 çevrimdışı işlenir. Ücretsiz, sınırsız ve son derece güvenli.",,,"162
162",2,true
21,https://createmy-qr.com/el/paypal-dorean-dimioyrgia-qr-code-online,"PayPal QR Code Generator - Δωρεάν & Προσαρμοσμένο | CreateMy-QR
PayPal - Δωρεάν Δημιουργία QR Code Online - CreateMy-QR",text/html; charset=utf-8,false,200,0,0,"Μετατρέψτε τα δεδομένα σας PayPal σε προσαρμοσμένο κωδικό QR απευθείας στο πρόγραμμα περιήγησής σας. 100% επεξεργασία εκτός σύνδεσης για απόλυτη προστασία της ιδιωτικής ζωής. Δωρεάν, χωρίς όρια και εξαιρετικά ασφαλές.
Μετατρέψτε τα δεδομένα σας PayPal σε προσαρμοσμένο κωδικό QR απευθείας στο πρόγραμμα περιήγησής σας. 100% επεξεργασία εκτός σύνδεσης για απόλυτη προστασία της ιδιωτικής ζωής. Δωρεάν, χωρίς όρια και εξαιρετικά ασφαλές.",,,"217
217",2,true
21,https://createmy-qr.com/de/venmo-kostenloser-qr-code-generator-online,"Venmo QR-Code-Generator – kostenlos und benutzerdefiniert | CreateMy-QR
Venmo - Kostenloser QR-Code Generator Online - CreateMy-QR",text/html; charset=utf-8,false,200,0,0,"Wandeln Sie Ihre Venmo-Daten direkt in Ihrem Browser in einen benutzerdefinierten QR-Code um. 100 % offline verarbeitet für absolute Privatsphäre. Kostenlos, ohne Grenzen und äußerst sicher.
Wandeln Sie Ihre Venmo-Daten direkt in Ihrem Browser in einen benutzerdefinierten QR-Code um. 100 % offline verarbeitet für absolute Privatsphäre. Kostenlos, ohne Grenzen und äußerst sicher.",,,"190
190",2,true
21,https://createmy-qr.com/vi/am-thanh-tao-ma-qr-mien-phi-truc-tuyen,"Trình tạo mã QR Âm thanh - Miễn phí & Tùy chỉnh | CreateMy-QR
Âm thanh - Tạo Mã QR Miễn Phí Trực Tuyến - CreateMy-QR",text/html; charset=utf-8,false,200,0,0,"Chuyển đổi dữ liệu Âm thanh của bạn thành mã QR tùy chỉnh trực tiếp trong trình duyệt của bạn. 100% được xử lý ngoại tuyến để đảm bảo quyền riêng tư tuyệt đối. Miễn phí, không giới hạn và có tính bảo mật cao.
Chuyển đổi dữ liệu Âm thanh của bạn thành mã QR tùy chỉnh trực tiếp trong trình duyệt của bạn. 100% được xử lý ngoại tuyến để đảm bảo quyền riêng tư tuyệt đối. Miễn phí, không giới hạn và có tính bảo mật cao.",,,"208
208",2,true
21,https://createmy-qr.com/ar/paypal-mwld-rmz-lstjb-lsryaa-mjny,"باي بال QR Code Generator - مجاني ومخصص | CreateMy-QR
باي بال - مولد رمز الاستجابة السريعة مجاني - CreateMy-QR",text/html; charset=utf-8,false,200,0,0,"قم بتحويل بيانات باي بال الخاصة بك إلى رمز QR مخصص مباشرةً في متصفحك. تمت معالجتها بنسبة 100% دون الاتصال بالإنترنت لتوفير الخصوصية المطلقة. مجاني، بلا حدود، وآمن للغاية.
قم بتحويل بيانات باي بال الخاصة بك إلى رمز QR مخصص مباشرةً في متصفحك. تمت معالجتها بنسبة 100% دون الاتصال بالإنترنت لتوفير الخصوصية المطلقة. مجاني، بلا حدود، وآمن للغاية.",,,"170
170",2,true
21,https://createmy-qr.com/bn/baarkodd-skyaanaar-phri-anlaain-kiuaar-kodd-jenaarettr,"বিনামূল্যে বারকোড স্ক্যানার অনলাইন - UPC এবং EAN স্ক্যান করুন
বারকোড স্ক্যানার QR কোড জেনারেটর - বিনামূল্যে এবং কাস্টম | CreateMy-QR
বারকোড স্ক্যানার - ফ্রি অনলাইন কিউআর কোড জেনারেটর - CreateMy-QR",text/html; charset=utf-8,false,200,0,0,"আপনার ব্রাউজারে সরাসরি একটি কাস্টম QR কোডে আপনার বারকোড স্ক্যানার ডেটা রূপান্তর করুন। সম্পূর্ণ গোপনীয়তার জন্য 100% অফলাইনে প্রক্রিয়া করা হয়েছে। বিনামূল্যে, কোন সীমা নেই, এবং অত্যন্ত নিরাপদ।
আপনার ব্রাউজারে সরাসরি একটি কাস্টম QR কোডে আপনার বারকোড স্ক্যানার ডেটা রূপান্তর করুন। সম্পূর্ণ গোপনীয়তার জন্য 100% অফলাইনে প্রক্রিয়া করা হয়েছে। বিনামূল্যে, কোন সীমা নেই, এবং অত্যন্ত নিরাপদ।
আপনার ডিভাইসের ক্যামেরা ব্যবহার করে বিনামূল্যে বারকোড অনলাইনে স্ক্যান করুন বা একটি ছবি আপলোড করুন।UPC, EAN, কোড 128 এবং আরও অনেক কিছু সমর্থন করে।100% ব্যক্তিগত এবং নিরাপদ।",,,"192
192
171",3,true
21,https://createmy-qr.com/bn/snapchat-phri-anlaain-kiuaar-kodd-jenaarettr,"স্ন্যাপচ্যাট QR কোড জেনারেটর - বিনামূল্যে এবং কাস্টম | CreateMy-QR
স্ন্যাপচ্যাট - ফ্রি অনলাইন কিউআর কোড জেনারেটর - CreateMy-QR",text/html; charset=utf-8,false,200,0,0,"আপনার ব্রাউজারে সরাসরি একটি কাস্টম QR কোডে আপনার স্ন্যাপচ্যাট ডেটা রূপান্তর করুন। সম্পূর্ণ গোপনীয়তার জন্য 100% অফলাইনে প্রক্রিয়া করা হয়েছে। বিনামূল্যে, কোন সীমা নেই, এবং অত্যন্ত নিরাপদ।
আপনার ব্রাউজারে সরাসরি একটি কাস্টম QR কোডে আপনার স্ন্যাপচ্যাট ডেটা রূপান্তর করুন। সম্পূর্ণ গোপনীয়তার জন্য 100% অফলাইনে প্রক্রিয়া করা হয়েছে। বিনামূল্যে, কোন সীমা নেই, এবং অত্যন্ত নিরাপদ।",,,"188
188",2,true
21,https://createmy-qr.com/ms/tempahan-penjana-kod-qr-percuma-dalam-talian,"Penjana Kod QR Tempahan - Percuma & Tersuai | CreateMy-QR
Tempahan - Penjana Kod QR Percuma Dalam Talian - CreateMy-QR",text/html; charset=utf-8,false,200,0,0,"Tukar data Tempahan anda kepada kod QR tersuai terus dalam penyemak imbas anda. 100% diproses di luar talian untuk privasi mutlak. Percuma, tiada had dan sangat selamat.
Tukar data Tempahan anda kepada kod QR tersuai terus dalam penyemak imbas anda. 100% diproses di luar talian untuk privasi mutlak. Percuma, tiada had dan sangat selamat.",,,"169
169",2,true
21,https://createmy-qr.com/de/audio-kostenloser-qr-code-generator-online,"Audio QR-Code-Generator – kostenlos und benutzerdefiniert | CreateMy-QR
Audio - Kostenloser QR-Code Generator Online - CreateMy-QR",text/html; charset=utf-8,false,200,0,0,"Wandeln Sie Ihre Audio-Daten direkt in Ihrem Browser in einen benutzerdefinierten QR-Code um. 100 % offline verarbeitet für absolute Privatsphäre. Kostenlos, ohne Grenzen und äußerst sicher.
Wandeln Sie Ihre Audio-Daten direkt in Ihrem Browser in einen benutzerdefinierten QR-Code um. 100 % offline verarbeitet für absolute Privatsphäre. Kostenlos, ohne Grenzen und äußerst sicher.",,,"190
190",2,true
21,https://createmy-qr.com/es/,"CreateMy-QR | Todas las Herramientas QR y Barras en un Solo Lugar
CreateMy-QR | Todas las Herramientas QR y Barras en un Solo Lugar
home - Generador de Códigos QR Gratis Online - CreateMy-QR",text/html; charset=utf-8,false,200,0,1,"Convierta sus datos de home en un código QR personalizado directamente en su navegador. 100% procesado fuera de línea para absoluta privacidad. Gratis, sin límites y muy seguro.
Genera 37 tipos de códigos QR y de barras gratis. Sin registro. Descarga instantánea. 100% del lado del cliente, conforme ISO/IEC 18004, en 30 idiomas.
Genera 37 tipos de códigos QR y de barras gratis. Sin registro. Descarga instantánea. 100% del lado del cliente, conforme ISO/IEC 18004, en 30 idiomas.",,,"177
151
151",3,true
21,https://createmy-qr.com/da/instagram-gratis-qr-kode-generator-online,"Instagram QR Code Generator - Gratis og brugerdefineret | CreateMy-QR
Instagram - Gratis QR Kode Generator Online - CreateMy-QR",text/html; charset=utf-8,false,200,0,0,"Konverter dine Instagram-data til en tilpasset QR-kode direkte i din browser. 100 % behandlet offline for absolut privatliv. Gratis, ingen grænser og meget sikker.
Konverter dine Instagram-data til en tilpasset QR-kode direkte i din browser. 100 % behandlet offline for absolut privatliv. Gratis, ingen grænser og meget sikker.",,,"163
163",2,true
21,https://createmy-qr.com/it/whatsapp-generatore-di-codici-qr-gratis-online,"Generatore di codici QR Whatsapp - Gratuito e personalizzato | CreateMy-QR
Whatsapp - Generatore di Codici QR Gratis Online - CreateMy-QR",text/html; charset=utf-8,false,200,0,0,"Converti i tuoi dati Whatsapp in un codice QR personalizzato direttamente nel tuo browser. Elaborato offline al 100% per una privacy assoluta. Gratuito, senza limiti e altamente sicuro.
Converti i tuoi dati Whatsapp in un codice QR personalizzato direttamente nel tuo browser. Elaborato offline al 100% per una privacy assoluta. Gratuito, senza limiti e altamente sicuro.",,,"185
185",2,true
21,https://createmy-qr.com/bn/venmo-phri-anlaain-kiuaar-kodd-jenaarettr,"ভেনমো QR কোড জেনারেটর - বিনামূল্যে এবং কাস্টম | CreateMy-QR
ভেনমো - ফ্রি অনলাইন কিউআর কোড জেনারেটর - CreateMy-QR",text/html; charset=utf-8,false,200,0,0,"আপনার ব্রাউজারে সরাসরি একটি কাস্টম QR কোডে আপনার ভেনমো ডেটা রূপান্তর করুন। সম্পূর্ণ গোপনীয়তার জন্য 100% অফলাইনে প্রক্রিয়া করা হয়েছে। বিনামূল্যে, কোন সীমা নেই, এবং অত্যন্ত নিরাপদ।
আপনার ব্রাউজারে সরাসরি একটি কাস্টম QR কোডে আপনার ভেনমো ডেটা রূপান্তর করুন। সম্পূর্ণ গোপনীয়তার জন্য 100% অফলাইনে প্রক্রিয়া করা হয়েছে। বিনামূল্যে, কোন সীমা নেই, এবং অত্যন্ত নিরাপদ।",,,"181
181",2,true
21,https://createmy-qr.com/it/chi-siamo,"Generatore di Codici QR Gratis Online - CreateMy-QR (No Signup) | Chi siamo
Generatore di codici QR types.about - Gratuito e personalizzato | CreateMy-QR
Chi siamo | CreateMy-QR",text/html; charset=utf-8,false,200,0,0,"Learn more about CreateMy-QR about us.
Converti i tuoi dati types.about in un codice QR personalizzato direttamente nel tuo browser. Elaborato offline al 100% per una privacy assoluta. Gratuito, senza limiti e altamente sicuro.",,,"38
188",2,true
21,https://createmy-qr.com/cs/zdarma-online-generator-qr-kodu-2,"Bezplatný skener QR kódů online – naskenujte QR okamžitě
types.scanqr generátor QR kódu – zdarma a na míru | CreateMy-QR
scanqr - Zdarma Online Generátor QR Kódů - CreateMy-QR",text/html; charset=utf-8,false,200,0,0,"Převeďte svá data scanqr na vlastní QR kód přímo ve vašem prohlížeči. 100% zpracováno offline pro absolutní soukromí. Zdarma, bez omezení a vysoce bezpečné.
Převeďte svá data types.scanqr na vlastní QR kód přímo ve vašem prohlížeči. 100% zpracováno offline pro absolutní soukromí. Zdarma, bez omezení a vysoce bezpečné.
Naskenujte QR kódy okamžitě pomocí fotoaparátu nebo nahráním obrázku. 100% bezpečné, soukromé zpracování na straně klienta.",,,"156
162
123",3,true
21,https://createmy-qr.com/pt/vcard-gerador-de-codigo-qr-gratis-online,"Gerador de código QR vCard - gratuito e personalizado | CreateMy-QR
vCard - Gerador de Código QR Grátis Online - CreateMy-QR",text/html; charset=utf-8,false,200,0,0,"Converta seus dados do vCard em um código QR personalizado diretamente no seu navegador. 100% processado offline para privacidade absoluta. Gratuito, sem limites e altamente seguro.
Converta seus dados do vCard em um código QR personalizado diretamente no seu navegador. 100% processado offline para privacidade absoluta. Gratuito, sem limites e altamente seguro.",,,"181
181",2,true
21,https://createmy-qr.com/no/snapchat-gratis-qr-kode-generator-online,"Snapchat QR Code Generator - Gratis og tilpasset | CreateMy-QR
Snapchat - Gratis QR-kode Generator Online - CreateMy-QR",text/html; charset=utf-8,false,200,0,0,"Konverter Snapchat-dataene dine til en tilpasset QR-kode direkte i nettleseren din. 100 % behandlet offline for absolutt personvern. Gratis, ingen grenser og svært sikker.
Konverter Snapchat-dataene dine til en tilpasset QR-kode direkte i nettleseren din. 100 % behandlet offline for absolutt personvern. Gratis, ingen grenser og svært sikker.",,,"171
171",2,true
21,https://createmy-qr.com/hi/muph-t-onnlaain-kyuuaar-kodd-jnrettr-2,"निःशुल्क क्यूआर कोड स्कैनर ऑनलाइन - तुरंत क्यूआर स्कैन करें
types.scanqr QR कोड जेनरेटर - मुफ़्त और कस्टम | CreateMy-QR
scanqr - मुफ़्त ऑनलाइन क्यूआर कोड जनरेटर - CreateMy-QR",text/html; charset=utf-8,false,200,0,0,"अपने scanqr डेटा को सीधे अपने ब्राउज़र में एक कस्टम क्यूआर कोड में बदलें। पूर्ण गोपनीयता के लिए 100% ऑफ़लाइन संसाधित। निःशुल्क, कोई सीमा नहीं, और अत्यधिक सुरक्षित।
अपने types.scanqr डेटा को सीधे अपने ब्राउज़र में एक कस्टम क्यूआर कोड में बदलें। पूर्ण गोपनीयता के लिए 100% ऑफ़लाइन संसाधित। निःशुल्क, कोई सीमा नहीं, और अत्यधिक सुरक्षित।
अपने कैमरे का उपयोग करके या छवि अपलोड करके तुरंत क्यूआर कोड स्कैन करें। 100% सुरक्षित, निजी और क्लाइंट-साइड प्रोसेसिंग।",,,"163
169
119",3,true
21,https://createmy-qr.com/it/amazon-generatore-di-codici-qr-gratis-online,"Generatore di codici QR Amazzonia - Gratuito e personalizzato | CreateMy-QR
Amazzonia - Generatore di Codici QR Gratis Online - CreateMy-QR",text/html; charset=utf-8,false,200,0,0,"Converti i tuoi dati Amazzonia in un codice QR personalizzato direttamente nel tuo browser. Elaborato offline al 100% per una privacy assoluta. Gratuito, senza limiti e altamente sicuro.
Converti i tuoi dati Amazzonia in un codice QR personalizzato direttamente nel tuo browser. Elaborato offline al 100% per una privacy assoluta. Gratuito, senza limiti e altamente sicuro.",,,"186
186",2,true
21,https://createmy-qr.com/it/spotify-generatore-di-codici-qr-gratis-online,"Generatore di codici QR Spotify - Gratuito e personalizzato | CreateMy-QR
Spotify - Generatore di Codici QR Gratis Online - CreateMy-QR",text/html; charset=utf-8,false,200,0,0,"Converti i tuoi dati Spotify in un codice QR personalizzato direttamente nel tuo browser. Elaborato offline al 100% per una privacy assoluta. Gratuito, senza limiti e altamente sicuro.
Converti i tuoi dati Spotify in un codice QR personalizzato direttamente nel tuo browser. Elaborato offline al 100% per una privacy assoluta. Gratuito, senza limiti e altamente sicuro.",,,"184
184",2,true
21,https://createmy-qr.com/hi/app-store-muph-t-onnlaain-kyuuaar-kodd-jnrettr,"ऐप स्टोर QR कोड जेनरेटर - मुफ़्त और कस्टम | CreateMy-QR
ऐप स्टोर - मुफ़्त ऑनलाइन क्यूआर कोड जनरेटर - CreateMy-QR",text/html; charset=utf-8,false,200,0,0,"अपने ऐप स्टोर डेटा को सीधे अपने ब्राउज़र में एक कस्टम क्यूआर कोड में बदलें। पूर्ण गोपनीयता के लिए 100% ऑफ़लाइन संसाधित। निःशुल्क, कोई सीमा नहीं, और अत्यधिक सुरक्षित।
अपने ऐप स्टोर डेटा को सीधे अपने ब्राउज़र में एक कस्टम क्यूआर कोड में बदलें। पूर्ण गोपनीयता के लिए 100% ऑफ़लाइन संसाधित। निःशुल्क, कोई सीमा नहीं, और अत्यधिक सुरक्षित।",,,"165
165",2,true
21,https://createmy-qr.com/no/personvernerklaering,"Gratis QR-kode Generator Online - CreateMy-QR (No Signup) | Personvernerklæring
types.privacy QR Code Generator - Gratis og tilpasset | CreateMy-QR
Personvernerklæring | CreateMy-QR",text/html; charset=utf-8,false,200,0,0,"Learn more about CreateMy-QR privacy policy.
Konverter types.privacy-dataene dine til en tilpasset QR-kode direkte i nettleseren din. 100 % behandlet offline for absolutt personvern. Gratis, ingen grenser og svært sikker.",,,"44
176",2,true
21,https://createmy-qr.com/ru/facebook-besplatnyy-generator-qr-kodov-onlayn,"Фейсбук Генератор QR-кодов — бесплатный и настраиваемый | CreateMy-QR
Фейсбук - Бесплатный генератор QR-кодов онлайн - CreateMy-QR",text/html; charset=utf-8,false,200,0,0,"Преобразуйте данные Фейсбук в собственный QR-код прямо в браузере. 100% обработка в автономном режиме для абсолютной конфиденциальности. Бесплатно, без ограничений и очень безопасно.
Преобразуйте данные Фейсбук в собственный QR-код прямо в браузере. 100% обработка в автономном режиме для абсолютной конфиденциальности. Бесплатно, без ограничений и очень безопасно.",,,"182
182",2,true
21,https://createmy-qr.com/th/ehtukaarn-ekhruue-ngmuue-sraangkhiw-aarokhd-nailnfrii,"เหตุการณ์ เครื่องสร้างโค้ด QR - ฟรีและกำหนดเอง | CreateMy-QR
เหตุการณ์ - เครื่องมือสร้างคิวอาร์โค้ดออนไลน์ฟรี - CreateMy-QR",text/html; charset=utf-8,false,200,0,0,"แปลงข้อมูล เหตุการณ์ ของคุณให้เป็นโค้ด QR ที่กำหนดเองได้โดยตรงในเบราว์เซอร์ของคุณ ประมวลผลแบบออฟไลน์ 100% เพื่อความเป็นส่วนตัวอย่างแท้จริง ฟรี ไม่จำกัด และมีความปลอดภัยสูง
แปลงข้อมูล เหตุการณ์ ของคุณให้เป็นโค้ด QR ที่กำหนดเองได้โดยตรงในเบราว์เซอร์ของคุณ ประมวลผลแบบออฟไลน์ 100% เพื่อความเป็นส่วนตัวอย่างแท้จริง ฟรี ไม่จำกัด และมีความปลอดภัยสูง",,,"171
171",2,true
21,https://createmy-qr.com/bn/paypal-phri-anlaain-kiuaar-kodd-jenaarettr,"পেপ্যাল ​​ QR কোড জেনারেটর - বিনামূল্যে এবং কাস্টম | CreateMy-QR
পেপ্যাল ​​ - ফ্রি অনলাইন কিউআর কোড জেনারেটর - CreateMy-QR",text/html; charset=utf-8,false,200,0,0,"আপনার ব্রাউজারে সরাসরি একটি কাস্টম QR কোডে আপনার পেপ্যাল ​​ ডেটা রূপান্তর করুন। সম্পূর্ণ গোপনীয়তার জন্য 100% অফলাইনে প্রক্রিয়া করা হয়েছে। বিনামূল্যে, কোন সীমা নেই, এবং অত্যন্ত নিরাপদ।
আপনার ব্রাউজারে সরাসরি একটি কাস্টম QR কোডে আপনার পেপ্যাল ​​ ডেটা রূপান্তর করুন। সম্পূর্ণ গোপনীয়তার জন্য 100% অফলাইনে প্রক্রিয়া করা হয়েছে। বিনামূল্যে, কোন সীমা নেই, এবং অত্যন্ত নিরাপদ।",,,"186
186",2,true
21,https://createmy-qr.com/it/crypto-generatore-di-codici-qr-gratis-online,"Generatore di codici QR Cripto - Gratuito e personalizzato | CreateMy-QR
Cripto - Generatore di Codici QR Gratis Online - CreateMy-QR",text/html; charset=utf-8,false,200,0,0,"Converti i tuoi dati Cripto in un codice QR personalizzato direttamente nel tuo browser. Elaborato offline al 100% per una privacy assoluta. Gratuito, senza limiti e altamente sicuro.
Converti i tuoi dati Cripto in un codice QR personalizzato direttamente nel tuo browser. Elaborato offline al 100% per una privacy assoluta. Gratuito, senza limiti e altamente sicuro.",,,"183
183",2,true
21,https://createmy-qr.com/fi/sms-ilmainen-qr-koodigeneraattori-netissa,"SMS QR-koodigeneraattori - ilmainen ja räätälöity | CreateMy-QR
SMS - Ilmainen QR-koodigeneraattori Netissä - CreateMy-QR",text/html; charset=utf-8,false,200,0,0,"Muunna SMS-tietosi mukautetuksi QR-koodiksi suoraan selaimessasi. 100 % käsitelty offline-tilassa täydellisen yksityisyyden takaamiseksi. Ilmainen, ei rajoituksia ja erittäin turvallinen.
Muunna SMS-tietosi mukautetuksi QR-koodiksi suoraan selaimessasi. 100 % käsitelty offline-tilassa täydellisen yksityisyyden takaamiseksi. Ilmainen, ei rajoituksia ja erittäin turvallinen.",,,"187
187",2,true
21,https://createmy-qr.com/pl/vcard-darmowy-generator-kodow-qr-online,"Generator kodów QR vCard — bezpłatny i niestandardowy | CreateMy-QR
vCard - Darmowy Generator Kodów QR Online - CreateMy-QR",text/html; charset=utf-8,false,200,0,0,"Konwertuj dane vCard na niestandardowy kod QR bezpośrednio w przeglądarce. 100% przetwarzane w trybie offline, aby zapewnić całkowitą prywatność. Bezpłatnie, bez ograniczeń i bardzo bezpiecznie.
Konwertuj dane vCard na niestandardowy kod QR bezpośrednio w przeglądarce. 100% przetwarzane w trybie offline, aby zapewnić całkowitą prywatność. Bezpłatnie, bez ograniczeń i bardzo bezpiecznie.",,,"194
194",2,true
21,https://createmy-qr.com/bn/google-forms-phri-anlaain-kiuaar-kodd-jenaarettr,"Google Forms QR কোড জেনারেটর - বিনামূল্যে এবং কাস্টম | CreateMy-QR
Google Forms - ফ্রি অনলাইন কিউআর কোড জেনারেটর - CreateMy-QR",text/html; charset=utf-8,false,200,0,0,"আপনার ব্রাউজারে সরাসরি একটি কাস্টম QR কোডে আপনার Google Forms ডেটা রূপান্তর করুন। সম্পূর্ণ গোপনীয়তার জন্য 100% অফলাইনে প্রক্রিয়া করা হয়েছে। বিনামূল্যে, কোন সীমা নেই, এবং অত্যন্ত নিরাপদ।
আপনার ব্রাউজারে সরাসরি একটি কাস্টম QR কোডে আপনার Google Forms ডেটা রূপান্তর করুন। সম্পূর্ণ গোপনীয়তার জন্য 100% অফলাইনে প্রক্রিয়া করা হয়েছে। বিনামূল্যে, কোন সীমা নেই, এবং অত্যন্ত নিরাপদ।",,,"188
188",2,true
21,https://createmy-qr.com/da/telegram-gratis-qr-kode-generator-online,"Telegram QR Code Generator - Gratis og brugerdefineret | CreateMy-QR
Telegram - Gratis QR Kode Generator Online - CreateMy-QR",text/html; charset=utf-8,false,200,0,0,"Konverter dine Telegram-data til en tilpasset QR-kode direkte i din browser. 100 % behandlet offline for absolut privatliv. Gratis, ingen grænser og meget sikker.
Konverter dine Telegram-data til en tilpasset QR-kode direkte i din browser. 100 % behandlet offline for absolut privatliv. Gratis, ingen grænser og meget sikker.",,,"162
162",2,true
21,https://createmy-qr.com/sv/sakerhetsarkitektur,"Gratis QR-kod Generator Online - CreateMy-QR (No Signup) | Säkerhetsarkitektur
types.security QR Code Generator - Gratis & anpassad | CreateMy-QR
Säkerhetsarkitektur | CreateMy-QR",text/html; charset=utf-8,false,200,0,0,"Learn more about CreateMy-QR security architecture.
Konvertera dina types.security-data till en anpassad QR-kod direkt i din webbläsare. 100 % bearbetad offline för absolut integritet. Gratis, inga gränser och mycket säker.",,,"51
171",2,true
21,https://createmy-qr.com/pt/sms-gerador-de-codigo-qr-gratis-online,"Gerador de código QR SMS - gratuito e personalizado | CreateMy-QR
SMS - Gerador de Código QR Grátis Online - CreateMy-QR",text/html; charset=utf-8,false,200,0,0,"Converta seus dados do SMS em um código QR personalizado diretamente no seu navegador. 100% processado offline para privacidade absoluta. Gratuito, sem limites e altamente seguro.
Converta seus dados do SMS em um código QR personalizado diretamente no seu navegador. 100% processado offline para privacidade absoluta. Gratuito, sem limites e altamente seguro.",,,"179
179",2,true
21,https://createmy-qr.com/pl/spotify-darmowy-generator-kodow-qr-online,"Generator kodów QR Spotify — bezpłatny i niestandardowy | CreateMy-QR
Spotify - Darmowy Generator Kodów QR Online - CreateMy-QR",text/html; charset=utf-8,false,200,0,0,"Konwertuj dane Spotify na niestandardowy kod QR bezpośrednio w przeglądarce. 100% przetwarzane w trybie offline, aby zapewnić całkowitą prywatność. Bezpłatnie, bez ograniczeń i bardzo bezpiecznie.
Konwertuj dane Spotify na niestandardowy kod QR bezpośrednio w przeglądarce. 100% przetwarzane w trybie offline, aby zapewnić całkowitą prywatność. Bezpłatnie, bez ograniczeń i bardzo bezpiecznie.",,,"196
196",2,true
21,https://createmy-qr.com/cs/zasady-ochrany-osobnich-udaju,"Zdarma Online Generátor QR Kódů - CreateMy-QR (No Signup) | Zásady ochrany osobních údajů
types.privacy generátor QR kódu – zdarma a na míru | CreateMy-QR
Zásady ochrany osobních údajů | CreateMy-QR",text/html; charset=utf-8,false,200,0,0,"Learn more about CreateMy-QR privacy policy.
Převeďte svá data types.privacy na vlastní QR kód přímo ve vašem prohlížeči. 100% zpracováno offline pro absolutní soukromí. Zdarma, bez omezení a vysoce bezpečné.",,,"44
163",2,true
21,https://createmy-qr.com/sv/video-gratis-qr-kod-generator-online,"Video QR Code Generator - Gratis & anpassad | CreateMy-QR
Video - Gratis QR-kod Generator Online - CreateMy-QR",text/html; charset=utf-8,false,200,0,0,"Konvertera dina Video-data till en anpassad QR-kod direkt i din webbläsare. 100 % bearbetad offline för absolut integritet. Gratis, inga gränser och mycket säker.
Konvertera dina Video-data till en anpassad QR-kod direkt i din webbläsare. 100 % bearbetad offline för absolut integritet. Gratis, inga gränser och mycket säker.",,,"162
162",2,true
21,https://createmy-qr.com/fi/pdf-ilmainen-qr-koodigeneraattori-netissa,"PDF QR-koodigeneraattori - ilmainen ja räätälöity | CreateMy-QR
PDF - Ilmainen QR-koodigeneraattori Netissä - CreateMy-QR",text/html; charset=utf-8,false,200,0,0,"Muunna PDF-tietosi mukautetuksi QR-koodiksi suoraan selaimessasi. 100 % käsitelty offline-tilassa täydellisen yksityisyyden takaamiseksi. Ilmainen, ei rajoituksia ja erittäin turvallinen.
Muunna PDF-tietosi mukautetuksi QR-koodiksi suoraan selaimessasi. 100 % käsitelty offline-tilassa täydellisen yksityisyyden takaamiseksi. Ilmainen, ei rajoituksia ja erittäin turvallinen.",,,"187
187",2,true
21,https://createmy-qr.com/ar/mlf-brks-mwld-rmz-lstjb-lsryaa-mjny,"ملف / بركاس QR Code Generator - مجاني ومخصص | CreateMy-QR
ملف / بركاس - مولد رمز الاستجابة السريعة مجاني - CreateMy-QR",text/html; charset=utf-8,false,200,0,0,"قم بتحويل بيانات ملف / بركاس الخاصة بك إلى رمز QR مخصص مباشرةً في متصفحك. تمت معالجتها بنسبة 100% دون الاتصال بالإنترنت لتوفير الخصوصية المطلقة. مجاني، بلا حدود، وآمن للغاية.
قم بتحويل بيانات ملف / بركاس الخاصة بك إلى رمز QR مخصص مباشرةً في متصفحك. تمت معالجتها بنسبة 100% دون الاتصال بالإنترنت لتوفير الخصوصية المطلقة. مجاني، بلا حدود، وآمن للغاية.",,,"174
174",2,true
21,https://createmy-qr.com/fi/wi-fi-ilmainen-qr-koodigeneraattori-netissa,"Wi-Fi QR-koodigeneraattori - ilmainen ja räätälöity | CreateMy-QR
Wi-Fi - Ilmainen QR-koodigeneraattori Netissä - CreateMy-QR",text/html; charset=utf-8,false,200,0,0,"Muunna Wi-Fi-tietosi mukautetuksi QR-koodiksi suoraan selaimessasi. 100 % käsitelty offline-tilassa täydellisen yksityisyyden takaamiseksi. Ilmainen, ei rajoituksia ja erittäin turvallinen.
Muunna Wi-Fi-tietosi mukautetuksi QR-koodiksi suoraan selaimessasi. 100 % käsitelty offline-tilassa täydellisen yksityisyyden takaamiseksi. Ilmainen, ei rajoituksia ja erittäin turvallinen.",,,"189
189",2,true
21,https://createmy-qr.com/sv/bild-gratis-qr-kod-generator-online,"Bild QR Code Generator - Gratis & anpassad | CreateMy-QR
Bild - Gratis QR-kod Generator Online - CreateMy-QR",text/html; charset=utf-8,false,200,0,0,"Konvertera dina Bild-data till en anpassad QR-kod direkt i din webbläsare. 100 % bearbetad offline för absolut integritet. Gratis, inga gränser och mycket säker.
Konvertera dina Bild-data till en anpassad QR-kod direkt i din webbläsare. 100 % bearbetad offline för absolut integritet. Gratis, inga gränser och mycket säker.",,,"161
161",2,true
21,https://createmy-qr.com/hu/,"CreateMy-QR | Minden QR és vonalkód Eszközök egy helyen
CreateMy-QR | Minden QR és vonalkód Eszközök egy helyen
home - Ingyenes Online QR-kód Generátor - CreateMy-QR",text/html; charset=utf-8,false,200,0,1,"Alakítsa át home adatait egyéni QR-kóddá közvetlenül a böngészőjében. 100%-ban offline feldolgozva az abszolút adatvédelem érdekében. Ingyenes, korlátok nélkül és rendkívül biztonságos.
Generáljon ingyenesen 37 féle QR-kódot és vonalkódot.Nincs regisztráció.Azonnali letöltés.100%-ban kliensoldali, ISO/IEC 18004-kompatibilis, 30 nyelven elérhető.
Generáljon ingyenesen 37 féle QR-kódot és vonalkódot.Nincs regisztráció.Azonnali letöltés.100%-ban kliensoldali, ISO/IEC 18004-kompatibilis, 30 nyelven elérhető.",,,"185
161
161",3,true
21,https://createmy-qr.com/sv/sprak-som-stods,"Gratis QR-kod Generator Online - CreateMy-QR (No Signup) | Språk som stöds
types.languages QR Code Generator - Gratis & anpassad | CreateMy-QR
Språk som stöds | CreateMy-QR",text/html; charset=utf-8,false,200,0,0,"Learn more about CreateMy-QR supported languages.
Konvertera dina types.languages-data till en anpassad QR-kod direkt i din webbläsare. 100 % bearbetad offline för absolut integritet. Gratis, inga gränser och mycket säker.",,,"49
172",2,true
21,https://createmy-qr.com/pl/discord-darmowy-generator-kodow-qr-online,"Generator kodów QR Niezgoda — bezpłatny i niestandardowy | CreateMy-QR
Niezgoda - Darmowy Generator Kodów QR Online - CreateMy-QR",text/html; charset=utf-8,false,200,0,0,"Konwertuj dane Niezgoda na niestandardowy kod QR bezpośrednio w przeglądarce. 100% przetwarzane w trybie offline, aby zapewnić całkowitą prywatność. Bezpłatnie, bez ograniczeń i bardzo bezpiecznie.
Konwertuj dane Niezgoda na niestandardowy kod QR bezpośrednio w przeglądarce. 100% przetwarzane w trybie offline, aby zapewnić całkowitą prywatność. Bezpłatnie, bez ograniczeń i bardzo bezpiecznie.",,,"197
197",2,true
21,https://createmy-qr.com/ru/sobytie-besplatnyy-generator-qr-kodov-onlayn,"Событие Генератор QR-кодов — бесплатный и настраиваемый | CreateMy-QR
Событие - Бесплатный генератор QR-кодов онлайн - CreateMy-QR",text/html; charset=utf-8,false,200,0,0,"Преобразуйте данные Событие в собственный QR-код прямо в браузере. 100% обработка в автономном режиме для абсолютной конфиденциальности. Бесплатно, без ограничений и очень безопасно.
Преобразуйте данные Событие в собственный QR-код прямо в браузере. 100% обработка в автономном режиме для абсолютной конфиденциальности. Бесплатно, без ограничений и очень безопасно.",,,"182
182",2,true
21,https://createmy-qr.com/tl/instagram-libreng-online-qr-code-generator,"Instagram QR Code Generator - Libre at Custom | CreateMy-QR
Instagram - Libreng Online QR Code Generator - CreateMy-QR",text/html; charset=utf-8,false,200,0,0,"I-convert ang iyong Instagram data sa isang custom na QR code nang direkta sa iyong browser. 100% na naproseso offline para sa ganap na privacy. Libre, walang limitasyon, at lubos na secure.
I-convert ang iyong Instagram data sa isang custom na QR code nang direkta sa iyong browser. 100% na naproseso offline para sa ganap na privacy. Libre, walang limitasyon, at lubos na secure.",,,"190
190",2,true
21,https://createmy-qr.com/tr/facebook-ucretsiz-cevrimici-qr-kod-olusturucu,"Facebook QR Kod Oluşturucu - Ücretsiz ve Özel | CreateMy-QR
Facebook - Ücretsiz Çevrimiçi QR Kod Oluşturucu - CreateMy-QR",text/html; charset=utf-8,false,200,0,0,"Facebook verilerinizi doğrudan tarayıcınızda özel bir QR koduna dönüştürün. Mutlak gizlilik için %100 çevrimdışı işlenir. Ücretsiz, sınırsız ve son derece güvenli.
Facebook verilerinizi doğrudan tarayıcınızda özel bir QR koduna dönüştürün. Mutlak gizlilik için %100 çevrimdışı işlenir. Ücretsiz, sınırsız ve son derece güvenli.",,,"163
163",2,true
21,https://createmy-qr.com/it/lingue-supportate,"Generatore di Codici QR Gratis Online - CreateMy-QR (No Signup) | Lingue supportate
Generatore di codici QR types.languages - Gratuito e personalizzato | CreateMy-QR
Lingue supportate | CreateMy-QR",text/html; charset=utf-8,false,200,0,0,"Learn more about CreateMy-QR supported languages.
Converti i tuoi dati types.languages in un codice QR personalizzato direttamente nel tuo browser. Elaborato offline al 100% per una privacy assoluta. Gratuito, senza limiti e altamente sicuro.",,,"49
192",2,true
21,https://createmy-qr.com/de/whatsapp-kostenloser-qr-code-generator-online,"WhatsApp QR-Code-Generator – kostenlos und benutzerdefiniert | CreateMy-QR
WhatsApp - Kostenloser QR-Code Generator Online - CreateMy-QR",text/html; charset=utf-8,false,200,0,0,"Wandeln Sie Ihre WhatsApp-Daten direkt in Ihrem Browser in einen benutzerdefinierten QR-Code um. 100 % offline verarbeitet für absolute Privatsphäre. Kostenlos, ohne Grenzen und äußerst sicher.
Wandeln Sie Ihre WhatsApp-Daten direkt in Ihrem Browser in einen benutzerdefinierten QR-Code um. 100 % offline verarbeitet für absolute Privatsphäre. Kostenlos, ohne Grenzen und äußerst sicher.",,,"193
193",2,true
21,https://createmy-qr.com/sv/google-forms-gratis-qr-kod-generator-online,"Google Formulär QR Code Generator - Gratis & anpassad | CreateMy-QR
Google Formulär - Gratis QR-kod Generator Online - CreateMy-QR",text/html; charset=utf-8,false,200,0,0,"Konvertera dina Google Formulär-data till en anpassad QR-kod direkt i din webbläsare. 100 % bearbetad offline för absolut integritet. Gratis, inga gränser och mycket säker.
Konvertera dina Google Formulär-data till en anpassad QR-kod direkt i din webbläsare. 100 % bearbetad offline för absolut integritet. Gratis, inga gränser och mycket säker.",,,"172
172",2,true
21,https://createmy-qr.com/bn/phon-phri-anlaain-kiuaar-kodd-jenaarettr,"ফোন QR কোড জেনারেটর - বিনামূল্যে এবং কাস্টম | CreateMy-QR
ফোন - ফ্রি অনলাইন কিউআর কোড জেনারেটর - CreateMy-QR",text/html; charset=utf-8,false,200,0,0,"আপনার ব্রাউজারে সরাসরি একটি কাস্টম QR কোডে আপনার ফোন ডেটা রূপান্তর করুন। সম্পূর্ণ গোপনীয়তার জন্য 100% অফলাইনে প্রক্রিয়া করা হয়েছে। বিনামূল্যে, কোন সীমা নেই, এবং অত্যন্ত নিরাপদ।
আপনার ব্রাউজারে সরাসরি একটি কাস্টম QR কোডে আপনার ফোন ডেটা রূপান্তর করুন। সম্পূর্ণ গোপনীয়তার জন্য 100% অফলাইনে প্রক্রিয়া করা হয়েছে। বিনামূল্যে, কোন সীমা নেই, এবং অত্যন্ত নিরাপদ।",,,"179
179",2,true
21,https://createmy-qr.com/cs/zvuk-podcast-zdarma-online-generator-qr-kodu,"Zvuk / podcast generátor QR kódu – zdarma a na míru | CreateMy-QR
Zvuk / podcast - Zdarma Online Generátor QR Kódů - CreateMy-QR",text/html; charset=utf-8,false,200,0,0,"Převeďte svá data Zvuk / podcast na vlastní QR kód přímo ve vašem prohlížeči. 100% zpracováno offline pro absolutní soukromí. Zdarma, bez omezení a vysoce bezpečné.
Převeďte svá data Zvuk / podcast na vlastní QR kód přímo ve vašem prohlížeči. 100% zpracováno offline pro absolutní soukromí. Zdarma, bez omezení a vysoce bezpečné.",,,"164
164",2,true
21,https://createmy-qr.com/hi/buking-muph-t-onnlaain-kyuuaar-kodd-jnrettr,"बुकिंग QR कोड जेनरेटर - मुफ़्त और कस्टम | CreateMy-QR
बुकिंग - मुफ़्त ऑनलाइन क्यूआर कोड जनरेटर - CreateMy-QR",text/html; charset=utf-8,false,200,0,0,"अपने बुकिंग डेटा को सीधे अपने ब्राउज़र में एक कस्टम क्यूआर कोड में बदलें। पूर्ण गोपनीयता के लिए 100% ऑफ़लाइन संसाधित। निःशुल्क, कोई सीमा नहीं, और अत्यधिक सुरक्षित।
अपने बुकिंग डेटा को सीधे अपने ब्राउज़र में एक कस्टम क्यूआर कोड में बदलें। पूर्ण गोपनीयता के लिए 100% ऑफ़लाइन संसाधित। निःशुल्क, कोई सीमा नहीं, और अत्यधिक सुरक्षित।",,,"163
163",2,true
21,https://createmy-qr.com/ar/instagram-mwld-rmz-lstjb-lsryaa-mjny,"انستقرام QR Code Generator - مجاني ومخصص | CreateMy-QR
انستقرام - مولد رمز الاستجابة السريعة مجاني - CreateMy-QR",text/html; charset=utf-8,false,200,0,0,"قم بتحويل بيانات انستقرام الخاصة بك إلى رمز QR مخصص مباشرةً في متصفحك. تمت معالجتها بنسبة 100% دون الاتصال بالإنترنت لتوفير الخصوصية المطلقة. مجاني، بلا حدود، وآمن للغاية.
قم بتحويل بيانات انستقرام الخاصة بك إلى رمز QR مخصص مباشرةً في متصفحك. تمت معالجتها بنسبة 100% دون الاتصال بالإنترنت لتوفير الخصوصية المطلقة. مجاني، بلا حدود، وآمن للغاية.",,,"171
171",2,true
21,https://createmy-qr.com/fr/google-review-generateur-de-code-qr-gratuit-en-ligne,"Générateur de code QR Avis Google - Gratuit et personnalisé | CreateMy-QR
Avis Google - Générateur de Code QR Gratuit en Ligne - CreateMy-QR",text/html; charset=utf-8,false,200,0,0,"Convertissez vos données Avis Google en un code QR personnalisé directement dans votre navigateur. 100 % traité hors ligne pour une confidentialité absolue. Gratuit, sans limites et hautement sécurisé.
Convertissez vos données Avis Google en un code QR personnalisé directement dans votre navigateur. 100 % traité hors ligne pour une confidentialité absolue. Gratuit, sans limites et hautement sécurisé.",,,"201
201",2,true
21,https://createmy-qr.com/hi/google-forms-muph-t-onnlaain-kyuuaar-kodd-jnrettr,"गूगल फ़ॉर्म QR कोड जेनरेटर - मुफ़्त और कस्टम | CreateMy-QR
गूगल फ़ॉर्म - मुफ़्त ऑनलाइन क्यूआर कोड जनरेटर - CreateMy-QR",text/html; charset=utf-8,false,200,0,0,"अपने गूगल फ़ॉर्म डेटा को सीधे अपने ब्राउज़र में एक कस्टम क्यूआर कोड में बदलें। पूर्ण गोपनीयता के लिए 100% ऑफ़लाइन संसाधित। निःशुल्क, कोई सीमा नहीं, और अत्यधिक सुरक्षित।
अपने गूगल फ़ॉर्म डेटा को सीधे अपने ब्राउज़र में एक कस्टम क्यूआर कोड में बदलें। पूर्ण गोपनीयता के लिए 100% ऑफ़लाइन संसाधित। निःशुल्क, कोई सीमा नहीं, और अत्यधिक सुरक्षित।",,,"168
168",2,true
21,https://createmy-qr.com/no/sammenlign-verktoy,"Gratis QR-kode Generator Online - CreateMy-QR (No Signup) | Sammenlign verktøy
types.compare QR Code Generator - Gratis og tilpasset | CreateMy-QR
Sammenlign verktøy | CreateMy-QR",text/html; charset=utf-8,false,200,0,0,"Learn more about CreateMy-QR compare tools.
Konverter types.compare-dataene dine til en tilpasset QR-kode direkte i nettleseren din. 100 % behandlet offline for absolutt personvern. Gratis, ingen grenser og svært sikker.",,,"43
176",2,true
21,https://createmy-qr.com/tl/google-forms-libreng-online-qr-code-generator,"Google Forms QR Code Generator - Libre at Custom | CreateMy-QR
Google Forms - Libreng Online QR Code Generator - CreateMy-QR",text/html; charset=utf-8,false,200,0,0,"I-convert ang iyong Google Forms data sa isang custom na QR code nang direkta sa iyong browser. 100% na naproseso offline para sa ganap na privacy. Libre, walang limitasyon, at lubos na secure.
I-convert ang iyong Google Forms data sa isang custom na QR code nang direkta sa iyong browser. 100% na naproseso offline para sa ganap na privacy. Libre, walang limitasyon, at lubos na secure.",,,"193
193",2,true
21,https://createmy-qr.com/hu/tiktok-ingyenes-online-qr-kod-generator,"TikTok QR-kód generátor - ingyenes és egyedi | CreateMy-QR
TikTok - Ingyenes Online QR-kód Generátor - CreateMy-QR",text/html; charset=utf-8,false,200,0,0,"Alakítsa át TikTok adatait egyéni QR-kóddá közvetlenül a böngészőjében. 100%-ban offline feldolgozva az abszolút adatvédelem érdekében. Ingyenes, korlátok nélkül és rendkívül biztonságos.
Alakítsa át TikTok adatait egyéni QR-kóddá közvetlenül a böngészőjében. 100%-ban offline feldolgozva az abszolút adatvédelem érdekében. Ingyenes, korlátok nélkül és rendkívül biztonságos.",,,"187
187",2,true
21,https://createmy-qr.com/th/crypto-ekhruue-ngmuue-sraangkhiw-aarokhd-nailnfrii,"การเข้ารหัสลับ เครื่องสร้างโค้ด QR - ฟรีและกำหนดเอง | CreateMy-QR
การเข้ารหัสลับ - เครื่องมือสร้างคิวอาร์โค้ดออนไลน์ฟรี - CreateMy-QR",text/html; charset=utf-8,false,200,0,0,"แปลงข้อมูล การเข้ารหัสลับ ของคุณให้เป็นโค้ด QR ที่กำหนดเองได้โดยตรงในเบราว์เซอร์ของคุณ ประมวลผลแบบออฟไลน์ 100% เพื่อความเป็นส่วนตัวอย่างแท้จริง ฟรี ไม่จำกัด และมีความปลอดภัยสูง
แปลงข้อมูล การเข้ารหัสลับ ของคุณให้เป็นโค้ด QR ที่กำหนดเองได้โดยตรงในเบราว์เซอร์ของคุณ ประมวลผลแบบออฟไลน์ 100% เพื่อความเป็นส่วนตัวอย่างแท้จริง ฟรี ไม่จำกัด และมีความปลอดภัยสูง",,,"176
176",2,true
21,https://createmy-qr.com/ru/spotify-besplatnyy-generator-qr-kodov-onlayn,"Спотифай Генератор QR-кодов — бесплатный и настраиваемый | CreateMy-QR
Спотифай - Бесплатный генератор QR-кодов онлайн - CreateMy-QR",text/html; charset=utf-8,false,200,0,0,"Преобразуйте данные Спотифай в собственный QR-код прямо в браузере. 100% обработка в автономном режиме для абсолютной конфиденциальности. Бесплатно, без ограничений и очень безопасно.
Преобразуйте данные Спотифай в собственный QR-код прямо в браузере. 100% обработка в автономном режиме для абсолютной конфиденциальности. Бесплатно, без ограничений и очень безопасно.",,,"183
183",2,true
21,https://createmy-qr.com/it/generatore-di-codici-qr-gratis-online,"Generatore di codici a barre online gratuito - Crea codici a barre 1D
Generatore di codici QR types.barcode - Gratuito e personalizzato | CreateMy-QR
barcode - Generatore di Codici QR Gratis Online - CreateMy-QR",text/html; charset=utf-8,false,200,0,0,"Converti i tuoi dati barcode in un codice QR personalizzato direttamente nel tuo browser. Elaborato offline al 100% per una privacy assoluta. Gratuito, senza limiti e altamente sicuro.
Converti i tuoi dati types.barcode in un codice QR personalizzato direttamente nel tuo browser. Elaborato offline al 100% per una privacy assoluta. Gratuito, senza limiti e altamente sicuro.
Genera istantaneamente codici a barre 1D professionali. Supporto per Code-128, UPC, EAN, ITF-14 e altro. Gratuito, sicuro e pronto per il download in PNG ad alta risoluzione.",,,"184
190
174",3,true
21,https://createmy-qr.com/th/ekiiywkaberaa,"เครื่องมือสร้างคิวอาร์โค้ดออนไลน์ฟรี - CreateMy-QR (No Signup) | เกี่ยวกับเรา
types.about เครื่องสร้างโค้ด QR - ฟรีและกำหนดเอง | CreateMy-QR
เกี่ยวกับเรา | CreateMy-QR",text/html; charset=utf-8,false,200,0,0,"Learn more about CreateMy-QR about us.
แปลงข้อมูล types.about ของคุณให้เป็นโค้ด QR ที่กำหนดเองได้โดยตรงในเบราว์เซอร์ของคุณ ประมวลผลแบบออฟไลน์ 100% เพื่อความเป็นส่วนตัวอย่างแท้จริง ฟรี ไม่จำกัด และมีความปลอดภัยสูง",,,"38
173",2,true
21,https://createmy-qr.com/uk/crypto-bezkoshtovniy-generator-qr-kodiv-onlayn,"Генератор QR-коду Крипто – безкоштовний і користувацький | CreateMy-QR
Крипто - Безкоштовний Генератор QR-кодів Онлайн - CreateMy-QR",text/html; charset=utf-8,false,200,0,0,"Перетворіть свої дані Крипто на власний QR-код безпосередньо у своєму браузері. 100% обробка офлайн для повної конфіденційності. Безкоштовно, без обмежень і дуже безпечно.
Перетворіть свої дані Крипто на власний QR-код безпосередньо у своєму браузері. 100% обробка офлайн для повної конфіденційності. Безкоштовно, без обмежень і дуже безпечно.",,,"171
171",2,true
21,https://createmy-qr.com/hu/telefon-ingyenes-online-qr-kod-generator,"Telefon QR-kód generátor - ingyenes és egyedi | CreateMy-QR
Telefon - Ingyenes Online QR-kód Generátor - CreateMy-QR",text/html; charset=utf-8,false,200,0,0,"Alakítsa át Telefon adatait egyéni QR-kóddá közvetlenül a böngészőjében. 100%-ban offline feldolgozva az abszolút adatvédelem érdekében. Ingyenes, korlátok nélkül és rendkívül biztonságos.
Alakítsa át Telefon adatait egyéni QR-kóddá közvetlenül a böngészőjében. 100%-ban offline feldolgozva az abszolút adatvédelem érdekében. Ingyenes, korlátok nélkül és rendkívül biztonságos.",,,"188
188",2,true
21,https://createmy-qr.com/es/arquitectura-de-seguridad,"Generador de Códigos QR Gratis Online - CreateMy-QR (No Signup) | Arquitectura de seguridad
Generador de códigos QR types.security: gratuito y personalizado | CreateMy-QR
Arquitectura de seguridad | CreateMy-QR",text/html; charset=utf-8,false,200,0,0,"Learn more about CreateMy-QR security architecture.
Convierta sus datos de types.security en un código QR personalizado directamente en su navegador. 100% procesado fuera de línea para absoluta privacidad. Gratis, sin límites y muy seguro.",,,"51
187",2,true
21,https://createmy-qr.com/nl/beveiligingsarchitectuur,"Gratis QR Code Generator Online - CreateMy-QR (No Signup) | Beveiligingsarchitectuur
types.security QR-codegenerator - gratis en aangepast | CreateMy-QR
Beveiligingsarchitectuur | CreateMy-QR",text/html; charset=utf-8,false,200,0,0,"Learn more about CreateMy-QR security architecture.
Converteer uw types.security-gegevens rechtstreeks in uw browser naar een aangepaste QR-code. 100% offline verwerkt voor absolute privacy. Gratis, geen grenzen en zeer veilig.",,,"51
175",2,true
21,https://createmy-qr.com/ar/url-link-mwld-rmz-lstjb-lsryaa-mjny,"مولد رمز الاستجابة السريعة مجاني - CreateMy-QR (No Signup) | CreateMy-QR
مولد رمز الاستجابة السريعة مجاني - CreateMy-QR (No Signup)",text/html; charset=utf-8,false,200,0,0,"أنشئ رموز QR مع شعار وألوان - بدون تسجيل، غير محدود. 100% privacy-safe, client-side generation without signup. Try CreateMy-QR today.
قم بتحويل بيانات عنوان URL / الرابط الخاصة بك إلى رمز QR مخصص مباشرةً في متصفحك. تمت معالجتها بنسبة 100% دون الاتصال بالإنترنت لتوفير الخصوصية المطلقة. مجاني، بلا حدود، وآمن للغاية.",,,"133
181",2,true
21,https://createmy-qr.com/es/discord-generador-de-codigos-qr-gratis-online,"Generador de códigos QR Discordia: gratuito y personalizado | CreateMy-QR
Discordia - Generador de Códigos QR Gratis Online - CreateMy-QR",text/html; charset=utf-8,false,200,0,0,"Convierta sus datos de Discordia en un código QR personalizado directamente en su navegador. 100% procesado fuera de línea para absoluta privacidad. Gratis, sin límites y muy seguro.
Convierta sus datos de Discordia en un código QR personalizado directamente en su navegador. 100% procesado fuera de línea para absoluta privacidad. Gratis, sin límites y muy seguro.",,,"182
182",2,true
21,https://createmy-qr.com/fr/snapchat-generateur-de-code-qr-gratuit-en-ligne,"Générateur de code QR Snapchat - Gratuit et personnalisé | CreateMy-QR
Snapchat - Générateur de Code QR Gratuit en Ligne - CreateMy-QR",text/html; charset=utf-8,false,200,0,0,"Convertissez vos données Snapchat en un code QR personnalisé directement dans votre navigateur. 100 % traité hors ligne pour une confidentialité absolue. Gratuit, sans limites et hautement sécurisé.
Convertissez vos données Snapchat en un code QR personnalisé directement dans votre navigateur. 100 % traité hors ligne pour une confidentialité absolue. Gratuit, sans limites et hautement sécurisé.",,,"198
198",2,true
21,https://createmy-qr.com/ru/google-forms-besplatnyy-generator-qr-kodov-onlayn,"Google Формы Генератор QR-кодов — бесплатный и настраиваемый | CreateMy-QR
Google Формы - Бесплатный генератор QR-кодов онлайн - CreateMy-QR",text/html; charset=utf-8,false,200,0,0,"Преобразуйте данные Google Формы в собственный QR-код прямо в браузере. 100% обработка в автономном режиме для абсолютной конфиденциальности. Бесплатно, без ограничений и очень безопасно.
Преобразуйте данные Google Формы в собственный QR-код прямо в браузере. 100% обработка в автономном режиме для абсолютной конфиденциальности. Бесплатно, без ограничений и очень безопасно.",,,"187
187",2,true
21,https://createmy-qr.com/pl/lokalizacja-darmowy-generator-kodow-qr-online,"Generator kodów QR Lokalizacja — bezpłatny i niestandardowy | CreateMy-QR
Lokalizacja - Darmowy Generator Kodów QR Online - CreateMy-QR",text/html; charset=utf-8,false,200,0,0,"Konwertuj dane Lokalizacja na niestandardowy kod QR bezpośrednio w przeglądarce. 100% przetwarzane w trybie offline, aby zapewnić całkowitą prywatność. Bezpłatnie, bez ograniczeń i bardzo bezpiecznie.
Konwertuj dane Lokalizacja na niestandardowy kod QR bezpośrednio w przeglądarce. 100% przetwarzane w trybie offline, aby zapewnić całkowitą prywatność. Bezpłatnie, bez ograniczeń i bardzo bezpiecznie.",,,"200
200",2,true
21,https://createmy-qr.com/hu/ingyenes-online-qr-kod-generator,"Ingyenes vonalkódgenerátor online – 1D vonalkódok létrehozása
types.barcode QR-kód generátor - ingyenes és egyedi | CreateMy-QR
barcode - Ingyenes Online QR-kód Generátor - CreateMy-QR",text/html; charset=utf-8,false,200,0,0,"Alakítsa át barcode adatait egyéni QR-kóddá közvetlenül a böngészőjében. 100%-ban offline feldolgozva az abszolút adatvédelem érdekében. Ingyenes, korlátok nélkül és rendkívül biztonságos.
Alakítsa át types.barcode adatait egyéni QR-kóddá közvetlenül a böngészőjében. 100%-ban offline feldolgozva az abszolút adatvédelem érdekében. Ingyenes, korlátok nélkül és rendkívül biztonságos.
Azonnal generál professzionális 1D vonalkódokat. A Code-128, UPC, EAN, ITF-14 és egyebek támogatása. Ingyenes, biztonságos és letöltésre kész nagy felbontású PNG-ben.",,,"188
194
166",3,true
21,https://createmy-qr.com/pl/url-link-darmowy-generator-kodow-qr-online,"Darmowy Generator Kodów QR Online - CreateMy-QR (No Signup) | CreateMy-QR
Darmowy Generator Kodów QR Online - CreateMy-QR (No Signup)",text/html; charset=utf-8,false,200,0,0,"Twórz Kody QR z Logo i Kolorem - Bez Rejestracji, Nielimitowane. 100% privacy-safe, client-side generation without signup. Try CreateMy-QR today.
Konwertuj dane Adres URL / Link na niestandardowy kod QR bezpośrednio w przeglądarce. 100% przetwarzane w trybie offline, aby zapewnić całkowitą prywatność. Bezpłatnie, bez ograniczeń i bardzo bezpiecznie.",,,"145
205",2,true
21,https://createmy-qr.com/tl/telegram-libreng-online-qr-code-generator,"Telegram QR Code Generator - Libre at Custom | CreateMy-QR
Telegram - Libreng Online QR Code Generator - CreateMy-QR",text/html; charset=utf-8,false,200,0,0,"I-convert ang iyong Telegram data sa isang custom na QR code nang direkta sa iyong browser. 100% na naproseso offline para sa ganap na privacy. Libre, walang limitasyon, at lubos na secure.
I-convert ang iyong Telegram data sa isang custom na QR code nang direkta sa iyong browser. 100% na naproseso offline para sa ganap na privacy. Libre, walang limitasyon, at lubos na secure.",,,"189
189",2,true
21,https://createmy-qr.com/el/x-twitter-dorean-dimioyrgia-qr-code-online,"X (Twitter) QR Code Generator - Δωρεάν & Προσαρμοσμένο | CreateMy-QR
X (Twitter) - Δωρεάν Δημιουργία QR Code Online - CreateMy-QR",text/html; charset=utf-8,false,200,0,0,"Μετατρέψτε τα δεδομένα σας X (Twitter) σε προσαρμοσμένο κωδικό QR απευθείας στο πρόγραμμα περιήγησής σας. 100% επεξεργασία εκτός σύνδεσης για απόλυτη προστασία της ιδιωτικής ζωής. Δωρεάν, χωρίς όρια και εξαιρετικά ασφαλές.
Μετατρέψτε τα δεδομένα σας X (Twitter) σε προσαρμοσμένο κωδικό QR απευθείας στο πρόγραμμα περιήγησής σας. 100% επεξεργασία εκτός σύνδεσης για απόλυτη προστασία της ιδιωτικής ζωής. Δωρεάν, χωρίς όρια και εξαιρετικά ασφαλές.",,,"222
222",2,true
21,https://createmy-qr.com/uk/tiktok-bezkoshtovniy-generator-qr-kodiv-onlayn,"Генератор QR-коду TikTok – безкоштовний і користувацький | CreateMy-QR
TikTok - Безкоштовний Генератор QR-кодів Онлайн - CreateMy-QR",text/html; charset=utf-8,false,200,0,0,"Перетворіть свої дані TikTok на власний QR-код безпосередньо у своєму браузері. 100% обробка офлайн для повної конфіденційності. Безкоштовно, без обмежень і дуже безпечно.
Перетворіть свої дані TikTok на власний QR-код безпосередньо у своєму браузері. 100% обробка офлайн для повної конфіденційності. Безкоштовно, без обмежень і дуже безпечно.",,,"171
171",2,true
21,https://createmy-qr.com/th/epriiybethiiybekhruue-ngmuue,"เครื่องมือสร้างคิวอาร์โค้ดออนไลน์ฟรี - CreateMy-QR (No Signup) | เปรียบเทียบเครื่องมือ
types.compare เครื่องสร้างโค้ด QR - ฟรีและกำหนดเอง | CreateMy-QR
เปรียบเทียบเครื่องมือ | CreateMy-QR",text/html; charset=utf-8,false,200,0,0,"Learn more about CreateMy-QR compare tools.
แปลงข้อมูล types.compare ของคุณให้เป็นโค้ด QR ที่กำหนดเองได้โดยตรงในเบราว์เซอร์ของคุณ ประมวลผลแบบออฟไลน์ 100% เพื่อความเป็นส่วนตัวอย่างแท้จริง ฟรี ไม่จำกัด และมีความปลอดภัยสูง",,,"43
175",2,true
21,https://createmy-qr.com/ru/politika-konfidencialnosti,"Бесплатный генератор QR-кодов онлайн - CreateMy-QR (No Signup) | Политика конфиденциальности
types.privacy Генератор QR-кодов — бесплатный и настраиваемый | CreateMy-QR
Политика конфиденциальности | CreateMy-QR",text/html; charset=utf-8,false,200,0,0,"Learn more about CreateMy-QR privacy policy.
Преобразуйте данные types.privacy в собственный QR-код прямо в браузере. 100% обработка в автономном режиме для абсолютной конфиденциальности. Бесплатно, без ограничений и очень безопасно.",,,"44
188",2,true
21,https://createmy-qr.com/da/url-link-gratis-qr-kode-generator-online,"Gratis QR Kode Generator Online - CreateMy-QR (No Signup) | CreateMy-QR
Gratis QR Kode Generator Online - CreateMy-QR (No Signup)",text/html; charset=utf-8,false,200,0,0,"Lav QR Koder med Logo & Farve - Uden Registrering, Ubegrænset. 100% privacy-safe, client-side generation without signup. Try CreateMy-QR today.
Konverter dine URL / Link-data til en tilpasset QR-kode direkte i din browser. 100 % behandlet offline for absolut privatliv. Gratis, ingen grænser og meget sikker.",,,"143
164",2,true
21,https://createmy-qr.com/pl/email-darmowy-generator-kodow-qr-online,"Generator kodów QR E-mail — bezpłatny i niestandardowy | CreateMy-QR
E-mail - Darmowy Generator Kodów QR Online - CreateMy-QR",text/html; charset=utf-8,false,200,0,0,"Konwertuj dane E-mail na niestandardowy kod QR bezpośrednio w przeglądarce. 100% przetwarzane w trybie offline, aby zapewnić całkowitą prywatność. Bezpłatnie, bez ograniczeń i bardzo bezpiecznie.
Konwertuj dane E-mail na niestandardowy kod QR bezpośrednio w przeglądarce. 100% przetwarzane w trybie offline, aby zapewnić całkowitą prywatność. Bezpłatnie, bez ograniczeń i bardzo bezpiecznie.",,,"195
195",2,true
21,https://createmy-qr.com/es/idiomas-admitidos,"Generador de Códigos QR Gratis Online - CreateMy-QR (No Signup) | Idiomas admitidos
Generador de códigos QR types.languages: gratuito y personalizado | CreateMy-QR
Idiomas admitidos | CreateMy-QR",text/html; charset=utf-8,false,200,0,0,"Learn more about CreateMy-QR supported languages.
Convierta sus datos de types.languages en un código QR personalizado directamente en su navegador. 100% procesado fuera de línea para absoluta privacidad. Gratis, sin límites y muy seguro.",,,"49
188",2,true
21,https://createmy-qr.com/ru/tiktok-besplatnyy-generator-qr-kodov-onlayn,"ТикТок Генератор QR-кодов — бесплатный и настраиваемый | CreateMy-QR
ТикТок - Бесплатный генератор QR-кодов онлайн - CreateMy-QR",text/html; charset=utf-8,false,200,0,0,"Преобразуйте данные ТикТок в собственный QR-код прямо в браузере. 100% обработка в автономном режиме для абсолютной конфиденциальности. Бесплатно, без ограничений и очень безопасно.
Преобразуйте данные ТикТок в собственный QR-код прямо в браузере. 100% обработка в автономном режиме для абсолютной конфиденциальности. Бесплатно, без ограничений и очень безопасно.",,,"181
181",2,true
21,https://createmy-qr.com/fr/pdf-generateur-de-code-qr-gratuit-en-ligne,"Générateur de code QR PDF - Gratuit et personnalisé | CreateMy-QR
PDF - Générateur de Code QR Gratuit en Ligne - CreateMy-QR",text/html; charset=utf-8,false,200,0,0,"Convertissez vos données PDF en un code QR personnalisé directement dans votre navigateur. 100 % traité hors ligne pour une confidentialité absolue. Gratuit, sans limites et hautement sécurisé.
Convertissez vos données PDF en un code QR personnalisé directement dans votre navigateur. 100 % traité hors ligne pour une confidentialité absolue. Gratuit, sans limites et hautement sécurisé.",,,"193
193",2,true
21,https://createmy-qr.com/vi/instagram-tao-ma-qr-mien-phi-truc-tuyen,"Trình tạo mã QR Instagram - Miễn phí & Tùy chỉnh | CreateMy-QR
Instagram - Tạo Mã QR Miễn Phí Trực Tuyến - CreateMy-QR",text/html; charset=utf-8,false,200,0,0,"Chuyển đổi dữ liệu Instagram của bạn thành mã QR tùy chỉnh trực tiếp trong trình duyệt của bạn. 100% được xử lý ngoại tuyến để đảm bảo quyền riêng tư tuyệt đối. Miễn phí, không giới hạn và có tính bảo mật cao.
Chuyển đổi dữ liệu Instagram của bạn thành mã QR tùy chỉnh trực tiếp trong trình duyệt của bạn. 100% được xử lý ngoại tuyến để đảm bảo quyền riêng tư tuyệt đối. Miễn phí, không giới hạn và có tính bảo mật cao.",,,"209
209",2,true
21,https://createmy-qr.com/it/sms-generatore-di-codici-qr-gratis-online,"Generatore di codici QR SMS - Gratuito e personalizzato | CreateMy-QR
SMS - Generatore di Codici QR Gratis Online - CreateMy-QR",text/html; charset=utf-8,false,200,0,0,"Converti i tuoi dati SMS in un codice QR personalizzato direttamente nel tuo browser. Elaborato offline al 100% per una privacy assoluta. Gratuito, senza limiti e altamente sicuro.
Converti i tuoi dati SMS in un codice QR personalizzato direttamente nel tuo browser. Elaborato offline al 100% per una privacy assoluta. Gratuito, senza limiti e altamente sicuro.",,,"180
180",2,true
21,https://createmy-qr.com/th/tiktok-ekhruue-ngmuue-sraangkhiw-aarokhd-nailnfrii,"ติ๊กต๊อก เครื่องสร้างโค้ด QR - ฟรีและกำหนดเอง | CreateMy-QR
ติ๊กต๊อก - เครื่องมือสร้างคิวอาร์โค้ดออนไลน์ฟรี - CreateMy-QR",text/html; charset=utf-8,false,200,0,0,"แปลงข้อมูล ติ๊กต๊อก ของคุณให้เป็นโค้ด QR ที่กำหนดเองได้โดยตรงในเบราว์เซอร์ของคุณ ประมวลผลแบบออฟไลน์ 100% เพื่อความเป็นส่วนตัวอย่างแท้จริง ฟรี ไม่จำกัด และมีความปลอดภัยสูง
แปลงข้อมูล ติ๊กต๊อก ของคุณให้เป็นโค้ด QR ที่กำหนดเองได้โดยตรงในเบราว์เซอร์ของคุณ ประมวลผลแบบออฟไลน์ 100% เพื่อความเป็นส่วนตัวอย่างแท้จริง ฟรี ไม่จำกัด และมีความปลอดภัยสูง",,,"170
170",2,true
21,https://createmy-qr.com/tr/rezervasyon-ucretsiz-cevrimici-qr-kod-olusturucu,"Rezervasyon QR Kod Oluşturucu - Ücretsiz ve Özel | CreateMy-QR
Rezervasyon - Ücretsiz Çevrimiçi QR Kod Oluşturucu - CreateMy-QR",text/html; charset=utf-8,false,200,0,0,"Rezervasyon verilerinizi doğrudan tarayıcınızda özel bir QR koduna dönüştürün. Mutlak gizlilik için %100 çevrimdışı işlenir. Ücretsiz, sınırsız ve son derece güvenli.
Rezervasyon verilerinizi doğrudan tarayıcınızda özel bir QR koduna dönüştürün. Mutlak gizlilik için %100 çevrimdışı işlenir. Ücretsiz, sınırsız ve son derece güvenli.",,,"166
166",2,true
21,https://createmy-qr.com/it/telegram-generatore-di-codici-qr-gratis-online,"Generatore di codici QR Telegramma - Gratuito e personalizzato | CreateMy-QR
Telegramma - Generatore di Codici QR Gratis Online - CreateMy-QR",text/html; charset=utf-8,false,200,0,0,"Converti i tuoi dati Telegramma in un codice QR personalizzato direttamente nel tuo browser. Elaborato offline al 100% per una privacy assoluta. Gratuito, senza limiti e altamente sicuro.
Converti i tuoi dati Telegramma in un codice QR personalizzato direttamente nel tuo browser. Elaborato offline al 100% per una privacy assoluta. Gratuito, senza limiti e altamente sicuro.",,,"187
187",2,true
21,https://createmy-qr.com/tr/youtube-ucretsiz-cevrimici-qr-kod-olusturucu,"Youtube QR Kod Oluşturucu - Ücretsiz ve Özel | CreateMy-QR
Youtube - Ücretsiz Çevrimiçi QR Kod Oluşturucu - CreateMy-QR",text/html; charset=utf-8,false,200,0,0,"Youtube verilerinizi doğrudan tarayıcınızda özel bir QR koduna dönüştürün. Mutlak gizlilik için %100 çevrimdışı işlenir. Ücretsiz, sınırsız ve son derece güvenli.
Youtube verilerinizi doğrudan tarayıcınızda özel bir QR koduna dönüştürün. Mutlak gizlilik için %100 çevrimdışı işlenir. Ücretsiz, sınırsız ve son derece güvenli.",,,"162
162",2,true
21,https://createmy-qr.com/da/sikkerhedsarkitektur,"Gratis QR Kode Generator Online - CreateMy-QR (No Signup) | Sikkerhedsarkitektur
types.security QR Code Generator - Gratis og brugerdefineret | CreateMy-QR
Sikkerhedsarkitektur | CreateMy-QR",text/html; charset=utf-8,false,200,0,0,"Learn more about CreateMy-QR security architecture.
Konverter dine types.security-data til en tilpasset QR-kode direkte i din browser. 100 % behandlet offline for absolut privatliv. Gratis, ingen grænser og meget sikker.",,,"51
168",2,true
21,https://createmy-qr.com/uk/youtube-bezkoshtovniy-generator-qr-kodiv-onlayn,"Генератор QR-коду YouTube – безкоштовний і користувацький | CreateMy-QR
YouTube - Безкоштовний Генератор QR-кодів Онлайн - CreateMy-QR",text/html; charset=utf-8,false,200,0,0,"Перетворіть свої дані YouTube на власний QR-код безпосередньо у своєму браузері. 100% обробка офлайн для повної конфіденційності. Безкоштовно, без обмежень і дуже безпечно.
Перетворіть свої дані YouTube на власний QR-код безпосередньо у своєму браузері. 100% обробка офлайн для повної конфіденційності. Безкоштовно, без обмежень і дуже безпечно.",,,"172
172",2,true
21,https://createmy-qr.com/cs/o-nas,"Zdarma Online Generátor QR Kódů - CreateMy-QR (No Signup) | O nás
types.about generátor QR kódu – zdarma a na míru | CreateMy-QR
O nás | CreateMy-QR",text/html; charset=utf-8,false,200,0,0,"Learn more about CreateMy-QR about us.
Převeďte svá data types.about na vlastní QR kód přímo ve vašem prohlížeči. 100% zpracováno offline pro absolutní soukromí. Zdarma, bez omezení a vysoce bezpečné.",,,"38
161",2,true
21,https://createmy-qr.com/es/ubicacion-generador-de-codigos-qr-gratis-online,"Generador de códigos QR Ubicación: gratuito y personalizado | CreateMy-QR
Ubicación - Generador de Códigos QR Gratis Online - CreateMy-QR",text/html; charset=utf-8,false,200,0,0,"Convierta sus datos de Ubicación en un código QR personalizado directamente en su navegador. 100% procesado fuera de línea para absoluta privacidad. Gratis, sin límites y muy seguro.
Convierta sus datos de Ubicación en un código QR personalizado directamente en su navegador. 100% procesado fuera de línea para absoluta privacidad. Gratis, sin límites y muy seguro.",,,"182
182",2,true
21,https://createmy-qr.com/vi/amazon-tao-ma-qr-mien-phi-truc-tuyen,"Trình tạo mã QR Amazon - Miễn phí & Tùy chỉnh | CreateMy-QR
Amazon - Tạo Mã QR Miễn Phí Trực Tuyến - CreateMy-QR",text/html; charset=utf-8,false,200,0,0,"Chuyển đổi dữ liệu Amazon của bạn thành mã QR tùy chỉnh trực tiếp trong trình duyệt của bạn. 100% được xử lý ngoại tuyến để đảm bảo quyền riêng tư tuyệt đối. Miễn phí, không giới hạn và có tính bảo mật cao.
Chuyển đổi dữ liệu Amazon của bạn thành mã QR tùy chỉnh trực tiếp trong trình duyệt của bạn. 100% được xử lý ngoại tuyến để đảm bảo quyền riêng tư tuyệt đối. Miễn phí, không giới hạn và có tính bảo mật cao.",,,"206
206",2,true
21,https://createmy-qr.com/fi/whatsapp-ilmainen-qr-koodigeneraattori-netissa,"WhatsApp QR-koodigeneraattori - ilmainen ja räätälöity | CreateMy-QR
WhatsApp - Ilmainen QR-koodigeneraattori Netissä - CreateMy-QR",text/html; charset=utf-8,false,200,0,0,"Muunna WhatsApp-tietosi mukautetuksi QR-koodiksi suoraan selaimessasi. 100 % käsitelty offline-tilassa täydellisen yksityisyyden takaamiseksi. Ilmainen, ei rajoituksia ja erittäin turvallinen.
Muunna WhatsApp-tietosi mukautetuksi QR-koodiksi suoraan selaimessasi. 100 % käsitelty offline-tilassa täydellisen yksityisyyden takaamiseksi. Ilmainen, ei rajoituksia ja erittäin turvallinen.",,,"192
192",2,true
21,https://createmy-qr.com/no/telefon-gratis-qr-kode-generator-online,"Telefon QR Code Generator - Gratis og tilpasset | CreateMy-QR
Telefon - Gratis QR-kode Generator Online - CreateMy-QR",text/html; charset=utf-8,false,200,0,0,"Konverter Telefon-dataene dine til en tilpasset QR-kode direkte i nettleseren din. 100 % behandlet offline for absolutt personvern. Gratis, ingen grenser og svært sikker.
Konverter Telefon-dataene dine til en tilpasset QR-kode direkte i nettleseren din. 100 % behandlet offline for absolutt personvern. Gratis, ingen grenser og svært sikker.",,,"170
170",2,true
21,https://createmy-qr.com/da/billede-gratis-qr-kode-generator-online,"Billede QR Code Generator - Gratis og brugerdefineret | CreateMy-QR
Billede - Gratis QR Kode Generator Online - CreateMy-QR",text/html; charset=utf-8,false,200,0,0,"Konverter dine Billede-data til en tilpasset QR-kode direkte i din browser. 100 % behandlet offline for absolut privatliv. Gratis, ingen grænser og meget sikker.
Konverter dine Billede-data til en tilpasset QR-kode direkte i din browser. 100 % behandlet offline for absolut privatliv. Gratis, ingen grænser og meget sikker.",,,"161
161",2,true
21,https://createmy-qr.com/pt/crypto-gerador-de-codigo-qr-gratis-online,"Gerador de código QR Criptografia - gratuito e personalizado | CreateMy-QR
Criptografia - Gerador de Código QR Grátis Online - CreateMy-QR",text/html; charset=utf-8,false,200,0,0,"Converta seus dados do Criptografia em um código QR personalizado diretamente no seu navegador. 100% processado offline para privacidade absoluta. Gratuito, sem limites e altamente seguro.
Converta seus dados do Criptografia em um código QR personalizado diretamente no seu navegador. 100% processado offline para privacidade absoluta. Gratuito, sem limites e altamente seguro.",,,"188
188",2,true
21,https://createmy-qr.com/ro/google-review-generator-de-coduri-qr-gratuit-online,"Google Review QR Code Generator - Gratuit și personalizat | CreateMy-QR
Google Review - Generator de Coduri QR Gratuit Online - CreateMy-QR",text/html; charset=utf-8,false,200,0,0,"Transformați datele dvs. Google Review într-un cod QR personalizat direct în browser. Procesat 100% offline pentru confidențialitate absolută. Gratuit, fără limite și foarte sigur.
Transformați datele dvs. Google Review într-un cod QR personalizat direct în browser. Procesat 100% offline pentru confidențialitate absolută. Gratuit, fără limite și foarte sigur.",,,"180
180",2,true
21,https://createmy-qr.com/da/facebook-gratis-qr-kode-generator-online,"Facebook QR Code Generator - Gratis og brugerdefineret | CreateMy-QR
Facebook - Gratis QR Kode Generator Online - CreateMy-QR",text/html; charset=utf-8,false,200,0,0,"Konverter dine Facebook-data til en tilpasset QR-kode direkte i din browser. 100 % behandlet offline for absolut privatliv. Gratis, ingen grænser og meget sikker.
Konverter dine Facebook-data til en tilpasset QR-kode direkte i din browser. 100 % behandlet offline for absolut privatliv. Gratis, ingen grænser og meget sikker.",,,"162
162",2,true
21,https://createmy-qr.com/pt/wi-fi-gerador-de-codigo-qr-gratis-online,"Gerador de código QR Wi-Fi - gratuito e personalizado | CreateMy-QR
Wi-Fi - Gerador de Código QR Grátis Online - CreateMy-QR",text/html; charset=utf-8,false,200,0,0,"Converta seus dados do Wi-Fi em um código QR personalizado diretamente no seu navegador. 100% processado offline para privacidade absoluta. Gratuito, sem limites e altamente seguro.
Converta seus dados do Wi-Fi em um código QR personalizado diretamente no seu navegador. 100% processado offline para privacidade absoluta. Gratuito, sem limites e altamente seguro.",,,"181
181",2,true
21,https://createmy-qr.com/fi/ilmainen-qr-koodigeneraattori-netissa,"Ilmainen viivakoodigeneraattori verkossa - Luo 1D-viivakoodeja
types.barcode QR-koodigeneraattori - ilmainen ja räätälöity | CreateMy-QR
barcode - Ilmainen QR-koodigeneraattori Netissä - CreateMy-QR",text/html; charset=utf-8,false,200,0,0,"Muunna barcode-tietosi mukautetuksi QR-koodiksi suoraan selaimessasi. 100 % käsitelty offline-tilassa täydellisen yksityisyyden takaamiseksi. Ilmainen, ei rajoituksia ja erittäin turvallinen.
Muunna types.barcode-tietosi mukautetuksi QR-koodiksi suoraan selaimessasi. 100 % käsitelty offline-tilassa täydellisen yksityisyyden takaamiseksi. Ilmainen, ei rajoituksia ja erittäin turvallinen.
Luo ammattimaisia ​​1D-viivakoodeja välittömästi. Tuki Code-128:lle, UPC:lle, EAN:lle, ITF-14:lle ja muille. Ilmainen, turvallinen ja valmis ladattavaksi korkearesoluutioisena PNG-muodossa.",,,"191
197
189",3,true
21,https://createmy-qr.com/vi/ve-chung-toi,"Tạo Mã QR Miễn Phí Trực Tuyến - CreateMy-QR (No Signup) | Về chúng tôi
Trình tạo mã QR types.about - Miễn phí & Tùy chỉnh | CreateMy-QR
Về chúng tôi | CreateMy-QR",text/html; charset=utf-8,false,200,0,0,"Learn more about CreateMy-QR about us.
Chuyển đổi dữ liệu types.about của bạn thành mã QR tùy chỉnh trực tiếp trong trình duyệt của bạn. 100% được xử lý ngoại tuyến để đảm bảo quyền riêng tư tuyệt đối. Miễn phí, không giới hạn và có tính bảo mật cao.",,,"38
211",2,true
21,https://createmy-qr.com/nl/app-store-gratis-qr-code-generator-online,"App Store QR-codegenerator - gratis en aangepast | CreateMy-QR
App Store - Gratis QR Code Generator Online - CreateMy-QR",text/html; charset=utf-8,false,200,0,0,"Converteer uw App Store-gegevens rechtstreeks in uw browser naar een aangepaste QR-code. 100% offline verwerkt voor absolute privacy. Gratis, geen grenzen en zeer veilig.
Converteer uw App Store-gegevens rechtstreeks in uw browser naar een aangepaste QR-code. 100% offline verwerkt voor absolute privacy. Gratis, geen grenzen en zeer veilig.",,,"170
170",2,true
21,https://createmy-qr.com/es/app-store-generador-de-codigos-qr-gratis-online,"Generador de códigos QR Tienda de aplicaciones: gratuito y personalizado | CreateMy-QR
Tienda de aplicaciones - Generador de Códigos QR Gratis Online - CreateMy-QR",text/html; charset=utf-8,false,200,0,0,"Convierta sus datos de Tienda de aplicaciones en un código QR personalizado directamente en su navegador. 100% procesado fuera de línea para absoluta privacidad. Gratis, sin límites y muy seguro.
Convierta sus datos de Tienda de aplicaciones en un código QR personalizado directamente en su navegador. 100% procesado fuera de línea para absoluta privacidad. Gratis, sin límites y muy seguro.",,,"195
195",2,true
21,https://createmy-qr.com/es/whatsapp-generador-de-codigos-qr-gratis-online,"Generador de códigos QR Whatsapp: gratuito y personalizado | CreateMy-QR
Whatsapp - Generador de Códigos QR Gratis Online - CreateMy-QR",text/html; charset=utf-8,false,200,0,0,"Convierta sus datos de Whatsapp en un código QR personalizado directamente en su navegador. 100% procesado fuera de línea para absoluta privacidad. Gratis, sin límites y muy seguro.
Convierta sus datos de Whatsapp en un código QR personalizado directamente en su navegador. 100% procesado fuera de línea para absoluta privacidad. Gratis, sin límites y muy seguro.",,,"181
181",2,true
21,https://createmy-qr.com/it/immagine-generatore-di-codici-qr-gratis-online,"Generatore di codici QR Immagine - Gratuito e personalizzato | CreateMy-QR
Immagine - Generatore di Codici QR Gratis Online - CreateMy-QR",text/html; charset=utf-8,false,200,0,0,"Converti i tuoi dati Immagine in un codice QR personalizzato direttamente nel tuo browser. Elaborato offline al 100% per una privacy assoluta. Gratuito, senza limiti e altamente sicuro.
Converti i tuoi dati Immagine in un codice QR personalizzato direttamente nel tuo browser. Elaborato offline al 100% per una privacy assoluta. Gratuito, senza limiti e altamente sicuro.",,,"185
185",2,true
21,https://createmy-qr.com/tl/app-store-libreng-online-qr-code-generator,"App Store QR Code Generator - Libre at Custom | CreateMy-QR
App Store - Libreng Online QR Code Generator - CreateMy-QR",text/html; charset=utf-8,false,200,0,0,"I-convert ang iyong App Store data sa isang custom na QR code nang direkta sa iyong browser. 100% na naproseso offline para sa ganap na privacy. Libre, walang limitasyon, at lubos na secure.
I-convert ang iyong App Store data sa isang custom na QR code nang direkta sa iyong browser. 100% na naproseso offline para sa ganap na privacy. Libre, walang limitasyon, at lubos na secure.",,,"190
190",2,true
21,https://createmy-qr.com/ms/email-penjana-kod-qr-percuma-dalam-talian,"Penjana Kod QR E-mel - Percuma & Tersuai | CreateMy-QR
E-mel - Penjana Kod QR Percuma Dalam Talian - CreateMy-QR",text/html; charset=utf-8,false,200,0,0,"Tukar data E-mel anda kepada kod QR tersuai terus dalam penyemak imbas anda. 100% diproses di luar talian untuk privasi mutlak. Percuma, tiada had dan sangat selamat.
Tukar data E-mel anda kepada kod QR tersuai terus dalam penyemak imbas anda. 100% diproses di luar talian untuk privasi mutlak. Percuma, tiada had dan sangat selamat.",,,"166
166",2,true
21,https://createmy-qr.com/de/x-twitter-kostenloser-qr-code-generator-online,"X (Twitter) QR-Code-Generator – kostenlos und benutzerdefiniert | CreateMy-QR
X (Twitter) - Kostenloser QR-Code Generator Online - CreateMy-QR",text/html; charset=utf-8,false,200,0,0,"Wandeln Sie Ihre X (Twitter)-Daten direkt in Ihrem Browser in einen benutzerdefinierten QR-Code um. 100 % offline verarbeitet für absolute Privatsphäre. Kostenlos, ohne Grenzen und äußerst sicher.
Wandeln Sie Ihre X (Twitter)-Daten direkt in Ihrem Browser in einen benutzerdefinierten QR-Code um. 100 % offline verarbeitet für absolute Privatsphäre. Kostenlos, ohne Grenzen und äußerst sicher.",,,"196
196",2,true
21,https://createmy-qr.com/pl/skaner-kodow-kreskowych-darmowy-generator-kodow-qr-online,"Bezpłatny skaner kodów kreskowych online — skanuj kody UPC i EAN
Generator kodów QR Skaner kodów kreskowych — bezpłatny i niestandardowy | CreateMy-QR
Skaner kodów kreskowych - Darmowy Generator Kodów QR Online - CreateMy-QR",text/html; charset=utf-8,false,200,0,0,"Konwertuj dane Skaner kodów kreskowych na niestandardowy kod QR bezpośrednio w przeglądarce. 100% przetwarzane w trybie offline, aby zapewnić całkowitą prywatność. Bezpłatnie, bez ograniczeń i bardzo bezpiecznie.
Konwertuj dane Skaner kodów kreskowych na niestandardowy kod QR bezpośrednio w przeglądarce. 100% przetwarzane w trybie offline, aby zapewnić całkowitą prywatność. Bezpłatnie, bez ograniczeń i bardzo bezpiecznie.
Zeskanuj kody kreskowe online za darmo, używając aparatu w swoim urządzeniu lub prześlij obraz.Obsługuje UPC, EAN, Code 128 i więcej.100% prywatności i bezpieczeństwa.",,,"212
212
167",3,true
21,https://createmy-qr.com/uk/politika-konfidenciynosti,"Безкоштовний Генератор QR-кодів Онлайн - CreateMy-QR (No Signup) | Політика конфіденційності
Генератор QR-коду types.privacy – безкоштовний і користувацький | CreateMy-QR
Політика конфіденційності | CreateMy-QR",text/html; charset=utf-8,false,200,0,0,"Learn more about CreateMy-QR privacy policy.
Перетворіть свої дані types.privacy на власний QR-код безпосередньо у своєму браузері. 100% обробка офлайн для повної конфіденційності. Безкоштовно, без обмежень і дуже безпечно.",,,"44
178",2,true
21,https://createmy-qr.com/tl/mga-sinusuportahang-wika,"Libreng Online QR Code Generator - CreateMy-QR (No Signup) | Mga Sinusuportahang Wika
types.languages QR Code Generator - Libre at Custom | CreateMy-QR
Mga Sinusuportahang Wika | CreateMy-QR",text/html; charset=utf-8,false,200,0,0,"Learn more about CreateMy-QR supported languages.
I-convert ang iyong types.languages data sa isang custom na QR code nang direkta sa iyong browser. 100% na naproseso offline para sa ganap na privacy. Libre, walang limitasyon, at lubos na secure.",,,"49
196",2,true
21,https://createmy-qr.com/nl/crypto-gratis-qr-code-generator-online,"Crypto QR-codegenerator - gratis en aangepast | CreateMy-QR
Crypto - Gratis QR Code Generator Online - CreateMy-QR",text/html; charset=utf-8,false,200,0,0,"Converteer uw Crypto-gegevens rechtstreeks in uw browser naar een aangepaste QR-code. 100% offline verwerkt voor absolute privacy. Gratis, geen grenzen en zeer veilig.
Converteer uw Crypto-gegevens rechtstreeks in uw browser naar een aangepaste QR-code. 100% offline verwerkt voor absolute privacy. Gratis, geen grenzen en zeer veilig.",,,"167
167",2,true
21,https://createmy-qr.com/no/venmo-gratis-qr-kode-generator-online,"Venmo QR Code Generator - Gratis og tilpasset | CreateMy-QR
Venmo - Gratis QR-kode Generator Online - CreateMy-QR",text/html; charset=utf-8,false,200,0,0,"Konverter Venmo-dataene dine til en tilpasset QR-kode direkte i nettleseren din. 100 % behandlet offline for absolutt personvern. Gratis, ingen grenser og svært sikker.
Konverter Venmo-dataene dine til en tilpasset QR-kode direkte i nettleseren din. 100 % behandlet offline for absolutt personvern. Gratis, ingen grenser og svært sikker.",,,"168
168",2,true
21,https://createmy-qr.com/hu/url-ingyenes-online-qr-kod-generator,"Ingyenes Online QR-kód Generátor - CreateMy-QR (No Signup) | CreateMy-QR
Ingyenes Online QR-kód Generátor - CreateMy-QR (No Signup)",text/html; charset=utf-8,false,200,0,0,"Készítsen QR-kódokat Logóval és Színnel - Regisztráció Nélkül, Korlátlanul. 100% privacy-safe, client-side generation without signup. Try CreateMy-QR today.
Alakítsa át URL adatait egyéni QR-kóddá közvetlenül a böngészőjében. 100%-ban offline feldolgozva az abszolút adatvédelem érdekében. Ingyenes, korlátok nélkül és rendkívül biztonságos.",,,"156
184",2,true
21,https://createmy-qr.com/cs/bezpecnostni-architektura,"Zdarma Online Generátor QR Kódů - CreateMy-QR (No Signup) | Bezpečnostní architektura
types.security generátor QR kódu – zdarma a na míru | CreateMy-QR
Bezpečnostní architektura | CreateMy-QR",text/html; charset=utf-8,false,200,0,0,"Learn more about CreateMy-QR security architecture.
Převeďte svá data types.security na vlastní QR kód přímo ve vašem prohlížeči. 100% zpracováno offline pro absolutní soukromí. Zdarma, bez omezení a vysoce bezpečné.",,,"51
164",2,true
21,https://createmy-qr.com/bn/url-link-phri-anlaain-kiuaar-kodd-jenaarettr,"ফ্রি অনলাইন কিউআর কোড জেনারেটর - CreateMy-QR (No Signup) | CreateMy-QR
ফ্রি অনলাইন কিউআর কোড জেনারেটর - CreateMy-QR (No Signup)",text/html; charset=utf-8,false,200,0,0,"লোগো এবং রঙ সহ কিউআর কোড তৈরি করুন - কোনো সাইনআপ নেই, আনলিমিটেড ফ্রি. 100% privacy-safe, client-side generation without signup. Try CreateMy-QR today.
আপনার ব্রাউজারে সরাসরি একটি কাস্টম QR কোডে আপনার URL / লিঙ্ক ডেটা রূপান্তর করুন। সম্পূর্ণ গোপনীয়তার জন্য 100% অফলাইনে প্রক্রিয়া করা হয়েছে। বিনামূল্যে, কোন সীমা নেই, এবং অত্যন্ত নিরাপদ।",,,"150
187",2,true
21,https://createmy-qr.com/tr/desteklenen-diller,"Ücretsiz Çevrimiçi QR Kod Oluşturucu - CreateMy-QR (No Signup) | Desteklenen Diller
types.languages QR Kod Oluşturucu - Ücretsiz ve Özel | CreateMy-QR
Desteklenen Diller | CreateMy-QR",text/html; charset=utf-8,false,200,0,0,"Learn more about CreateMy-QR supported languages.
types.languages verilerinizi doğrudan tarayıcınızda özel bir QR koduna dönüştürün. Mutlak gizlilik için %100 çevrimdışı işlenir. Ücretsiz, sınırsız ve son derece güvenli.",,,"49
170",2,true
21,https://createmy-qr.com/es/facebook-generador-de-codigos-qr-gratis-online,"Generador de códigos QR Facebook: gratuito y personalizado | CreateMy-QR
Facebook - Generador de Códigos QR Gratis Online - CreateMy-QR",text/html; charset=utf-8,false,200,0,0,"Convierta sus datos de Facebook en un código QR personalizado directamente en su navegador. 100% procesado fuera de línea para absoluta privacidad. Gratis, sin límites y muy seguro.
Convierta sus datos de Facebook en un código QR personalizado directamente en su navegador. 100% procesado fuera de línea para absoluta privacidad. Gratis, sin límites y muy seguro.",,,"181
181",2,true
21,https://createmy-qr.com/tr/discord-ucretsiz-cevrimici-qr-kod-olusturucu,"Anlaşmazlık QR Kod Oluşturucu - Ücretsiz ve Özel | CreateMy-QR
Anlaşmazlık - Ücretsiz Çevrimiçi QR Kod Oluşturucu - CreateMy-QR",text/html; charset=utf-8,false,200,0,0,"Anlaşmazlık verilerinizi doğrudan tarayıcınızda özel bir QR koduna dönüştürün. Mutlak gizlilik için %100 çevrimdışı işlenir. Ücretsiz, sınırsız ve son derece güvenli.
Anlaşmazlık verilerinizi doğrudan tarayıcınızda özel bir QR koduna dönüştürün. Mutlak gizlilik için %100 çevrimdışı işlenir. Ücretsiz, sınırsız ve son derece güvenli.",,,"166
166",2,true
21,https://createmy-qr.com/sv/snapchat-gratis-qr-kod-generator-online,"Snapchat QR Code Generator - Gratis & anpassad | CreateMy-QR
Snapchat - Gratis QR-kod Generator Online - CreateMy-QR",text/html; charset=utf-8,false,200,0,0,"Konvertera dina Snapchat-data till en anpassad QR-kod direkt i din webbläsare. 100 % bearbetad offline för absolut integritet. Gratis, inga gränser och mycket säker.
Konvertera dina Snapchat-data till en anpassad QR-kod direkt i din webbläsare. 100 % bearbetad offline för absolut integritet. Gratis, inga gränser och mycket säker.",,,"165
165",2,true
21,https://createmy-qr.com/pt/,"CreateMy-QR | Todas as Ferramentas QR & Código de Barras em Um Só Lugar
CreateMy-QR | Todas as Ferramentas QR & Código de Barras em Um Só Lugar
home - Gerador de Código QR Grátis Online - CreateMy-QR",text/html; charset=utf-8,false,200,0,1,"Converta seus dados do home em um código QR personalizado diretamente no seu navegador. 100% processado offline para privacidade absoluta. Gratuito, sem limites e altamente seguro.
Gere 37 tipos de QR codes e códigos de barras gratuitamente. Sem cadastro. Download instantâneo. 100% no lado do cliente, em conformidade com ISO/IEC 18004, em 30 idiomas.
Gere 37 tipos de QR codes e códigos de barras gratuitamente. Sem cadastro. Download instantâneo. 100% no lado do cliente, em conformidade com ISO/IEC 18004, em 30 idiomas.",,,"180
171
171",3,true
21,https://createmy-qr.com/el/wi-fi-dorean-dimioyrgia-qr-code-online,"Wi-Fi QR Code Generator - Δωρεάν & Προσαρμοσμένο | CreateMy-QR
Wi-Fi - Δωρεάν Δημιουργία QR Code Online - CreateMy-QR",text/html; charset=utf-8,false,200,0,0,"Μετατρέψτε τα δεδομένα σας Wi-Fi σε προσαρμοσμένο κωδικό QR απευθείας στο πρόγραμμα περιήγησής σας. 100% επεξεργασία εκτός σύνδεσης για απόλυτη προστασία της ιδιωτικής ζωής. Δωρεάν, χωρίς όρια και εξαιρετικά ασφαλές.
Μετατρέψτε τα δεδομένα σας Wi-Fi σε προσαρμοσμένο κωδικό QR απευθείας στο πρόγραμμα περιήγησής σας. 100% επεξεργασία εκτός σύνδεσης για απόλυτη προστασία της ιδιωτικής ζωής. Δωρεάν, χωρίς όρια και εξαιρετικά ασφαλές.",,,"216
216",2,true
21,https://createmy-qr.com/ro/instagram-generator-de-coduri-qr-gratuit-online,"Instagram QR Code Generator - Gratuit și personalizat | CreateMy-QR
Instagram - Generator de Coduri QR Gratuit Online - CreateMy-QR",text/html; charset=utf-8,false,200,0,0,"Transformați datele dvs. Instagram într-un cod QR personalizat direct în browser. Procesat 100% offline pentru confidențialitate absolută. Gratuit, fără limite și foarte sigur.
Transformați datele dvs. Instagram într-un cod QR personalizat direct în browser. Procesat 100% offline pentru confidențialitate absolută. Gratuit, fără limite și foarte sigur.",,,"176
176",2,true
21,https://createmy-qr.com/uk/telegram-bezkoshtovniy-generator-qr-kodiv-onlayn,"Генератор QR-коду Телеграма – безкоштовний і користувацький | CreateMy-QR
Телеграма - Безкоштовний Генератор QR-кодів Онлайн - CreateMy-QR",text/html; charset=utf-8,false,200,0,0,"Перетворіть свої дані Телеграма на власний QR-код безпосередньо у своєму браузері. 100% обробка офлайн для повної конфіденційності. Безкоштовно, без обмежень і дуже безпечно.
Перетворіть свої дані Телеграма на власний QR-код безпосередньо у своєму браузері. 100% обробка офлайн для повної конфіденційності. Безкоштовно, без обмежень і дуже безпечно.",,,"174
174",2,true
21,https://createmy-qr.com/es/imagen-generador-de-codigos-qr-gratis-online,"Generador de códigos QR Imagen: gratuito y personalizado | CreateMy-QR
Imagen - Generador de Códigos QR Gratis Online - CreateMy-QR",text/html; charset=utf-8,false,200,0,0,"Convierta sus datos de Imagen en un código QR personalizado directamente en su navegador. 100% procesado fuera de línea para absoluta privacidad. Gratis, sin límites y muy seguro.
Convierta sus datos de Imagen en un código QR personalizado directamente en su navegador. 100% procesado fuera de línea para absoluta privacidad. Gratis, sin límites y muy seguro.",,,"179
179",2,true
21,https://createmy-qr.com/no/amazon-gratis-qr-kode-generator-online,"Amazon QR Code Generator - Gratis og tilpasset | CreateMy-QR
Amazon - Gratis QR-kode Generator Online - CreateMy-QR",text/html; charset=utf-8,false,200,0,0,"Konverter Amazon-dataene dine til en tilpasset QR-kode direkte i nettleseren din. 100 % behandlet offline for absolutt personvern. Gratis, ingen grenser og svært sikker.
Konverter Amazon-dataene dine til en tilpasset QR-kode direkte i nettleseren din. 100 % behandlet offline for absolutt personvern. Gratis, ingen grenser og svært sikker.",,,"169
169",2,true
21,https://createmy-qr.com/sv/om-oss,"Gratis QR-kod Generator Online - CreateMy-QR (No Signup) | Om oss
types.about QR Code Generator - Gratis & anpassad | CreateMy-QR
Om oss | CreateMy-QR",text/html; charset=utf-8,false,200,0,0,"Learn more about CreateMy-QR about us.
Konvertera dina types.about-data till en anpassad QR-kod direkt i din webbläsare. 100 % bearbetad offline för absolut integritet. Gratis, inga gränser och mycket säker.",,,"38
168",2,true
21,https://createmy-qr.com/it/vcard-generatore-di-codici-qr-gratis-online,"Generatore di codici QR vCard - Gratuito e personalizzato | CreateMy-QR
vCard - Generatore di Codici QR Gratis Online - CreateMy-QR",text/html; charset=utf-8,false,200,0,0,"Converti i tuoi dati vCard in un codice QR personalizzato direttamente nel tuo browser. Elaborato offline al 100% per una privacy assoluta. Gratuito, senza limiti e altamente sicuro.
Converti i tuoi dati vCard in un codice QR personalizzato direttamente nel tuo browser. Elaborato offline al 100% per una privacy assoluta. Gratuito, senza limiti e altamente sicuro.",,,"182
182",2,true
21,https://createmy-qr.com/ar/dwt-lmqrn,"مولد رمز الاستجابة السريعة مجاني - CreateMy-QR (No Signup) | أدوات المقارنة
types.compare QR Code Generator - مجاني ومخصص | CreateMy-QR
أدوات المقارنة | CreateMy-QR",text/html; charset=utf-8,false,200,0,0,"Learn more about CreateMy-QR compare tools.
قم بتحويل بيانات types.compare الخاصة بك إلى رمز QR مخصص مباشرةً في متصفحك. تمت معالجتها بنسبة 100% دون الاتصال بالإنترنت لتوفير الخصوصية المطلقة. مجاني، بلا حدود، وآمن للغاية.",,,"43
176",2,true
21,https://createmy-qr.com/hi/email-muph-t-onnlaain-kyuuaar-kodd-jnrettr,"ईमेल QR कोड जेनरेटर - मुफ़्त और कस्टम | CreateMy-QR
ईमेल - मुफ़्त ऑनलाइन क्यूआर कोड जनरेटर - CreateMy-QR",text/html; charset=utf-8,false,200,0,0,"अपने ईमेल डेटा को सीधे अपने ब्राउज़र में एक कस्टम क्यूआर कोड में बदलें। पूर्ण गोपनीयता के लिए 100% ऑफ़लाइन संसाधित। निःशुल्क, कोई सीमा नहीं, और अत्यधिक सुरक्षित।
अपने ईमेल डेटा को सीधे अपने ब्राउज़र में एक कस्टम क्यूआर कोड में बदलें। पूर्ण गोपनीयता के लिए 100% ऑफ़लाइन संसाधित। निःशुल्क, कोई सीमा नहीं, और अत्यधिक सुरक्षित।",,,"161
161",2,true
21,https://createmy-qr.com/vi/crypto-tao-ma-qr-mien-phi-truc-tuyen,"Trình tạo mã QR Tiền điện tử - Miễn phí & Tùy chỉnh | CreateMy-QR
Tiền điện tử - Tạo Mã QR Miễn Phí Trực Tuyến - CreateMy-QR",text/html; charset=utf-8,false,200,0,0,"Chuyển đổi dữ liệu Tiền điện tử của bạn thành mã QR tùy chỉnh trực tiếp trong trình duyệt của bạn. 100% được xử lý ngoại tuyến để đảm bảo quyền riêng tư tuyệt đối. Miễn phí, không giới hạn và có tính bảo mật cao.
Chuyển đổi dữ liệu Tiền điện tử của bạn thành mã QR tùy chỉnh trực tiếp trong trình duyệt của bạn. 100% được xử lý ngoại tuyến để đảm bảo quyền riêng tư tuyệt đối. Miễn phí, không giới hạn và có tính bảo mật cao.",,,"212
212",2,true
21,https://createmy-qr.com/nl/100-gratis-prijzen,"Gratis QR Code Generator Online - CreateMy-QR (No Signup) | 100% gratis prijzen
types.pricing QR-codegenerator - gratis en aangepast | CreateMy-QR
100% gratis prijzen | CreateMy-QR",text/html; charset=utf-8,false,200,0,0,"Learn more about CreateMy-QR 100% free pricing.
Converteer uw types.pricing-gegevens rechtstreeks in uw browser naar een aangepaste QR-code. 100% offline verwerkt voor absolute privacy. Gratis, geen grenzen en zeer veilig.",,,"47
174",2,true
21,https://createmy-qr.com/fr/fichier-generateur-de-code-qr-gratuit-en-ligne,"Générateur de code QR Fichier - Gratuit et personnalisé | CreateMy-QR
Fichier - Générateur de Code QR Gratuit en Ligne - CreateMy-QR",text/html; charset=utf-8,false,200,0,0,"Convertissez vos données Fichier en un code QR personnalisé directement dans votre navigateur. 100 % traité hors ligne pour une confidentialité absolue. Gratuit, sans limites et hautement sécurisé.
Convertissez vos données Fichier en un code QR personnalisé directement dans votre navigateur. 100 % traité hors ligne pour une confidentialité absolue. Gratuit, sans limites et hautement sécurisé.",,,"197
197",2,true
21,https://createmy-qr.com/pl/snapchat-darmowy-generator-kodow-qr-online,"Generator kodów QR Snapchata — bezpłatny i niestandardowy | CreateMy-QR
Snapchata - Darmowy Generator Kodów QR Online - CreateMy-QR",text/html; charset=utf-8,false,200,0,0,"Konwertuj dane Snapchata na niestandardowy kod QR bezpośrednio w przeglądarce. 100% przetwarzane w trybie offline, aby zapewnić całkowitą prywatność. Bezpłatnie, bez ograniczeń i bardzo bezpiecznie.
Konwertuj dane Snapchata na niestandardowy kod QR bezpośrednio w przeglądarce. 100% przetwarzane w trybie offline, aby zapewnić całkowitą prywatność. Bezpłatnie, bez ograniczeń i bardzo bezpiecznie.",,,"198
198",2,true
21,https://createmy-qr.com/es/politica-de-privacidad,"Generador de Códigos QR Gratis Online - CreateMy-QR (No Signup) | Política de privacidad
Generador de códigos QR types.privacy: gratuito y personalizado | CreateMy-QR
Política de privacidad | CreateMy-QR",text/html; charset=utf-8,false,200,0,0,"Learn more about CreateMy-QR privacy policy.
Convierta sus datos de types.privacy en un código QR personalizado directamente en su navegador. 100% procesado fuera de línea para absoluta privacidad. Gratis, sin límites y muy seguro.",,,"44
186",2,true
21,https://createmy-qr.com/el/google-forms-dorean-dimioyrgia-qr-code-online,"Φόρμες Google QR Code Generator - Δωρεάν & Προσαρμοσμένο | CreateMy-QR
Φόρμες Google - Δωρεάν Δημιουργία QR Code Online - CreateMy-QR",text/html; charset=utf-8,false,200,0,0,"Μετατρέψτε τα δεδομένα σας Φόρμες Google σε προσαρμοσμένο κωδικό QR απευθείας στο πρόγραμμα περιήγησής σας. 100% επεξεργασία εκτός σύνδεσης για απόλυτη προστασία της ιδιωτικής ζωής. Δωρεάν, χωρίς όρια και εξαιρετικά ασφαλές.
Μετατρέψτε τα δεδομένα σας Φόρμες Google σε προσαρμοσμένο κωδικό QR απευθείας στο πρόγραμμα περιήγησής σας. 100% επεξεργασία εκτός σύνδεσης για απόλυτη προστασία της ιδιωτικής ζωής. Δωρεάν, χωρίς όρια και εξαιρετικά ασφαλές.",,,"224
224",2,true
21,https://createmy-qr.com/ms/venmo-penjana-kod-qr-percuma-dalam-talian,"Penjana Kod QR Venmo - Percuma & Tersuai | CreateMy-QR
Venmo - Penjana Kod QR Percuma Dalam Talian - CreateMy-QR",text/html; charset=utf-8,false,200,0,0,"Tukar data Venmo anda kepada kod QR tersuai terus dalam penyemak imbas anda. 100% diproses di luar talian untuk privasi mutlak. Percuma, tiada had dan sangat selamat.
Tukar data Venmo anda kepada kod QR tersuai terus dalam penyemak imbas anda. 100% diproses di luar talian untuk privasi mutlak. Percuma, tiada had dan sangat selamat.",,,"166
166",2,true
21,https://createmy-qr.com/fi/kayttotapaukset,"Ilmainen QR-koodigeneraattori Netissä - CreateMy-QR (No Signup) | Käyttötapaukset
types.usecases QR-koodigeneraattori - ilmainen ja räätälöity | CreateMy-QR
Käyttötapaukset | CreateMy-QR",text/html; charset=utf-8,false,200,0,0,"Learn more about CreateMy-QR use cases.
Muunna types.usecases-tietosi mukautetuksi QR-koodiksi suoraan selaimessasi. 100 % käsitelty offline-tilassa täydellisen yksityisyyden takaamiseksi. Ilmainen, ei rajoituksia ja erittäin turvallinen.",,,"39
198",2,true
21,https://createmy-qr.com/ms/spotify-penjana-kod-qr-percuma-dalam-talian,"Penjana Kod QR Spotify - Percuma & Tersuai | CreateMy-QR
Spotify - Penjana Kod QR Percuma Dalam Talian - CreateMy-QR",text/html; charset=utf-8,false,200,0,0,"Tukar data Spotify anda kepada kod QR tersuai terus dalam penyemak imbas anda. 100% diproses di luar talian untuk privasi mutlak. Percuma, tiada had dan sangat selamat.
Tukar data Spotify anda kepada kod QR tersuai terus dalam penyemak imbas anda. 100% diproses di luar talian untuk privasi mutlak. Percuma, tiada had dan sangat selamat.",,,"168
168",2,true
21,https://createmy-qr.com/th/kh-kamhndainkaaraihbrikaar,"เครื่องมือสร้างคิวอาร์โค้ดออนไลน์ฟรี - CreateMy-QR (No Signup) | ข้อกำหนดในการให้บริการ
types.terms เครื่องสร้างโค้ด QR - ฟรีและกำหนดเอง | CreateMy-QR
ข้อกำหนดในการให้บริการ | CreateMy-QR",text/html; charset=utf-8,false,200,0,0,"Learn more about CreateMy-QR terms of service.
แปลงข้อมูล types.terms ของคุณให้เป็นโค้ด QR ที่กำหนดเองได้โดยตรงในเบราว์เซอร์ของคุณ ประมวลผลแบบออฟไลน์ 100% เพื่อความเป็นส่วนตัวอย่างแท้จริง ฟรี ไม่จำกัด และมีความปลอดภัยสูง",,,"46
173",2,true
21,https://createmy-qr.com/da/use-cases,"Gratis QR Kode Generator Online - CreateMy-QR (No Signup) | Use Cases
types.usecases QR Code Generator - Gratis og brugerdefineret | CreateMy-QR
Use Cases | CreateMy-QR",text/html; charset=utf-8,false,200,0,0,"Learn more about CreateMy-QR use cases.
Konverter dine types.usecases-data til en tilpasset QR-kode direkte i din browser. 100 % behandlet offline for absolut privatliv. Gratis, ingen grænser og meget sikker.",,,"39
168",2,true
21,https://createmy-qr.com/ru/snapchat-besplatnyy-generator-qr-kodov-onlayn,"Снапчат Генератор QR-кодов — бесплатный и настраиваемый | CreateMy-QR
Снапчат - Бесплатный генератор QR-кодов онлайн - CreateMy-QR",text/html; charset=utf-8,false,200,0,0,"Преобразуйте данные Снапчат в собственный QR-код прямо в браузере. 100% обработка в автономном режиме для абсолютной конфиденциальности. Бесплатно, без ограничений и очень безопасно.
Преобразуйте данные Снапчат в собственный QR-код прямо в браузере. 100% обработка в автономном режиме для абсолютной конфиденциальности. Бесплатно, без ограничений и очень безопасно.",,,"182
182",2,true
21,https://createmy-qr.com/es/spotify-generador-de-codigos-qr-gratis-online,"Generador de códigos QR Spotify: gratuito y personalizado | CreateMy-QR
Spotify - Generador de Códigos QR Gratis Online - CreateMy-QR",text/html; charset=utf-8,false,200,0,0,"Convierta sus datos de Spotify en un código QR personalizado directamente en su navegador. 100% procesado fuera de línea para absoluta privacidad. Gratis, sin límites y muy seguro.
Convierta sus datos de Spotify en un código QR personalizado directamente en su navegador. 100% procesado fuera de línea para absoluta privacidad. Gratis, sin límites y muy seguro.",,,"180
180",2,true
21,https://createmy-qr.com/tl/libreng-online-qr-code-generator,"Libreng Barcode Generator Online - Lumikha ng 1D Barcodes
types.barcode QR Code Generator - Libre at Custom | CreateMy-QR
barcode - Libreng Online QR Code Generator - CreateMy-QR",text/html; charset=utf-8,false,200,0,0,"I-convert ang iyong barcode data sa isang custom na QR code nang direkta sa iyong browser. 100% na naproseso offline para sa ganap na privacy. Libre, walang limitasyon, at lubos na secure.
I-convert ang iyong types.barcode data sa isang custom na QR code nang direkta sa iyong browser. 100% na naproseso offline para sa ganap na privacy. Libre, walang limitasyon, at lubos na secure.
Bumuo ng mga propesyonal na 1D barcode kaagad. Suporta para sa Code-128, UPC, EAN, ITF-14, at higit pa. Libre, secure, at handang i-download sa high-res na PNG.",,,"188
194
160",3,true
21,https://createmy-qr.com/ar/mwld-rmz-lstjb-lsryaa-mjny-2,"ماسح رمز QR المجاني عبر الإنترنت - مسح QR على الفور
types.scanqr QR Code Generator - مجاني ومخصص | CreateMy-QR
scanqr - مولد رمز الاستجابة السريعة مجاني - CreateMy-QR",text/html; charset=utf-8,false,200,0,0,"قم بتحويل بيانات scanqr الخاصة بك إلى رمز QR مخصص مباشرةً في متصفحك. تمت معالجتها بنسبة 100% دون الاتصال بالإنترنت لتوفير الخصوصية المطلقة. مجاني، بلا حدود، وآمن للغاية.
قم بتحويل بيانات types.scanqr الخاصة بك إلى رمز QR مخصص مباشرةً في متصفحك. تمت معالجتها بنسبة 100% دون الاتصال بالإنترنت لتوفير الخصوصية المطلقة. مجاني، بلا حدود، وآمن للغاية.
قم بمسح رموز QR على الفور باستخدام الكاميرا أو عن طريق تحميل صورة. معالجة آمنة وخاصة من جانب العميل بنسبة 100%.",,,"169
175
111",3,true
21,https://createmy-qr.com/sv/arkiv-gratis-qr-kod-generator-online,"Arkiv QR Code Generator - Gratis & anpassad | CreateMy-QR
Arkiv - Gratis QR-kod Generator Online - CreateMy-QR",text/html; charset=utf-8,false,200,0,0,"Konvertera dina Arkiv-data till en anpassad QR-kod direkt i din webbläsare. 100 % bearbetad offline för absolut integritet. Gratis, inga gränser och mycket säker.
Konvertera dina Arkiv-data till en anpassad QR-kod direkt i din webbläsare. 100 % bearbetad offline för absolut integritet. Gratis, inga gränser och mycket säker.",,,"162
162",2,true
21,https://createmy-qr.com/de/,"CreateMy-QR | Alle QR & Barcode-Tools an einem Ort
CreateMy-QR | Alle QR & Barcode-Tools an einem Ort
home - Kostenloser QR-Code Generator Online - CreateMy-QR",text/html; charset=utf-8,false,200,0,1,"Wandeln Sie Ihre home-Daten direkt in Ihrem Browser in einen benutzerdefinierten QR-Code um. 100 % offline verarbeitet für absolute Privatsphäre. Kostenlos, ohne Grenzen und äußerst sicher.
Erstelle 37 Arten von QR-Codes und Barcodes kostenlos. Ohne Anmeldung. Sofortiger Download. 100% clientseitig, ISO/IEC 18004-konform, in 30 Sprachen.
Erstelle 37 Arten von QR-Codes und Barcodes kostenlos. Ohne Anmeldung. Sofortiger Download. 100% clientseitig, ISO/IEC 18004-konform, in 30 Sprachen.",,,"189
149
149",3,true
21,https://createmy-qr.com/fi/tiedosto-ilmainen-qr-koodigeneraattori-netissa,"Tiedosto QR-koodigeneraattori - ilmainen ja räätälöity | CreateMy-QR
Tiedosto - Ilmainen QR-koodigeneraattori Netissä - CreateMy-QR",text/html; charset=utf-8,false,200,0,0,"Muunna Tiedosto-tietosi mukautetuksi QR-koodiksi suoraan selaimessasi. 100 % käsitelty offline-tilassa täydellisen yksityisyyden takaamiseksi. Ilmainen, ei rajoituksia ja erittäin turvallinen.
Muunna Tiedosto-tietosi mukautetuksi QR-koodiksi suoraan selaimessasi. 100 % käsitelty offline-tilassa täydellisen yksityisyyden takaamiseksi. Ilmainen, ei rajoituksia ja erittäin turvallinen.",,,"192
192",2,true
21,https://createmy-qr.com/uk/posilannya-v-bio-bezkoshtovniy-generator-qr-kodiv-onlayn,"Генератор QR-коду Посилання в біо – безкоштовний і користувацький | CreateMy-QR
Посилання в біо - Безкоштовний Генератор QR-кодів Онлайн - CreateMy-QR",text/html; charset=utf-8,false,200,0,0,"Перетворіть свої дані Посилання в біо на власний QR-код безпосередньо у своєму браузері. 100% обробка офлайн для повної конфіденційності. Безкоштовно, без обмежень і дуже безпечно.
Перетворіть свої дані Посилання в біо на власний QR-код безпосередньо у своєму браузері. 100% обробка офлайн для повної конфіденційності. Безкоштовно, без обмежень і дуже безпечно.",,,"180
180",2,true
21,https://createmy-qr.com/fi/google-review-ilmainen-qr-koodigeneraattori-netissa,"Google-arvostelu QR-koodigeneraattori - ilmainen ja räätälöity | CreateMy-QR
Google-arvostelu - Ilmainen QR-koodigeneraattori Netissä - CreateMy-QR",text/html; charset=utf-8,false,200,0,0,"Muunna Google-arvostelu-tietosi mukautetuksi QR-koodiksi suoraan selaimessasi. 100 % käsitelty offline-tilassa täydellisen yksityisyyden takaamiseksi. Ilmainen, ei rajoituksia ja erittäin turvallinen.
Muunna Google-arvostelu-tietosi mukautetuksi QR-koodiksi suoraan selaimessasi. 100 % käsitelty offline-tilassa täydellisen yksityisyyden takaamiseksi. Ilmainen, ei rajoituksia ja erittäin turvallinen.",,,"200
200",2,true
21,https://createmy-qr.com/fi/linkedin-ilmainen-qr-koodigeneraattori-netissa,"LinkedIn QR-koodigeneraattori - ilmainen ja räätälöity | CreateMy-QR
LinkedIn - Ilmainen QR-koodigeneraattori Netissä - CreateMy-QR",text/html; charset=utf-8,false,200,0,0,"Muunna LinkedIn-tietosi mukautetuksi QR-koodiksi suoraan selaimessasi. 100 % käsitelty offline-tilassa täydellisen yksityisyyden takaamiseksi. Ilmainen, ei rajoituksia ja erittäin turvallinen.
Muunna LinkedIn-tietosi mukautetuksi QR-koodiksi suoraan selaimessasi. 100 % käsitelty offline-tilassa täydellisen yksityisyyden takaamiseksi. Ilmainen, ei rajoituksia ja erittäin turvallinen.",,,"192
192",2,true
21,https://createmy-qr.com/cs/100-bezplatna-cena,"Zdarma Online Generátor QR Kódů - CreateMy-QR (No Signup) | 100% bezplatná cena
types.pricing generátor QR kódu – zdarma a na míru | CreateMy-QR
100% bezplatná cena | CreateMy-QR",text/html; charset=utf-8,false,200,0,0,"Learn more about CreateMy-QR 100% free pricing.
Převeďte svá data types.pricing na vlastní QR kód přímo ve vašem prohlížeči. 100% zpracováno offline pro absolutní soukromí. Zdarma, bez omezení a vysoce bezpečné.",,,"47
163",2,true
21,https://createmy-qr.com/de/buchung-kostenloser-qr-code-generator-online,"Buchung QR-Code-Generator – kostenlos und benutzerdefiniert | CreateMy-QR
Buchung - Kostenloser QR-Code Generator Online - CreateMy-QR",text/html; charset=utf-8,false,200,0,0,"Wandeln Sie Ihre Buchung-Daten direkt in Ihrem Browser in einen benutzerdefinierten QR-Code um. 100 % offline verarbeitet für absolute Privatsphäre. Kostenlos, ohne Grenzen und äußerst sicher.
Wandeln Sie Ihre Buchung-Daten direkt in Ihrem Browser in einen benutzerdefinierten QR-Code um. 100 % offline verarbeitet für absolute Privatsphäre. Kostenlos, ohne Grenzen und äußerst sicher.",,,"192
192",2,true
21,https://createmy-qr.com/pt/casos-de-uso,"Gerador de Código QR Grátis Online - CreateMy-QR (No Signup) | Casos de uso
Gerador de código QR types.usecases - gratuito e personalizado | CreateMy-QR
Casos de uso | CreateMy-QR",text/html; charset=utf-8,false,200,0,0,"Learn more about CreateMy-QR use cases.
Converta seus dados do types.usecases em um código QR personalizado diretamente no seu navegador. 100% processado offline para privacidade absoluta. Gratuito, sem limites e altamente seguro.",,,"39
190",2,true
21,https://createmy-qr.com/bn/ttul-tulnaa-krun,"ফ্রি অনলাইন কিউআর কোড জেনারেটর - CreateMy-QR (No Signup) | টুল তুলনা করুন
types.compare QR কোড জেনারেটর - বিনামূল্যে এবং কাস্টম | CreateMy-QR
টুল তুলনা করুন | CreateMy-QR",text/html; charset=utf-8,false,200,0,0,"Learn more about CreateMy-QR compare tools.
আপনার ব্রাউজারে সরাসরি একটি কাস্টম QR কোডে আপনার types.compare ডেটা রূপান্তর করুন। সম্পূর্ণ গোপনীয়তার জন্য 100% অফলাইনে প্রক্রিয়া করা হয়েছে। বিনামূল্যে, কোন সীমা নেই, এবং অত্যন্ত নিরাপদ।",,,"43
189",2,true
21,https://createmy-qr.com/th/aifl-ekhruue-ngmuue-sraangkhiw-aarokhd-nailnfrii,"ไฟล์ เครื่องสร้างโค้ด QR - ฟรีและกำหนดเอง | CreateMy-QR
ไฟล์ - เครื่องมือสร้างคิวอาร์โค้ดออนไลน์ฟรี - CreateMy-QR",text/html; charset=utf-8,false,200,0,0,"แปลงข้อมูล ไฟล์ ของคุณให้เป็นโค้ด QR ที่กำหนดเองได้โดยตรงในเบราว์เซอร์ของคุณ ประมวลผลแบบออฟไลน์ 100% เพื่อความเป็นส่วนตัวอย่างแท้จริง ฟรี ไม่จำกัด และมีความปลอดภัยสูง
แปลงข้อมูล ไฟล์ ของคุณให้เป็นโค้ด QR ที่กำหนดเองได้โดยตรงในเบราว์เซอร์ของคุณ ประมวลผลแบบออฟไลน์ 100% เพื่อความเป็นส่วนตัวอย่างแท้จริง ฟรี ไม่จำกัด และมีความปลอดภัยสูง",,,"166
166",2,true
21,https://createmy-qr.com/vi/kien-truc-bao-mat,"Tạo Mã QR Miễn Phí Trực Tuyến - CreateMy-QR (No Signup) | Kiến trúc bảo mật
Trình tạo mã QR types.security - Miễn phí & Tùy chỉnh | CreateMy-QR
Kiến trúc bảo mật | CreateMy-QR",text/html; charset=utf-8,false,200,0,0,"Learn more about CreateMy-QR security architecture.
Chuyển đổi dữ liệu types.security của bạn thành mã QR tùy chỉnh trực tiếp trong trình duyệt của bạn. 100% được xử lý ngoại tuyến để đảm bảo quyền riêng tư tuyệt đối. Miễn phí, không giới hạn và có tính bảo mật cao.",,,"51
214",2,true
21,https://createmy-qr.com/ro/x-twitter-generator-de-coduri-qr-gratuit-online,"X (Twitter) QR Code Generator - Gratuit și personalizat | CreateMy-QR
X (Twitter) - Generator de Coduri QR Gratuit Online - CreateMy-QR",text/html; charset=utf-8,false,200,0,0,"Transformați datele dvs. X (Twitter) într-un cod QR personalizat direct în browser. Procesat 100% offline pentru confidențialitate absolută. Gratuit, fără limite și foarte sigur.
Transformați datele dvs. X (Twitter) într-un cod QR personalizat direct în browser. Procesat 100% offline pentru confidențialitate absolută. Gratuit, fără limite și foarte sigur.",,,"178
178",2,true
21,https://createmy-qr.com/th/sms-ekhruue-ngmuue-sraangkhiw-aarokhd-nailnfrii,"SMS เครื่องสร้างโค้ด QR - ฟรีและกำหนดเอง | CreateMy-QR
SMS - เครื่องมือสร้างคิวอาร์โค้ดออนไลน์ฟรี - CreateMy-QR",text/html; charset=utf-8,false,200,0,0,"แปลงข้อมูล SMS ของคุณให้เป็นโค้ด QR ที่กำหนดเองได้โดยตรงในเบราว์เซอร์ของคุณ ประมวลผลแบบออฟไลน์ 100% เพื่อความเป็นส่วนตัวอย่างแท้จริง ฟรี ไม่จำกัด และมีความปลอดภัยสูง
แปลงข้อมูล SMS ของคุณให้เป็นโค้ด QR ที่กำหนดเองได้โดยตรงในเบราว์เซอร์ของคุณ ประมวลผลแบบออฟไลน์ 100% เพื่อความเป็นส่วนตัวอย่างแท้จริง ฟรี ไม่จำกัด และมีความปลอดภัยสูง",,,"165
165",2,true
21,https://createmy-qr.com/uk/zobrazhennya-bezkoshtovniy-generator-qr-kodiv-onlayn,"Генератор QR-коду Зображення – безкоштовний і користувацький | CreateMy-QR
Зображення - Безкоштовний Генератор QR-кодів Онлайн - CreateMy-QR",text/html; charset=utf-8,false,200,0,0,"Перетворіть свої дані Зображення на власний QR-код безпосередньо у своєму браузері. 100% обробка офлайн для повної конфіденційності. Безкоштовно, без обмежень і дуже безпечно.
Перетворіть свої дані Зображення на власний QR-код безпосередньо у своєму браузері. 100% обробка офлайн для повної конфіденційності. Безкоштовно, без обмежень і дуже безпечно.",,,"175
175",2,true
21,https://createmy-qr.com/sv/telefon-gratis-qr-kod-generator-online,"Telefon QR Code Generator - Gratis & anpassad | CreateMy-QR
Telefon - Gratis QR-kod Generator Online - CreateMy-QR",text/html; charset=utf-8,false,200,0,0,"Konvertera dina Telefon-data till en anpassad QR-kod direkt i din webbläsare. 100 % bearbetad offline för absolut integritet. Gratis, inga gränser och mycket säker.
Konvertera dina Telefon-data till en anpassad QR-kod direkt i din webbläsare. 100 % bearbetad offline för absolut integritet. Gratis, inga gränser och mycket säker.",,,"164
164",2,true
21,https://createmy-qr.com/pl/link-w-bio-darmowy-generator-kodow-qr-online,"Generator kodów QR Link w Bio — bezpłatny i niestandardowy | CreateMy-QR
Link w Bio - Darmowy Generator Kodów QR Online - CreateMy-QR",text/html; charset=utf-8,false,200,0,0,"Konwertuj dane Link w Bio na niestandardowy kod QR bezpośrednio w przeglądarce. 100% przetwarzane w trybie offline, aby zapewnić całkowitą prywatność. Bezpłatnie, bez ograniczeń i bardzo bezpiecznie.
Konwertuj dane Link w Bio na niestandardowy kod QR bezpośrednio w przeglądarce. 100% przetwarzane w trybie offline, aby zapewnić całkowitą prywatność. Bezpłatnie, bez ograniczeń i bardzo bezpiecznie.",,,"199
199",2,true
21,https://createmy-qr.com/nl/sms-gratis-qr-code-generator-online,"SMS QR-codegenerator - gratis en aangepast | CreateMy-QR
SMS - Gratis QR Code Generator Online - CreateMy-QR",text/html; charset=utf-8,false,200,0,0,"Converteer uw SMS-gegevens rechtstreeks in uw browser naar een aangepaste QR-code. 100% offline verwerkt voor absolute privacy. Gratis, geen grenzen en zeer veilig.
Converteer uw SMS-gegevens rechtstreeks in uw browser naar een aangepaste QR-code. 100% offline verwerkt voor absolute privacy. Gratis, geen grenzen en zeer veilig.",,,"164
164",2,true
21,https://createmy-qr.com/th/instagram-ekhruue-ngmuue-sraangkhiw-aarokhd-nailnfrii,"อินสตาแกรม เครื่องสร้างโค้ด QR - ฟรีและกำหนดเอง | CreateMy-QR
อินสตาแกรม - เครื่องมือสร้างคิวอาร์โค้ดออนไลน์ฟรี - CreateMy-QR",text/html; charset=utf-8,false,200,0,0,"แปลงข้อมูล อินสตาแกรม ของคุณให้เป็นโค้ด QR ที่กำหนดเองได้โดยตรงในเบราว์เซอร์ของคุณ ประมวลผลแบบออฟไลน์ 100% เพื่อความเป็นส่วนตัวอย่างแท้จริง ฟรี ไม่จำกัด และมีความปลอดภัยสูง
แปลงข้อมูล อินสตาแกรม ของคุณให้เป็นโค้ด QR ที่กำหนดเองได้โดยตรงในเบราว์เซอร์ของคุณ ประมวลผลแบบออฟไลน์ 100% เพื่อความเป็นส่วนตัวอย่างแท้จริง ฟรี ไม่จำกัด และมีความปลอดภัยสูง",,,"172
172",2,true
21,https://createmy-qr.com/es/sms-generador-de-codigos-qr-gratis-online,"Generador de códigos QR SMS: gratuito y personalizado | CreateMy-QR
SMS - Generador de Códigos QR Gratis Online - CreateMy-QR",text/html; charset=utf-8,false,200,0,0,"Convierta sus datos de SMS en un código QR personalizado directamente en su navegador. 100% procesado fuera de línea para absoluta privacidad. Gratis, sin límites y muy seguro.
Convierta sus datos de SMS en un código QR personalizado directamente en su navegador. 100% procesado fuera de línea para absoluta privacidad. Gratis, sin límites y muy seguro.",,,"176
176",2,true
21,https://createmy-qr.com/hi/aayojn-muph-t-onnlaain-kyuuaar-kodd-jnrettr,"आयोजन QR कोड जेनरेटर - मुफ़्त और कस्टम | CreateMy-QR
आयोजन - मुफ़्त ऑनलाइन क्यूआर कोड जनरेटर - CreateMy-QR",text/html; charset=utf-8,false,200,0,0,"अपने आयोजन डेटा को सीधे अपने ब्राउज़र में एक कस्टम क्यूआर कोड में बदलें। पूर्ण गोपनीयता के लिए 100% ऑफ़लाइन संसाधित। निःशुल्क, कोई सीमा नहीं, और अत्यधिक सुरक्षित।
अपने आयोजन डेटा को सीधे अपने ब्राउज़र में एक कस्टम क्यूआर कोड में बदलें। पूर्ण गोपनीयता के लिए 100% ऑफ़लाइन संसाधित। निःशुल्क, कोई सीमा नहीं, और अत्यधिक सुरक्षित।",,,"162
162",2,true
21,https://createmy-qr.com/ru/fayl-besplatnyy-generator-qr-kodov-onlayn,"Файл Генератор QR-кодов — бесплатный и настраиваемый | CreateMy-QR
Файл - Бесплатный генератор QR-кодов онлайн - CreateMy-QR",text/html; charset=utf-8,false,200,0,0,"Преобразуйте данные Файл в собственный QR-код прямо в браузере. 100% обработка в автономном режиме для абсолютной конфиденциальности. Бесплатно, без ограничений и очень безопасно.
Преобразуйте данные Файл в собственный QR-код прямо в браузере. 100% обработка в автономном режиме для абсолютной конфиденциальности. Бесплатно, без ограничений и очень безопасно.",,,"179
179",2,true
21,https://createmy-qr.com/uk/bronyuvannya-bezkoshtovniy-generator-qr-kodiv-onlayn,"Генератор QR-коду Бронювання – безкоштовний і користувацький | CreateMy-QR
Бронювання - Безкоштовний Генератор QR-кодів Онлайн - CreateMy-QR",text/html; charset=utf-8,false,200,0,0,"Перетворіть свої дані Бронювання на власний QR-код безпосередньо у своєму браузері. 100% обробка офлайн для повної конфіденційності. Безкоштовно, без обмежень і дуже безпечно.
Перетворіть свої дані Бронювання на власний QR-код безпосередньо у своєму браузері. 100% обробка офлайн для повної конфіденційності. Безкоштовно, без обмежень і дуже безпечно.",,,"175
175",2,true
21,https://createmy-qr.com/da/100-gratis-pris,"Gratis QR Kode Generator Online - CreateMy-QR (No Signup) | 100 % gratis pris
types.pricing QR Code Generator - Gratis og brugerdefineret | CreateMy-QR
100 % gratis pris | CreateMy-QR",text/html; charset=utf-8,false,200,0,0,"Learn more about CreateMy-QR 100% free pricing.
Konverter dine types.pricing-data til en tilpasset QR-kode direkte i din browser. 100 % behandlet offline for absolut privatliv. Gratis, ingen grænser og meget sikker.",,,"47
167",2,true
21,https://createmy-qr.com/cs/zdarma-online-generator-qr-kodu,"Bezplatný generátor čárových kódů online - Vytvořte 1D čárové kódy
types.barcode generátor QR kódu – zdarma a na míru | CreateMy-QR
barcode - Zdarma Online Generátor QR Kódů - CreateMy-QR",text/html; charset=utf-8,false,200,0,0,"Převeďte svá data barcode na vlastní QR kód přímo ve vašem prohlížeči. 100% zpracováno offline pro absolutní soukromí. Zdarma, bez omezení a vysoce bezpečné.
Převeďte svá data types.barcode na vlastní QR kód přímo ve vašem prohlížeči. 100% zpracováno offline pro absolutní soukromí. Zdarma, bez omezení a vysoce bezpečné.
Okamžitě generujte profesionální 1D čárové kódy. Podpora pro Code-128, UPC, EAN, ITF-14 a další. Zdarma, bezpečné a připravené ke stažení ve formátu PNG s vysokým rozlišením.",,,"157
163
174",3,true
21,https://createmy-qr.com/tl/larawan-libreng-online-qr-code-generator,"Larawan QR Code Generator - Libre at Custom | CreateMy-QR
Larawan - Libreng Online QR Code Generator - CreateMy-QR",text/html; charset=utf-8,false,200,0,0,"I-convert ang iyong Larawan data sa isang custom na QR code nang direkta sa iyong browser. 100% na naproseso offline para sa ganap na privacy. Libre, walang limitasyon, at lubos na secure.
I-convert ang iyong Larawan data sa isang custom na QR code nang direkta sa iyong browser. 100% na naproseso offline para sa ganap na privacy. Libre, walang limitasyon, at lubos na secure.",,,"188
188",2,true
21,https://createmy-qr.com/vi/video-tao-ma-qr-mien-phi-truc-tuyen,"Trình tạo mã QR Video - Miễn phí & Tùy chỉnh | CreateMy-QR
Video - Tạo Mã QR Miễn Phí Trực Tuyến - CreateMy-QR",text/html; charset=utf-8,false,200,0,0,"Chuyển đổi dữ liệu Video của bạn thành mã QR tùy chỉnh trực tiếp trong trình duyệt của bạn. 100% được xử lý ngoại tuyến để đảm bảo quyền riêng tư tuyệt đối. Miễn phí, không giới hạn và có tính bảo mật cao.
Chuyển đổi dữ liệu Video của bạn thành mã QR tùy chỉnh trực tiếp trong trình duyệt của bạn. 100% được xử lý ngoại tuyến để đảm bảo quyền riêng tư tuyệt đối. Miễn phí, không giới hạn và có tính bảo mật cao.",,,"205
205",2,true
21,https://createmy-qr.com/bn/eks-ttuittaar-phri-anlaain-kiuaar-kodd-jenaarettr,"এক্স (টুইটার) QR কোড জেনারেটর - বিনামূল্যে এবং কাস্টম | CreateMy-QR
এক্স (টুইটার) - ফ্রি অনলাইন কিউআর কোড জেনারেটর - CreateMy-QR",text/html; charset=utf-8,false,200,0,0,"আপনার ব্রাউজারে সরাসরি একটি কাস্টম QR কোডে আপনার এক্স (টুইটার) ডেটা রূপান্তর করুন। সম্পূর্ণ গোপনীয়তার জন্য 100% অফলাইনে প্রক্রিয়া করা হয়েছে। বিনামূল্যে, কোন সীমা নেই, এবং অত্যন্ত নিরাপদ।
আপনার ব্রাউজারে সরাসরি একটি কাস্টম QR কোডে আপনার এক্স (টুইটার) ডেটা রূপান্তর করুন। সম্পূর্ণ গোপনীয়তার জন্য 100% অফলাইনে প্রক্রিয়া করা হয়েছে। বিনামূল্যে, কোন সীমা নেই, এবং অত্যন্ত নিরাপদ।",,,"189
189",2,true
21,https://createmy-qr.com/el/ekdilosi-dorean-dimioyrgia-qr-code-online,"Εκδήλωση QR Code Generator - Δωρεάν & Προσαρμοσμένο | CreateMy-QR
Εκδήλωση - Δωρεάν Δημιουργία QR Code Online - CreateMy-QR",text/html; charset=utf-8,false,200,0,0,"Μετατρέψτε τα δεδομένα σας Εκδήλωση σε προσαρμοσμένο κωδικό QR απευθείας στο πρόγραμμα περιήγησής σας. 100% επεξεργασία εκτός σύνδεσης για απόλυτη προστασία της ιδιωτικής ζωής. Δωρεάν, χωρίς όρια και εξαιρετικά ασφαλές.
Μετατρέψτε τα δεδομένα σας Εκδήλωση σε προσαρμοσμένο κωδικό QR απευθείας στο πρόγραμμα περιήγησής σας. 100% επεξεργασία εκτός σύνδεσης για απόλυτη προστασία της ιδιωτικής ζωής. Δωρεάν, χωρίς όρια και εξαιρετικά ασφαλές.",,,"219
219",2,true
21,https://createmy-qr.com/th/wi-fi-ekhruue-ngmuue-sraangkhiw-aarokhd-nailnfrii,"อินเตอร์เน็ตไร้สาย เครื่องสร้างโค้ด QR - ฟรีและกำหนดเอง | CreateMy-QR
อินเตอร์เน็ตไร้สาย - เครื่องมือสร้างคิวอาร์โค้ดออนไลน์ฟรี - CreateMy-QR",text/html; charset=utf-8,false,200,0,0,"แปลงข้อมูล อินเตอร์เน็ตไร้สาย ของคุณให้เป็นโค้ด QR ที่กำหนดเองได้โดยตรงในเบราว์เซอร์ของคุณ ประมวลผลแบบออฟไลน์ 100% เพื่อความเป็นส่วนตัวอย่างแท้จริง ฟรี ไม่จำกัด และมีความปลอดภัยสูง
แปลงข้อมูล อินเตอร์เน็ตไร้สาย ของคุณให้เป็นโค้ด QR ที่กำหนดเองได้โดยตรงในเบราว์เซอร์ของคุณ ประมวลผลแบบออฟไลน์ 100% เพื่อความเป็นส่วนตัวอย่างแท้จริง ฟรี ไม่จำกัด และมีความปลอดภัยสูง",,,"180
180",2,true
21,https://createmy-qr.com/fr/venmo-generateur-de-code-qr-gratuit-en-ligne,"Générateur de code QR Venmo - Gratuit et personnalisé | CreateMy-QR
Venmo - Générateur de Code QR Gratuit en Ligne - CreateMy-QR",text/html; charset=utf-8,false,200,0,0,"Convertissez vos données Venmo en un code QR personnalisé directement dans votre navigateur. 100 % traité hors ligne pour une confidentialité absolue. Gratuit, sans limites et hautement sécurisé.
Convertissez vos données Venmo en un code QR personnalisé directement dans votre navigateur. 100 % traité hors ligne pour une confidentialité absolue. Gratuit, sans limites et hautement sécurisé.",,,"195
195",2,true
21,https://createmy-qr.com/tl/vcard-libreng-online-qr-code-generator,"vCard QR Code Generator - Libre at Custom | CreateMy-QR
vCard - Libreng Online QR Code Generator - CreateMy-QR",text/html; charset=utf-8,false,200,0,0,"I-convert ang iyong vCard data sa isang custom na QR code nang direkta sa iyong browser. 100% na naproseso offline para sa ganap na privacy. Libre, walang limitasyon, at lubos na secure.
I-convert ang iyong vCard data sa isang custom na QR code nang direkta sa iyong browser. 100% na naproseso offline para sa ganap na privacy. Libre, walang limitasyon, at lubos na secure.",,,"186
186",2,true
21,https://createmy-qr.com/ar/lrbt-fy-lsyr-ldhty-mwld-rmz-lstjb-lsryaa-mjny,"الرابط في السيرة الذاتية QR Code Generator - مجاني ومخصص | CreateMy-QR
الرابط في السيرة الذاتية - مولد رمز الاستجابة السريعة مجاني - CreateMy-QR",text/html; charset=utf-8,false,200,0,0,"قم بتحويل بيانات الرابط في السيرة الذاتية الخاصة بك إلى رمز QR مخصص مباشرةً في متصفحك. تمت معالجتها بنسبة 100% دون الاتصال بالإنترنت لتوفير الخصوصية المطلقة. مجاني، بلا حدود، وآمن للغاية.
قم بتحويل بيانات الرابط في السيرة الذاتية الخاصة بك إلى رمز QR مخصص مباشرةً في متصفحك. تمت معالجتها بنسبة 100% دون الاتصال بالإنترنت لتوفير الخصوصية المطلقة. مجاني، بلا حدود، وآمن للغاية.",,,"187
187",2,true
21,https://createmy-qr.com/hu/facebook-ingyenes-online-qr-kod-generator,"Facebook QR-kód generátor - ingyenes és egyedi | CreateMy-QR
Facebook - Ingyenes Online QR-kód Generátor - CreateMy-QR",text/html; charset=utf-8,false,200,0,0,"Alakítsa át Facebook adatait egyéni QR-kóddá közvetlenül a böngészőjében. 100%-ban offline feldolgozva az abszolút adatvédelem érdekében. Ingyenes, korlátok nélkül és rendkívül biztonságos.
Alakítsa át Facebook adatait egyéni QR-kóddá közvetlenül a böngészőjében. 100%-ban offline feldolgozva az abszolút adatvédelem érdekében. Ingyenes, korlátok nélkül és rendkívül biztonságos.",,,"189
189",2,true
21,https://createmy-qr.com/sv/venmo-gratis-qr-kod-generator-online,"Venmo QR Code Generator - Gratis & anpassad | CreateMy-QR
Venmo - Gratis QR-kod Generator Online - CreateMy-QR",text/html; charset=utf-8,false,200,0,0,"Konvertera dina Venmo-data till en anpassad QR-kod direkt i din webbläsare. 100 % bearbetad offline för absolut integritet. Gratis, inga gränser och mycket säker.
Konvertera dina Venmo-data till en anpassad QR-kod direkt i din webbläsare. 100 % bearbetad offline för absolut integritet. Gratis, inga gränser och mycket säker.",,,"162
162",2,true
21,https://createmy-qr.com/it/confronta-strumenti,"Generatore di Codici QR Gratis Online - CreateMy-QR (No Signup) | Confronta strumenti
Generatore di codici QR types.compare - Gratuito e personalizzato | CreateMy-QR
Confronta strumenti | CreateMy-QR",text/html; charset=utf-8,false,200,0,0,"Learn more about CreateMy-QR compare tools.
Converti i tuoi dati types.compare in un codice QR personalizzato direttamente nel tuo browser. Elaborato offline al 100% per una privacy assoluta. Gratuito, senza limiti e altamente sicuro.",,,"43
190",2,true
21,https://createmy-qr.com/fi/youtube-ilmainen-qr-koodigeneraattori-netissa,"YouTube QR-koodigeneraattori - ilmainen ja räätälöity | CreateMy-QR
YouTube - Ilmainen QR-koodigeneraattori Netissä - CreateMy-QR",text/html; charset=utf-8,false,200,0,0,"Muunna YouTube-tietosi mukautetuksi QR-koodiksi suoraan selaimessasi. 100 % käsitelty offline-tilassa täydellisen yksityisyyden takaamiseksi. Ilmainen, ei rajoituksia ja erittäin turvallinen.
Muunna YouTube-tietosi mukautetuksi QR-koodiksi suoraan selaimessasi. 100 % käsitelty offline-tilassa täydellisen yksityisyyden takaamiseksi. Ilmainen, ei rajoituksia ja erittäin turvallinen.",,,"191
191",2,true
21,https://createmy-qr.com/bn/phaail-berkaas-phri-anlaain-kiuaar-kodd-jenaarettr,"ফাইল/বেরকাস QR কোড জেনারেটর - বিনামূল্যে এবং কাস্টম | CreateMy-QR
ফাইল/বেরকাস - ফ্রি অনলাইন কিউআর কোড জেনারেটর - CreateMy-QR",text/html; charset=utf-8,false,200,0,0,"আপনার ব্রাউজারে সরাসরি একটি কাস্টম QR কোডে আপনার ফাইল/বেরকাস ডেটা রূপান্তর করুন। সম্পূর্ণ গোপনীয়তার জন্য 100% অফলাইনে প্রক্রিয়া করা হয়েছে। বিনামূল্যে, কোন সীমা নেই, এবং অত্যন্ত নিরাপদ।
আপনার ব্রাউজারে সরাসরি একটি কাস্টম QR কোডে আপনার ফাইল/বেরকাস ডেটা রূপান্তর করুন। সম্পূর্ণ গোপনীয়তার জন্য 100% অফলাইনে প্রক্রিয়া করা হয়েছে। বিনামূল্যে, কোন সীমা নেই, এবং অত্যন্ত নিরাপদ।",,,"187
187",2,true
21,https://createmy-qr.com/th/othrsaphth-ekhruue-ngmuue-sraangkhiw-aarokhd-nailnfrii,"โทรศัพท์ เครื่องสร้างโค้ด QR - ฟรีและกำหนดเอง | CreateMy-QR
โทรศัพท์ - เครื่องมือสร้างคิวอาร์โค้ดออนไลน์ฟรี - CreateMy-QR",text/html; charset=utf-8,false,200,0,0,"แปลงข้อมูล โทรศัพท์ ของคุณให้เป็นโค้ด QR ที่กำหนดเองได้โดยตรงในเบราว์เซอร์ของคุณ ประมวลผลแบบออฟไลน์ 100% เพื่อความเป็นส่วนตัวอย่างแท้จริง ฟรี ไม่จำกัด และมีความปลอดภัยสูง
แปลงข้อมูล โทรศัพท์ ของคุณให้เป็นโค้ด QR ที่กำหนดเองได้โดยตรงในเบราว์เซอร์ของคุณ ประมวลผลแบบออฟไลน์ 100% เพื่อความเป็นส่วนตัวอย่างแท้จริง ฟรี ไม่จำกัด และมีความปลอดภัยสูง",,,"170
170",2,true
21,https://createmy-qr.com/sv/x-twitter-gratis-qr-kod-generator-online,"X (Twitter) QR Code Generator - Gratis & anpassad | CreateMy-QR
X (Twitter) - Gratis QR-kod Generator Online - CreateMy-QR",text/html; charset=utf-8,false,200,0,0,"Konvertera dina X (Twitter)-data till en anpassad QR-kod direkt i din webbläsare. 100 % bearbetad offline för absolut integritet. Gratis, inga gränser och mycket säker.
Konvertera dina X (Twitter)-data till en anpassad QR-kod direkt i din webbläsare. 100 % bearbetad offline för absolut integritet. Gratis, inga gränser och mycket säker.",,,"168
168",2,true
21,https://createmy-qr.com/hu/google-review-ingyenes-online-qr-kod-generator,"Google Review QR-kód generátor - ingyenes és egyedi | CreateMy-QR
Google Review - Ingyenes Online QR-kód Generátor - CreateMy-QR",text/html; charset=utf-8,false,200,0,0,"Alakítsa át Google Review adatait egyéni QR-kóddá közvetlenül a böngészőjében. 100%-ban offline feldolgozva az abszolút adatvédelem érdekében. Ingyenes, korlátok nélkül és rendkívül biztonságos.
Alakítsa át Google Review adatait egyéni QR-kóddá közvetlenül a böngészőjében. 100%-ban offline feldolgozva az abszolút adatvédelem érdekében. Ingyenes, korlátok nélkül és rendkívül biztonságos.",,,"194
194",2,true
21,https://createmy-qr.com/uk/linkedin-bezkoshtovniy-generator-qr-kodiv-onlayn,"Генератор QR-коду LinkedIn – безкоштовний і користувацький | CreateMy-QR
LinkedIn - Безкоштовний Генератор QR-кодів Онлайн - CreateMy-QR",text/html; charset=utf-8,false,200,0,0,"Перетворіть свої дані LinkedIn на власний QR-код безпосередньо у своєму браузері. 100% обробка офлайн для повної конфіденційності. Безкоштовно, без обмежень і дуже безпечно.
Перетворіть свої дані LinkedIn на власний QR-код безпосередньо у своєму браузері. 100% обробка офлайн для повної конфіденційності. Безкоштовно, без обмежень і дуже безпечно.",,,"173
173",2,true
21,https://createmy-qr.com/da/gratis-qr-kode-generator-online,"Gratis stregkodegenerator online - Opret 1D stregkoder
types.barcode QR Code Generator - Gratis og brugerdefineret | CreateMy-QR
barcode - Gratis QR Kode Generator Online - CreateMy-QR",text/html; charset=utf-8,false,200,0,0,"Konverter dine barcode-data til en tilpasset QR-kode direkte i din browser. 100 % behandlet offline for absolut privatliv. Gratis, ingen grænser og meget sikker.
Konverter dine types.barcode-data til en tilpasset QR-kode direkte i din browser. 100 % behandlet offline for absolut privatliv. Gratis, ingen grænser og meget sikker.
Generer professionelle 1D-stregkoder med det samme. Understøttelse af Code-128, UPC, EAN, ITF-14 og mere. Gratis, sikker og klar til download i højopløselig PNG.",,,"161
167
161",3,true
21,https://createmy-qr.com/vi/discord-tao-ma-qr-mien-phi-truc-tuyen,"Trình tạo mã QR Bất hòa - Miễn phí & Tùy chỉnh | CreateMy-QR
Bất hòa - Tạo Mã QR Miễn Phí Trực Tuyến - CreateMy-QR",text/html; charset=utf-8,false,200,0,0,"Chuyển đổi dữ liệu Bất hòa của bạn thành mã QR tùy chỉnh trực tiếp trong trình duyệt của bạn. 100% được xử lý ngoại tuyến để đảm bảo quyền riêng tư tuyệt đối. Miễn phí, không giới hạn và có tính bảo mật cao.
Chuyển đổi dữ liệu Bất hòa của bạn thành mã QR tùy chỉnh trực tiếp trong trình duyệt của bạn. 100% được xử lý ngoại tuyến để đảm bảo quyền riêng tư tuyệt đối. Miễn phí, không giới hạn và có tính bảo mật cao.",,,"207
207",2,true
21,https://createmy-qr.com/fi/100-ilmainen-hinnoittelu,"Ilmainen QR-koodigeneraattori Netissä - CreateMy-QR (No Signup) | 100 % ilmainen hinnoittelu
types.pricing QR-koodigeneraattori - ilmainen ja räätälöity | CreateMy-QR
100 % ilmainen hinnoittelu | CreateMy-QR",text/html; charset=utf-8,false,200,0,0,"Learn more about CreateMy-QR 100% free pricing.
Muunna types.pricing-tietosi mukautetuksi QR-koodiksi suoraan selaimessasi. 100 % käsitelty offline-tilassa täydellisen yksityisyyden takaamiseksi. Ilmainen, ei rajoituksia ja erittäin turvallinen.",,,"47
197",2,true
21,https://createmy-qr.com/tl/paypal-libreng-online-qr-code-generator,"PayPal QR Code Generator - Libre at Custom | CreateMy-QR
PayPal - Libreng Online QR Code Generator - CreateMy-QR",text/html; charset=utf-8,false,200,0,0,"I-convert ang iyong PayPal data sa isang custom na QR code nang direkta sa iyong browser. 100% na naproseso offline para sa ganap na privacy. Libre, walang limitasyon, at lubos na secure.
I-convert ang iyong PayPal data sa isang custom na QR code nang direkta sa iyong browser. 100% na naproseso offline para sa ganap na privacy. Libre, walang limitasyon, at lubos na secure.",,,"187
187",2,true
21,https://createmy-qr.com/hu/adatvedelmi-szabalyzat,"Ingyenes Online QR-kód Generátor - CreateMy-QR (No Signup) | Adatvédelmi szabályzat
types.privacy QR-kód generátor - ingyenes és egyedi | CreateMy-QR
Adatvédelmi szabályzat | CreateMy-QR",text/html; charset=utf-8,false,200,0,0,"Learn more about CreateMy-QR privacy policy.
Alakítsa át types.privacy adatait egyéni QR-kóddá közvetlenül a böngészőjében. 100%-ban offline feldolgozva az abszolút adatvédelem érdekében. Ingyenes, korlátok nélkül és rendkívül biztonságos.",,,"44
194",2,true
21,https://createmy-qr.com/no/arrangement-gratis-qr-kode-generator-online,"Arrangement QR Code Generator - Gratis og tilpasset | CreateMy-QR
Arrangement - Gratis QR-kode Generator Online - CreateMy-QR",text/html; charset=utf-8,false,200,0,0,"Konverter Arrangement-dataene dine til en tilpasset QR-kode direkte i nettleseren din. 100 % behandlet offline for absolutt personvern. Gratis, ingen grenser og svært sikker.
Konverter Arrangement-dataene dine til en tilpasset QR-kode direkte i nettleseren din. 100 % behandlet offline for absolutt personvern. Gratis, ingen grenser og svært sikker.",,,"174
174",2,true
21,https://createmy-qr.com/es/tiktok-generador-de-codigos-qr-gratis-online,"Generador de códigos QR Tik Tok: gratuito y personalizado | CreateMy-QR
Tik Tok - Generador de Códigos QR Gratis Online - CreateMy-QR",text/html; charset=utf-8,false,200,0,0,"Convierta sus datos de Tik Tok en un código QR personalizado directamente en su navegador. 100% procesado fuera de línea para absoluta privacidad. Gratis, sin límites y muy seguro.
Convierta sus datos de Tik Tok en un código QR personalizado directamente en su navegador. 100% procesado fuera de línea para absoluta privacidad. Gratis, sin límites y muy seguro.",,,"180
180",2,true
21,https://createmy-qr.com/pl/crypto-darmowy-generator-kodow-qr-online,"Generator kodów QR Kryptowaluty — bezpłatny i niestandardowy | CreateMy-QR
Kryptowaluty - Darmowy Generator Kodów QR Online - CreateMy-QR",text/html; charset=utf-8,false,200,0,0,"Konwertuj dane Kryptowaluty na niestandardowy kod QR bezpośrednio w przeglądarce. 100% przetwarzane w trybie offline, aby zapewnić całkowitą prywatność. Bezpłatnie, bez ograniczeń i bardzo bezpiecznie.
Konwertuj dane Kryptowaluty na niestandardowy kod QR bezpośrednio w przeglądarce. 100% przetwarzane w trybie offline, aby zapewnić całkowitą prywatność. Bezpłatnie, bez ograniczeń i bardzo bezpiecznie.",,,"201
201",2,true
21,https://createmy-qr.com/vi/app-store-tao-ma-qr-mien-phi-truc-tuyen,"Trình tạo mã QR Cửa hàng ứng dụng - Miễn phí & Tùy chỉnh | CreateMy-QR
Cửa hàng ứng dụng - Tạo Mã QR Miễn Phí Trực Tuyến - CreateMy-QR",text/html; charset=utf-8,false,200,0,0,"Chuyển đổi dữ liệu Cửa hàng ứng dụng của bạn thành mã QR tùy chỉnh trực tiếp trong trình duyệt của bạn. 100% được xử lý ngoại tuyến để đảm bảo quyền riêng tư tuyệt đối. Miễn phí, không giới hạn và có tính bảo mật cao.
Chuyển đổi dữ liệu Cửa hàng ứng dụng của bạn thành mã QR tùy chỉnh trực tiếp trong trình duyệt của bạn. 100% được xử lý ngoại tuyến để đảm bảo quyền riêng tư tuyệt đối. Miễn phí, không giới hạn và có tính bảo mật cao.",,,"217
217",2,true
21,https://createmy-qr.com/de/anwendungsfalle,"Kostenloser QR-Code Generator Online - CreateMy-QR (No Signup) | Anwendungsfälle
types.usecases QR-Code-Generator – kostenlos und benutzerdefiniert | CreateMy-QR
Anwendungsfälle | CreateMy-QR",text/html; charset=utf-8,false,200,0,0,"Learn more about CreateMy-QR use cases.
Wandeln Sie Ihre types.usecases-Daten direkt in Ihrem Browser in einen benutzerdefinierten QR-Code um. 100 % offline verarbeitet für absolute Privatsphäre. Kostenlos, ohne Grenzen und äußerst sicher.",,,"39
199",2,true
21,https://createmy-qr.com/ro/app-store-generator-de-coduri-qr-gratuit-online,"App Store QR Code Generator - Gratuit și personalizat | CreateMy-QR
App Store - Generator de Coduri QR Gratuit Online - CreateMy-QR",text/html; charset=utf-8,false,200,0,0,"Transformați datele dvs. App Store într-un cod QR personalizat direct în browser. Procesat 100% offline pentru confidențialitate absolută. Gratuit, fără limite și foarte sigur.
Transformați datele dvs. App Store într-un cod QR personalizat direct în browser. Procesat 100% offline pentru confidențialitate absolută. Gratuit, fără limite și foarte sigur.",,,"176
176",2,true
21,https://createmy-qr.com/fr/whatsapp-generateur-de-code-qr-gratuit-en-ligne,"Générateur de code QR WhatsApp - Gratuit et personnalisé | CreateMy-QR
WhatsApp - Générateur de Code QR Gratuit en Ligne - CreateMy-QR",text/html; charset=utf-8,false,200,0,0,"Convertissez vos données WhatsApp en un code QR personnalisé directement dans votre navigateur. 100 % traité hors ligne pour une confidentialité absolue. Gratuit, sans limites et hautement sécurisé.
Convertissez vos données WhatsApp en un code QR personnalisé directement dans votre navigateur. 100 % traité hors ligne pour une confidentialité absolue. Gratuit, sans limites et hautement sécurisé.",,,"198
198",2,true
21,https://createmy-qr.com/pl/whatsapp-darmowy-generator-kodow-qr-online,"Generator kodów QR WhatsApp — bezpłatny i niestandardowy | CreateMy-QR
WhatsApp - Darmowy Generator Kodów QR Online - CreateMy-QR",text/html; charset=utf-8,false,200,0,0,"Konwertuj dane WhatsApp na niestandardowy kod QR bezpośrednio w przeglądarce. 100% przetwarzane w trybie offline, aby zapewnić całkowitą prywatność. Bezpłatnie, bez ograniczeń i bardzo bezpiecznie.
Konwertuj dane WhatsApp na niestandardowy kod QR bezpośrednio w przeglądarce. 100% przetwarzane w trybie offline, aby zapewnić całkowitą prywatność. Bezpłatnie, bez ograniczeń i bardzo bezpiecznie.",,,"197
197",2,true
21,https://createmy-qr.com/el/syndesmos-sto-bio-dorean-dimioyrgia-qr-code-online,"Σύνδεσμος στο Bio QR Code Generator - Δωρεάν & Προσαρμοσμένο | CreateMy-QR
Σύνδεσμος στο Bio - Δωρεάν Δημιουργία QR Code Online - CreateMy-QR",text/html; charset=utf-8,false,200,0,0,"Μετατρέψτε τα δεδομένα σας Σύνδεσμος στο Bio σε προσαρμοσμένο κωδικό QR απευθείας στο πρόγραμμα περιήγησής σας. 100% επεξεργασία εκτός σύνδεσης για απόλυτη προστασία της ιδιωτικής ζωής. Δωρεάν, χωρίς όρια και εξαιρετικά ασφαλές.
Μετατρέψτε τα δεδομένα σας Σύνδεσμος στο Bio σε προσαρμοσμένο κωδικό QR απευθείας στο πρόγραμμα περιήγησής σας. 100% επεξεργασία εκτός σύνδεσης για απόλυτη προστασία της ιδιωτικής ζωής. Δωρεάν, χωρίς όρια και εξαιρετικά ασφαλές.",,,"228
228",2,true
21,https://createmy-qr.com/da/linkedin-gratis-qr-kode-generator-online,"LinkedIn QR Code Generator - Gratis og brugerdefineret | CreateMy-QR
LinkedIn - Gratis QR Kode Generator Online - CreateMy-QR",text/html; charset=utf-8,false,200,0,0,"Konverter dine LinkedIn-data til en tilpasset QR-kode direkte i din browser. 100 % behandlet offline for absolut privatliv. Gratis, ingen grænser og meget sikker.
Konverter dine LinkedIn-data til en tilpasset QR-kode direkte i din browser. 100 % behandlet offline for absolut privatliv. Gratis, ingen grænser og meget sikker.",,,"162
162",2,true
21,https://createmy-qr.com/nl/servicevoorwaarden,"Gratis QR Code Generator Online - CreateMy-QR (No Signup) | Servicevoorwaarden
types.terms QR-codegenerator - gratis en aangepast | CreateMy-QR
Servicevoorwaarden | CreateMy-QR",text/html; charset=utf-8,false,200,0,0,"Learn more about CreateMy-QR terms of service.
Converteer uw types.terms-gegevens rechtstreeks in uw browser naar een aangepaste QR-code. 100% offline verwerkt voor absolute privacy. Gratis, geen grenzen en zeer veilig.",,,"46
172",2,true
21,https://createmy-qr.com/tr/email-ucretsiz-cevrimici-qr-kod-olusturucu,"E-posta QR Kod Oluşturucu - Ücretsiz ve Özel | CreateMy-QR
E-posta - Ücretsiz Çevrimiçi QR Kod Oluşturucu - CreateMy-QR",text/html; charset=utf-8,false,200,0,0,"E-posta verilerinizi doğrudan tarayıcınızda özel bir QR koduna dönüştürün. Mutlak gizlilik için %100 çevrimdışı işlenir. Ücretsiz, sınırsız ve son derece güvenli.
E-posta verilerinizi doğrudan tarayıcınızda özel bir QR koduna dönüştürün. Mutlak gizlilik için %100 çevrimdışı işlenir. Ücretsiz, sınırsız ve son derece güvenli.",,,"162
162",2,true
21,https://createmy-qr.com/el/keimeno-dorean-dimioyrgia-qr-code-online,"Κείμενο QR Code Generator - Δωρεάν & Προσαρμοσμένο | CreateMy-QR
Κείμενο - Δωρεάν Δημιουργία QR Code Online - CreateMy-QR",text/html; charset=utf-8,false,200,0,0,"Μετατρέψτε τα δεδομένα σας Κείμενο σε προσαρμοσμένο κωδικό QR απευθείας στο πρόγραμμα περιήγησής σας. 100% επεξεργασία εκτός σύνδεσης για απόλυτη προστασία της ιδιωτικής ζωής. Δωρεάν, χωρίς όρια και εξαιρετικά ασφαλές.
Μετατρέψτε τα δεδομένα σας Κείμενο σε προσαρμοσμένο κωδικό QR απευθείας στο πρόγραμμα περιήγησής σας. 100% επεξεργασία εκτός σύνδεσης για απόλυτη προστασία της ιδιωτικής ζωής. Δωρεάν, χωρίς όρια και εξαιρετικά ασφαλές.",,,"218
218",2,true
21,https://createmy-qr.com/ru/app-store-besplatnyy-generator-qr-kodov-onlayn,"Магазин приложений Генератор QR-кодов — бесплатный и настраиваемый | CreateMy-QR
Магазин приложений - Бесплатный генератор QR-кодов онлайн - CreateMy-QR",text/html; charset=utf-8,false,200,0,0,"Преобразуйте данные Магазин приложений в собственный QR-код прямо в браузере. 100% обработка в автономном режиме для абсолютной конфиденциальности. Бесплатно, без ограничений и очень безопасно.
Преобразуйте данные Магазин приложений в собственный QR-код прямо в браузере. 100% обработка в автономном режиме для абсолютной конфиденциальности. Бесплатно, без ограничений и очень безопасно.",,,"193
193",2,true
21,https://createmy-qr.com/bn/app-store-phri-anlaain-kiuaar-kodd-jenaarettr,"অ্যাপ স্টোর QR কোড জেনারেটর - বিনামূল্যে এবং কাস্টম | CreateMy-QR
অ্যাপ স্টোর - ফ্রি অনলাইন কিউআর কোড জেনারেটর - CreateMy-QR",text/html; charset=utf-8,false,200,0,0,"আপনার ব্রাউজারে সরাসরি একটি কাস্টম QR কোডে আপনার অ্যাপ স্টোর ডেটা রূপান্তর করুন। সম্পূর্ণ গোপনীয়তার জন্য 100% অফলাইনে প্রক্রিয়া করা হয়েছে। বিনামূল্যে, কোন সীমা নেই, এবং অত্যন্ত নিরাপদ।
আপনার ব্রাউজারে সরাসরি একটি কাস্টম QR কোডে আপনার অ্যাপ স্টোর ডেটা রূপান্তর করুন। সম্পূর্ণ গোপনীয়তার জন্য 100% অফলাইনে প্রক্রিয়া করা হয়েছে। বিনামূল্যে, কোন সীমা নেই, এবং অত্যন্ত নিরাপদ।",,,"187
187",2,true
21,https://createmy-qr.com/hi/linkedin-muph-t-onnlaain-kyuuaar-kodd-jnrettr,"लिंक्डइन QR कोड जेनरेटर - मुफ़्त और कस्टम | CreateMy-QR
लिंक्डइन - मुफ़्त ऑनलाइन क्यूआर कोड जनरेटर - CreateMy-QR",text/html; charset=utf-8,false,200,0,0,"अपने लिंक्डइन डेटा को सीधे अपने ब्राउज़र में एक कस्टम क्यूआर कोड में बदलें। पूर्ण गोपनीयता के लिए 100% ऑफ़लाइन संसाधित। निःशुल्क, कोई सीमा नहीं, और अत्यधिक सुरक्षित।
अपने लिंक्डइन डेटा को सीधे अपने ब्राउज़र में एक कस्टम क्यूआर कोड में बदलें। पूर्ण गोपनीयता के लिए 100% ऑफ़लाइन संसाधित। निःशुल्क, कोई सीमा नहीं, और अत्यधिक सुरक्षित।",,,"165
165",2,true
21,https://createmy-qr.com/uk/instagram-bezkoshtovniy-generator-qr-kodiv-onlayn,"Генератор QR-коду Instagram – безкоштовний і користувацький | CreateMy-QR
Instagram - Безкоштовний Генератор QR-кодів Онлайн - CreateMy-QR",text/html; charset=utf-8,false,200,0,0,"Перетворіть свої дані Instagram на власний QR-код безпосередньо у своєму браузері. 100% обробка офлайн для повної конфіденційності. Безкоштовно, без обмежень і дуже безпечно.
Перетворіть свої дані Instagram на власний QR-код безпосередньо у своєму браузері. 100% обробка офлайн для повної конфіденційності. Безкоштовно, без обмежень і дуже безпечно.",,,"174
174",2,true
21,https://createmy-qr.com/fi/,"CreateMy-QR | Kaikki QR ja viivakoodi Työkalut yhdessä paikassa
CreateMy-QR | Kaikki QR ja viivakoodi Työkalut yhdessä paikassa
home - Ilmainen QR-koodigeneraattori Netissä - CreateMy-QR",text/html; charset=utf-8,false,200,0,1,"Muunna home-tietosi mukautetuksi QR-koodiksi suoraan selaimessasi. 100 % käsitelty offline-tilassa täydellisen yksityisyyden takaamiseksi. Ilmainen, ei rajoituksia ja erittäin turvallinen.
Luo 37 erilaista QR-koodia ja viivakoodia ilmaiseksi.Ei ilmoittautumista.Välitön lataus.100 % asiakaspuolen, ISO/IEC 18004 -yhteensopiva, saatavana 30 kielellä.
Luo 37 erilaista QR-koodia ja viivakoodia ilmaiseksi.Ei ilmoittautumista.Välitön lataus.100 % asiakaspuolen, ISO/IEC 18004 -yhteensopiva, saatavana 30 kielellä.",,,"188
160
160",3,true
21,https://createmy-qr.com/hi/youtube-muph-t-onnlaain-kyuuaar-kodd-jnrettr,"यूट्यूब QR कोड जेनरेटर - मुफ़्त और कस्टम | CreateMy-QR
यूट्यूब - मुफ़्त ऑनलाइन क्यूआर कोड जनरेटर - CreateMy-QR",text/html; charset=utf-8,false,200,0,0,"अपने यूट्यूब डेटा को सीधे अपने ब्राउज़र में एक कस्टम क्यूआर कोड में बदलें। पूर्ण गोपनीयता के लिए 100% ऑफ़लाइन संसाधित। निःशुल्क, कोई सीमा नहीं, और अत्यधिक सुरक्षित।
अपने यूट्यूब डेटा को सीधे अपने ब्राउज़र में एक कस्टम क्यूआर कोड में बदलें। पूर्ण गोपनीयता के लिए 100% ऑफ़लाइन संसाधित। निःशुल्क, कोई सीमा नहीं, और अत्यधिक सुरक्षित।",,,"164
164",2,true
21,https://createmy-qr.com/bn/absthaan-phri-anlaain-kiuaar-kodd-jenaarettr,"অবস্থান QR কোড জেনারেটর - বিনামূল্যে এবং কাস্টম | CreateMy-QR
অবস্থান - ফ্রি অনলাইন কিউআর কোড জেনারেটর - CreateMy-QR",text/html; charset=utf-8,false,200,0,0,"আপনার ব্রাউজারে সরাসরি একটি কাস্টম QR কোডে আপনার অবস্থান ডেটা রূপান্তর করুন। সম্পূর্ণ গোপনীয়তার জন্য 100% অফলাইনে প্রক্রিয়া করা হয়েছে। বিনামূল্যে, কোন সীমা নেই, এবং অত্যন্ত নিরাপদ।
আপনার ব্রাউজারে সরাসরি একটি কাস্টম QR কোডে আপনার অবস্থান ডেটা রূপান্তর করুন। সম্পূর্ণ গোপনীয়তার জন্য 100% অফলাইনে প্রক্রিয়া করা হয়েছে। বিনামূল্যে, কোন সীমা নেই, এবং অত্যন্ত নিরাপদ।",,,"183
183",2,true
21,https://createmy-qr.com/nl/boeking-gratis-qr-code-generator-online,"Boeking QR-codegenerator - gratis en aangepast | CreateMy-QR
Boeking - Gratis QR Code Generator Online - CreateMy-QR",text/html; charset=utf-8,false,200,0,0,"Converteer uw Boeking-gegevens rechtstreeks in uw browser naar een aangepaste QR-code. 100% offline verwerkt voor absolute privacy. Gratis, geen grenzen en zeer veilig.
Converteer uw Boeking-gegevens rechtstreeks in uw browser naar een aangepaste QR-code. 100% offline verwerkt voor absolute privacy. Gratis, geen grenzen en zeer veilig.",,,"168
168",2,true
21,https://createmy-qr.com/no/google-review-gratis-qr-kode-generator-online,"Google-anmeldelse QR Code Generator - Gratis og tilpasset | CreateMy-QR
Google-anmeldelse - Gratis QR-kode Generator Online - CreateMy-QR",text/html; charset=utf-8,false,200,0,0,"Konverter Google-anmeldelse-dataene dine til en tilpasset QR-kode direkte i nettleseren din. 100 % behandlet offline for absolutt personvern. Gratis, ingen grenser og svært sikker.
Konverter Google-anmeldelse-dataene dine til en tilpasset QR-kode direkte i nettleseren din. 100 % behandlet offline for absolutt personvern. Gratis, ingen grenser og svært sikker.",,,"180
180",2,true
21,https://createmy-qr.com/vi/telegram-tao-ma-qr-mien-phi-truc-tuyen,"Trình tạo mã QR Điện tín - Miễn phí & Tùy chỉnh | CreateMy-QR
Điện tín - Tạo Mã QR Miễn Phí Trực Tuyến - CreateMy-QR",text/html; charset=utf-8,false,200,0,0,"Chuyển đổi dữ liệu Điện tín của bạn thành mã QR tùy chỉnh trực tiếp trong trình duyệt của bạn. 100% được xử lý ngoại tuyến để đảm bảo quyền riêng tư tuyệt đối. Miễn phí, không giới hạn và có tính bảo mật cao.
Chuyển đổi dữ liệu Điện tín của bạn thành mã QR tùy chỉnh trực tiếp trong trình duyệt của bạn. 100% được xử lý ngoại tuyến để đảm bảo quyền riêng tư tuyệt đối. Miễn phí, không giới hạn và có tính bảo mật cao.",,,"208
208",2,true
21,https://createmy-qr.com/tl/facebook-libreng-online-qr-code-generator,"Facebook QR Code Generator - Libre at Custom | CreateMy-QR
Facebook - Libreng Online QR Code Generator - CreateMy-QR",text/html; charset=utf-8,false,200,0,0,"I-convert ang iyong Facebook data sa isang custom na QR code nang direkta sa iyong browser. 100% na naproseso offline para sa ganap na privacy. Libre, walang limitasyon, at lubos na secure.
I-convert ang iyong Facebook data sa isang custom na QR code nang direkta sa iyong browser. 100% na naproseso offline para sa ganap na privacy. Libre, walang limitasyon, at lubos na secure.",,,"189
189",2,true
21,https://createmy-qr.com/de/link-in-bio-kostenloser-qr-code-generator-online,"Link in Bio QR-Code-Generator – kostenlos und benutzerdefiniert | CreateMy-QR
Link in Bio - Kostenloser QR-Code Generator Online - CreateMy-QR",text/html; charset=utf-8,false,200,0,0,"Wandeln Sie Ihre Link in Bio-Daten direkt in Ihrem Browser in einen benutzerdefinierten QR-Code um. 100 % offline verarbeitet für absolute Privatsphäre. Kostenlos, ohne Grenzen und äußerst sicher.
Wandeln Sie Ihre Link in Bio-Daten direkt in Ihrem Browser in einen benutzerdefinierten QR-Code um. 100 % offline verarbeitet für absolute Privatsphäre. Kostenlos, ohne Grenzen und äußerst sicher.",,,"196
196",2,true
21,https://createmy-qr.com/ar/lswt-tdwyn-swty-mwld-rmz-lstjb-lsryaa-mjny,"الصوت / تدوين صوتي QR Code Generator - مجاني ومخصص | CreateMy-QR
الصوت / تدوين صوتي - مولد رمز الاستجابة السريعة مجاني - CreateMy-QR",text/html; charset=utf-8,false,200,0,0,"قم بتحويل بيانات الصوت / تدوين صوتي الخاصة بك إلى رمز QR مخصص مباشرةً في متصفحك. تمت معالجتها بنسبة 100% دون الاتصال بالإنترنت لتوفير الخصوصية المطلقة. مجاني، بلا حدود، وآمن للغاية.
قم بتحويل بيانات الصوت / تدوين صوتي الخاصة بك إلى رمز QR مخصص مباشرةً في متصفحك. تمت معالجتها بنسبة 100% دون الاتصال بالإنترنت لتوفير الخصوصية المطلقة. مجاني، بلا حدود، وآمن للغاية.",,,"181
181",2,true
21,https://createmy-qr.com/th/kh-khwaam-ekhruue-ngmuue-sraangkhiw-aarokhd-nailnfrii,"ข้อความ เครื่องสร้างโค้ด QR - ฟรีและกำหนดเอง | CreateMy-QR
ข้อความ - เครื่องมือสร้างคิวอาร์โค้ดออนไลน์ฟรี - CreateMy-QR",text/html; charset=utf-8,false,200,0,0,"แปลงข้อมูล ข้อความ ของคุณให้เป็นโค้ด QR ที่กำหนดเองได้โดยตรงในเบราว์เซอร์ของคุณ ประมวลผลแบบออฟไลน์ 100% เพื่อความเป็นส่วนตัวอย่างแท้จริง ฟรี ไม่จำกัด และมีความปลอดภัยสูง
แปลงข้อมูล ข้อความ ของคุณให้เป็นโค้ด QR ที่กำหนดเองได้โดยตรงในเบราว์เซอร์ของคุณ ประมวลผลแบบออฟไลน์ 100% เพื่อความเป็นส่วนตัวอย่างแท้จริง ฟรี ไม่จำกัด และมีความปลอดภัยสูง",,,"169
169",2,true
21,https://createmy-qr.com/th/app-store-ekhruue-ngmuue-sraangkhiw-aarokhd-nailnfrii,"แอพสโตร์ เครื่องสร้างโค้ด QR - ฟรีและกำหนดเอง | CreateMy-QR
แอพสโตร์ - เครื่องมือสร้างคิวอาร์โค้ดออนไลน์ฟรี - CreateMy-QR",text/html; charset=utf-8,false,200,0,0,"แปลงข้อมูล แอพสโตร์ ของคุณให้เป็นโค้ด QR ที่กำหนดเองได้โดยตรงในเบราว์เซอร์ของคุณ ประมวลผลแบบออฟไลน์ 100% เพื่อความเป็นส่วนตัวอย่างแท้จริง ฟรี ไม่จำกัด และมีความปลอดภัยสูง
แปลงข้อมูล แอพสโตร์ ของคุณให้เป็นโค้ด QR ที่กำหนดเองได้โดยตรงในเบราว์เซอร์ของคุณ ประมวลผลแบบออฟไลน์ 100% เพื่อความเป็นส่วนตัวอย่างแท้จริง ฟรี ไม่จำกัด และมีความปลอดภัยสูง",,,"170
170",2,true
21,https://createmy-qr.com/nl/evenement-gratis-qr-code-generator-online,"Evenement QR-codegenerator - gratis en aangepast | CreateMy-QR
Evenement - Gratis QR Code Generator Online - CreateMy-QR",text/html; charset=utf-8,false,200,0,0,"Converteer uw Evenement-gegevens rechtstreeks in uw browser naar een aangepaste QR-code. 100% offline verwerkt voor absolute privacy. Gratis, geen grenzen en zeer veilig.
Converteer uw Evenement-gegevens rechtstreeks in uw browser naar een aangepaste QR-code. 100% offline verwerkt voor absolute privacy. Gratis, geen grenzen en zeer veilig.",,,"170
170",2,true
21,https://createmy-qr.com/da/google-forms-gratis-qr-kode-generator-online,"Google Forms QR Code Generator - Gratis og brugerdefineret | CreateMy-QR
Google Forms - Gratis QR Kode Generator Online - CreateMy-QR",text/html; charset=utf-8,false,200,0,0,"Konverter dine Google Forms-data til en tilpasset QR-kode direkte i din browser. 100 % behandlet offline for absolut privatliv. Gratis, ingen grænser og meget sikker.
Konverter dine Google Forms-data til en tilpasset QR-kode direkte i din browser. 100 % behandlet offline for absolut privatliv. Gratis, ingen grænser og meget sikker.",,,"166
166",2,true
21,https://createmy-qr.com/fi/turvallisuusarkkitehtuuri,"Ilmainen QR-koodigeneraattori Netissä - CreateMy-QR (No Signup) | Turvallisuusarkkitehtuuri
types.security QR-koodigeneraattori - ilmainen ja räätälöity | CreateMy-QR
Turvallisuusarkkitehtuuri | CreateMy-QR",text/html; charset=utf-8,false,200,0,0,"Learn more about CreateMy-QR security architecture.
Muunna types.security-tietosi mukautetuksi QR-koodiksi suoraan selaimessasi. 100 % käsitelty offline-tilassa täydellisen yksityisyyden takaamiseksi. Ilmainen, ei rajoituksia ja erittäin turvallinen.",,,"51
198",2,true
21,https://createmy-qr.com/hu/app-store-ingyenes-online-qr-kod-generator,"App Store QR-kód generátor - ingyenes és egyedi | CreateMy-QR
App Store - Ingyenes Online QR-kód Generátor - CreateMy-QR",text/html; charset=utf-8,false,200,0,0,"Alakítsa át App Store adatait egyéni QR-kóddá közvetlenül a böngészőjében. 100%-ban offline feldolgozva az abszolút adatvédelem érdekében. Ingyenes, korlátok nélkül és rendkívül biztonságos.
Alakítsa át App Store adatait egyéni QR-kóddá közvetlenül a böngészőjében. 100%-ban offline feldolgozva az abszolút adatvédelem érdekében. Ingyenes, korlátok nélkül és rendkívül biztonságos.",,,"190
190",2,true
21,https://createmy-qr.com/el/vinteo-dorean-dimioyrgia-qr-code-online,"Βίντεο QR Code Generator - Δωρεάν & Προσαρμοσμένο | CreateMy-QR
Βίντεο - Δωρεάν Δημιουργία QR Code Online - CreateMy-QR",text/html; charset=utf-8,false,200,0,0,"Μετατρέψτε τα δεδομένα σας Βίντεο σε προσαρμοσμένο κωδικό QR απευθείας στο πρόγραμμα περιήγησής σας. 100% επεξεργασία εκτός σύνδεσης για απόλυτη προστασία της ιδιωτικής ζωής. Δωρεάν, χωρίς όρια και εξαιρετικά ασφαλές.
Μετατρέψτε τα δεδομένα σας Βίντεο σε προσαρμοσμένο κωδικό QR απευθείας στο πρόγραμμα περιήγησής σας. 100% επεξεργασία εκτός σύνδεσης για απόλυτη προστασία της ιδιωτικής ζωής. Δωρεάν, χωρίς όρια και εξαιρετικά ασφαλές.",,,"217
217",2,true
21,https://createmy-qr.com/cs/url-link-zdarma-online-generator-qr-kodu,"Zdarma Online Generátor QR Kódů - CreateMy-QR (No Signup) | CreateMy-QR
Zdarma Online Generátor QR Kódů - CreateMy-QR (No Signup)",text/html; charset=utf-8,false,200,0,0,"Vytvářejte QR Kódy s Logem a Barvou - Bez Registrace, Neomezeně. 100% privacy-safe, client-side generation without signup. Try CreateMy-QR today.
Převeďte svá data URL / odkaz na vlastní QR kód přímo ve vašem prohlížeči. 100% zpracováno offline pro absolutní soukromí. Zdarma, bez omezení a vysoce bezpečné.",,,"145
161",2,true
21,https://createmy-qr.com/vi/whatsapp-tao-ma-qr-mien-phi-truc-tuyen,"Trình tạo mã QR WhatsApp - Miễn phí & Tùy chỉnh | CreateMy-QR
WhatsApp - Tạo Mã QR Miễn Phí Trực Tuyến - CreateMy-QR",text/html; charset=utf-8,false,200,0,0,"Chuyển đổi dữ liệu WhatsApp của bạn thành mã QR tùy chỉnh trực tiếp trong trình duyệt của bạn. 100% được xử lý ngoại tuyến để đảm bảo quyền riêng tư tuyệt đối. Miễn phí, không giới hạn và có tính bảo mật cao.
Chuyển đổi dữ liệu WhatsApp của bạn thành mã QR tùy chỉnh trực tiếp trong trình duyệt của bạn. 100% được xử lý ngoại tuyến để đảm bảo quyền riêng tư tuyệt đối. Miễn phí, không giới hạn và có tính bảo mật cao.",,,"208
208",2,true
21,https://createmy-qr.com/sv/paypal-gratis-qr-kod-generator-online,"PayPal QR Code Generator - Gratis & anpassad | CreateMy-QR
PayPal - Gratis QR-kod Generator Online - CreateMy-QR",text/html; charset=utf-8,false,200,0,0,"Konvertera dina PayPal-data till en anpassad QR-kod direkt i din webbläsare. 100 % bearbetad offline för absolut integritet. Gratis, inga gränser och mycket säker.
Konvertera dina PayPal-data till en anpassad QR-kod direkt i din webbläsare. 100 % bearbetad offline för absolut integritet. Gratis, inga gränser och mycket säker.",,,"163
163",2,true
21,https://createmy-qr.com/pl/paypal-darmowy-generator-kodow-qr-online,"Generator kodów QR PayPal — bezpłatny i niestandardowy | CreateMy-QR
PayPal - Darmowy Generator Kodów QR Online - CreateMy-QR",text/html; charset=utf-8,false,200,0,0,"Konwertuj dane PayPal na niestandardowy kod QR bezpośrednio w przeglądarce. 100% przetwarzane w trybie offline, aby zapewnić całkowitą prywatność. Bezpłatnie, bez ograniczeń i bardzo bezpiecznie.
Konwertuj dane PayPal na niestandardowy kod QR bezpośrednio w przeglądarce. 100% przetwarzane w trybie offline, aby zapewnić całkowitą prywatność. Bezpłatnie, bez ograniczeń i bardzo bezpiecznie.",,,"195
195",2,true
21,https://createmy-qr.com/de/amazon-kostenloser-qr-code-generator-online,"Amazon QR-Code-Generator – kostenlos und benutzerdefiniert | CreateMy-QR
Amazon - Kostenloser QR-Code Generator Online - CreateMy-QR",text/html; charset=utf-8,false,200,0,0,"Wandeln Sie Ihre Amazon-Daten direkt in Ihrem Browser in einen benutzerdefinierten QR-Code um. 100 % offline verarbeitet für absolute Privatsphäre. Kostenlos, ohne Grenzen und äußerst sicher.
Wandeln Sie Ihre Amazon-Daten direkt in Ihrem Browser in einen benutzerdefinierten QR-Code um. 100 % offline verarbeitet für absolute Privatsphäre. Kostenlos, ohne Grenzen und äußerst sicher.",,,"191
191",2,true
21,https://createmy-qr.com/sv/lank-i-bio-gratis-qr-kod-generator-online,"Länk i bio QR Code Generator - Gratis & anpassad | CreateMy-QR
Länk i bio - Gratis QR-kod Generator Online - CreateMy-QR",text/html; charset=utf-8,false,200,0,0,"Konvertera dina Länk i bio-data till en anpassad QR-kod direkt i din webbläsare. 100 % bearbetad offline för absolut integritet. Gratis, inga gränser och mycket säker.
Konvertera dina Länk i bio-data till en anpassad QR-kod direkt i din webbläsare. 100 % bearbetad offline för absolut integritet. Gratis, inga gränser och mycket säker.",,,"167
167",2,true
21,https://createmy-qr.com/ro/wi-fi-generator-de-coduri-qr-gratuit-online,"Wi-Fi QR Code Generator - Gratuit și personalizat | CreateMy-QR
Wi-Fi - Generator de Coduri QR Gratuit Online - CreateMy-QR",text/html; charset=utf-8,false,200,0,0,"Transformați datele dvs. Wi-Fi într-un cod QR personalizat direct în browser. Procesat 100% offline pentru confidențialitate absolută. Gratuit, fără limite și foarte sigur.
Transformați datele dvs. Wi-Fi într-un cod QR personalizat direct în browser. Procesat 100% offline pentru confidențialitate absolută. Gratuit, fără limite și foarte sigur.",,,"172
172",2,true
21,https://createmy-qr.com/uk/snapchat-bezkoshtovniy-generator-qr-kodiv-onlayn,"Генератор QR-коду Snapchat – безкоштовний і користувацький | CreateMy-QR
Snapchat - Безкоштовний Генератор QR-кодів Онлайн - CreateMy-QR",text/html; charset=utf-8,false,200,0,0,"Перетворіть свої дані Snapchat на власний QR-код безпосередньо у своєму браузері. 100% обробка офлайн для повної конфіденційності. Безкоштовно, без обмежень і дуже безпечно.
Перетворіть свої дані Snapchat на власний QR-код безпосередньо у своєму браузері. 100% обробка офлайн для повної конфіденційності. Безкоштовно, без обмежень і дуже безпечно.",,,"173
173",2,true
21,https://createmy-qr.com/de/uber-uns,"Kostenloser QR-Code Generator Online - CreateMy-QR (No Signup) | Über uns
types.about QR-Code-Generator – kostenlos und benutzerdefiniert | CreateMy-QR
Über uns | CreateMy-QR",text/html; charset=utf-8,false,200,0,0,"Learn more about CreateMy-QR about us.
Wandeln Sie Ihre types.about-Daten direkt in Ihrem Browser in einen benutzerdefinierten QR-Code um. 100 % offline verarbeitet für absolute Privatsphäre. Kostenlos, ohne Grenzen und äußerst sicher.",,,"38
196",2,true
21,https://createmy-qr.com/ar/fydyw-mwld-rmz-lstjb-lsryaa-mjny,"فيديو QR Code Generator - مجاني ومخصص | CreateMy-QR
فيديو - مولد رمز الاستجابة السريعة مجاني - CreateMy-QR",text/html; charset=utf-8,false,200,0,0,"قم بتحويل بيانات فيديو الخاصة بك إلى رمز QR مخصص مباشرةً في متصفحك. تمت معالجتها بنسبة 100% دون الاتصال بالإنترنت لتوفير الخصوصية المطلقة. مجاني، بلا حدود، وآمن للغاية.
قم بتحويل بيانات فيديو الخاصة بك إلى رمز QR مخصص مباشرةً في متصفحك. تمت معالجتها بنسبة 100% دون الاتصال بالإنترنت لتوفير الخصوصية المطلقة. مجاني، بلا حدود، وآمن للغاية.",,,"168
168",2,true
21,https://createmy-qr.com/da/snapchat-gratis-qr-kode-generator-online,"Snapchat QR Code Generator - Gratis og brugerdefineret | CreateMy-QR
Snapchat - Gratis QR Kode Generator Online - CreateMy-QR",text/html; charset=utf-8,false,200,0,0,"Konverter dine Snapchat-data til en tilpasset QR-kode direkte i din browser. 100 % behandlet offline for absolut privatliv. Gratis, ingen grænser og meget sikker.
Konverter dine Snapchat-data til en tilpasset QR-kode direkte i din browser. 100 % behandlet offline for absolut privatliv. Gratis, ingen grænser og meget sikker.",,,"162
162",2,true
21,https://createmy-qr.com/it/wi-fi-generatore-di-codici-qr-gratis-online,"Generatore di codici QR Wi-Fi - Gratuito e personalizzato | CreateMy-QR
Wi-Fi - Generatore di Codici QR Gratis Online - CreateMy-QR",text/html; charset=utf-8,false,200,0,0,"Converti i tuoi dati Wi-Fi in un codice QR personalizzato direttamente nel tuo browser. Elaborato offline al 100% per una privacy assoluta. Gratuito, senza limiti e altamente sicuro.
Converti i tuoi dati Wi-Fi in un codice QR personalizzato direttamente nel tuo browser. Elaborato offline al 100% per una privacy assoluta. Gratuito, senza limiti e altamente sicuro.",,,"182
182",2,true
21,https://createmy-qr.com/de/datenschutzrichtlinie,"Kostenloser QR-Code Generator Online - CreateMy-QR (No Signup) | Datenschutzrichtlinie
types.privacy QR-Code-Generator – kostenlos und benutzerdefiniert | CreateMy-QR
Datenschutzrichtlinie | CreateMy-QR",text/html; charset=utf-8,false,200,0,0,"Learn more about CreateMy-QR privacy policy.
Wandeln Sie Ihre types.privacy-Daten direkt in Ihrem Browser in einen benutzerdefinierten QR-Code um. 100 % offline verarbeitet für absolute Privatsphäre. Kostenlos, ohne Grenzen und äußerst sicher.",,,"44
198",2,true
21,https://createmy-qr.com/th/discord-ekhruue-ngmuue-sraangkhiw-aarokhd-nailnfrii,"ความไม่ลงรอยกัน เครื่องสร้างโค้ด QR - ฟรีและกำหนดเอง | CreateMy-QR
ความไม่ลงรอยกัน - เครื่องมือสร้างคิวอาร์โค้ดออนไลน์ฟรี - CreateMy-QR",text/html; charset=utf-8,false,200,0,0,"แปลงข้อมูล ความไม่ลงรอยกัน ของคุณให้เป็นโค้ด QR ที่กำหนดเองได้โดยตรงในเบราว์เซอร์ของคุณ ประมวลผลแบบออฟไลน์ 100% เพื่อความเป็นส่วนตัวอย่างแท้จริง ฟรี ไม่จำกัด และมีความปลอดภัยสูง
แปลงข้อมูล ความไม่ลงรอยกัน ของคุณให้เป็นโค้ด QR ที่กำหนดเองได้โดยตรงในเบราว์เซอร์ของคุณ ประมวลผลแบบออฟไลน์ 100% เพื่อความเป็นส่วนตัวอย่างแท้จริง ฟรี ไม่จำกัด และมีความปลอดภัยสูง",,,"177
177",2,true
21,https://createmy-qr.com/nl/venmo-gratis-qr-code-generator-online,"Venmo QR-codegenerator - gratis en aangepast | CreateMy-QR
Venmo - Gratis QR Code Generator Online - CreateMy-QR",text/html; charset=utf-8,false,200,0,0,"Converteer uw Venmo-gegevens rechtstreeks in uw browser naar een aangepaste QR-code. 100% offline verwerkt voor absolute privacy. Gratis, geen grenzen en zeer veilig.
Converteer uw Venmo-gegevens rechtstreeks in uw browser naar een aangepaste QR-code. 100% offline verwerkt voor absolute privacy. Gratis, geen grenzen en zeer veilig.",,,"166
166",2,true
21,https://createmy-qr.com/th/whatsapp-ekhruue-ngmuue-sraangkhiw-aarokhd-nailnfrii,"วอทส์แอพพ์ เครื่องสร้างโค้ด QR - ฟรีและกำหนดเอง | CreateMy-QR
วอทส์แอพพ์ - เครื่องมือสร้างคิวอาร์โค้ดออนไลน์ฟรี - CreateMy-QR",text/html; charset=utf-8,false,200,0,0,"แปลงข้อมูล วอทส์แอพพ์ ของคุณให้เป็นโค้ด QR ที่กำหนดเองได้โดยตรงในเบราว์เซอร์ของคุณ ประมวลผลแบบออฟไลน์ 100% เพื่อความเป็นส่วนตัวอย่างแท้จริง ฟรี ไม่จำกัด และมีความปลอดภัยสูง
แปลงข้อมูล วอทส์แอพพ์ ของคุณให้เป็นโค้ด QR ที่กำหนดเองได้โดยตรงในเบราว์เซอร์ของคุณ ประมวลผลแบบออฟไลน์ 100% เพื่อความเป็นส่วนตัวอย่างแท้จริง ฟรี ไม่จำกัด และมีความปลอดภัยสูง",,,"172
172",2,true
21,https://createmy-qr.com/hi/gopniiytaa-niiti,"मुफ़्त ऑनलाइन क्यूआर कोड जनरेटर - CreateMy-QR (No Signup) | गोपनीयता नीति
types.privacy QR कोड जेनरेटर - मुफ़्त और कस्टम | CreateMy-QR
गोपनीयता नीति | CreateMy-QR",text/html; charset=utf-8,false,200,0,0,"Learn more about CreateMy-QR privacy policy.
अपने types.privacy डेटा को सीधे अपने ब्राउज़र में एक कस्टम क्यूआर कोड में बदलें। पूर्ण गोपनीयता के लिए 100% ऑफ़लाइन संसाधित। निःशुल्क, कोई सीमा नहीं, और अत्यधिक सुरक्षित।",,,"44
170",2,true
21,https://createmy-qr.com/it/instagram-generatore-di-codici-qr-gratis-online,"Generatore di codici QR Instagram - Gratuito e personalizzato | CreateMy-QR
Instagram - Generatore di Codici QR Gratis Online - CreateMy-QR",text/html; charset=utf-8,false,200,0,0,"Converti i tuoi dati Instagram in un codice QR personalizzato direttamente nel tuo browser. Elaborato offline al 100% per una privacy assoluta. Gratuito, senza limiti e altamente sicuro.
Converti i tuoi dati Instagram in un codice QR personalizzato direttamente nel tuo browser. Elaborato offline al 100% per una privacy assoluta. Gratuito, senza limiti e altamente sicuro.",,,"186
186",2,true
21,https://createmy-qr.com/hu/snapchat-ingyenes-online-qr-kod-generator,"Snapchat QR-kód generátor - ingyenes és egyedi | CreateMy-QR
Snapchat - Ingyenes Online QR-kód Generátor - CreateMy-QR",text/html; charset=utf-8,false,200,0,0,"Alakítsa át Snapchat adatait egyéni QR-kóddá közvetlenül a böngészőjében. 100%-ban offline feldolgozva az abszolút adatvédelem érdekében. Ingyenes, korlátok nélkül és rendkívül biztonságos.
Alakítsa át Snapchat adatait egyéni QR-kóddá közvetlenül a böngészőjében. 100%-ban offline feldolgozva az abszolút adatvédelem érdekében. Ingyenes, korlátok nélkül és rendkívül biztonságos.",,,"189
189",2,true
21,https://createmy-qr.com/el/ergaleia-sygkrisis,"Δωρεάν Δημιουργία QR Code Online - CreateMy-QR (No Signup) | Εργαλεία σύγκρισης
types.compare QR Code Generator - Δωρεάν & Προσαρμοσμένο | CreateMy-QR
Εργαλεία σύγκρισης | CreateMy-QR",text/html; charset=utf-8,false,200,0,0,"Learn more about CreateMy-QR compare tools.
Μετατρέψτε τα δεδομένα σας types.compare σε προσαρμοσμένο κωδικό QR απευθείας στο πρόγραμμα περιήγησής σας. 100% επεξεργασία εκτός σύνδεσης για απόλυτη προστασία της ιδιωτικής ζωής. Δωρεάν, χωρίς όρια και εξαιρετικά ασφαλές.",,,"43
224",2,true
21,https://createmy-qr.com/bn/ghttnaa-phri-anlaain-kiuaar-kodd-jenaarettr,"ঘটনা QR কোড জেনারেটর - বিনামূল্যে এবং কাস্টম | CreateMy-QR
ঘটনা - ফ্রি অনলাইন কিউআর কোড জেনারেটর - CreateMy-QR",text/html; charset=utf-8,false,200,0,0,"আপনার ব্রাউজারে সরাসরি একটি কাস্টম QR কোডে আপনার ঘটনা ডেটা রূপান্তর করুন। সম্পূর্ণ গোপনীয়তার জন্য 100% অফলাইনে প্রক্রিয়া করা হয়েছে। বিনামূল্যে, কোন সীমা নেই, এবং অত্যন্ত নিরাপদ।
আপনার ব্রাউজারে সরাসরি একটি কাস্টম QR কোডে আপনার ঘটনা ডেটা রূপান্তর করুন। সম্পূর্ণ গোপনীয়তার জন্য 100% অফলাইনে প্রক্রিয়া করা হয়েছে। বিনামূল্যে, কোন সীমা নেই, এবং অত্যন্ত নিরাপদ।",,,"180
180",2,true
21,https://createmy-qr.com/hu/linkedin-ingyenes-online-qr-kod-generator,"LinkedIn QR-kód generátor - ingyenes és egyedi | CreateMy-QR
LinkedIn - Ingyenes Online QR-kód Generátor - CreateMy-QR",text/html; charset=utf-8,false,200,0,0,"Alakítsa át LinkedIn adatait egyéni QR-kóddá közvetlenül a böngészőjében. 100%-ban offline feldolgozva az abszolút adatvédelem érdekében. Ingyenes, korlátok nélkül és rendkívül biztonságos.
Alakítsa át LinkedIn adatait egyéni QR-kóddá közvetlenül a böngészőjében. 100%-ban offline feldolgozva az abszolút adatvédelem érdekében. Ingyenes, korlátok nélkül és rendkívül biztonságos.",,,"189
189",2,true
21,https://createmy-qr.com/hi/snapchat-muph-t-onnlaain-kyuuaar-kodd-jnrettr,"स्नैपचैट QR कोड जेनरेटर - मुफ़्त और कस्टम | CreateMy-QR
स्नैपचैट - मुफ़्त ऑनलाइन क्यूआर कोड जनरेटर - CreateMy-QR",text/html; charset=utf-8,false,200,0,0,"अपने स्नैपचैट डेटा को सीधे अपने ब्राउज़र में एक कस्टम क्यूआर कोड में बदलें। पूर्ण गोपनीयता के लिए 100% ऑफ़लाइन संसाधित। निःशुल्क, कोई सीमा नहीं, और अत्यधिक सुरक्षित।
अपने स्नैपचैट डेटा को सीधे अपने ब्राउज़र में एक कस्टम क्यूआर कोड में बदलें। पूर्ण गोपनीयता के लिए 100% ऑफ़लाइन संसाधित। निःशुल्क, कोई सीमा नहीं, और अत्यधिक सुरक्षित।",,,"165
165",2,true
21,https://createmy-qr.com/pl/wideo-darmowy-generator-kodow-qr-online,"Generator kodów QR Wideo — bezpłatny i niestandardowy | CreateMy-QR
Wideo - Darmowy Generator Kodów QR Online - CreateMy-QR",text/html; charset=utf-8,false,200,0,0,"Konwertuj dane Wideo na niestandardowy kod QR bezpośrednio w przeglądarce. 100% przetwarzane w trybie offline, aby zapewnić całkowitą prywatność. Bezpłatnie, bez ograniczeń i bardzo bezpiecznie.
Konwertuj dane Wideo na niestandardowy kod QR bezpośrednio w przeglądarce. 100% przetwarzane w trybie offline, aby zapewnić całkowitą prywatność. Bezpłatnie, bez ograniczeń i bardzo bezpiecznie.",,,"194
194",2,true
21,https://createmy-qr.com/hi/onddiyo-muph-t-onnlaain-kyuuaar-kodd-jnrettr,"ऑडियो QR कोड जेनरेटर - मुफ़्त और कस्टम | CreateMy-QR
ऑडियो - मुफ़्त ऑनलाइन क्यूआर कोड जनरेटर - CreateMy-QR",text/html; charset=utf-8,false,200,0,0,"अपने ऑडियो डेटा को सीधे अपने ब्राउज़र में एक कस्टम क्यूआर कोड में बदलें। पूर्ण गोपनीयता के लिए 100% ऑफ़लाइन संसाधित। निःशुल्क, कोई सीमा नहीं, और अत्यधिक सुरक्षित।
अपने ऑडियो डेटा को सीधे अपने ब्राउज़र में एक कस्टम क्यूआर कोड में बदलें। पूर्ण गोपनीयता के लिए 100% ऑफ़लाइन संसाधित। निःशुल्क, कोई सीमा नहीं, और अत्यधिक सुरक्षित।",,,"162
162",2,true
21,https://createmy-qr.com/sv/streckkodslasare-gratis-qr-kod-generator-online,"Gratis streckkodsläsare online - Skanna UPC & EAN
Streckkodsläsare QR Code Generator - Gratis & anpassad | CreateMy-QR
Streckkodsläsare - Gratis QR-kod Generator Online - CreateMy-QR",text/html; charset=utf-8,false,200,0,0,"Konvertera dina Streckkodsläsare-data till en anpassad QR-kod direkt i din webbläsare. 100 % bearbetad offline för absolut integritet. Gratis, inga gränser och mycket säker.
Konvertera dina Streckkodsläsare-data till en anpassad QR-kod direkt i din webbläsare. 100 % bearbetad offline för absolut integritet. Gratis, inga gränser och mycket säker.
Skanna streckkoder online gratis med enhetens kamera eller ladda upp en bild.Stöder UPC, EAN, Code 128 och mer.100 % privat och säkert.",,,"173
173
135",3,true
21,https://createmy-qr.com/da/sammenlign-vaerktojer,"Gratis QR Kode Generator Online - CreateMy-QR (No Signup) | Sammenlign værktøjer
types.compare QR Code Generator - Gratis og brugerdefineret | CreateMy-QR
Sammenlign værktøjer | CreateMy-QR",text/html; charset=utf-8,false,200,0,0,"Learn more about CreateMy-QR compare tools.
Konverter dine types.compare-data til en tilpasset QR-kode direkte i din browser. 100 % behandlet offline for absolut privatliv. Gratis, ingen grænser og meget sikker.",,,"43
167",2,true
21,https://createmy-qr.com/tr/ucretsiz-cevrimici-qr-kod-olusturucu,"Ücretsiz Çevrimiçi Barkod Oluşturucu - 1D Barkodlar Oluşturun
types.barcode QR Kod Oluşturucu - Ücretsiz ve Özel | CreateMy-QR
barcode - Ücretsiz Çevrimiçi QR Kod Oluşturucu - CreateMy-QR",text/html; charset=utf-8,false,200,0,0,"barcode verilerinizi doğrudan tarayıcınızda özel bir QR koduna dönüştürün. Mutlak gizlilik için %100 çevrimdışı işlenir. Ücretsiz, sınırsız ve son derece güvenli.
types.barcode verilerinizi doğrudan tarayıcınızda özel bir QR koduna dönüştürün. Mutlak gizlilik için %100 çevrimdışı işlenir. Ücretsiz, sınırsız ve son derece güvenli.
Anında profesyonel 1D barkodlar oluşturun. Code-128, UPC, EAN, ITF-14 ve daha fazlası için destek. Ücretsiz, güvenli ve yüksek çözünürlüklü PNG formatında indirmeye hazır.",,,"162
168
171",3,true
21,https://createmy-qr.com/fi/vertaa-tyokaluja,"Ilmainen QR-koodigeneraattori Netissä - CreateMy-QR (No Signup) | Vertaa työkaluja
types.compare QR-koodigeneraattori - ilmainen ja räätälöity | CreateMy-QR
Vertaa työkaluja | CreateMy-QR",text/html; charset=utf-8,false,200,0,0,"Learn more about CreateMy-QR compare tools.
Muunna types.compare-tietosi mukautetuksi QR-koodiksi suoraan selaimessasi. 100 % käsitelty offline-tilassa täydellisen yksityisyyden takaamiseksi. Ilmainen, ei rajoituksia ja erittäin turvallinen.",,,"43
197",2,true
21,https://createmy-qr.com/cs/pripady-pouziti,"Zdarma Online Generátor QR Kódů - CreateMy-QR (No Signup) | Případy použití
types.usecases generátor QR kódu – zdarma a na míru | CreateMy-QR
Případy použití | CreateMy-QR",text/html; charset=utf-8,false,200,0,0,"Learn more about CreateMy-QR use cases.
Převeďte svá data types.usecases na vlastní QR kód přímo ve vašem prohlížeči. 100% zpracováno offline pro absolutní soukromí. Zdarma, bez omezení a vysoce bezpečné.",,,"39
164",2,true
21,https://createmy-qr.com/hu/rolunk,"Ingyenes Online QR-kód Generátor - CreateMy-QR (No Signup) | Rólunk
types.about QR-kód generátor - ingyenes és egyedi | CreateMy-QR
Rólunk | CreateMy-QR",text/html; charset=utf-8,false,200,0,0,"Learn more about CreateMy-QR about us.
Alakítsa át types.about adatait egyéni QR-kóddá közvetlenül a böngészőjében. 100%-ban offline feldolgozva az abszolút adatvédelem érdekében. Ingyenes, korlátok nélkül és rendkívül biztonságos.",,,"38
192",2,true
21,https://createmy-qr.com/hu/crypto-ingyenes-online-qr-kod-generator,"Crypto QR-kód generátor - ingyenes és egyedi | CreateMy-QR
Crypto - Ingyenes Online QR-kód Generátor - CreateMy-QR",text/html; charset=utf-8,false,200,0,0,"Alakítsa át Crypto adatait egyéni QR-kóddá közvetlenül a böngészőjében. 100%-ban offline feldolgozva az abszolút adatvédelem érdekében. Ingyenes, korlátok nélkül és rendkívül biztonságos.
Alakítsa át Crypto adatait egyéni QR-kóddá közvetlenül a böngészőjében. 100%-ban offline feldolgozva az abszolút adatvédelem érdekében. Ingyenes, korlátok nélkül és rendkívül biztonságos.",,,"187
187",2,true
21,https://createmy-qr.com/pl/google-review-darmowy-generator-kodow-qr-online,"Generator kodów QR Recenzja Google — bezpłatny i niestandardowy | CreateMy-QR
Recenzja Google - Darmowy Generator Kodów QR Online - CreateMy-QR",text/html; charset=utf-8,false,200,0,0,"Konwertuj dane Recenzja Google na niestandardowy kod QR bezpośrednio w przeglądarce. 100% przetwarzane w trybie offline, aby zapewnić całkowitą prywatność. Bezpłatnie, bez ograniczeń i bardzo bezpiecznie.
Konwertuj dane Recenzja Google na niestandardowy kod QR bezpośrednio w przeglądarce. 100% przetwarzane w trybie offline, aby zapewnić całkowitą prywatność. Bezpłatnie, bez ograniczeń i bardzo bezpiecznie.",,,"204
204",2,true
21,https://createmy-qr.com/sv/google-review-gratis-qr-kod-generator-online,"Google Review QR Code Generator - Gratis & anpassad | CreateMy-QR
Google Review - Gratis QR-kod Generator Online - CreateMy-QR",text/html; charset=utf-8,false,200,0,0,"Konvertera dina Google Review-data till en anpassad QR-kod direkt i din webbläsare. 100 % bearbetad offline för absolut integritet. Gratis, inga gränser och mycket säker.
Konvertera dina Google Review-data till en anpassad QR-kod direkt i din webbläsare. 100 % bearbetad offline för absolut integritet. Gratis, inga gränser och mycket säker.",,,"170
170",2,true
21,https://createmy-qr.com/es/youtube-generador-de-codigos-qr-gratis-online,"Generador de códigos QR Youtube: gratuito y personalizado | CreateMy-QR
Youtube - Generador de Códigos QR Gratis Online - CreateMy-QR",text/html; charset=utf-8,false,200,0,0,"Convierta sus datos de Youtube en un código QR personalizado directamente en su navegador. 100% procesado fuera de línea para absoluta privacidad. Gratis, sin límites y muy seguro.
Convierta sus datos de Youtube en un código QR personalizado directamente en su navegador. 100% procesado fuera de línea para absoluta privacidad. Gratis, sin límites y muy seguro.",,,"180
180",2,true
21,https://createmy-qr.com/ro/limbi-acceptate,"Generator de Coduri QR Gratuit Online - CreateMy-QR (No Signup) | Limbi acceptate
types.languages QR Code Generator - Gratuit și personalizat | CreateMy-QR
Limbi acceptate | CreateMy-QR",text/html; charset=utf-8,false,200,0,0,"Learn more about CreateMy-QR supported languages.
Transformați datele dvs. types.languages într-un cod QR personalizat direct în browser. Procesat 100% offline pentru confidențialitate absolută. Gratuit, fără limite și foarte sigur.",,,"49
182",2,true
21,https://createmy-qr.com/es/escaner-de-codigo-de-barras-generador-de-codigos-qr-gratis-online,"Escáner de códigos de barras gratuito en línea: escanee UPC y EAN
Generador de códigos QR Escáner de código de barras: gratuito y personalizado | CreateMy-QR
Escáner de código de barras - Generador de Códigos QR Gratis Online - CreateMy-QR",text/html; charset=utf-8,false,200,0,0,"Convierta sus datos de Escáner de código de barras en un código QR personalizado directamente en su navegador. 100% procesado fuera de línea para absoluta privacidad. Gratis, sin límites y muy seguro.
Convierta sus datos de Escáner de código de barras en un código QR personalizado directamente en su navegador. 100% procesado fuera de línea para absoluta privacidad. Gratis, sin límites y muy seguro.
Escanee códigos de barras en línea de forma gratuita usando la cámara de su dispositivo o cargue una imagen.Admite UPC, EAN, Código 128 y más.100% privado y seguro.",,,"200
200
164",3,true
21,https://createmy-qr.com/tr/google-forms-ucretsiz-cevrimici-qr-kod-olusturucu,"Google Formları QR Kod Oluşturucu - Ücretsiz ve Özel | CreateMy-QR
Google Formları - Ücretsiz Çevrimiçi QR Kod Oluşturucu - CreateMy-QR",text/html; charset=utf-8,false,200,0,0,"Google Formları verilerinizi doğrudan tarayıcınızda özel bir QR koduna dönüştürün. Mutlak gizlilik için %100 çevrimdışı işlenir. Ücretsiz, sınırsız ve son derece güvenli.
Google Formları verilerinizi doğrudan tarayıcınızda özel bir QR koduna dönüştürün. Mutlak gizlilik için %100 çevrimdışı işlenir. Ücretsiz, sınırsız ve son derece güvenli.",,,"170
170",2,true
21,https://createmy-qr.com/ru/varianty-ispolzovaniya,"Бесплатный генератор QR-кодов онлайн - CreateMy-QR (No Signup) | Варианты использования
types.usecases Генератор QR-кодов — бесплатный и настраиваемый | CreateMy-QR
Варианты использования | CreateMy-QR",text/html; charset=utf-8,false,200,0,0,"Learn more about CreateMy-QR use cases.
Преобразуйте данные types.usecases в собственный QR-код прямо в браузере. 100% обработка в автономном режиме для абсолютной конфиденциальности. Бесплатно, без ограничений и очень безопасно.",,,"39
189",2,true
21,https://createmy-qr.com/it/google-review-generatore-di-codici-qr-gratis-online,"Generatore di codici QR Recensione Google - Gratuito e personalizzato | CreateMy-QR
Recensione Google - Generatore di Codici QR Gratis Online - CreateMy-QR",text/html; charset=utf-8,false,200,0,0,"Converti i tuoi dati Recensione Google in un codice QR personalizzato direttamente nel tuo browser. Elaborato offline al 100% per una privacy assoluta. Gratuito, senza limiti e altamente sicuro.
Converti i tuoi dati Recensione Google in un codice QR personalizzato direttamente nel tuo browser. Elaborato offline al 100% per una privacy assoluta. Gratuito, senza limiti e altamente sicuro.",,,"194
194",2,true
21,https://createmy-qr.com/ru/bronirovanie-besplatnyy-generator-qr-kodov-onlayn,"Бронирование Генератор QR-кодов — бесплатный и настраиваемый | CreateMy-QR
Бронирование - Бесплатный генератор QR-кодов онлайн - CreateMy-QR",text/html; charset=utf-8,false,200,0,0,"Преобразуйте данные Бронирование в собственный QR-код прямо в браузере. 100% обработка в автономном режиме для абсолютной конфиденциальности. Бесплатно, без ограничений и очень безопасно.
Преобразуйте данные Бронирование в собственный QR-код прямо в браузере. 100% обработка в автономном режиме для абсолютной конфиденциальности. Бесплатно, без ограничений и очень безопасно.",,,"187
187",2,true
21,https://createmy-qr.com/fi/linkki-biossa-ilmainen-qr-koodigeneraattori-netissa,"Linkki Biossa QR-koodigeneraattori - ilmainen ja räätälöity | CreateMy-QR
Linkki Biossa - Ilmainen QR-koodigeneraattori Netissä - CreateMy-QR",text/html; charset=utf-8,false,200,0,0,"Muunna Linkki Biossa-tietosi mukautetuksi QR-koodiksi suoraan selaimessasi. 100 % käsitelty offline-tilassa täydellisen yksityisyyden takaamiseksi. Ilmainen, ei rajoituksia ja erittäin turvallinen.
Muunna Linkki Biossa-tietosi mukautetuksi QR-koodiksi suoraan selaimessasi. 100 % käsitelty offline-tilassa täydellisen yksityisyyden takaamiseksi. Ilmainen, ei rajoituksia ja erittäin turvallinen.",,,"197
197",2,true
21,https://createmy-qr.com/ar/llgt-lmdaawm,"مولد رمز الاستجابة السريعة مجاني - CreateMy-QR (No Signup) | اللغات المدعومة
types.languages QR Code Generator - مجاني ومخصص | CreateMy-QR
اللغات المدعومة | CreateMy-QR",text/html; charset=utf-8,false,200,0,0,"Learn more about CreateMy-QR supported languages.
قم بتحويل بيانات types.languages الخاصة بك إلى رمز QR مخصص مباشرةً في متصفحك. تمت معالجتها بنسبة 100% دون الاتصال بالإنترنت لتوفير الخصوصية المطلقة. مجاني، بلا حدود، وآمن للغاية.",,,"49
178",2,true
21,https://createmy-qr.com/fr/wi-fi-generateur-de-code-qr-gratuit-en-ligne,"Générateur de code QR Wi-Fi - Gratuit et personnalisé | CreateMy-QR
Wi-Fi - Générateur de Code QR Gratuit en Ligne - CreateMy-QR",text/html; charset=utf-8,false,200,0,0,"Convertissez vos données Wi-Fi en un code QR personnalisé directement dans votre navigateur. 100 % traité hors ligne pour une confidentialité absolue. Gratuit, sans limites et hautement sécurisé.
Convertissez vos données Wi-Fi en un code QR personnalisé directement dans votre navigateur. 100 % traité hors ligne pour une confidentialité absolue. Gratuit, sans limites et hautement sécurisé.",,,"195
195",2,true
21,https://createmy-qr.com/el/100-dorean-timologisi,"Δωρεάν Δημιουργία QR Code Online - CreateMy-QR (No Signup) | 100% Δωρεάν Τιμολόγηση
types.pricing QR Code Generator - Δωρεάν & Προσαρμοσμένο | CreateMy-QR
100% Δωρεάν Τιμολόγηση | CreateMy-QR",text/html; charset=utf-8,false,200,0,0,"Learn more about CreateMy-QR 100% free pricing.
Μετατρέψτε τα δεδομένα σας types.pricing σε προσαρμοσμένο κωδικό QR απευθείας στο πρόγραμμα περιήγησής σας. 100% επεξεργασία εκτός σύνδεσης για απόλυτη προστασία της ιδιωτικής ζωής. Δωρεάν, χωρίς όρια και εξαιρετικά ασφαλές.",,,"47
224",2,true
21,https://createmy-qr.com/pl/tekst-darmowy-generator-kodow-qr-online,"Generator kodów QR Tekst — bezpłatny i niestandardowy | CreateMy-QR
Tekst - Darmowy Generator Kodów QR Online - CreateMy-QR",text/html; charset=utf-8,false,200,0,0,"Konwertuj dane Tekst na niestandardowy kod QR bezpośrednio w przeglądarce. 100% przetwarzane w trybie offline, aby zapewnić całkowitą prywatność. Bezpłatnie, bez ograniczeń i bardzo bezpiecznie.
Konwertuj dane Tekst na niestandardowy kod QR bezpośrednio w przeglądarce. 100% przetwarzane w trybie offline, aby zapewnić całkowitą prywatność. Bezpłatnie, bez ograniczeń i bardzo bezpiecznie.",,,"194
194",2,true
21,https://createmy-qr.com/ro/whatsapp-generator-de-coduri-qr-gratuit-online,"WhatsApp QR Code Generator - Gratuit și personalizat | CreateMy-QR
WhatsApp - Generator de Coduri QR Gratuit Online - CreateMy-QR",text/html; charset=utf-8,false,200,0,0,"Transformați datele dvs. WhatsApp într-un cod QR personalizat direct în browser. Procesat 100% offline pentru confidențialitate absolută. Gratuit, fără limite și foarte sigur.
Transformați datele dvs. WhatsApp într-un cod QR personalizat direct în browser. Procesat 100% offline pentru confidențialitate absolută. Gratuit, fără limite și foarte sigur.",,,"175
175",2,true
21,https://createmy-qr.com/de/pdf-kostenloser-qr-code-generator-online,"PDF QR-Code-Generator – kostenlos und benutzerdefiniert | CreateMy-QR
PDF - Kostenloser QR-Code Generator Online - CreateMy-QR",text/html; charset=utf-8,false,200,0,0,"Wandeln Sie Ihre PDF-Daten direkt in Ihrem Browser in einen benutzerdefinierten QR-Code um. 100 % offline verarbeitet für absolute Privatsphäre. Kostenlos, ohne Grenzen und äußerst sicher.
Wandeln Sie Ihre PDF-Daten direkt in Ihrem Browser in einen benutzerdefinierten QR-Code um. 100 % offline verarbeitet für absolute Privatsphäre. Kostenlos, ohne Grenzen und äußerst sicher.",,,"188
188",2,true
21,https://createmy-qr.com/hu/vcard-ingyenes-online-qr-kod-generator,"vCard QR-kód generátor - ingyenes és egyedi | CreateMy-QR
vCard - Ingyenes Online QR-kód Generátor - CreateMy-QR",text/html; charset=utf-8,false,200,0,0,"Alakítsa át vCard adatait egyéni QR-kóddá közvetlenül a böngészőjében. 100%-ban offline feldolgozva az abszolút adatvédelem érdekében. Ingyenes, korlátok nélkül és rendkívül biztonságos.
Alakítsa át vCard adatait egyéni QR-kóddá közvetlenül a böngészőjében. 100%-ban offline feldolgozva az abszolút adatvédelem érdekében. Ingyenes, korlátok nélkül és rendkívül biztonságos.",,,"186
186",2,true
21,https://createmy-qr.com/th/linkedin-ekhruue-ngmuue-sraangkhiw-aarokhd-nailnfrii,"ลิงค์อิน เครื่องสร้างโค้ด QR - ฟรีและกำหนดเอง | CreateMy-QR
ลิงค์อิน - เครื่องมือสร้างคิวอาร์โค้ดออนไลน์ฟรี - CreateMy-QR",text/html; charset=utf-8,false,200,0,0,"แปลงข้อมูล ลิงค์อิน ของคุณให้เป็นโค้ด QR ที่กำหนดเองได้โดยตรงในเบราว์เซอร์ของคุณ ประมวลผลแบบออฟไลน์ 100% เพื่อความเป็นส่วนตัวอย่างแท้จริง ฟรี ไม่จำกัด และมีความปลอดภัยสูง
แปลงข้อมูล ลิงค์อิน ของคุณให้เป็นโค้ด QR ที่กำหนดเองได้โดยตรงในเบราว์เซอร์ของคุณ ประมวลผลแบบออฟไลน์ 100% เพื่อความเป็นส่วนตัวอย่างแท้จริง ฟรี ไม่จำกัด และมีความปลอดภัยสูง",,,"170
170",2,true
21,https://createmy-qr.com/nl/privacybeleid,"Gratis QR Code Generator Online - CreateMy-QR (No Signup) | Privacybeleid
types.privacy QR-codegenerator - gratis en aangepast | CreateMy-QR
Privacybeleid | CreateMy-QR",text/html; charset=utf-8,false,200,0,0,"Learn more about CreateMy-QR privacy policy.
Converteer uw types.privacy-gegevens rechtstreeks in uw browser naar een aangepaste QR-code. 100% offline verwerkt voor absolute privacy. Gratis, geen grenzen en zeer veilig.",,,"44
174",2,true
21,https://createmy-qr.com/it/url-link-generatore-di-codici-qr-gratis-online,"Generatore di Codici QR Gratis Online - CreateMy-QR (No Signup) | CreateMy-QR
Generatore di Codici QR Gratis Online - CreateMy-QR (No Signup)",text/html; charset=utf-8,false,200,0,0,"Crea Codici QR con Logo e Colore - Senza Registrazione, Illimitato. 100% privacy-safe, client-side generation without signup. Try CreateMy-QR today.
Converti i tuoi dati URL/collegamento in un codice QR personalizzato direttamente nel tuo browser. Elaborato offline al 100% per una privacy assoluta. Gratuito, senza limiti e altamente sicuro.",,,"148
193",2,true
21,https://createmy-qr.com/uk/bezkoshtovniy-generator-qr-kodiv-onlayn-2,"Безкоштовний онлайн-сканер QR-коду - миттєво скануйте QR-код
Генератор QR-коду types.scanqr – безкоштовний і користувацький | CreateMy-QR
scanqr - Безкоштовний Генератор QR-кодів Онлайн - CreateMy-QR",text/html; charset=utf-8,false,200,0,0,"Перетворіть свої дані scanqr на власний QR-код безпосередньо у своєму браузері. 100% обробка офлайн для повної конфіденційності. Безкоштовно, без обмежень і дуже безпечно.
Перетворіть свої дані types.scanqr на власний QR-код безпосередньо у своєму браузері. 100% обробка офлайн для повної конфіденційності. Безкоштовно, без обмежень і дуже безпечно.
Миттєво скануйте QR-коди за допомогою камери або завантажуючи зображення. 100% безпечна, приватна обробка на стороні клієнта.",,,"171
177
125",3,true
21,https://createmy-qr.com/nl/link-in-bio-gratis-qr-code-generator-online,"Link in bio QR-codegenerator - gratis en aangepast | CreateMy-QR
Link in bio - Gratis QR Code Generator Online - CreateMy-QR",text/html; charset=utf-8,false,200,0,0,"Converteer uw Link in bio-gegevens rechtstreeks in uw browser naar een aangepaste QR-code. 100% offline verwerkt voor absolute privacy. Gratis, geen grenzen en zeer veilig.
Converteer uw Link in bio-gegevens rechtstreeks in uw browser naar een aangepaste QR-code. 100% offline verwerkt voor absolute privacy. Gratis, geen grenzen en zeer veilig.",,,"172
172",2,true
21,https://createmy-qr.com/vi/sms-tao-ma-qr-mien-phi-truc-tuyen,"Trình tạo mã QR SMS - Miễn phí & Tùy chỉnh | CreateMy-QR
SMS - Tạo Mã QR Miễn Phí Trực Tuyến - CreateMy-QR",text/html; charset=utf-8,false,200,0,0,"Chuyển đổi dữ liệu SMS của bạn thành mã QR tùy chỉnh trực tiếp trong trình duyệt của bạn. 100% được xử lý ngoại tuyến để đảm bảo quyền riêng tư tuyệt đối. Miễn phí, không giới hạn và có tính bảo mật cao.
Chuyển đổi dữ liệu SMS của bạn thành mã QR tùy chỉnh trực tiếp trong trình duyệt của bạn. 100% được xử lý ngoại tuyến để đảm bảo quyền riêng tư tuyệt đối. Miễn phí, không giới hạn và có tính bảo mật cao.",,,"203
203",2,true
21,https://createmy-qr.com/ro/eveniment-generator-de-coduri-qr-gratuit-online,"Eveniment QR Code Generator - Gratuit și personalizat | CreateMy-QR
Eveniment - Generator de Coduri QR Gratuit Online - CreateMy-QR",text/html; charset=utf-8,false,200,0,0,"Transformați datele dvs. Eveniment într-un cod QR personalizat direct în browser. Procesat 100% offline pentru confidențialitate absolută. Gratuit, fără limite și foarte sigur.
Transformați datele dvs. Eveniment într-un cod QR personalizat direct în browser. Procesat 100% offline pentru confidențialitate absolută. Gratuit, fără limite și foarte sigur.",,,"176
176",2,true
21,https://createmy-qr.com/ar/shrwt-lkhdm,"مولد رمز الاستجابة السريعة مجاني - CreateMy-QR (No Signup) | شروط الخدمة
types.terms QR Code Generator - مجاني ومخصص | CreateMy-QR
شروط الخدمة | CreateMy-QR",text/html; charset=utf-8,false,200,0,0,"Learn more about CreateMy-QR terms of service.
قم بتحويل بيانات types.terms الخاصة بك إلى رمز QR مخصص مباشرةً في متصفحك. تمت معالجتها بنسبة 100% دون الاتصال بالإنترنت لتوفير الخصوصية المطلقة. مجاني، بلا حدود، وآمن للغاية.",,,"46
174",2,true
21,https://createmy-qr.com/uk/arhitektura-bezpeki,"Безкоштовний Генератор QR-кодів Онлайн - CreateMy-QR (No Signup) | Архітектура безпеки
Генератор QR-коду types.security – безкоштовний і користувацький | CreateMy-QR
Архітектура безпеки | CreateMy-QR",text/html; charset=utf-8,false,200,0,0,"Learn more about CreateMy-QR security architecture.
Перетворіть свої дані types.security на власний QR-код безпосередньо у своєму браузері. 100% обробка офлайн для повної конфіденційності. Безкоштовно, без обмежень і дуже безпечно.",,,"51
179",2,true
21,https://createmy-qr.com/no/strekkodeskanner-gratis-qr-kode-generator-online,"Gratis strekkodeskanner på nett - Skann UPC og EAN
Strekkodeskanner QR Code Generator - Gratis og tilpasset | CreateMy-QR
Strekkodeskanner - Gratis QR-kode Generator Online - CreateMy-QR",text/html; charset=utf-8,false,200,0,0,"Konverter Strekkodeskanner-dataene dine til en tilpasset QR-kode direkte i nettleseren din. 100 % behandlet offline for absolutt personvern. Gratis, ingen grenser og svært sikker.
Konverter Strekkodeskanner-dataene dine til en tilpasset QR-kode direkte i nettleseren din. 100 % behandlet offline for absolutt personvern. Gratis, ingen grenser og svært sikker.
Skann strekkoder online gratis ved å bruke enhetens kamera eller last opp et bilde.Støtter UPC, EAN, Code 128 og mer.100 % privat og sikkert.",,,"179
179
141",3,true
21,https://createmy-qr.com/fr/conditions-d-utilisation,"Générateur de Code QR Gratuit en Ligne - CreateMy-QR (No Signup) | Conditions d'utilisation
Générateur de code QR types.terms - Gratuit et personnalisé | CreateMy-QR
Conditions d'utilisation | CreateMy-QR",text/html; charset=utf-8,false,200,0,0,"Learn more about CreateMy-QR terms of service.
Convertissez vos données types.terms en un code QR personnalisé directement dans votre navigateur. 100 % traité hors ligne pour une confidentialité absolue. Gratuit, sans limites et hautement sécurisé.",,,"46
201",2,true
21,https://createmy-qr.com/vi/ngon-ngu-duoc-ho-tro,"Tạo Mã QR Miễn Phí Trực Tuyến - CreateMy-QR (No Signup) | Ngôn ngữ được hỗ trợ
Trình tạo mã QR types.languages - Miễn phí & Tùy chỉnh | CreateMy-QR
Ngôn ngữ được hỗ trợ | CreateMy-QR",text/html; charset=utf-8,false,200,0,0,"Learn more about CreateMy-QR supported languages.
Chuyển đổi dữ liệu types.languages của bạn thành mã QR tùy chỉnh trực tiếp trong trình duyệt của bạn. 100% được xử lý ngoại tuyến để đảm bảo quyền riêng tư tuyệt đối. Miễn phí, không giới hạn và có tính bảo mật cao.",,,"49
215",2,true
21,https://createmy-qr.com/ar/ns-mwld-rmz-lstjb-lsryaa-mjny,"نص QR Code Generator - مجاني ومخصص | CreateMy-QR
نص - مولد رمز الاستجابة السريعة مجاني - CreateMy-QR",text/html; charset=utf-8,false,200,0,0,"قم بتحويل بيانات نص الخاصة بك إلى رمز QR مخصص مباشرةً في متصفحك. تمت معالجتها بنسبة 100% دون الاتصال بالإنترنت لتوفير الخصوصية المطلقة. مجاني، بلا حدود، وآمن للغاية.
قم بتحويل بيانات نص الخاصة بك إلى رمز QR مخصص مباشرةً في متصفحك. تمت معالجتها بنسبة 100% دون الاتصال بالإنترنت لتوفير الخصوصية المطلقة. مجاني، بلا حدود، وآمن للغاية.",,,"165
165",2,true
21,https://createmy-qr.com/bn/,"CreateMy-QR | সমস্ত QR এবং বারকোড এক জায়গায় টুল
CreateMy-QR | সমস্ত QR এবং বারকোড এক জায়গায় টুল
home - ফ্রি অনলাইন কিউআর কোড জেনারেটর - CreateMy-QR",text/html; charset=utf-8,false,200,0,1,"আপনার ব্রাউজারে সরাসরি একটি কাস্টম QR কোডে আপনার home ডেটা রূপান্তর করুন। সম্পূর্ণ গোপনীয়তার জন্য 100% অফলাইনে প্রক্রিয়া করা হয়েছে। বিনামূল্যে, কোন সীমা নেই, এবং অত্যন্ত নিরাপদ।
বিনামূল্যে 37 ধরনের QR কোড এবং বারকোড তৈরি করুন।সাইন আপ নেই।তাত্ক্ষণিক ডাউনলোড।100% ক্লায়েন্ট-সাইড, ISO/IEC 18004-সম্মত, 30টি ভাষায় উপলব্ধ।
বিনামূল্যে 37 ধরনের QR কোড এবং বারকোড তৈরি করুন।সাইন আপ নেই।তাত্ক্ষণিক ডাউনলোড।100% ক্লায়েন্ট-সাইড, ISO/IEC 18004-সম্মত, 30টি ভাষায় উপলব্ধ।",,,"180
141
141",3,true
21,https://createmy-qr.com/pl/instagram-darmowy-generator-kodow-qr-online,"Generator kodów QR Instagramie — bezpłatny i niestandardowy | CreateMy-QR
Instagramie - Darmowy Generator Kodów QR Online - CreateMy-QR",text/html; charset=utf-8,false,200,0,0,"Konwertuj dane Instagramie na niestandardowy kod QR bezpośrednio w przeglądarce. 100% przetwarzane w trybie offline, aby zapewnić całkowitą prywatność. Bezpłatnie, bez ograniczeń i bardzo bezpiecznie.
Konwertuj dane Instagramie na niestandardowy kod QR bezpośrednio w przeglądarce. 100% przetwarzane w trybie offline, aby zapewnić całkowitą prywatność. Bezpłatnie, bez ograniczeń i bardzo bezpiecznie.",,,"200
200",2,true
21,https://createmy-qr.com/de/telefon-kostenloser-qr-code-generator-online,"Telefon QR-Code-Generator – kostenlos und benutzerdefiniert | CreateMy-QR
Telefon - Kostenloser QR-Code Generator Online - CreateMy-QR",text/html; charset=utf-8,false,200,0,0,"Wandeln Sie Ihre Telefon-Daten direkt in Ihrem Browser in einen benutzerdefinierten QR-Code um. 100 % offline verarbeitet für absolute Privatsphäre. Kostenlos, ohne Grenzen und äußerst sicher.
Wandeln Sie Ihre Telefon-Daten direkt in Ihrem Browser in einen benutzerdefinierten QR-Code um. 100 % offline verarbeitet für absolute Privatsphäre. Kostenlos, ohne Grenzen und äußerst sicher.",,,"192
192",2,true
21,https://createmy-qr.com/vi/dien-thoai-tao-ma-qr-mien-phi-truc-tuyen,"Trình tạo mã QR Điện thoại - Miễn phí & Tùy chỉnh | CreateMy-QR
Điện thoại - Tạo Mã QR Miễn Phí Trực Tuyến - CreateMy-QR",text/html; charset=utf-8,false,200,0,0,"Chuyển đổi dữ liệu Điện thoại của bạn thành mã QR tùy chỉnh trực tiếp trong trình duyệt của bạn. 100% được xử lý ngoại tuyến để đảm bảo quyền riêng tư tuyệt đối. Miễn phí, không giới hạn và có tính bảo mật cao.
Chuyển đổi dữ liệu Điện thoại của bạn thành mã QR tùy chỉnh trực tiếp trong trình duyệt của bạn. 100% được xử lý ngoại tuyến để đảm bảo quyền riêng tư tuyệt đối. Miễn phí, không giới hạn và có tính bảo mật cao.",,,"210
210",2,true
21,https://createmy-qr.com/fi/video-ilmainen-qr-koodigeneraattori-netissa,"Video QR-koodigeneraattori - ilmainen ja räätälöity | CreateMy-QR
Video - Ilmainen QR-koodigeneraattori Netissä - CreateMy-QR",text/html; charset=utf-8,false,200,0,0,"Muunna Video-tietosi mukautetuksi QR-koodiksi suoraan selaimessasi. 100 % käsitelty offline-tilassa täydellisen yksityisyyden takaamiseksi. Ilmainen, ei rajoituksia ja erittäin turvallinen.
Muunna Video-tietosi mukautetuksi QR-koodiksi suoraan selaimessasi. 100 % käsitelty offline-tilassa täydellisen yksityisyyden takaamiseksi. Ilmainen, ei rajoituksia ja erittäin turvallinen.",,,"189
189",2,true
21,https://createmy-qr.com/ar/mwld-rmz-lstjb-lsryaa-mjny,"مولد باركود مجاني عبر الإنترنت - إنشاء باركود ثنائي الأبعاد
types.barcode QR Code Generator - مجاني ومخصص | CreateMy-QR
barcode - مولد رمز الاستجابة السريعة مجاني - CreateMy-QR",text/html; charset=utf-8,false,200,0,0,"قم بتحويل بيانات barcode الخاصة بك إلى رمز QR مخصص مباشرةً في متصفحك. تمت معالجتها بنسبة 100% دون الاتصال بالإنترنت لتوفير الخصوصية المطلقة. مجاني، بلا حدود، وآمن للغاية.
قم بتحويل بيانات types.barcode الخاصة بك إلى رمز QR مخصص مباشرةً في متصفحك. تمت معالجتها بنسبة 100% دون الاتصال بالإنترنت لتوفير الخصوصية المطلقة. مجاني، بلا حدود، وآمن للغاية.
قم بإنشاء رموز شريطية احترافية أحادية الأبعاد على الفور. دعم Code-128 وUPC وEAN وITF-14 والمزيد. مجاني وآمن وجاهز للتنزيل بصيغة PNG عالية الدقة.",,,"170
176
144",3,true
21,https://createmy-qr.com/hi/spotify-muph-t-onnlaain-kyuuaar-kodd-jnrettr,"Spotify QR कोड जेनरेटर - मुफ़्त और कस्टम | CreateMy-QR
Spotify - मुफ़्त ऑनलाइन क्यूआर कोड जनरेटर - CreateMy-QR",text/html; charset=utf-8,false,200,0,0,"अपने Spotify डेटा को सीधे अपने ब्राउज़र में एक कस्टम क्यूआर कोड में बदलें। पूर्ण गोपनीयता के लिए 100% ऑफ़लाइन संसाधित। निःशुल्क, कोई सीमा नहीं, और अत्यधिक सुरक्षित।
अपने Spotify डेटा को सीधे अपने ब्राउज़र में एक कस्टम क्यूआर कोड में बदलें। पूर्ण गोपनीयता के लिए 100% ऑफ़लाइन संसाधित। निःशुल्क, कोई सीमा नहीं, और अत्यधिक सुरक्षित।",,,"164
164",2,true
21,https://createmy-qr.com/pl/x-twitter-darmowy-generator-kodow-qr-online,"Generator kodów QR X (Twitter) — bezpłatny i niestandardowy | CreateMy-QR
X (Twitter) - Darmowy Generator Kodów QR Online - CreateMy-QR",text/html; charset=utf-8,false,200,0,0,"Konwertuj dane X (Twitter) na niestandardowy kod QR bezpośrednio w przeglądarce. 100% przetwarzane w trybie offline, aby zapewnić całkowitą prywatność. Bezpłatnie, bez ograniczeń i bardzo bezpiecznie.
Konwertuj dane X (Twitter) na niestandardowy kod QR bezpośrednio w przeglądarce. 100% przetwarzane w trybie offline, aby zapewnić całkowitą prywatność. Bezpłatnie, bez ograniczeń i bardzo bezpiecznie.",,,"200
200",2,true
21,https://createmy-qr.com/cs/x-twitter-zdarma-online-generator-qr-kodu,"X (Twitter) generátor QR kódu – zdarma a na míru | CreateMy-QR
X (Twitter) - Zdarma Online Generátor QR Kódů - CreateMy-QR",text/html; charset=utf-8,false,200,0,0,"Převeďte svá data X (Twitter) na vlastní QR kód přímo ve vašem prohlížeči. 100% zpracováno offline pro absolutní soukromí. Zdarma, bez omezení a vysoce bezpečné.
Převeďte svá data X (Twitter) na vlastní QR kód přímo ve vašem prohlížeči. 100% zpracováno offline pro absolutní soukromí. Zdarma, bez omezení a vysoce bezpečné.",,,"161
161",2,true
21,https://createmy-qr.com/tr/gizlilik-politikasi,"Ücretsiz Çevrimiçi QR Kod Oluşturucu - CreateMy-QR (No Signup) | Gizlilik Politikası
types.privacy QR Kod Oluşturucu - Ücretsiz ve Özel | CreateMy-QR
Gizlilik Politikası | CreateMy-QR",text/html; charset=utf-8,false,200,0,0,"Learn more about CreateMy-QR privacy policy.
types.privacy verilerinizi doğrudan tarayıcınızda özel bir QR koduna dönüştürün. Mutlak gizlilik için %100 çevrimdışı işlenir. Ücretsiz, sınırsız ve son derece güvenli.",,,"44
168",2,true
21,https://createmy-qr.com/th/vcard-ekhruue-ngmuue-sraangkhiw-aarokhd-nailnfrii,"vCard เครื่องสร้างโค้ด QR - ฟรีและกำหนดเอง | CreateMy-QR
vCard - เครื่องมือสร้างคิวอาร์โค้ดออนไลน์ฟรี - CreateMy-QR",text/html; charset=utf-8,false,200,0,0,"แปลงข้อมูล vCard ของคุณให้เป็นโค้ด QR ที่กำหนดเองได้โดยตรงในเบราว์เซอร์ของคุณ ประมวลผลแบบออฟไลน์ 100% เพื่อความเป็นส่วนตัวอย่างแท้จริง ฟรี ไม่จำกัด และมีความปลอดภัยสูง
แปลงข้อมูล vCard ของคุณให้เป็นโค้ด QR ที่กำหนดเองได้โดยตรงในเบราว์เซอร์ของคุณ ประมวลผลแบบออฟไลน์ 100% เพื่อความเป็นส่วนตัวอย่างแท้จริง ฟรี ไม่จำกัด และมีความปลอดภัยสูง",,,"167
167",2,true
21,https://createmy-qr.com/fr/crypto-generateur-de-code-qr-gratuit-en-ligne,"Générateur de code QR Cryptographie - Gratuit et personnalisé | CreateMy-QR
Cryptographie - Générateur de Code QR Gratuit en Ligne - CreateMy-QR",text/html; charset=utf-8,false,200,0,0,"Convertissez vos données Cryptographie en un code QR personnalisé directement dans votre navigateur. 100 % traité hors ligne pour une confidentialité absolue. Gratuit, sans limites et hautement sécurisé.
Convertissez vos données Cryptographie en un code QR personnalisé directement dans votre navigateur. 100 % traité hors ligne pour une confidentialité absolue. Gratuit, sans limites et hautement sécurisé.",,,"203
203",2,true
21,https://createmy-qr.com/el/facebook-dorean-dimioyrgia-qr-code-online,"Facebook QR Code Generator - Δωρεάν & Προσαρμοσμένο | CreateMy-QR
Facebook - Δωρεάν Δημιουργία QR Code Online - CreateMy-QR",text/html; charset=utf-8,false,200,0,0,"Μετατρέψτε τα δεδομένα σας Facebook σε προσαρμοσμένο κωδικό QR απευθείας στο πρόγραμμα περιήγησής σας. 100% επεξεργασία εκτός σύνδεσης για απόλυτη προστασία της ιδιωτικής ζωής. Δωρεάν, χωρίς όρια και εξαιρετικά ασφαλές.
Μετατρέψτε τα δεδομένα σας Facebook σε προσαρμοσμένο κωδικό QR απευθείας στο πρόγραμμα περιήγησής σας. 100% επεξεργασία εκτός σύνδεσης για απόλυτη προστασία της ιδιωτικής ζωής. Δωρεάν, χωρίς όρια και εξαιρετικά ασφαλές.",,,"219
219",2,true
21,https://createmy-qr.com/nl/snapchat-gratis-qr-code-generator-online,"Snapchat QR-codegenerator - gratis en aangepast | CreateMy-QR
Snapchat - Gratis QR Code Generator Online - CreateMy-QR",text/html; charset=utf-8,false,200,0,0,"Converteer uw Snapchat-gegevens rechtstreeks in uw browser naar een aangepaste QR-code. 100% offline verwerkt voor absolute privacy. Gratis, geen grenzen en zeer veilig.
Converteer uw Snapchat-gegevens rechtstreeks in uw browser naar een aangepaste QR-code. 100% offline verwerkt voor absolute privacy. Gratis, geen grenzen en zeer veilig.",,,"169
169",2,true
21,https://createmy-qr.com/ms/pengimbas-kod-bar-penjana-kod-qr-percuma-dalam-talian,"Pengimbas Kod Bar Percuma Dalam Talian - Imbas UPC & EAN
Penjana Kod QR Pengimbas Kod Bar - Percuma & Tersuai | CreateMy-QR
Pengimbas Kod Bar - Penjana Kod QR Percuma Dalam Talian - CreateMy-QR",text/html; charset=utf-8,false,200,0,0,"Tukar data Pengimbas Kod Bar anda kepada kod QR tersuai terus dalam penyemak imbas anda. 100% diproses di luar talian untuk privasi mutlak. Percuma, tiada had dan sangat selamat.
Tukar data Pengimbas Kod Bar anda kepada kod QR tersuai terus dalam penyemak imbas anda. 100% diproses di luar talian untuk privasi mutlak. Percuma, tiada had dan sangat selamat.
Imbas kod bar dalam talian secara percuma menggunakan kamera peranti anda atau muat naik imej.Menyokong UPC, EAN, Kod 128 dan banyak lagi.100% peribadi dan selamat.",,,"178
178
164",3,true
21,https://createmy-qr.com/no/tiktok-gratis-qr-kode-generator-online,"TikTok QR Code Generator - Gratis og tilpasset | CreateMy-QR
TikTok - Gratis QR-kode Generator Online - CreateMy-QR",text/html; charset=utf-8,false,200,0,0,"Konverter TikTok-dataene dine til en tilpasset QR-kode direkte i nettleseren din. 100 % behandlet offline for absolutt personvern. Gratis, ingen grenser og svært sikker.
Konverter TikTok-dataene dine til en tilpasset QR-kode direkte i nettleseren din. 100 % behandlet offline for absolutt personvern. Gratis, ingen grenser og svært sikker.",,,"169
169",2,true
21,https://createmy-qr.com/da/understottede-sprog,"Gratis QR Kode Generator Online - CreateMy-QR (No Signup) | Understøttede sprog
types.languages QR Code Generator - Gratis og brugerdefineret | CreateMy-QR
Understøttede sprog | CreateMy-QR",text/html; charset=utf-8,false,200,0,0,"Learn more about CreateMy-QR supported languages.
Konverter dine types.languages-data til en tilpasset QR-kode direkte i din browser. 100 % behandlet offline for absolut privatliv. Gratis, ingen grænser og meget sikker.",,,"49
169",2,true
21,https://createmy-qr.com/pl/linkedin-darmowy-generator-kodow-qr-online,"Generator kodów QR LinkedIn — bezpłatny i niestandardowy | CreateMy-QR
LinkedIn - Darmowy Generator Kodów QR Online - CreateMy-QR",text/html; charset=utf-8,false,200,0,0,"Konwertuj dane LinkedIn na niestandardowy kod QR bezpośrednio w przeglądarce. 100% przetwarzane w trybie offline, aby zapewnić całkowitą prywatność. Bezpłatnie, bez ograniczeń i bardzo bezpiecznie.
Konwertuj dane LinkedIn na niestandardowy kod QR bezpośrednio w przeglądarce. 100% przetwarzane w trybie offline, aby zapewnić całkowitą prywatność. Bezpłatnie, bez ograniczeń i bardzo bezpiecznie.",,,"197
197",2,true
21,https://createmy-qr.com/ro/rezervare-generator-de-coduri-qr-gratuit-online,"Rezervare QR Code Generator - Gratuit și personalizat | CreateMy-QR
Rezervare - Generator de Coduri QR Gratuit Online - CreateMy-QR",text/html; charset=utf-8,false,200,0,0,"Transformați datele dvs. Rezervare într-un cod QR personalizat direct în browser. Procesat 100% offline pentru confidențialitate absolută. Gratuit, fără limite și foarte sigur.
Transformați datele dvs. Rezervare într-un cod QR personalizat direct în browser. Procesat 100% offline pentru confidențialitate absolută. Gratuit, fără limite și foarte sigur.",,,"176
176",2,true
21,https://createmy-qr.com/no/fil-gratis-qr-kode-generator-online,"Fil QR Code Generator - Gratis og tilpasset | CreateMy-QR
Fil - Gratis QR-kode Generator Online - CreateMy-QR",text/html; charset=utf-8,false,200,0,0,"Konverter Fil-dataene dine til en tilpasset QR-kode direkte i nettleseren din. 100 % behandlet offline for absolutt personvern. Gratis, ingen grenser og svært sikker.
Konverter Fil-dataene dine til en tilpasset QR-kode direkte i nettleseren din. 100 % behandlet offline for absolutt personvern. Gratis, ingen grenser og svært sikker.",,,"166
166",2,true
21,https://createmy-qr.com/th/lingainaibo-ekhruue-ngmuue-sraangkhiw-aarokhd-nailnfrii,"ลิ้งในไบโอ เครื่องสร้างโค้ด QR - ฟรีและกำหนดเอง | CreateMy-QR
ลิ้งในไบโอ - เครื่องมือสร้างคิวอาร์โค้ดออนไลน์ฟรี - CreateMy-QR",text/html; charset=utf-8,false,200,0,0,"แปลงข้อมูล ลิ้งในไบโอ ของคุณให้เป็นโค้ด QR ที่กำหนดเองได้โดยตรงในเบราว์เซอร์ของคุณ ประมวลผลแบบออฟไลน์ 100% เพื่อความเป็นส่วนตัวอย่างแท้จริง ฟรี ไม่จำกัด และมีความปลอดภัยสูง
แปลงข้อมูล ลิ้งในไบโอ ของคุณให้เป็นโค้ด QR ที่กำหนดเองได้โดยตรงในเบราว์เซอร์ของคุณ ประมวลผลแบบออฟไลน์ 100% เพื่อความเป็นส่วนตัวอย่างแท้จริง ฟรี ไม่จำกัด และมีความปลอดภัยสูง",,,"172
172",2,true
21,https://createmy-qr.com/hi/hmaare-baare-men,"मुफ़्त ऑनलाइन क्यूआर कोड जनरेटर - CreateMy-QR (No Signup) | हमारे बारे में
types.about QR कोड जेनरेटर - मुफ़्त और कस्टम | CreateMy-QR
हमारे बारे में | CreateMy-QR",text/html; charset=utf-8,false,200,0,0,"Learn more about CreateMy-QR about us.
अपने types.about डेटा को सीधे अपने ब्राउज़र में एक कस्टम क्यूआर कोड में बदलें। पूर्ण गोपनीयता के लिए 100% ऑफ़लाइन संसाधित। निःशुल्क, कोई सीमा नहीं, और अत्यधिक सुरक्षित।",,,"38
168",2,true
21,https://createmy-qr.com/hu/x-twitter-ingyenes-online-qr-kod-generator,"X / Twitter QR-kód generátor - ingyenes és egyedi | CreateMy-QR
X / Twitter - Ingyenes Online QR-kód Generátor - CreateMy-QR",text/html; charset=utf-8,false,200,0,0,"Alakítsa át X / Twitter adatait egyéni QR-kóddá közvetlenül a böngészőjében. 100%-ban offline feldolgozva az abszolút adatvédelem érdekében. Ingyenes, korlátok nélkül és rendkívül biztonságos.
Alakítsa át X / Twitter adatait egyéni QR-kóddá közvetlenül a böngészőjében. 100%-ban offline feldolgozva az abszolút adatvédelem érdekében. Ingyenes, korlátok nélkül és rendkívül biztonságos.",,,"192
192",2,true
21,https://createmy-qr.com/uk/sms-bezkoshtovniy-generator-qr-kodiv-onlayn,"Генератор QR-коду SMS – безкоштовний і користувацький | CreateMy-QR
SMS - Безкоштовний Генератор QR-кодів Онлайн - CreateMy-QR",text/html; charset=utf-8,false,200,0,0,"Перетворіть свої дані SMS на власний QR-код безпосередньо у своєму браузері. 100% обробка офлайн для повної конфіденційності. Безкоштовно, без обмежень і дуже безпечно.
Перетворіть свої дані SMS на власний QR-код безпосередньо у своєму браузері. 100% обробка офлайн для повної конфіденційності. Безкоштовно, без обмежень і дуже безпечно.",,,"168
168",2,true
21,https://createmy-qr.com/no/brukstilfeller,"Gratis QR-kode Generator Online - CreateMy-QR (No Signup) | Brukstilfeller
types.usecases QR Code Generator - Gratis og tilpasset | CreateMy-QR
Brukstilfeller | CreateMy-QR",text/html; charset=utf-8,false,200,0,0,"Learn more about CreateMy-QR use cases.
Konverter types.usecases-dataene dine til en tilpasset QR-kode direkte i nettleseren din. 100 % behandlet offline for absolutt personvern. Gratis, ingen grenser og svært sikker.",,,"39
177",2,true
21,https://createmy-qr.com/it/telefono-generatore-di-codici-qr-gratis-online,"Generatore di codici QR Telefono - Gratuito e personalizzato | CreateMy-QR
Telefono - Generatore di Codici QR Gratis Online - CreateMy-QR",text/html; charset=utf-8,false,200,0,0,"Converti i tuoi dati Telefono in un codice QR personalizzato direttamente nel tuo browser. Elaborato offline al 100% per una privacy assoluta. Gratuito, senza limiti e altamente sicuro.
Converti i tuoi dati Telefono in un codice QR personalizzato direttamente nel tuo browser. Elaborato offline al 100% per una privacy assoluta. Gratuito, senza limiti e altamente sicuro.",,,"185
185",2,true
21,https://createmy-qr.com/da/stregkodescanner-gratis-qr-kode-generator-online,"Gratis stregkodescanner online - Scan UPC & EAN
Stregkodescanner QR Code Generator - Gratis og brugerdefineret | CreateMy-QR
Stregkodescanner - Gratis QR Kode Generator Online - CreateMy-QR",text/html; charset=utf-8,false,200,0,0,"Konverter dine Stregkodescanner-data til en tilpasset QR-kode direkte i din browser. 100 % behandlet offline for absolut privatliv. Gratis, ingen grænser og meget sikker.
Konverter dine Stregkodescanner-data til en tilpasset QR-kode direkte i din browser. 100 % behandlet offline for absolut privatliv. Gratis, ingen grænser og meget sikker.
Scan stregkoder online gratis ved at bruge din enheds kamera eller upload et billede.Understøtter UPC, EAN, Code 128 og mere.100 % privat og sikkert.",,,"170
170
149",3,true
21,https://createmy-qr.com/pt/app-store-gerador-de-codigo-qr-gratis-online,"Gerador de código QR Loja de aplicativos - gratuito e personalizado | CreateMy-QR
Loja de aplicativos - Gerador de Código QR Grátis Online - CreateMy-QR",text/html; charset=utf-8,false,200,0,0,"Converta seus dados do Loja de aplicativos em um código QR personalizado diretamente no seu navegador. 100% processado offline para privacidade absoluta. Gratuito, sem limites e altamente seguro.
Converta seus dados do Loja de aplicativos em um código QR personalizado diretamente no seu navegador. 100% processado offline para privacidade absoluta. Gratuito, sem limites e altamente seguro.",,,"195
195",2,true
21,https://createmy-qr.com/hi/baayo-men-link-muph-t-onnlaain-kyuuaar-kodd-jnrettr,"बायो में लिंक QR कोड जेनरेटर - मुफ़्त और कस्टम | CreateMy-QR
बायो में लिंक - मुफ़्त ऑनलाइन क्यूआर कोड जनरेटर - CreateMy-QR",text/html; charset=utf-8,false,200,0,0,"अपने बायो में लिंक डेटा को सीधे अपने ब्राउज़र में एक कस्टम क्यूआर कोड में बदलें। पूर्ण गोपनीयता के लिए 100% ऑफ़लाइन संसाधित। निःशुल्क, कोई सीमा नहीं, और अत्यधिक सुरक्षित।
अपने बायो में लिंक डेटा को सीधे अपने ब्राउज़र में एक कस्टम क्यूआर कोड में बदलें। पूर्ण गोपनीयता के लिए 100% ऑफ़लाइन संसाधित। निःशुल्क, कोई सीमा नहीं, और अत्यधिक सुरक्षित।",,,"170
170",2,true
21,https://createmy-qr.com/el/barcode-scanner-dorean-dimioyrgia-qr-code-online,"Δωρεάν Online Scanner Barcode - Σάρωση UPC & EAN
Barcode Scanner QR Code Generator - Δωρεάν & Προσαρμοσμένο | CreateMy-QR
Barcode Scanner - Δωρεάν Δημιουργία QR Code Online - CreateMy-QR",text/html; charset=utf-8,false,200,0,0,"Μετατρέψτε τα δεδομένα σας Barcode Scanner σε προσαρμοσμένο κωδικό QR απευθείας στο πρόγραμμα περιήγησής σας. 100% επεξεργασία εκτός σύνδεσης για απόλυτη προστασία της ιδιωτικής ζωής. Δωρεάν, χωρίς όρια και εξαιρετικά ασφαλές.
Μετατρέψτε τα δεδομένα σας Barcode Scanner σε προσαρμοσμένο κωδικό QR απευθείας στο πρόγραμμα περιήγησής σας. 100% επεξεργασία εκτός σύνδεσης για απόλυτη προστασία της ιδιωτικής ζωής. Δωρεάν, χωρίς όρια και εξαιρετικά ασφαλές.
Σαρώστε γραμμικούς κώδικες στο διαδίκτυο δωρεάν χρησιμοποιώντας την κάμερα της συσκευής σας ή ανεβάστε μια εικόνα.Υποστηρίζει UPC, EAN, Code 128 και άλλα.100% ιδιωτικό και ασφαλές.",,,"226
226
180",3,true
21,https://createmy-qr.com/el/email-dorean-dimioyrgia-qr-code-online,"Email QR Code Generator - Δωρεάν & Προσαρμοσμένο | CreateMy-QR
Email - Δωρεάν Δημιουργία QR Code Online - CreateMy-QR",text/html; charset=utf-8,false,200,0,0,"Μετατρέψτε τα δεδομένα σας Email σε προσαρμοσμένο κωδικό QR απευθείας στο πρόγραμμα περιήγησής σας. 100% επεξεργασία εκτός σύνδεσης για απόλυτη προστασία της ιδιωτικής ζωής. Δωρεάν, χωρίς όρια και εξαιρετικά ασφαλές.
Μετατρέψτε τα δεδομένα σας Email σε προσαρμοσμένο κωδικό QR απευθείας στο πρόγραμμα περιήγησής σας. 100% επεξεργασία εκτός σύνδεσης για απόλυτη προστασία της ιδιωτικής ζωής. Δωρεάν, χωρίς όρια και εξαιρετικά ασφαλές.",,,"216
216",2,true
21,https://createmy-qr.com/ru/google-review-besplatnyy-generator-qr-kodov-onlayn,"Обзор Google Генератор QR-кодов — бесплатный и настраиваемый | CreateMy-QR
Обзор Google - Бесплатный генератор QR-кодов онлайн - CreateMy-QR",text/html; charset=utf-8,false,200,0,0,"Преобразуйте данные Обзор Google в собственный QR-код прямо в браузере. 100% обработка в автономном режиме для абсолютной конфиденциальности. Бесплатно, без ограничений и очень безопасно.
Преобразуйте данные Обзор Google в собственный QR-код прямо в браузере. 100% обработка в автономном режиме для абсолютной конфиденциальности. Бесплатно, без ограничений и очень безопасно.",,,"187
187",2,true
21,https://createmy-qr.com/vi/lien-ket-trong-bio-tao-ma-qr-mien-phi-truc-tuyen,"Trình tạo mã QR Liên kết trong Bio - Miễn phí & Tùy chỉnh | CreateMy-QR
Liên kết trong Bio - Tạo Mã QR Miễn Phí Trực Tuyến - CreateMy-QR",text/html; charset=utf-8,false,200,0,0,"Chuyển đổi dữ liệu Liên kết trong Bio của bạn thành mã QR tùy chỉnh trực tiếp trong trình duyệt của bạn. 100% được xử lý ngoại tuyến để đảm bảo quyền riêng tư tuyệt đối. Miễn phí, không giới hạn và có tính bảo mật cao.
Chuyển đổi dữ liệu Liên kết trong Bio của bạn thành mã QR tùy chỉnh trực tiếp trong trình duyệt của bạn. 100% được xử lý ngoại tuyến để đảm bảo quyền riêng tư tuyệt đối. Miễn phí, không giới hạn và có tính bảo mật cao.",,,"218
218",2,true
21,https://createmy-qr.com/da/beliggenhed-gratis-qr-kode-generator-online,"Beliggenhed QR Code Generator - Gratis og brugerdefineret | CreateMy-QR
Beliggenhed - Gratis QR Kode Generator Online - CreateMy-QR",text/html; charset=utf-8,false,200,0,0,"Konverter dine Beliggenhed-data til en tilpasset QR-kode direkte i din browser. 100 % behandlet offline for absolut privatliv. Gratis, ingen grænser og meget sikker.
Konverter dine Beliggenhed-data til en tilpasset QR-kode direkte i din browser. 100 % behandlet offline for absolut privatliv. Gratis, ingen grænser og meget sikker.",,,"165
165",2,true
21,https://createmy-qr.com/da/youtube-gratis-qr-kode-generator-online,"YouTube QR Code Generator - Gratis og brugerdefineret | CreateMy-QR
YouTube - Gratis QR Kode Generator Online - CreateMy-QR",text/html; charset=utf-8,false,200,0,0,"Konverter dine YouTube-data til en tilpasset QR-kode direkte i din browser. 100 % behandlet offline for absolut privatliv. Gratis, ingen grænser og meget sikker.
Konverter dine YouTube-data til en tilpasset QR-kode direkte i din browser. 100 % behandlet offline for absolut privatliv. Gratis, ingen grænser og meget sikker.",,,"161
161",2,true
21,https://createmy-qr.com/pt/idiomas-suportados,"Gerador de Código QR Grátis Online - CreateMy-QR (No Signup) | Idiomas Suportados
Gerador de código QR types.languages - gratuito e personalizado | CreateMy-QR
Idiomas Suportados | CreateMy-QR",text/html; charset=utf-8,false,200,0,0,"Learn more about CreateMy-QR supported languages.
Converta seus dados do types.languages em um código QR personalizado diretamente no seu navegador. 100% processado offline para privacidade absoluta. Gratuito, sem limites e altamente seguro.",,,"49
191",2,true
21,https://createmy-qr.com/cs/soubor-berkas-zdarma-online-generator-qr-kodu,"Soubor / Berkas generátor QR kódu – zdarma a na míru | CreateMy-QR
Soubor / Berkas - Zdarma Online Generátor QR Kódů - CreateMy-QR",text/html; charset=utf-8,false,200,0,0,"Převeďte svá data Soubor / Berkas na vlastní QR kód přímo ve vašem prohlížeči. 100% zpracováno offline pro absolutní soukromí. Zdarma, bez omezení a vysoce bezpečné.
Převeďte svá data Soubor / Berkas na vlastní QR kód přímo ve vašem prohlížeči. 100% zpracováno offline pro absolutní soukromí. Zdarma, bez omezení a vysoce bezpečné.",,,"165
165",2,true
21,https://createmy-qr.com/pt/telefone-gerador-de-codigo-qr-gratis-online,"Gerador de código QR Telefone - gratuito e personalizado | CreateMy-QR
Telefone - Gerador de Código QR Grátis Online - CreateMy-QR",text/html; charset=utf-8,false,200,0,0,"Converta seus dados do Telefone em um código QR personalizado diretamente no seu navegador. 100% processado offline para privacidade absoluta. Gratuito, sem limites e altamente seguro.
Converta seus dados do Telefone em um código QR personalizado diretamente no seu navegador. 100% processado offline para privacidade absoluta. Gratuito, sem limites e altamente seguro.",,,"184
184",2,true
21,https://createmy-qr.com/pt/google-review-gerador-de-codigo-qr-gratis-online,"Gerador de código QR Revisão do Google - gratuito e personalizado | CreateMy-QR
Revisão do Google - Gerador de Código QR Grátis Online - CreateMy-QR",text/html; charset=utf-8,false,200,0,0,"Converta seus dados do Revisão do Google em um código QR personalizado diretamente no seu navegador. 100% processado offline para privacidade absoluta. Gratuito, sem limites e altamente seguro.
Converta seus dados do Revisão do Google em um código QR personalizado diretamente no seu navegador. 100% processado offline para privacidade absoluta. Gratuito, sem limites e altamente seguro.",,,"193
193",2,true
21,https://createmy-qr.com/ru/100-besplatnye-ceny,"Бесплатный генератор QR-кодов онлайн - CreateMy-QR (No Signup) | 100% бесплатные цены
types.pricing Генератор QR-кодов — бесплатный и настраиваемый | CreateMy-QR
100% бесплатные цены | CreateMy-QR",text/html; charset=utf-8,false,200,0,0,"Learn more about CreateMy-QR 100% free pricing.
Преобразуйте данные types.pricing в собственный QR-код прямо в браузере. 100% обработка в автономном режиме для абсолютной конфиденциальности. Бесплатно, без ограничений и очень безопасно.",,,"47
188",2,true
21,https://createmy-qr.com/bn/email-phri-anlaain-kiuaar-kodd-jenaarettr,"ইমেইল QR কোড জেনারেটর - বিনামূল্যে এবং কাস্টম | CreateMy-QR
ইমেইল - ফ্রি অনলাইন কিউআর কোড জেনারেটর - CreateMy-QR",text/html; charset=utf-8,false,200,0,0,"আপনার ব্রাউজারে সরাসরি একটি কাস্টম QR কোডে আপনার ইমেইল ডেটা রূপান্তর করুন। সম্পূর্ণ গোপনীয়তার জন্য 100% অফলাইনে প্রক্রিয়া করা হয়েছে। বিনামূল্যে, কোন সীমা নেই, এবং অত্যন্ত নিরাপদ।
আপনার ব্রাউজারে সরাসরি একটি কাস্টম QR কোডে আপনার ইমেইল ডেটা রূপান্তর করুন। সম্পূর্ণ গোপনীয়তার জন্য 100% অফলাইনে প্রক্রিয়া করা হয়েছে। বিনামূল্যে, কোন সীমা নেই, এবং অত্যন্ত নিরাপদ।",,,"181
181",2,true
21,https://createmy-qr.com/es/paypal-generador-de-codigos-qr-gratis-online,"Generador de códigos QR PayPal: gratuito y personalizado | CreateMy-QR
PayPal - Generador de Códigos QR Gratis Online - CreateMy-QR",text/html; charset=utf-8,false,200,0,0,"Convierta sus datos de PayPal en un código QR personalizado directamente en su navegador. 100% procesado fuera de línea para absoluta privacidad. Gratis, sin límites y muy seguro.
Convierta sus datos de PayPal en un código QR personalizado directamente en su navegador. 100% procesado fuera de línea para absoluta privacidad. Gratis, sin límites y muy seguro.",,,"179
179",2,true
21,https://createmy-qr.com/uk/vcard-bezkoshtovniy-generator-qr-kodiv-onlayn,"Генератор QR-коду vCard – безкоштовний і користувацький | CreateMy-QR
vCard - Безкоштовний Генератор QR-кодів Онлайн - CreateMy-QR",text/html; charset=utf-8,false,200,0,0,"Перетворіть свої дані vCard на власний QR-код безпосередньо у своєму браузері. 100% обробка офлайн для повної конфіденційності. Безкоштовно, без обмежень і дуже безпечно.
Перетворіть свої дані vCard на власний QR-код безпосередньо у своєму браузері. 100% обробка офлайн для повної конфіденційності. Безкоштовно, без обмежень і дуже безпечно.",,,"170
170",2,true
21,https://createmy-qr.com/bn/addio-pddkaastt-phri-anlaain-kiuaar-kodd-jenaarettr,"অডিও/পডকাস্ট QR কোড জেনারেটর - বিনামূল্যে এবং কাস্টম | CreateMy-QR
অডিও/পডকাস্ট - ফ্রি অনলাইন কিউআর কোড জেনারেটর - CreateMy-QR",text/html; charset=utf-8,false,200,0,0,"আপনার ব্রাউজারে সরাসরি একটি কাস্টম QR কোডে আপনার অডিও/পডকাস্ট ডেটা রূপান্তর করুন। সম্পূর্ণ গোপনীয়তার জন্য 100% অফলাইনে প্রক্রিয়া করা হয়েছে। বিনামূল্যে, কোন সীমা নেই, এবং অত্যন্ত নিরাপদ।
আপনার ব্রাউজারে সরাসরি একটি কাস্টম QR কোডে আপনার অডিও/পডকাস্ট ডেটা রূপান্তর করুন। সম্পূর্ণ গোপনীয়তার জন্য 100% অফলাইনে প্রক্রিয়া করা হয়েছে। বিনামূল্যে, কোন সীমা নেই, এবং অত্যন্ত নিরাপদ।",,,"188
188",2,true
21,https://createmy-qr.com/pl/app-store-darmowy-generator-kodow-qr-online,"Generator kodów QR Sklep z aplikacjami — bezpłatny i niestandardowy | CreateMy-QR
Sklep z aplikacjami - Darmowy Generator Kodów QR Online - CreateMy-QR",text/html; charset=utf-8,false,200,0,0,"Konwertuj dane Sklep z aplikacjami na niestandardowy kod QR bezpośrednio w przeglądarce. 100% przetwarzane w trybie offline, aby zapewnić całkowitą prywatność. Bezpłatnie, bez ograniczeń i bardzo bezpiecznie.
Konwertuj dane Sklep z aplikacjami na niestandardowy kod QR bezpośrednio w przeglądarce. 100% przetwarzane w trybie offline, aby zapewnić całkowitą prywatność. Bezpłatnie, bez ograniczeń i bardzo bezpiecznie.",,,"208
208",2,true
21,https://createmy-qr.com/el/spotify-dorean-dimioyrgia-qr-code-online,"Spotify QR Code Generator - Δωρεάν & Προσαρμοσμένο | CreateMy-QR
Spotify - Δωρεάν Δημιουργία QR Code Online - CreateMy-QR",text/html; charset=utf-8,false,200,0,0,"Μετατρέψτε τα δεδομένα σας Spotify σε προσαρμοσμένο κωδικό QR απευθείας στο πρόγραμμα περιήγησής σας. 100% επεξεργασία εκτός σύνδεσης για απόλυτη προστασία της ιδιωτικής ζωής. Δωρεάν, χωρίς όρια και εξαιρετικά ασφαλές.
Μετατρέψτε τα δεδομένα σας Spotify σε προσαρμοσμένο κωδικό QR απευθείας στο πρόγραμμα περιήγησής σας. 100% επεξεργασία εκτός σύνδεσης για απόλυτη προστασία της ιδιωτικής ζωής. Δωρεάν, χωρίς όρια και εξαιρετικά ασφαλές.",,,"218
218",2,true
21,https://createmy-qr.com/uk/paypal-bezkoshtovniy-generator-qr-kodiv-onlayn,"Генератор QR-коду PayPal – безкоштовний і користувацький | CreateMy-QR
PayPal - Безкоштовний Генератор QR-кодів Онлайн - CreateMy-QR",text/html; charset=utf-8,false,200,0,0,"Перетворіть свої дані PayPal на власний QR-код безпосередньо у своєму браузері. 100% обробка офлайн для повної конфіденційності. Безкоштовно, без обмежень і дуже безпечно.
Перетворіть свої дані PayPal на власний QR-код безпосередньо у своєму браузері. 100% обробка офлайн для повної конфіденційності. Безкоштовно, без обмежень і дуже безпечно.",,,"171
171",2,true
21,https://createmy-qr.com/pt/audio-gerador-de-codigo-qr-gratis-online,"Gerador de código QR Áudio - gratuito e personalizado | CreateMy-QR
Áudio - Gerador de Código QR Grátis Online - CreateMy-QR",text/html; charset=utf-8,false,200,0,0,"Converta seus dados do Áudio em um código QR personalizado diretamente no seu navegador. 100% processado offline para privacidade absoluta. Gratuito, sem limites e altamente seguro.
Converta seus dados do Áudio em um código QR personalizado diretamente no seu navegador. 100% processado offline para privacidade absoluta. Gratuito, sem limites e altamente seguro.",,,"181
181",2,true
21,https://createmy-qr.com/no/youtube-gratis-qr-kode-generator-online,"YouTube QR Code Generator - Gratis og tilpasset | CreateMy-QR
YouTube - Gratis QR-kode Generator Online - CreateMy-QR",text/html; charset=utf-8,false,200,0,0,"Konverter YouTube-dataene dine til en tilpasset QR-kode direkte i nettleseren din. 100 % behandlet offline for absolutt personvern. Gratis, ingen grenser og svært sikker.
Konverter YouTube-dataene dine til en tilpasset QR-kode direkte i nettleseren din. 100 % behandlet offline for absolutt personvern. Gratis, ingen grenser og svært sikker.",,,"170
170",2,true
21,https://createmy-qr.com/pl/sms-darmowy-generator-kodow-qr-online,"Generator kodów QR SMS — bezpłatny i niestandardowy | CreateMy-QR
SMS - Darmowy Generator Kodów QR Online - CreateMy-QR",text/html; charset=utf-8,false,200,0,0,"Konwertuj dane SMS na niestandardowy kod QR bezpośrednio w przeglądarce. 100% przetwarzane w trybie offline, aby zapewnić całkowitą prywatność. Bezpłatnie, bez ograniczeń i bardzo bezpiecznie.
Konwertuj dane SMS na niestandardowy kod QR bezpośrednio w przeglądarce. 100% przetwarzane w trybie offline, aby zapewnić całkowitą prywatność. Bezpłatnie, bez ograniczeń i bardzo bezpiecznie.",,,"192
192",2,true
21,https://createmy-qr.com/ms/whatsapp-penjana-kod-qr-percuma-dalam-talian,"Penjana Kod QR WhatsApp - Percuma & Tersuai | CreateMy-QR
WhatsApp - Penjana Kod QR Percuma Dalam Talian - CreateMy-QR",text/html; charset=utf-8,false,200,0,0,"Tukar data WhatsApp anda kepada kod QR tersuai terus dalam penyemak imbas anda. 100% diproses di luar talian untuk privasi mutlak. Percuma, tiada had dan sangat selamat.
Tukar data WhatsApp anda kepada kod QR tersuai terus dalam penyemak imbas anda. 100% diproses di luar talian untuk privasi mutlak. Percuma, tiada had dan sangat selamat.",,,"169
169",2,true
21,https://createmy-qr.com/ms/snapchat-penjana-kod-qr-percuma-dalam-talian,"Penjana Kod QR Snapchat - Percuma & Tersuai | CreateMy-QR
Snapchat - Penjana Kod QR Percuma Dalam Talian - CreateMy-QR",text/html; charset=utf-8,false,200,0,0,"Tukar data Snapchat anda kepada kod QR tersuai terus dalam penyemak imbas anda. 100% diproses di luar talian untuk privasi mutlak. Percuma, tiada had dan sangat selamat.
Tukar data Snapchat anda kepada kod QR tersuai terus dalam penyemak imbas anda. 100% diproses di luar talian untuk privasi mutlak. Percuma, tiada had dan sangat selamat.",,,"169
169",2,true
21,https://createmy-qr.com/pt/preco-100-gratuito,"Gerador de Código QR Grátis Online - CreateMy-QR (No Signup) | Preço 100% Gratuito
Gerador de código QR types.pricing - gratuito e personalizado | CreateMy-QR
Preço 100% Gratuito | CreateMy-QR",text/html; charset=utf-8,false,200,0,0,"Learn more about CreateMy-QR 100% free pricing.
Converta seus dados do types.pricing em um código QR personalizado diretamente no seu navegador. 100% processado offline para privacidade absoluta. Gratuito, sem limites e altamente seguro.",,,"47
189",2,true
21,https://createmy-qr.com/ar/amazon-mwld-rmz-lstjb-lsryaa-mjny,"أمازون QR Code Generator - مجاني ومخصص | CreateMy-QR
أمازون - مولد رمز الاستجابة السريعة مجاني - CreateMy-QR",text/html; charset=utf-8,false,200,0,0,"قم بتحويل بيانات أمازون الخاصة بك إلى رمز QR مخصص مباشرةً في متصفحك. تمت معالجتها بنسبة 100% دون الاتصال بالإنترنت لتوفير الخصوصية المطلقة. مجاني، بلا حدود، وآمن للغاية.
قم بتحويل بيانات أمازون الخاصة بك إلى رمز QR مخصص مباشرةً في متصفحك. تمت معالجتها بنسبة 100% دون الاتصال بالإنترنت لتوفير الخصوصية المطلقة. مجاني، بلا حدود، وآمن للغاية.",,,"169
169",2,true
21,https://createmy-qr.com/ro/audio-generator-de-coduri-qr-gratuit-online,"Audio QR Code Generator - Gratuit și personalizat | CreateMy-QR
Audio - Generator de Coduri QR Gratuit Online - CreateMy-QR",text/html; charset=utf-8,false,200,0,0,"Transformați datele dvs. Audio într-un cod QR personalizat direct în browser. Procesat 100% offline pentru confidențialitate absolută. Gratuit, fără limite și foarte sigur.
Transformați datele dvs. Audio într-un cod QR personalizat direct în browser. Procesat 100% offline pentru confidențialitate absolută. Gratuit, fără limite și foarte sigur.",,,"172
172",2,true
21,https://createmy-qr.com/bn/tiktok-phri-anlaain-kiuaar-kodd-jenaarettr,"TikTok QR কোড জেনারেটর - বিনামূল্যে এবং কাস্টম | CreateMy-QR
TikTok - ফ্রি অনলাইন কিউআর কোড জেনারেটর - CreateMy-QR",text/html; charset=utf-8,false,200,0,0,"আপনার ব্রাউজারে সরাসরি একটি কাস্টম QR কোডে আপনার TikTok ডেটা রূপান্তর করুন। সম্পূর্ণ গোপনীয়তার জন্য 100% অফলাইনে প্রক্রিয়া করা হয়েছে। বিনামূল্যে, কোন সীমা নেই, এবং অত্যন্ত নিরাপদ।
আপনার ব্রাউজারে সরাসরি একটি কাস্টম QR কোডে আপনার TikTok ডেটা রূপান্তর করুন। সম্পূর্ণ গোপনীয়তার জন্য 100% অফলাইনে প্রক্রিয়া করা হয়েছে। বিনামূল্যে, কোন সীমা নেই, এবং অত্যন্ত নিরাপদ।",,,"182
182",2,true
21,https://createmy-qr.com/hi/instagram-muph-t-onnlaain-kyuuaar-kodd-jnrettr,"इंस्टाग्राम QR कोड जेनरेटर - मुफ़्त और कस्टम | CreateMy-QR
इंस्टाग्राम - मुफ़्त ऑनलाइन क्यूआर कोड जनरेटर - CreateMy-QR",text/html; charset=utf-8,false,200,0,0,"अपने इंस्टाग्राम डेटा को सीधे अपने ब्राउज़र में एक कस्टम क्यूआर कोड में बदलें। पूर्ण गोपनीयता के लिए 100% ऑफ़लाइन संसाधित। निःशुल्क, कोई सीमा नहीं, और अत्यधिक सुरक्षित।
अपने इंस्टाग्राम डेटा को सीधे अपने ब्राउज़र में एक कस्टम क्यूआर कोड में बदलें। पूर्ण गोपनीयता के लिए 100% ऑफ़लाइन संसाधित। निःशुल्क, कोई सीमा नहीं, और अत्यधिक सुरक्षित।",,,"168
168",2,true
21,https://createmy-qr.com/uk/app-store-bezkoshtovniy-generator-qr-kodiv-onlayn,"Генератор QR-коду App Store – безкоштовний і користувацький | CreateMy-QR
App Store - Безкоштовний Генератор QR-кодів Онлайн - CreateMy-QR",text/html; charset=utf-8,false,200,0,0,"Перетворіть свої дані App Store на власний QR-код безпосередньо у своєму браузері. 100% обробка офлайн для повної конфіденційності. Безкоштовно, без обмежень і дуже безпечно.
Перетворіть свої дані App Store на власний QR-код безпосередньо у своєму браузері. 100% обробка офлайн для повної конфіденційності. Безкоштовно, без обмежень і дуже безпечно.",,,"174
174",2,true
21,https://createmy-qr.com/es/google-review-generador-de-codigos-qr-gratis-online,"Generador de códigos QR Revisión de Google: gratuito y personalizado | CreateMy-QR
Revisión de Google - Generador de Códigos QR Gratis Online - CreateMy-QR",text/html; charset=utf-8,false,200,0,0,"Convierta sus datos de Revisión de Google en un código QR personalizado directamente en su navegador. 100% procesado fuera de línea para absoluta privacidad. Gratis, sin límites y muy seguro.
Convierta sus datos de Revisión de Google en un código QR personalizado directamente en su navegador. 100% procesado fuera de línea para absoluta privacidad. Gratis, sin límites y muy seguro.",,,"191
191",2,true
21,https://createmy-qr.com/da/telefon-gratis-qr-kode-generator-online,"Telefon QR Code Generator - Gratis og brugerdefineret | CreateMy-QR
Telefon - Gratis QR Kode Generator Online - CreateMy-QR",text/html; charset=utf-8,false,200,0,0,"Konverter dine Telefon-data til en tilpasset QR-kode direkte i din browser. 100 % behandlet offline for absolut privatliv. Gratis, ingen grænser og meget sikker.
Konverter dine Telefon-data til en tilpasset QR-kode direkte i din browser. 100 % behandlet offline for absolut privatliv. Gratis, ingen grænser og meget sikker.",,,"161
161",2,true
21,https://createmy-qr.com/uk/bezkoshtovniy-generator-qr-kodiv-onlayn,"Безкоштовний онлайн-генератор штрих-кодів - створюйте одновимірні штрих-коди
Генератор QR-коду types.barcode – безкоштовний і користувацький | CreateMy-QR
barcode - Безкоштовний Генератор QR-кодів Онлайн - CreateMy-QR",text/html; charset=utf-8,false,200,0,0,"Перетворіть свої дані barcode на власний QR-код безпосередньо у своєму браузері. 100% обробка офлайн для повної конфіденційності. Безкоштовно, без обмежень і дуже безпечно.
Перетворіть свої дані types.barcode на власний QR-код безпосередньо у своєму браузері. 100% обробка офлайн для повної конфіденційності. Безкоштовно, без обмежень і дуже безпечно.
Миттєво створюйте професійні одновимірні штрих-коди. Підтримка Code-128, UPC, EAN, ITF-14 тощо. Безкоштовний, безпечний і готовий для завантаження у форматі PNG високої роздільної здатності.",,,"172
178
190",3,true
21,https://createmy-qr.com/tl/x-twitter-libreng-online-qr-code-generator,"X (Twitter) QR Code Generator - Libre at Custom | CreateMy-QR
X (Twitter) - Libreng Online QR Code Generator - CreateMy-QR",text/html; charset=utf-8,false,200,0,0,"I-convert ang iyong X (Twitter) data sa isang custom na QR code nang direkta sa iyong browser. 100% na naproseso offline para sa ganap na privacy. Libre, walang limitasyon, at lubos na secure.
I-convert ang iyong X (Twitter) data sa isang custom na QR code nang direkta sa iyong browser. 100% na naproseso offline para sa ganap na privacy. Libre, walang limitasyon, at lubos na secure.",,,"192
192",2,true
21,https://createmy-qr.com/ru/youtube-besplatnyy-generator-qr-kodov-onlayn,"Ютуб Генератор QR-кодов — бесплатный и настраиваемый | CreateMy-QR
Ютуб - Бесплатный генератор QR-кодов онлайн - CreateMy-QR",text/html; charset=utf-8,false,200,0,0,"Преобразуйте данные Ютуб в собственный QR-код прямо в браузере. 100% обработка в автономном режиме для абсолютной конфиденциальности. Бесплатно, без ограничений и очень безопасно.
Преобразуйте данные Ютуб в собственный QR-код прямо в браузере. 100% обработка в автономном режиме для абсолютной конфиденциальности. Бесплатно, без ограничений и очень безопасно.",,,"179
179",2,true
21,https://createmy-qr.com/ms/bahasa-yang-disokong,"Penjana Kod QR Percuma Dalam Talian - CreateMy-QR (No Signup) | Bahasa yang Disokong
Penjana Kod QR types.languages - Percuma & Tersuai | CreateMy-QR
Bahasa yang Disokong | CreateMy-QR",text/html; charset=utf-8,false,200,0,0,"Learn more about CreateMy-QR supported languages.
Tukar data types.languages anda kepada kod QR tersuai terus dalam penyemak imbas anda. 100% diproses di luar talian untuk privasi mutlak. Percuma, tiada had dan sangat selamat.",,,"49
176",2,true
21,https://createmy-qr.com/uk/umovi-nadannya-poslug,"Безкоштовний Генератор QR-кодів Онлайн - CreateMy-QR (No Signup) | Умови надання послуг
Генератор QR-коду types.terms – безкоштовний і користувацький | CreateMy-QR
Умови надання послуг | CreateMy-QR",text/html; charset=utf-8,false,200,0,0,"Learn more about CreateMy-QR terms of service.
Перетворіть свої дані types.terms на власний QR-код безпосередньо у своєму браузері. 100% обробка офлайн для повної конфіденційності. Безкоштовно, без обмежень і дуже безпечно.",,,"46
176",2,true
21,https://createmy-qr.com/th/ekhruue-ngsaeknbaarokhd-ekhruue-ngmuue-sraangkhiw-aarokhd-nailnfrii,"เครื่องสแกนบาร์โค้ดออนไลน์ฟรี - สแกน UPC และ EAN
เครื่องสแกนบาร์โค้ด เครื่องสร้างโค้ด QR - ฟรีและกำหนดเอง | CreateMy-QR
เครื่องสแกนบาร์โค้ด - เครื่องมือสร้างคิวอาร์โค้ดออนไลน์ฟรี - CreateMy-QR",text/html; charset=utf-8,false,200,0,0,"แปลงข้อมูล เครื่องสแกนบาร์โค้ด ของคุณให้เป็นโค้ด QR ที่กำหนดเองได้โดยตรงในเบราว์เซอร์ของคุณ ประมวลผลแบบออฟไลน์ 100% เพื่อความเป็นส่วนตัวอย่างแท้จริง ฟรี ไม่จำกัด และมีความปลอดภัยสูง
แปลงข้อมูล เครื่องสแกนบาร์โค้ด ของคุณให้เป็นโค้ด QR ที่กำหนดเองได้โดยตรงในเบราว์เซอร์ของคุณ ประมวลผลแบบออฟไลน์ 100% เพื่อความเป็นส่วนตัวอย่างแท้จริง ฟรี ไม่จำกัด และมีความปลอดภัยสูง
สแกนบาร์โค้ดออนไลน์ได้ฟรีโดยใช้กล้องของอุปกรณ์หรืออัปโหลดภาพรองรับ UPC, EAN, รหัส 128 และอื่นๆเป็นส่วนตัวและปลอดภัย 100%",,,"181
181
120",3,true
21,https://createmy-qr.com/ru/o-nas,"Бесплатный генератор QR-кодов онлайн - CreateMy-QR (No Signup) | О нас
types.about Генератор QR-кодов — бесплатный и настраиваемый | CreateMy-QR
О нас | CreateMy-QR",text/html; charset=utf-8,false,200,0,0,"Learn more about CreateMy-QR about us.
Преобразуйте данные types.about в собственный QR-код прямо в браузере. 100% обработка в автономном режиме для абсолютной конфиденциальности. Бесплатно, без ограничений и очень безопасно.",,,"38
186",2,true
21,https://createmy-qr.com/es/telefono-generador-de-codigos-qr-gratis-online,"Generador de códigos QR Teléfono: gratuito y personalizado | CreateMy-QR
Teléfono - Generador de Códigos QR Gratis Online - CreateMy-QR",text/html; charset=utf-8,false,200,0,0,"Convierta sus datos de Teléfono en un código QR personalizado directamente en su navegador. 100% procesado fuera de línea para absoluta privacidad. Gratis, sin límites y muy seguro.
Convierta sus datos de Teléfono en un código QR personalizado directamente en su navegador. 100% procesado fuera de línea para absoluta privacidad. Gratis, sin límites y muy seguro.",,,"181
181",2,true
21,https://createmy-qr.com/fr/instagram-generateur-de-code-qr-gratuit-en-ligne,"Générateur de code QR Instagram - Gratuit et personnalisé | CreateMy-QR
Instagram - Générateur de Code QR Gratuit en Ligne - CreateMy-QR",text/html; charset=utf-8,false,200,0,0,"Convertissez vos données Instagram en un code QR personnalisé directement dans votre navigateur. 100 % traité hors ligne pour une confidentialité absolue. Gratuit, sans limites et hautement sécurisé.
Convertissez vos données Instagram en un code QR personnalisé directement dans votre navigateur. 100 % traité hors ligne pour une confidentialité absolue. Gratuit, sans limites et hautement sécurisé.",,,"199
199",2,true
21,https://createmy-qr.com/bn/wi-fi-phri-anlaain-kiuaar-kodd-jenaarettr,"ওয়াই-ফাই QR কোড জেনারেটর - বিনামূল্যে এবং কাস্টম | CreateMy-QR
ওয়াই-ফাই - ফ্রি অনলাইন কিউআর কোড জেনারেটর - CreateMy-QR",text/html; charset=utf-8,false,200,0,0,"আপনার ব্রাউজারে সরাসরি একটি কাস্টম QR কোডে আপনার ওয়াই-ফাই ডেটা রূপান্তর করুন। সম্পূর্ণ গোপনীয়তার জন্য 100% অফলাইনে প্রক্রিয়া করা হয়েছে। বিনামূল্যে, কোন সীমা নেই, এবং অত্যন্ত নিরাপদ।
আপনার ব্রাউজারে সরাসরি একটি কাস্টম QR কোডে আপনার ওয়াই-ফাই ডেটা রূপান্তর করুন। সম্পূর্ণ গোপনীয়তার জন্য 100% অফলাইনে প্রক্রিয়া করা হয়েছে। বিনামূল্যে, কোন সীমা নেই, এবং অত্যন্ত নিরাপদ।",,,"185
185",2,true
21,https://createmy-qr.com/ar/venmo-mwld-rmz-lstjb-lsryaa-mjny,"فينمو QR Code Generator - مجاني ومخصص | CreateMy-QR
فينمو - مولد رمز الاستجابة السريعة مجاني - CreateMy-QR",text/html; charset=utf-8,false,200,0,0,"قم بتحويل بيانات فينمو الخاصة بك إلى رمز QR مخصص مباشرةً في متصفحك. تمت معالجتها بنسبة 100% دون الاتصال بالإنترنت لتوفير الخصوصية المطلقة. مجاني، بلا حدود، وآمن للغاية.
قم بتحويل بيانات فينمو الخاصة بك إلى رمز QR مخصص مباشرةً في متصفحك. تمت معالجتها بنسبة 100% دون الاتصال بالإنترنت لتوفير الخصوصية المطلقة. مجاني، بلا حدود، وآمن للغاية.",,,"168
168",2,true
21,https://createmy-qr.com/de/sms-kostenloser-qr-code-generator-online,"SMS QR-Code-Generator – kostenlos und benutzerdefiniert | CreateMy-QR
SMS - Kostenloser QR-Code Generator Online - CreateMy-QR",text/html; charset=utf-8,false,200,0,0,"Wandeln Sie Ihre SMS-Daten direkt in Ihrem Browser in einen benutzerdefinierten QR-Code um. 100 % offline verarbeitet für absolute Privatsphäre. Kostenlos, ohne Grenzen und äußerst sicher.
Wandeln Sie Ihre SMS-Daten direkt in Ihrem Browser in einen benutzerdefinierten QR-Code um. 100 % offline verarbeitet für absolute Privatsphäre. Kostenlos, ohne Grenzen und äußerst sicher.",,,"188
188",2,true
21,https://createmy-qr.com/pl/dzwiek-darmowy-generator-kodow-qr-online,"Generator kodów QR Dźwięk — bezpłatny i niestandardowy | CreateMy-QR
Dźwięk - Darmowy Generator Kodów QR Online - CreateMy-QR",text/html; charset=utf-8,false,200,0,0,"Konwertuj dane Dźwięk na niestandardowy kod QR bezpośrednio w przeglądarce. 100% przetwarzane w trybie offline, aby zapewnić całkowitą prywatność. Bezpłatnie, bez ograniczeń i bardzo bezpiecznie.
Konwertuj dane Dźwięk na niestandardowy kod QR bezpośrednio w przeglądarce. 100% przetwarzane w trybie offline, aby zapewnić całkowitą prywatność. Bezpłatnie, bez ograniczeń i bardzo bezpiecznie.",,,"195
195",2,true
21,https://createmy-qr.com/bn/vcard-phri-anlaain-kiuaar-kodd-jenaarettr,"vCard QR কোড জেনারেটর - বিনামূল্যে এবং কাস্টম | CreateMy-QR
vCard - ফ্রি অনলাইন কিউআর কোড জেনারেটর - CreateMy-QR",text/html; charset=utf-8,false,200,0,0,"আপনার ব্রাউজারে সরাসরি একটি কাস্টম QR কোডে আপনার vCard ডেটা রূপান্তর করুন। সম্পূর্ণ গোপনীয়তার জন্য 100% অফলাইনে প্রক্রিয়া করা হয়েছে। বিনামূল্যে, কোন সীমা নেই, এবং অত্যন্ত নিরাপদ।
আপনার ব্রাউজারে সরাসরি একটি কাস্টম QR কোডে আপনার vCard ডেটা রূপান্তর করুন। সম্পূর্ণ গোপনীয়তার জন্য 100% অফলাইনে প্রক্রিয়া করা হয়েছে। বিনামূল্যে, কোন সীমা নেই, এবং অত্যন্ত নিরাপদ।",,,"181
181",2,true
21,https://createmy-qr.com/hi/venmo-muph-t-onnlaain-kyuuaar-kodd-jnrettr,"वेनमो QR कोड जेनरेटर - मुफ़्त और कस्टम | CreateMy-QR
वेनमो - मुफ़्त ऑनलाइन क्यूआर कोड जनरेटर - CreateMy-QR",text/html; charset=utf-8,false,200,0,0,"अपने वेनमो डेटा को सीधे अपने ब्राउज़र में एक कस्टम क्यूआर कोड में बदलें। पूर्ण गोपनीयता के लिए 100% ऑफ़लाइन संसाधित। निःशुल्क, कोई सीमा नहीं, और अत्यधिक सुरक्षित।
अपने वेनमो डेटा को सीधे अपने ब्राउज़र में एक कस्टम क्यूआर कोड में बदलें। पूर्ण गोपनीयता के लिए 100% ऑफ़लाइन संसाधित। निःशुल्क, कोई सीमा नहीं, और अत्यधिक सुरक्षित।",,,"162
162",2,true
21,https://createmy-qr.com/vi/tao-ma-qr-mien-phi-truc-tuyen,"Trình tạo mã vạch trực tuyến miễn phí - Tạo mã vạch 1D
Trình tạo mã QR types.barcode - Miễn phí & Tùy chỉnh | CreateMy-QR
barcode - Tạo Mã QR Miễn Phí Trực Tuyến - CreateMy-QR",text/html; charset=utf-8,false,200,0,0,"Chuyển đổi dữ liệu barcode của bạn thành mã QR tùy chỉnh trực tiếp trong trình duyệt của bạn. 100% được xử lý ngoại tuyến để đảm bảo quyền riêng tư tuyệt đối. Miễn phí, không giới hạn và có tính bảo mật cao.
Chuyển đổi dữ liệu types.barcode của bạn thành mã QR tùy chỉnh trực tiếp trong trình duyệt của bạn. 100% được xử lý ngoại tuyến để đảm bảo quyền riêng tư tuyệt đối. Miễn phí, không giới hạn và có tính bảo mật cao.
Tạo mã vạch 1D chuyên nghiệp ngay lập tức. Hỗ trợ Code-128, UPC, EAN, ITF-14, v.v. Miễn phí, an toàn và sẵn sàng tải xuống ở định dạng PNG có độ phân giải cao.",,,"207
213
159",3,true
21,https://createmy-qr.com/vi/wi-fi-tao-ma-qr-mien-phi-truc-tuyen,"Trình tạo mã QR Wi-Fi - Miễn phí & Tùy chỉnh | CreateMy-QR
Wi-Fi - Tạo Mã QR Miễn Phí Trực Tuyến - CreateMy-QR",text/html; charset=utf-8,false,200,0,0,"Chuyển đổi dữ liệu Wi-Fi của bạn thành mã QR tùy chỉnh trực tiếp trong trình duyệt của bạn. 100% được xử lý ngoại tuyến để đảm bảo quyền riêng tư tuyệt đối. Miễn phí, không giới hạn và có tính bảo mật cao.
Chuyển đổi dữ liệu Wi-Fi của bạn thành mã QR tùy chỉnh trực tiếp trong trình duyệt của bạn. 100% được xử lý ngoại tuyến để đảm bảo quyền riêng tư tuyệt đối. Miễn phí, không giới hạn và có tính bảo mật cao.",,,"205
205",2,true
21,https://createmy-qr.com/pt/arquivo-gerador-de-codigo-qr-gratis-online,"Gerador de código QR Arquivo - gratuito e personalizado | CreateMy-QR
Arquivo - Gerador de Código QR Grátis Online - CreateMy-QR",text/html; charset=utf-8,false,200,0,0,"Converta seus dados do Arquivo em um código QR personalizado diretamente no seu navegador. 100% processado offline para privacidade absoluta. Gratuito, sem limites e altamente seguro.
Converta seus dados do Arquivo em um código QR personalizado diretamente no seu navegador. 100% processado offline para privacidade absoluta. Gratuito, sem limites e altamente seguro.",,,"183
183",2,true
21,https://createmy-qr.com/fr/spotify-generateur-de-code-qr-gratuit-en-ligne,"Générateur de code QR Spotify - Gratuit et personnalisé | CreateMy-QR
Spotify - Générateur de Code QR Gratuit en Ligne - CreateMy-QR",text/html; charset=utf-8,false,200,0,0,"Convertissez vos données Spotify en un code QR personnalisé directement dans votre navigateur. 100 % traité hors ligne pour une confidentialité absolue. Gratuit, sans limites et hautement sécurisé.
Convertissez vos données Spotify en un code QR personnalisé directement dans votre navigateur. 100 % traité hors ligne pour une confidentialité absolue. Gratuit, sans limites et hautement sécurisé.",,,"197
197",2,true
21,https://createmy-qr.com/hi/ttekstt-muph-t-onnlaain-kyuuaar-kodd-jnrettr,"टेक्स्ट QR कोड जेनरेटर - मुफ़्त और कस्टम | CreateMy-QR
टेक्स्ट - मुफ़्त ऑनलाइन क्यूआर कोड जनरेटर - CreateMy-QR",text/html; charset=utf-8,false,200,0,0,"अपने टेक्स्ट डेटा को सीधे अपने ब्राउज़र में एक कस्टम क्यूआर कोड में बदलें। पूर्ण गोपनीयता के लिए 100% ऑफ़लाइन संसाधित। निःशुल्क, कोई सीमा नहीं, और अत्यधिक सुरक्षित।
अपने टेक्स्ट डेटा को सीधे अपने ब्राउज़र में एक कस्टम क्यूआर कोड में बदलें। पूर्ण गोपनीयता के लिए 100% ऑफ़लाइन संसाधित। निःशुल्क, कोई सीमा नहीं, और अत्यधिक सुरक्षित।",,,"164
164",2,true
21,https://createmy-qr.com/ro/video-generator-de-coduri-qr-gratuit-online,"Video QR Code Generator - Gratuit și personalizat | CreateMy-QR
Video - Generator de Coduri QR Gratuit Online - CreateMy-QR",text/html; charset=utf-8,false,200,0,0,"Transformați datele dvs. Video într-un cod QR personalizat direct în browser. Procesat 100% offline pentru confidențialitate absolută. Gratuit, fără limite și foarte sigur.
Transformați datele dvs. Video într-un cod QR personalizat direct în browser. Procesat 100% offline pentru confidențialitate absolută. Gratuit, fără limite și foarte sigur.",,,"172
172",2,true
21,https://createmy-qr.com/de/bild-kostenloser-qr-code-generator-online,"Bild QR-Code-Generator – kostenlos und benutzerdefiniert | CreateMy-QR
Bild - Kostenloser QR-Code Generator Online - CreateMy-QR",text/html; charset=utf-8,false,200,0,0,"Wandeln Sie Ihre Bild-Daten direkt in Ihrem Browser in einen benutzerdefinierten QR-Code um. 100 % offline verarbeitet für absolute Privatsphäre. Kostenlos, ohne Grenzen und äußerst sicher.
Wandeln Sie Ihre Bild-Daten direkt in Ihrem Browser in einen benutzerdefinierten QR-Code um. 100 % offline verarbeitet für absolute Privatsphäre. Kostenlos, ohne Grenzen und äußerst sicher.",,,"189
189",2,true
21,https://createmy-qr.com/de/paypal-kostenloser-qr-code-generator-online,"PayPal QR-Code-Generator – kostenlos und benutzerdefiniert | CreateMy-QR
PayPal - Kostenloser QR-Code Generator Online - CreateMy-QR",text/html; charset=utf-8,false,200,0,0,"Wandeln Sie Ihre PayPal-Daten direkt in Ihrem Browser in einen benutzerdefinierten QR-Code um. 100 % offline verarbeitet für absolute Privatsphäre. Kostenlos, ohne Grenzen und äußerst sicher.
Wandeln Sie Ihre PayPal-Daten direkt in Ihrem Browser in einen benutzerdefinierten QR-Code um. 100 % offline verarbeitet für absolute Privatsphäre. Kostenlos, ohne Grenzen und äußerst sicher.",,,"191
191",2,true
21,https://createmy-qr.com/ro/fisier-generator-de-coduri-qr-gratuit-online,"Fișier QR Code Generator - Gratuit și personalizat | CreateMy-QR
Fișier - Generator de Coduri QR Gratuit Online - CreateMy-QR",text/html; charset=utf-8,false,200,0,0,"Transformați datele dvs. Fișier într-un cod QR personalizat direct în browser. Procesat 100% offline pentru confidențialitate absolută. Gratuit, fără limite și foarte sigur.
Transformați datele dvs. Fișier într-un cod QR personalizat direct în browser. Procesat 100% offline pentru confidențialitate absolută. Gratuit, fără limite și foarte sigur.",,,"173
173",2,true
21,https://createmy-qr.com/fr/google-forms-generateur-de-code-qr-gratuit-en-ligne,"Générateur de code QR Formulaires Google - Gratuit et personnalisé | CreateMy-QR
Formulaires Google - Générateur de Code QR Gratuit en Ligne - CreateMy-QR",text/html; charset=utf-8,false,200,0,0,"Convertissez vos données Formulaires Google en un code QR personnalisé directement dans votre navigateur. 100 % traité hors ligne pour une confidentialité absolue. Gratuit, sans limites et hautement sécurisé.
Convertissez vos données Formulaires Google en un code QR personnalisé directement dans votre navigateur. 100 % traité hors ligne pour une confidentialité absolue. Gratuit, sans limites et hautement sécurisé.",,,"208
208",2,true
21,https://createmy-qr.com/ms/kes-penggunaan,"Penjana Kod QR Percuma Dalam Talian - CreateMy-QR (No Signup) | Kes Penggunaan
Penjana Kod QR types.usecases - Percuma & Tersuai | CreateMy-QR
Kes Penggunaan | CreateMy-QR",text/html; charset=utf-8,false,200,0,0,"Learn more about CreateMy-QR use cases.
Tukar data types.usecases anda kepada kod QR tersuai terus dalam penyemak imbas anda. 100% diproses di luar talian untuk privasi mutlak. Percuma, tiada had dan sangat selamat.",,,"39
175",2,true
21,https://createmy-qr.com/uk/tekst-bezkoshtovniy-generator-qr-kodiv-onlayn,"Генератор QR-коду Текст – безкоштовний і користувацький | CreateMy-QR
Текст - Безкоштовний Генератор QR-кодів Онлайн - CreateMy-QR",text/html; charset=utf-8,false,200,0,0,"Перетворіть свої дані Текст на власний QR-код безпосередньо у своєму браузері. 100% обробка офлайн для повної конфіденційності. Безкоштовно, без обмежень і дуже безпечно.
Перетворіть свої дані Текст на власний QR-код безпосередньо у своєму браузері. 100% обробка офлайн для повної конфіденційності. Безкоштовно, без обмежень і дуже безпечно.",,,"170
170",2,true
21,https://createmy-qr.com/ar/sms-mwld-rmz-lstjb-lsryaa-mjny,"SMS QR Code Generator - مجاني ومخصص | CreateMy-QR
SMS - مولد رمز الاستجابة السريعة مجاني - CreateMy-QR",text/html; charset=utf-8,false,200,0,0,"قم بتحويل بيانات SMS الخاصة بك إلى رمز QR مخصص مباشرةً في متصفحك. تمت معالجتها بنسبة 100% دون الاتصال بالإنترنت لتوفير الخصوصية المطلقة. مجاني، بلا حدود، وآمن للغاية.
قم بتحويل بيانات SMS الخاصة بك إلى رمز QR مخصص مباشرةً في متصفحك. تمت معالجتها بنسبة 100% دون الاتصال بالإنترنت لتوفير الخصوصية المطلقة. مجاني، بلا حدود، وآمن للغاية.",,,"166
166",2,true
21,https://createmy-qr.com/it/link-nella-biografia-generatore-di-codici-qr-gratis-online,"Generatore di codici QR Link nella biografia - Gratuito e personalizzato | CreateMy-QR
Link nella biografia - Generatore di Codici QR Gratis Online - CreateMy-QR",text/html; charset=utf-8,false,200,0,0,"Converti i tuoi dati Link nella biografia in un codice QR personalizzato direttamente nel tuo browser. Elaborato offline al 100% per una privacy assoluta. Gratuito, senza limiti e altamente sicuro.
Converti i tuoi dati Link nella biografia in un codice QR personalizzato direttamente nel tuo browser. Elaborato offline al 100% per una privacy assoluta. Gratuito, senza limiti e altamente sicuro.",,,"197
197",2,true
21,https://createmy-qr.com/pt/leitor-de-codigo-de-barras-gerador-de-codigo-qr-gratis-online,"Scanner de código de barras online gratuito - Digitalize UPC e EAN
Gerador de código QR Leitor de código de barras - gratuito e personalizado | CreateMy-QR
Leitor de código de barras - Gerador de Código QR Grátis Online - CreateMy-QR",text/html; charset=utf-8,false,200,0,0,"Converta seus dados do Leitor de código de barras em um código QR personalizado diretamente no seu navegador. 100% processado offline para privacidade absoluta. Gratuito, sem limites e altamente seguro.
Converta seus dados do Leitor de código de barras em um código QR personalizado diretamente no seu navegador. 100% processado offline para privacidade absoluta. Gratuito, sem limites e altamente seguro.
Digitalize códigos de barras online gratuitamente usando a câmera do seu dispositivo ou carregue uma imagem.Suporta UPC, EAN, Código 128 e mais.100% privado e seguro.",,,"202
202
166",3,true
21,https://createmy-qr.com/nl/youtube-gratis-qr-code-generator-online,"YouTube QR-codegenerator - gratis en aangepast | CreateMy-QR
YouTube - Gratis QR Code Generator Online - CreateMy-QR",text/html; charset=utf-8,false,200,0,0,"Converteer uw YouTube-gegevens rechtstreeks in uw browser naar een aangepaste QR-code. 100% offline verwerkt voor absolute privacy. Gratis, geen grenzen en zeer veilig.
Converteer uw YouTube-gegevens rechtstreeks in uw browser naar een aangepaste QR-code. 100% offline verwerkt voor absolute privacy. Gratis, geen grenzen en zeer veilig.",,,"168
168",2,true
21,https://createmy-qr.com/bn/baay-ote-lingk-phri-anlaain-kiuaar-kodd-jenaarettr,"বায়োতে ​​লিঙ্ক QR কোড জেনারেটর - বিনামূল্যে এবং কাস্টম | CreateMy-QR
বায়োতে ​​লিঙ্ক - ফ্রি অনলাইন কিউআর কোড জেনারেটর - CreateMy-QR",text/html; charset=utf-8,false,200,0,0,"আপনার ব্রাউজারে সরাসরি একটি কাস্টম QR কোডে আপনার বায়োতে ​​লিঙ্ক ডেটা রূপান্তর করুন। সম্পূর্ণ গোপনীয়তার জন্য 100% অফলাইনে প্রক্রিয়া করা হয়েছে। বিনামূল্যে, কোন সীমা নেই, এবং অত্যন্ত নিরাপদ।
আপনার ব্রাউজারে সরাসরি একটি কাস্টম QR কোডে আপনার বায়োতে ​​লিঙ্ক ডেটা রূপান্তর করুন। সম্পূর্ণ গোপনীয়তার জন্য 100% অফলাইনে প্রক্রিয়া করা হয়েছে। বিনামূল্যে, কোন সীমা নেই, এবং অত্যন্ত নিরাপদ।",,,"191
191",2,true
21,https://createmy-qr.com/da/privatlivspolitik,"Gratis QR Kode Generator Online - CreateMy-QR (No Signup) | Privatlivspolitik
types.privacy QR Code Generator - Gratis og brugerdefineret | CreateMy-QR
Privatlivspolitik | CreateMy-QR",text/html; charset=utf-8,false,200,0,0,"Learn more about CreateMy-QR privacy policy.
Konverter dine types.privacy-data til en tilpasset QR-kode direkte i din browser. 100 % behandlet offline for absolut privatliv. Gratis, ingen grænser og meget sikker.",,,"44
167",2,true
21,https://createmy-qr.com/ar/vcard-mwld-rmz-lstjb-lsryaa-mjny,"vCard QR Code Generator - مجاني ومخصص | CreateMy-QR
vCard - مولد رمز الاستجابة السريعة مجاني - CreateMy-QR",text/html; charset=utf-8,false,200,0,0,"قم بتحويل بيانات vCard الخاصة بك إلى رمز QR مخصص مباشرةً في متصفحك. تمت معالجتها بنسبة 100% دون الاتصال بالإنترنت لتوفير الخصوصية المطلقة. مجاني، بلا حدود، وآمن للغاية.
قم بتحويل بيانات vCard الخاصة بك إلى رمز QR مخصص مباشرةً في متصفحك. تمت معالجتها بنسبة 100% دون الاتصال بالإنترنت لتوفير الخصوصية المطلقة. مجاني، بلا حدود، وآمن للغاية.",,,"168
168",2,true
21,https://createmy-qr.com/fi/varaus-ilmainen-qr-koodigeneraattori-netissa,"Varaus QR-koodigeneraattori - ilmainen ja räätälöity | CreateMy-QR
Varaus - Ilmainen QR-koodigeneraattori Netissä - CreateMy-QR",text/html; charset=utf-8,false,200,0,0,"Muunna Varaus-tietosi mukautetuksi QR-koodiksi suoraan selaimessasi. 100 % käsitelty offline-tilassa täydellisen yksityisyyden takaamiseksi. Ilmainen, ei rajoituksia ja erittäin turvallinen.
Muunna Varaus-tietosi mukautetuksi QR-koodiksi suoraan selaimessasi. 100 % käsitelty offline-tilassa täydellisen yksityisyyden takaamiseksi. Ilmainen, ei rajoituksia ja erittäin turvallinen.",,,"190
190",2,true
21,https://createmy-qr.com/ar/mn-nhn,"مولد رمز الاستجابة السريعة مجاني - CreateMy-QR (No Signup) | من نحن
types.about QR Code Generator - مجاني ومخصص | CreateMy-QR
من نحن | CreateMy-QR",text/html; charset=utf-8,false,200,0,0,"Learn more about CreateMy-QR about us.
قم بتحويل بيانات types.about الخاصة بك إلى رمز QR مخصص مباشرةً في متصفحك. تمت معالجتها بنسبة 100% دون الاتصال بالإنترنت لتوفير الخصوصية المطلقة. مجاني، بلا حدود، وآمن للغاية.",,,"38
174",2,true
21,https://createmy-qr.com/ro/telefon-generator-de-coduri-qr-gratuit-online,"Telefon QR Code Generator - Gratuit și personalizat | CreateMy-QR
Telefon - Generator de Coduri QR Gratuit Online - CreateMy-QR",text/html; charset=utf-8,false,200,0,0,"Transformați datele dvs. Telefon într-un cod QR personalizat direct în browser. Procesat 100% offline pentru confidențialitate absolută. Gratuit, fără limite și foarte sigur.
Transformați datele dvs. Telefon într-un cod QR personalizat direct în browser. Procesat 100% offline pentru confidențialitate absolută. Gratuit, fără limite și foarte sigur.",,,"174
174",2,true
21,https://createmy-qr.com/hi/ttuuls-kii-tulnaa-kren,"मुफ़्त ऑनलाइन क्यूआर कोड जनरेटर - CreateMy-QR (No Signup) | टूल्स की तुलना करें
types.compare QR कोड जेनरेटर - मुफ़्त और कस्टम | CreateMy-QR
टूल्स की तुलना करें | CreateMy-QR",text/html; charset=utf-8,false,200,0,0,"Learn more about CreateMy-QR compare tools.
अपने types.compare डेटा को सीधे अपने ब्राउज़र में एक कस्टम क्यूआर कोड में बदलें। पूर्ण गोपनीयता के लिए 100% ऑफ़लाइन संसाधित। निःशुल्क, कोई सीमा नहीं, और अत्यधिक सुरक्षित।",,,"43
170",2,true
21,https://createmy-qr.com/de/datei-kostenloser-qr-code-generator-online,"Datei QR-Code-Generator – kostenlos und benutzerdefiniert | CreateMy-QR
Datei - Kostenloser QR-Code Generator Online - CreateMy-QR",text/html; charset=utf-8,false,200,0,0,"Wandeln Sie Ihre Datei-Daten direkt in Ihrem Browser in einen benutzerdefinierten QR-Code um. 100 % offline verarbeitet für absolute Privatsphäre. Kostenlos, ohne Grenzen und äußerst sicher.
Wandeln Sie Ihre Datei-Daten direkt in Ihrem Browser in einen benutzerdefinierten QR-Code um. 100 % offline verarbeitet für absolute Privatsphäre. Kostenlos, ohne Grenzen und äußerst sicher.",,,"190
190",2,true
21,https://createmy-qr.com/hu/eszkozok-osszehasonlitasa,"Ingyenes Online QR-kód Generátor - CreateMy-QR (No Signup) | Eszközök összehasonlítása
types.compare QR-kód generátor - ingyenes és egyedi | CreateMy-QR
Eszközök összehasonlítása | CreateMy-QR",text/html; charset=utf-8,false,200,0,0,"Learn more about CreateMy-QR compare tools.
Alakítsa át types.compare adatait egyéni QR-kóddá közvetlenül a böngészőjében. 100%-ban offline feldolgozva az abszolút adatvédelem érdekében. Ingyenes, korlátok nélkül és rendkívül biztonságos.",,,"43
194",2,true
21,https://createmy-qr.com/es/pdf-generador-de-codigos-qr-gratis-online,"Generador de códigos QR PDF: gratuito y personalizado | CreateMy-QR
PDF - Generador de Códigos QR Gratis Online - CreateMy-QR",text/html; charset=utf-8,false,200,0,0,"Convierta sus datos de PDF en un código QR personalizado directamente en su navegador. 100% procesado fuera de línea para absoluta privacidad. Gratis, sin límites y muy seguro.
Convierta sus datos de PDF en un código QR personalizado directamente en su navegador. 100% procesado fuera de línea para absoluta privacidad. Gratis, sin límites y muy seguro.",,,"176
176",2,true
21,https://createmy-qr.com/es/crypto-generador-de-codigos-qr-gratis-online,"Generador de códigos QR Cripto: gratuito y personalizado | CreateMy-QR
Cripto - Generador de Códigos QR Gratis Online - CreateMy-QR",text/html; charset=utf-8,false,200,0,0,"Convierta sus datos de Cripto en un código QR personalizado directamente en su navegador. 100% procesado fuera de línea para absoluta privacidad. Gratis, sin límites y muy seguro.
Convierta sus datos de Cripto en un código QR personalizado directamente en su navegador. 100% procesado fuera de línea para absoluta privacidad. Gratis, sin límites y muy seguro.",,,"179
179",2,true
21,https://createmy-qr.com/de/linkedin-kostenloser-qr-code-generator-online,"LinkedIn QR-Code-Generator – kostenlos und benutzerdefiniert | CreateMy-QR
LinkedIn - Kostenloser QR-Code Generator Online - CreateMy-QR",text/html; charset=utf-8,false,200,0,0,"Wandeln Sie Ihre LinkedIn-Daten direkt in Ihrem Browser in einen benutzerdefinierten QR-Code um. 100 % offline verarbeitet für absolute Privatsphäre. Kostenlos, ohne Grenzen und äußerst sicher.
Wandeln Sie Ihre LinkedIn-Daten direkt in Ihrem Browser in einen benutzerdefinierten QR-Code um. 100 % offline verarbeitet für absolute Privatsphäre. Kostenlos, ohne Grenzen und äußerst sicher.",,,"193
193",2,true
21,https://createmy-qr.com/ro/venmo-generator-de-coduri-qr-gratuit-online,"Venmo QR Code Generator - Gratuit și personalizat | CreateMy-QR
Venmo - Generator de Coduri QR Gratuit Online - CreateMy-QR",text/html; charset=utf-8,false,200,0,0,"Transformați datele dvs. Venmo într-un cod QR personalizat direct în browser. Procesat 100% offline pentru confidențialitate absolută. Gratuit, fără limite și foarte sigur.
Transformați datele dvs. Venmo într-un cod QR personalizat direct în browser. Procesat 100% offline pentru confidențialitate absolută. Gratuit, fără limite și foarte sigur.",,,"172
172",2,true
21,https://createmy-qr.com/da/google-review-gratis-qr-kode-generator-online,"Google anmeldelse QR Code Generator - Gratis og brugerdefineret | CreateMy-QR
Google anmeldelse - Gratis QR Kode Generator Online - CreateMy-QR",text/html; charset=utf-8,false,200,0,0,"Konverter dine Google anmeldelse-data til en tilpasset QR-kode direkte i din browser. 100 % behandlet offline for absolut privatliv. Gratis, ingen grænser og meget sikker.
Konverter dine Google anmeldelse-data til en tilpasset QR-kode direkte i din browser. 100 % behandlet offline for absolut privatliv. Gratis, ingen grænser og meget sikker.",,,"171
171",2,true
21,https://createmy-qr.com/hu/wifi-ingyenes-online-qr-kod-generator,"WiFi QR-kód generátor - ingyenes és egyedi | CreateMy-QR
WiFi - Ingyenes Online QR-kód Generátor - CreateMy-QR",text/html; charset=utf-8,false,200,0,0,"Alakítsa át WiFi adatait egyéni QR-kóddá közvetlenül a böngészőjében. 100%-ban offline feldolgozva az abszolút adatvédelem érdekében. Ingyenes, korlátok nélkül és rendkívül biztonságos.
Alakítsa át WiFi adatait egyéni QR-kóddá közvetlenül a böngészőjében. 100%-ban offline feldolgozva az abszolút adatvédelem érdekében. Ingyenes, korlátok nélkül és rendkívül biztonságos.",,,"185
185",2,true
21,https://createmy-qr.com/tl/libreng-online-qr-code-generator-2,"Libreng QR Code Scanner Online - I-scan ang QR Agad
types.scanqr QR Code Generator - Libre at Custom | CreateMy-QR
scanqr - Libreng Online QR Code Generator - CreateMy-QR",text/html; charset=utf-8,false,200,0,0,"I-convert ang iyong scanqr data sa isang custom na QR code nang direkta sa iyong browser. 100% na naproseso offline para sa ganap na privacy. Libre, walang limitasyon, at lubos na secure.
I-convert ang iyong types.scanqr data sa isang custom na QR code nang direkta sa iyong browser. 100% na naproseso offline para sa ganap na privacy. Libre, walang limitasyon, at lubos na secure.
I-scan kaagad ang mga QR code gamit ang iyong camera o sa pamamagitan ng pag-upload ng larawan. 100% secure, pribado, at pagpoproseso sa panig ng kliyente.",,,"187
193
155",3,true
21,https://createmy-qr.com/ar/tiktok-mwld-rmz-lstjb-lsryaa-mjny,"التيك توك QR Code Generator - مجاني ومخصص | CreateMy-QR
التيك توك - مولد رمز الاستجابة السريعة مجاني - CreateMy-QR",text/html; charset=utf-8,false,200,0,0,"قم بتحويل بيانات التيك توك الخاصة بك إلى رمز QR مخصص مباشرةً في متصفحك. تمت معالجتها بنسبة 100% دون الاتصال بالإنترنت لتوفير الخصوصية المطلقة. مجاني، بلا حدود، وآمن للغاية.
قم بتحويل بيانات التيك توك الخاصة بك إلى رمز QR مخصص مباشرةً في متصفحك. تمت معالجتها بنسبة 100% دون الاتصال بالإنترنت لتوفير الخصوصية المطلقة. مجاني، بلا حدود، وآمن للغاية.",,,"172
172",2,true
21,https://createmy-qr.com/bn/amazon-phri-anlaain-kiuaar-kodd-jenaarettr,"আমাজন QR কোড জেনারেটর - বিনামূল্যে এবং কাস্টম | CreateMy-QR
আমাজন - ফ্রি অনলাইন কিউআর কোড জেনারেটর - CreateMy-QR",text/html; charset=utf-8,false,200,0,0,"আপনার ব্রাউজারে সরাসরি একটি কাস্টম QR কোডে আপনার আমাজন ডেটা রূপান্তর করুন। সম্পূর্ণ গোপনীয়তার জন্য 100% অফলাইনে প্রক্রিয়া করা হয়েছে। বিনামূল্যে, কোন সীমা নেই, এবং অত্যন্ত নিরাপদ।
আপনার ব্রাউজারে সরাসরি একটি কাস্টম QR কোডে আপনার আমাজন ডেটা রূপান্তর করুন। সম্পূর্ণ গোপনীয়তার জন্য 100% অফলাইনে প্রক্রিয়া করা হয়েছে। বিনামূল্যে, কোন সীমা নেই, এবং অত্যন্ত নিরাপদ।",,,"181
181",2,true
21,https://createmy-qr.com/de/text-kostenloser-qr-code-generator-online,"Text QR-Code-Generator – kostenlos und benutzerdefiniert | CreateMy-QR
Text - Kostenloser QR-Code Generator Online - CreateMy-QR",text/html; charset=utf-8,false,200,0,0,"Wandeln Sie Ihre Text-Daten direkt in Ihrem Browser in einen benutzerdefinierten QR-Code um. 100 % offline verarbeitet für absolute Privatsphäre. Kostenlos, ohne Grenzen und äußerst sicher.
Wandeln Sie Ihre Text-Daten direkt in Ihrem Browser in einen benutzerdefinierten QR-Code um. 100 % offline verarbeitet für absolute Privatsphäre. Kostenlos, ohne Grenzen und äußerst sicher.",,,"189
189",2,true
21,https://createmy-qr.com/ru/izobrazhenie-besplatnyy-generator-qr-kodov-onlayn,"Изображение Генератор QR-кодов — бесплатный и настраиваемый | CreateMy-QR
Изображение - Бесплатный генератор QR-кодов онлайн - CreateMy-QR",text/html; charset=utf-8,false,200,0,0,"Преобразуйте данные Изображение в собственный QR-код прямо в браузере. 100% обработка в автономном режиме для абсолютной конфиденциальности. Бесплатно, без ограничений и очень безопасно.
Преобразуйте данные Изображение в собственный QR-код прямо в браузере. 100% обработка в автономном режиме для абсолютной конфиденциальности. Бесплатно, без ограничений и очень безопасно.",,,"186
186",2,true
21,https://createmy-qr.com/sv/instagram-gratis-qr-kod-generator-online,"Instagram QR Code Generator - Gratis & anpassad | CreateMy-QR
Instagram - Gratis QR-kod Generator Online - CreateMy-QR",text/html; charset=utf-8,false,200,0,0,"Konvertera dina Instagram-data till en anpassad QR-kod direkt i din webbläsare. 100 % bearbetad offline för absolut integritet. Gratis, inga gränser och mycket säker.
Konvertera dina Instagram-data till en anpassad QR-kod direkt i din webbläsare. 100 % bearbetad offline för absolut integritet. Gratis, inga gränser och mycket säker.",,,"166
166",2,true
21,https://createmy-qr.com/ms/discord-penjana-kod-qr-percuma-dalam-talian,"Penjana Kod QR Perselisihan - Percuma & Tersuai | CreateMy-QR
Perselisihan - Penjana Kod QR Percuma Dalam Talian - CreateMy-QR",text/html; charset=utf-8,false,200,0,0,"Tukar data Perselisihan anda kepada kod QR tersuai terus dalam penyemak imbas anda. 100% diproses di luar talian untuk privasi mutlak. Percuma, tiada had dan sangat selamat.
Tukar data Perselisihan anda kepada kod QR tersuai terus dalam penyemak imbas anda. 100% diproses di luar talian untuk privasi mutlak. Percuma, tiada had dan sangat selamat.",,,"173
173",2,true
21,https://createmy-qr.com/tl/arkitektura-ng-seguridad,"Libreng Online QR Code Generator - CreateMy-QR (No Signup) | Arkitektura ng Seguridad
types.security QR Code Generator - Libre at Custom | CreateMy-QR
Arkitektura ng Seguridad | CreateMy-QR",text/html; charset=utf-8,false,200,0,0,"Learn more about CreateMy-QR security architecture.
I-convert ang iyong types.security data sa isang custom na QR code nang direkta sa iyong browser. 100% na naproseso offline para sa ganap na privacy. Libre, walang limitasyon, at lubos na secure.",,,"51
195",2,true
21,https://createmy-qr.com/es/casos-de-uso,"Generador de Códigos QR Gratis Online - CreateMy-QR (No Signup) | Casos de uso
Generador de códigos QR types.usecases: gratuito y personalizado | CreateMy-QR
Casos de uso | CreateMy-QR",text/html; charset=utf-8,false,200,0,0,"Learn more about CreateMy-QR use cases.
Convierta sus datos de types.usecases en un código QR personalizado directamente en su navegador. 100% procesado fuera de línea para absoluta privacidad. Gratis, sin límites y muy seguro.",,,"39
187",2,true
21,https://createmy-qr.com/cs/galerie-obrazku-zdarma-online-generator-qr-kodu,"Galerie obrázků generátor QR kódu – zdarma a na míru | CreateMy-QR
Galerie obrázků - Zdarma Online Generátor QR Kódů - CreateMy-QR",text/html; charset=utf-8,false,200,0,0,"Převeďte svá data Galerie obrázků na vlastní QR kód přímo ve vašem prohlížeči. 100% zpracováno offline pro absolutní soukromí. Zdarma, bez omezení a vysoce bezpečné.
Převeďte svá data Galerie obrázků na vlastní QR kód přímo ve vašem prohlížeči. 100% zpracováno offline pro absolutní soukromí. Zdarma, bez omezení a vysoce bezpečné.",,,"165
165",2,true
21,https://createmy-qr.com/hu/paypal-ingyenes-online-qr-kod-generator,"PayPal QR-kód generátor - ingyenes és egyedi | CreateMy-QR
PayPal - Ingyenes Online QR-kód Generátor - CreateMy-QR",text/html; charset=utf-8,false,200,0,0,"Alakítsa át PayPal adatait egyéni QR-kóddá közvetlenül a böngészőjében. 100%-ban offline feldolgozva az abszolút adatvédelem érdekében. Ingyenes, korlátok nélkül és rendkívül biztonságos.
Alakítsa át PayPal adatait egyéni QR-kóddá közvetlenül a böngészőjében. 100%-ban offline feldolgozva az abszolút adatvédelem érdekében. Ingyenes, korlátok nélkül és rendkívül biztonságos.",,,"187
187",2,true
21,https://createmy-qr.com/uk/telefon-bezkoshtovniy-generator-qr-kodiv-onlayn,"Генератор QR-коду Телефон – безкоштовний і користувацький | CreateMy-QR
Телефон - Безкоштовний Генератор QR-кодів Онлайн - CreateMy-QR",text/html; charset=utf-8,false,200,0,0,"Перетворіть свої дані Телефон на власний QR-код безпосередньо у своєму браузері. 100% обробка офлайн для повної конфіденційності. Безкоштовно, без обмежень і дуже безпечно.
Перетворіть свої дані Телефон на власний QR-код безпосередньо у своєму браузері. 100% обробка офлайн для повної конфіденційності. Безкоштовно, без обмежень і дуже безпечно.",,,"172
172",2,true
21,https://createmy-qr.com/fi/kuva-ilmainen-qr-koodigeneraattori-netissa,"Kuva QR-koodigeneraattori - ilmainen ja räätälöity | CreateMy-QR
Kuva - Ilmainen QR-koodigeneraattori Netissä - CreateMy-QR",text/html; charset=utf-8,false,200,0,0,"Muunna Kuva-tietosi mukautetuksi QR-koodiksi suoraan selaimessasi. 100 % käsitelty offline-tilassa täydellisen yksityisyyden takaamiseksi. Ilmainen, ei rajoituksia ja erittäin turvallinen.
Muunna Kuva-tietosi mukautetuksi QR-koodiksi suoraan selaimessasi. 100 % käsitelty offline-tilassa täydellisen yksityisyyden takaamiseksi. Ilmainen, ei rajoituksia ja erittäin turvallinen.",,,"188
188",2,true
21,https://createmy-qr.com/ms/app-store-penjana-kod-qr-percuma-dalam-talian,"Penjana Kod QR App Store - Percuma & Tersuai | CreateMy-QR
App Store - Penjana Kod QR Percuma Dalam Talian - CreateMy-QR",text/html; charset=utf-8,false,200,0,0,"Tukar data App Store anda kepada kod QR tersuai terus dalam penyemak imbas anda. 100% diproses di luar talian untuk privasi mutlak. Percuma, tiada had dan sangat selamat.
Tukar data App Store anda kepada kod QR tersuai terus dalam penyemak imbas anda. 100% diproses di luar talian untuk privasi mutlak. Percuma, tiada had dan sangat selamat.",,,"170
170",2,true
21,https://createmy-qr.com/fr/evenement-generateur-de-code-qr-gratuit-en-ligne,"Générateur de code QR Événement - Gratuit et personnalisé | CreateMy-QR
Événement - Générateur de Code QR Gratuit en Ligne - CreateMy-QR",text/html; charset=utf-8,false,200,0,0,"Convertissez vos données Événement en un code QR personnalisé directement dans votre navigateur. 100 % traité hors ligne pour une confidentialité absolue. Gratuit, sans limites et hautement sécurisé.
Convertissez vos données Événement en un code QR personnalisé directement dans votre navigateur. 100 % traité hors ligne pour une confidentialité absolue. Gratuit, sans limites et hautement sécurisé.",,,"199
199",2,true
21,https://createmy-qr.com/es/enlace-en-biografia-generador-de-codigos-qr-gratis-online,"Generador de códigos QR Enlace en biografía: gratuito y personalizado | CreateMy-QR
Enlace en biografía - Generador de Códigos QR Gratis Online - CreateMy-QR",text/html; charset=utf-8,false,200,0,0,"Convierta sus datos de Enlace en biografía en un código QR personalizado directamente en su navegador. 100% procesado fuera de línea para absoluta privacidad. Gratis, sin límites y muy seguro.
Convierta sus datos de Enlace en biografía en un código QR personalizado directamente en su navegador. 100% procesado fuera de línea para absoluta privacidad. Gratis, sin límites y muy seguro.",,,"192
192",2,true
21,https://createmy-qr.com/it/venmo-generatore-di-codici-qr-gratis-online,"Generatore di codici QR Venmo - Gratuito e personalizzato | CreateMy-QR
Venmo - Generatore di Codici QR Gratis Online - CreateMy-QR",text/html; charset=utf-8,false,200,0,0,"Converti i tuoi dati Venmo in un codice QR personalizzato direttamente nel tuo browser. Elaborato offline al 100% per una privacy assoluta. Gratuito, senza limiti e altamente sicuro.
Converti i tuoi dati Venmo in un codice QR personalizzato direttamente nel tuo browser. Elaborato offline al 100% per una privacy assoluta. Gratuito, senza limiti e altamente sicuro.",,,"182
182",2,true
21,https://createmy-qr.com/nl/vcard-gratis-qr-code-generator-online,"vCard QR-codegenerator - gratis en aangepast | CreateMy-QR
vCard - Gratis QR Code Generator Online - CreateMy-QR",text/html; charset=utf-8,false,200,0,0,"Converteer uw vCard-gegevens rechtstreeks in uw browser naar een aangepaste QR-code. 100% offline verwerkt voor absolute privacy. Gratis, geen grenzen en zeer veilig.
Converteer uw vCard-gegevens rechtstreeks in uw browser naar een aangepaste QR-code. 100% offline verwerkt voor absolute privacy. Gratis, geen grenzen en zeer veilig.",,,"166
166",2,true
21,https://createmy-qr.com/ar/ks-twytr-mwld-rmz-lstjb-lsryaa-mjny,"اكس (تويتر) QR Code Generator - مجاني ومخصص | CreateMy-QR
اكس (تويتر) - مولد رمز الاستجابة السريعة مجاني - CreateMy-QR",text/html; charset=utf-8,false,200,0,0,"قم بتحويل بيانات اكس (تويتر) الخاصة بك إلى رمز QR مخصص مباشرةً في متصفحك. تمت معالجتها بنسبة 100% دون الاتصال بالإنترنت لتوفير الخصوصية المطلقة. مجاني، بلا حدود، وآمن للغاية.
قم بتحويل بيانات اكس (تويتر) الخاصة بك إلى رمز QR مخصص مباشرةً في متصفحك. تمت معالجتها بنسبة 100% دون الاتصال بالإنترنت لتوفير الخصوصية المطلقة. مجاني، بلا حدود، وآمن للغاية.",,,"174
174",2,true
21,https://createmy-qr.com/pt/gerador-de-codigo-qr-gratis-online,"Gerador de código de barras online gratuito - Crie códigos de barras 1D
Gerador de código QR types.barcode - gratuito e personalizado | CreateMy-QR
barcode - Gerador de Código QR Grátis Online - CreateMy-QR",text/html; charset=utf-8,false,200,0,0,"Converta seus dados do barcode em um código QR personalizado diretamente no seu navegador. 100% processado offline para privacidade absoluta. Gratuito, sem limites e altamente seguro.
Converta seus dados do types.barcode em um código QR personalizado diretamente no seu navegador. 100% processado offline para privacidade absoluta. Gratuito, sem limites e altamente seguro.
Gere códigos de barras 1D profissionais instantaneamente. Suporte para Code-128, UPC, EAN, ITF-14 e muito mais. Gratuito, seguro e pronto para download em PNG de alta resolução.",,,"183
189
177",3,true
21,https://createmy-qr.com/hu/spotify-ingyenes-online-qr-kod-generator,"Spotify QR-kód generátor - ingyenes és egyedi | CreateMy-QR
Spotify - Ingyenes Online QR-kód Generátor - CreateMy-QR",text/html; charset=utf-8,false,200,0,0,"Alakítsa át Spotify adatait egyéni QR-kóddá közvetlenül a böngészőjében. 100%-ban offline feldolgozva az abszolút adatvédelem érdekében. Ingyenes, korlátok nélkül és rendkívül biztonságos.
Alakítsa át Spotify adatait egyéni QR-kóddá közvetlenül a böngészőjében. 100%-ban offline feldolgozva az abszolút adatvédelem érdekében. Ingyenes, korlátok nélkül és rendkívül biztonságos.",,,"188
188",2,true
21,https://createmy-qr.com/hi/whatsapp-muph-t-onnlaain-kyuuaar-kodd-jnrettr,"व्हाट्सएप QR कोड जेनरेटर - मुफ़्त और कस्टम | CreateMy-QR
व्हाट्सएप - मुफ़्त ऑनलाइन क्यूआर कोड जनरेटर - CreateMy-QR",text/html; charset=utf-8,false,200,0,0,"अपने व्हाट्सएप डेटा को सीधे अपने ब्राउज़र में एक कस्टम क्यूआर कोड में बदलें। पूर्ण गोपनीयता के लिए 100% ऑफ़लाइन संसाधित। निःशुल्क, कोई सीमा नहीं, और अत्यधिक सुरक्षित।
अपने व्हाट्सएप डेटा को सीधे अपने ब्राउज़र में एक कस्टम क्यूआर कोड में बदलें। पूर्ण गोपनीयता के लिए 100% ऑफ़लाइन संसाधित। निःशुल्क, कोई सीमा नहीं, और अत्यधिक सुरक्षित।",,,"166
166",2,true
21,https://createmy-qr.com/th/phaasaathiir-ngrab,"เครื่องมือสร้างคิวอาร์โค้ดออนไลน์ฟรี - CreateMy-QR (No Signup) | ภาษาที่รองรับ
types.languages เครื่องสร้างโค้ด QR - ฟรีและกำหนดเอง | CreateMy-QR
ภาษาที่รองรับ | CreateMy-QR",text/html; charset=utf-8,false,200,0,0,"Learn more about CreateMy-QR supported languages.
แปลงข้อมูล types.languages ของคุณให้เป็นโค้ด QR ที่กำหนดเองได้โดยตรงในเบราว์เซอร์ของคุณ ประมวลผลแบบออฟไลน์ 100% เพื่อความเป็นส่วนตัวอย่างแท้จริง ฟรี ไม่จำกัด และมีความปลอดภัยสูง",,,"49
177",2,true
21,https://createmy-qr.com/sv/anvandarvillkor,"Gratis QR-kod Generator Online - CreateMy-QR (No Signup) | Användarvillkor
types.terms QR Code Generator - Gratis & anpassad | CreateMy-QR
Användarvillkor | CreateMy-QR",text/html; charset=utf-8,false,200,0,0,"Learn more about CreateMy-QR terms of service.
Konvertera dina types.terms-data till en anpassad QR-kod direkt i din webbläsare. 100 % bearbetad offline för absolut integritet. Gratis, inga gränser och mycket säker.",,,"46
168",2,true
21,https://createmy-qr.com/vi/dinh-gia-mien-phi-100,"Tạo Mã QR Miễn Phí Trực Tuyến - CreateMy-QR (No Signup) | Định giá miễn phí 100%
Trình tạo mã QR types.pricing - Miễn phí & Tùy chỉnh | CreateMy-QR
Định giá miễn phí 100% | CreateMy-QR",text/html; charset=utf-8,false,200,0,0,"Learn more about CreateMy-QR 100% free pricing.
Chuyển đổi dữ liệu types.pricing của bạn thành mã QR tùy chỉnh trực tiếp trong trình duyệt của bạn. 100% được xử lý ngoại tuyến để đảm bảo quyền riêng tư tuyệt đối. Miễn phí, không giới hạn và có tính bảo mật cao.",,,"47
213",2,true
21,https://createmy-qr.com/de/barcode-scanner-kostenloser-qr-code-generator-online,"Kostenloser Barcode-Scanner online – Scannen Sie UPC und EAN
Barcode-Scanner QR-Code-Generator – kostenlos und benutzerdefiniert | CreateMy-QR
Barcode-Scanner - Kostenloser QR-Code Generator Online - CreateMy-QR",text/html; charset=utf-8,false,200,0,0,"Wandeln Sie Ihre Barcode-Scanner-Daten direkt in Ihrem Browser in einen benutzerdefinierten QR-Code um. 100 % offline verarbeitet für absolute Privatsphäre. Kostenlos, ohne Grenzen und äußerst sicher.
Wandeln Sie Ihre Barcode-Scanner-Daten direkt in Ihrem Browser in einen benutzerdefinierten QR-Code um. 100 % offline verarbeitet für absolute Privatsphäre. Kostenlos, ohne Grenzen und äußerst sicher.
Scannen Sie Barcodes kostenlos online mit der Kamera Ihres Geräts oder laden Sie ein Bild hoch.Unterstützt UPC, EAN, Code 128 und mehr.100 % privat und sicher.",,,"200
200
159",3,true
21,https://createmy-qr.com/bn/linkedin-phri-anlaain-kiuaar-kodd-jenaarettr,"লিঙ্কডইন QR কোড জেনারেটর - বিনামূল্যে এবং কাস্টম | CreateMy-QR
লিঙ্কডইন - ফ্রি অনলাইন কিউআর কোড জেনারেটর - CreateMy-QR",text/html; charset=utf-8,false,200,0,0,"আপনার ব্রাউজারে সরাসরি একটি কাস্টম QR কোডে আপনার লিঙ্কডইন ডেটা রূপান্তর করুন। সম্পূর্ণ গোপনীয়তার জন্য 100% অফলাইনে প্রক্রিয়া করা হয়েছে। বিনামূল্যে, কোন সীমা নেই, এবং অত্যন্ত নিরাপদ।
আপনার ব্রাউজারে সরাসরি একটি কাস্টম QR কোডে আপনার লিঙ্কডইন ডেটা রূপান্তর করুন। সম্পূর্ণ গোপনীয়তার জন্য 100% অফলাইনে প্রক্রিয়া করা হয়েছে। বিনামূল্যে, কোন সীমা নেই, এবং অত্যন্ত নিরাপদ।",,,"184
184",2,true
21,https://createmy-qr.com/th/cch-ng-ekhruue-ngmuue-sraangkhiw-aarokhd-nailnfrii,"จอง เครื่องสร้างโค้ด QR - ฟรีและกำหนดเอง | CreateMy-QR
จอง - เครื่องมือสร้างคิวอาร์โค้ดออนไลน์ฟรี - CreateMy-QR",text/html; charset=utf-8,false,200,0,0,"แปลงข้อมูล จอง ของคุณให้เป็นโค้ด QR ที่กำหนดเองได้โดยตรงในเบราว์เซอร์ของคุณ ประมวลผลแบบออฟไลน์ 100% เพื่อความเป็นส่วนตัวอย่างแท้จริง ฟรี ไม่จำกัด และมีความปลอดภัยสูง
แปลงข้อมูล จอง ของคุณให้เป็นโค้ด QR ที่กำหนดเองได้โดยตรงในเบราว์เซอร์ของคุณ ประมวลผลแบบออฟไลน์ 100% เพื่อความเป็นส่วนตัวอย่างแท้จริง ฟรี ไม่จำกัด และมีความปลอดภัยสูง",,,"165
165",2,true
21,https://createmy-qr.com/el/ihos-dorean-dimioyrgia-qr-code-online,"Ήχος QR Code Generator - Δωρεάν & Προσαρμοσμένο | CreateMy-QR
Ήχος - Δωρεάν Δημιουργία QR Code Online - CreateMy-QR",text/html; charset=utf-8,false,200,0,0,"Μετατρέψτε τα δεδομένα σας Ήχος σε προσαρμοσμένο κωδικό QR απευθείας στο πρόγραμμα περιήγησής σας. 100% επεξεργασία εκτός σύνδεσης για απόλυτη προστασία της ιδιωτικής ζωής. Δωρεάν, χωρίς όρια και εξαιρετικά ασφαλές.
Μετατρέψτε τα δεδομένα σας Ήχος σε προσαρμοσμένο κωδικό QR απευθείας στο πρόγραμμα περιήγησής σας. 100% επεξεργασία εκτός σύνδεσης για απόλυτη προστασία της ιδιωτικής ζωής. Δωρεάν, χωρίς όρια και εξαιρετικά ασφαλές.",,,"215
215",2,true
21,https://createmy-qr.com/ru/amazon-besplatnyy-generator-qr-kodov-onlayn,"Амазонка Генератор QR-кодов — бесплатный и настраиваемый | CreateMy-QR
Амазонка - Бесплатный генератор QR-кодов онлайн - CreateMy-QR",text/html; charset=utf-8,false,200,0,0,"Преобразуйте данные Амазонка в собственный QR-код прямо в браузере. 100% обработка в автономном режиме для абсолютной конфиденциальности. Бесплатно, без ограничений и очень безопасно.
Преобразуйте данные Амазонка в собственный QR-код прямо в браузере. 100% обработка в автономном режиме для абсолютной конфиденциальности. Бесплатно, без ограничений и очень безопасно.",,,"183
183",2,true
21,https://createmy-qr.com/da/x-twitter-gratis-qr-kode-generator-online,"X (Twitter) QR Code Generator - Gratis og brugerdefineret | CreateMy-QR
X (Twitter) - Gratis QR Kode Generator Online - CreateMy-QR",text/html; charset=utf-8,false,200,0,0,"Konverter dine X (Twitter)-data til en tilpasset QR-kode direkte i din browser. 100 % behandlet offline for absolut privatliv. Gratis, ingen grænser og meget sikker.
Konverter dine X (Twitter)-data til en tilpasset QR-kode direkte i din browser. 100 % behandlet offline for absolut privatliv. Gratis, ingen grænser og meget sikker.",,,"165
165",2,true
21,https://createmy-qr.com/nl/gratis-qr-code-generator-online-2,"Gratis QR-codescanner online - Scan QR direct
types.scanqr QR-codegenerator - gratis en aangepast | CreateMy-QR
scanqr - Gratis QR Code Generator Online - CreateMy-QR",text/html; charset=utf-8,false,200,0,0,"Converteer uw scanqr-gegevens rechtstreeks in uw browser naar een aangepaste QR-code. 100% offline verwerkt voor absolute privacy. Gratis, geen grenzen en zeer veilig.
Converteer uw types.scanqr-gegevens rechtstreeks in uw browser naar een aangepaste QR-code. 100% offline verwerkt voor absolute privacy. Gratis, geen grenzen en zeer veilig.
Scan QR-codes direct met uw camera of door een afbeelding te uploaden. 100% veilige, privé- en clientverwerking.",,,"167
173
112",3,true
21,https://createmy-qr.com/da/om-os,"Gratis QR Kode Generator Online - CreateMy-QR (No Signup) | Om os
types.about QR Code Generator - Gratis og brugerdefineret | CreateMy-QR
Om os | CreateMy-QR",text/html; charset=utf-8,false,200,0,0,"Learn more about CreateMy-QR about us.
Konverter dine types.about-data til en tilpasset QR-kode direkte i din browser. 100 % behandlet offline for absolut privatliv. Gratis, ingen grænser og meget sikker.",,,"38
165",2,true
21,https://createmy-qr.com/ms/instagram-penjana-kod-qr-percuma-dalam-talian,"Penjana Kod QR Instagram - Percuma & Tersuai | CreateMy-QR
Instagram - Penjana Kod QR Percuma Dalam Talian - CreateMy-QR",text/html; charset=utf-8,false,200,0,0,"Tukar data Instagram anda kepada kod QR tersuai terus dalam penyemak imbas anda. 100% diproses di luar talian untuk privasi mutlak. Percuma, tiada had dan sangat selamat.
Tukar data Instagram anda kepada kod QR tersuai terus dalam penyemak imbas anda. 100% diproses di luar talian untuk privasi mutlak. Percuma, tiada had dan sangat selamat.",,,"170
170",2,true
21,https://createmy-qr.com/ms/paypal-penjana-kod-qr-percuma-dalam-talian,"Penjana Kod QR PayPal - Percuma & Tersuai | CreateMy-QR
PayPal - Penjana Kod QR Percuma Dalam Talian - CreateMy-QR",text/html; charset=utf-8,false,200,0,0,"Tukar data PayPal anda kepada kod QR tersuai terus dalam penyemak imbas anda. 100% diproses di luar talian untuk privasi mutlak. Percuma, tiada had dan sangat selamat.
Tukar data PayPal anda kepada kod QR tersuai terus dalam penyemak imbas anda. 100% diproses di luar talian untuk privasi mutlak. Percuma, tiada had dan sangat selamat.",,,"167
167",2,true
21,https://createmy-qr.com/no/email-gratis-qr-kode-generator-online,"E-post QR Code Generator - Gratis og tilpasset | CreateMy-QR
E-post - Gratis QR-kode Generator Online - CreateMy-QR",text/html; charset=utf-8,false,200,0,0,"Konverter E-post-dataene dine til en tilpasset QR-kode direkte i nettleseren din. 100 % behandlet offline for absolutt personvern. Gratis, ingen grenser og svært sikker.
Konverter E-post-dataene dine til en tilpasset QR-kode direkte i nettleseren din. 100 % behandlet offline for absolutt personvern. Gratis, ingen grenser og svært sikker.",,,"169
169",2,true
21,https://createmy-qr.com/no/100-gratis-priser,"Gratis QR-kode Generator Online - CreateMy-QR (No Signup) | 100 % gratis priser
types.pricing QR Code Generator - Gratis og tilpasset | CreateMy-QR
100 % gratis priser | CreateMy-QR",text/html; charset=utf-8,false,200,0,0,"Learn more about CreateMy-QR 100% free pricing.
Konverter types.pricing-dataene dine til en tilpasset QR-kode direkte i nettleseren din. 100 % behandlet offline for absolutt personvern. Gratis, ingen grenser og svært sikker.",,,"47
176",2,true
21,https://createmy-qr.com/es/google-forms-generador-de-codigos-qr-gratis-online,"Generador de códigos QR Formularios de Google: gratuito y personalizado | CreateMy-QR
Formularios de Google - Generador de Códigos QR Gratis Online - CreateMy-QR",text/html; charset=utf-8,false,200,0,0,"Convierta sus datos de Formularios de Google en un código QR personalizado directamente en su navegador. 100% procesado fuera de línea para absoluta privacidad. Gratis, sin límites y muy seguro.
Convierta sus datos de Formularios de Google en un código QR personalizado directamente en su navegador. 100% procesado fuera de línea para absoluta privacidad. Gratis, sin límites y muy seguro.",,,"194
194",2,true
21,https://createmy-qr.com/ms/linkedin-penjana-kod-qr-percuma-dalam-talian,"Penjana Kod QR LinkedIn - Percuma & Tersuai | CreateMy-QR
LinkedIn - Penjana Kod QR Percuma Dalam Talian - CreateMy-QR",text/html; charset=utf-8,false,200,0,0,"Tukar data LinkedIn anda kepada kod QR tersuai terus dalam penyemak imbas anda. 100% diproses di luar talian untuk privasi mutlak. Percuma, tiada had dan sangat selamat.
Tukar data LinkedIn anda kepada kod QR tersuai terus dalam penyemak imbas anda. 100% diproses di luar talian untuk privasi mutlak. Percuma, tiada had dan sangat selamat.",,,"169
169",2,true
21,https://createmy-qr.com/bn/smrthit-bhaassaasmuuh,"ফ্রি অনলাইন কিউআর কোড জেনারেটর - CreateMy-QR (No Signup) | সমর্থিত ভাষাসমূহ
types.languages QR কোড জেনারেটর - বিনামূল্যে এবং কাস্টম | CreateMy-QR
সমর্থিত ভাষাসমূহ | CreateMy-QR",text/html; charset=utf-8,false,200,0,0,"Learn more about CreateMy-QR supported languages.
আপনার ব্রাউজারে সরাসরি একটি কাস্টম QR কোডে আপনার types.languages ডেটা রূপান্তর করুন। সম্পূর্ণ গোপনীয়তার জন্য 100% অফলাইনে প্রক্রিয়া করা হয়েছে। বিনামূল্যে, কোন সীমা নেই, এবং অত্যন্ত নিরাপদ।",,,"49
191",2,true
21,https://createmy-qr.com/ro/discord-generator-de-coduri-qr-gratuit-online,"Discordia QR Code Generator - Gratuit și personalizat | CreateMy-QR
Discordia - Generator de Coduri QR Gratuit Online - CreateMy-QR",text/html; charset=utf-8,false,200,0,0,"Transformați datele dvs. Discordia într-un cod QR personalizat direct în browser. Procesat 100% offline pentru confidențialitate absolută. Gratuit, fără limite și foarte sigur.
Transformați datele dvs. Discordia într-un cod QR personalizat direct în browser. Procesat 100% offline pentru confidențialitate absolută. Gratuit, fără limite și foarte sigur.",,,"176
176",2,true
21,https://createmy-qr.com/tl/linkedin-libreng-online-qr-code-generator,"LinkedIn QR Code Generator - Libre at Custom | CreateMy-QR
LinkedIn - Libreng Online QR Code Generator - CreateMy-QR",text/html; charset=utf-8,false,200,0,0,"I-convert ang iyong LinkedIn data sa isang custom na QR code nang direkta sa iyong browser. 100% na naproseso offline para sa ganap na privacy. Libre, walang limitasyon, at lubos na secure.
I-convert ang iyong LinkedIn data sa isang custom na QR code nang direkta sa iyong browser. 100% na naproseso offline para sa ganap na privacy. Libre, walang limitasyon, at lubos na secure.",,,"189
189",2,true
21,https://createmy-qr.com/bn/aamaader-smprke,"ফ্রি অনলাইন কিউআর কোড জেনারেটর - CreateMy-QR (No Signup) | আমাদের সম্পর্কে
types.about QR কোড জেনারেটর - বিনামূল্যে এবং কাস্টম | CreateMy-QR
আমাদের সম্পর্কে | CreateMy-QR",text/html; charset=utf-8,false,200,0,0,"Learn more about CreateMy-QR about us.
আপনার ব্রাউজারে সরাসরি একটি কাস্টম QR কোডে আপনার types.about ডেটা রূপান্তর করুন। সম্পূর্ণ গোপনীয়তার জন্য 100% অফলাইনে প্রক্রিয়া করা হয়েছে। বিনামূল্যে, কোন সীমা নেই, এবং অত্যন্ত নিরাপদ।",,,"38
187",2,true
21,https://createmy-qr.com/de/unterstutzte-sprachen,"Kostenloser QR-Code Generator Online - CreateMy-QR (No Signup) | Unterstützte Sprachen
types.languages QR-Code-Generator – kostenlos und benutzerdefiniert | CreateMy-QR
Unterstützte Sprachen | CreateMy-QR",text/html; charset=utf-8,false,200,0,0,"Learn more about CreateMy-QR supported languages.
Wandeln Sie Ihre types.languages-Daten direkt in Ihrem Browser in einen benutzerdefinierten QR-Code um. 100 % offline verarbeitet für absolute Privatsphäre. Kostenlos, ohne Grenzen und äußerst sicher.",,,"49
200",2,true
21,https://createmy-qr.com/hi/kes-kaa-pryog-kren,"मुफ़्त ऑनलाइन क्यूआर कोड जनरेटर - CreateMy-QR (No Signup) | केस का प्रयोग करें
types.usecases QR कोड जेनरेटर - मुफ़्त और कस्टम | CreateMy-QR
केस का प्रयोग करें | CreateMy-QR",text/html; charset=utf-8,false,200,0,0,"Learn more about CreateMy-QR use cases.
अपने types.usecases डेटा को सीधे अपने ब्राउज़र में एक कस्टम क्यूआर कोड में बदलें। पूर्ण गोपनीयता के लिए 100% ऑफ़लाइन संसाधित। निःशुल्क, कोई सीमा नहीं, और अत्यधिक सुरक्षित।",,,"39
171",2,true
21,https://createmy-qr.com/uk/amazon-bezkoshtovniy-generator-qr-kodiv-onlayn,"Генератор QR-коду Amazon – безкоштовний і користувацький | CreateMy-QR
Amazon - Безкоштовний Генератор QR-кодів Онлайн - CreateMy-QR",text/html; charset=utf-8,false,200,0,0,"Перетворіть свої дані Amazon на власний QR-код безпосередньо у своєму браузері. 100% обробка офлайн для повної конфіденційності. Безкоштовно, без обмежень і дуже безпечно.
Перетворіть свої дані Amazon на власний QR-код безпосередньо у своєму браузері. 100% обробка офлайн для повної конфіденційності. Безкоштовно, без обмежень і дуже безпечно.",,,"171
171",2,true
21,https://createmy-qr.com/uk/spotify-bezkoshtovniy-generator-qr-kodiv-onlayn,"Генератор QR-коду Spotify – безкоштовний і користувацький | CreateMy-QR
Spotify - Безкоштовний Генератор QR-кодів Онлайн - CreateMy-QR",text/html; charset=utf-8,false,200,0,0,"Перетворіть свої дані Spotify на власний QR-код безпосередньо у своєму браузері. 100% обробка офлайн для повної конфіденційності. Безкоштовно, без обмежень і дуже безпечно.
Перетворіть свої дані Spotify на власний QR-код безпосередньо у своєму браузері. 100% обробка офлайн для повної конфіденційності. Безкоштовно, без обмежень і дуже безпечно.",,,"172
172",2,true
21,https://createmy-qr.com/vi/tiktok-tao-ma-qr-mien-phi-truc-tuyen,"Trình tạo mã QR TikTok - Miễn phí & Tùy chỉnh | CreateMy-QR
TikTok - Tạo Mã QR Miễn Phí Trực Tuyến - CreateMy-QR",text/html; charset=utf-8,false,200,0,0,"Chuyển đổi dữ liệu TikTok của bạn thành mã QR tùy chỉnh trực tiếp trong trình duyệt của bạn. 100% được xử lý ngoại tuyến để đảm bảo quyền riêng tư tuyệt đối. Miễn phí, không giới hạn và có tính bảo mật cao.
Chuyển đổi dữ liệu TikTok của bạn thành mã QR tùy chỉnh trực tiếp trong trình duyệt của bạn. 100% được xử lý ngoại tuyến để đảm bảo quyền riêng tư tuyệt đối. Miễn phí, không giới hạn và có tính bảo mật cao.",,,"206
206",2,true
21,https://createmy-qr.com/pl/amazon-darmowy-generator-kodow-qr-online,"Generator kodów QR Amazonka — bezpłatny i niestandardowy | CreateMy-QR
Amazonka - Darmowy Generator Kodów QR Online - CreateMy-QR",text/html; charset=utf-8,false,200,0,0,"Konwertuj dane Amazonka na niestandardowy kod QR bezpośrednio w przeglądarce. 100% przetwarzane w trybie offline, aby zapewnić całkowitą prywatność. Bezpłatnie, bez ograniczeń i bardzo bezpiecznie.
Konwertuj dane Amazonka na niestandardowy kod QR bezpośrednio w przeglądarce. 100% przetwarzane w trybie offline, aby zapewnić całkowitą prywatność. Bezpłatnie, bez ograniczeń i bardzo bezpiecznie.",,,"197
197",2,true
21,https://createmy-qr.com/it/tiktok-generatore-di-codici-qr-gratis-online,"Generatore di codici QR TikTok - Gratuito e personalizzato | CreateMy-QR
TikTok - Generatore di Codici QR Gratis Online - CreateMy-QR",text/html; charset=utf-8,false,200,0,0,"Converti i tuoi dati TikTok in un codice QR personalizzato direttamente nel tuo browser. Elaborato offline al 100% per una privacy assoluta. Gratuito, senza limiti e altamente sicuro.
Converti i tuoi dati TikTok in un codice QR personalizzato direttamente nel tuo browser. Elaborato offline al 100% per una privacy assoluta. Gratuito, senza limiti e altamente sicuro.",,,"183
183",2,true
21,https://createmy-qr.com/th/spotify-ekhruue-ngmuue-sraangkhiw-aarokhd-nailnfrii,"สปอทิฟาย เครื่องสร้างโค้ด QR - ฟรีและกำหนดเอง | CreateMy-QR
สปอทิฟาย - เครื่องมือสร้างคิวอาร์โค้ดออนไลน์ฟรี - CreateMy-QR",text/html; charset=utf-8,false,200,0,0,"แปลงข้อมูล สปอทิฟาย ของคุณให้เป็นโค้ด QR ที่กำหนดเองได้โดยตรงในเบราว์เซอร์ของคุณ ประมวลผลแบบออฟไลน์ 100% เพื่อความเป็นส่วนตัวอย่างแท้จริง ฟรี ไม่จำกัด และมีความปลอดภัยสูง
แปลงข้อมูล สปอทิฟาย ของคุณให้เป็นโค้ด QR ที่กำหนดเองได้โดยตรงในเบราว์เซอร์ของคุณ ประมวลผลแบบออฟไลน์ 100% เพื่อความเป็นส่วนตัวอย่างแท้จริง ฟรี ไม่จำกัด และมีความปลอดภัยสูง",,,"170
170",2,true
21,https://createmy-qr.com/tl/youtube-libreng-online-qr-code-generator,"YouTube QR Code Generator - Libre at Custom | CreateMy-QR
YouTube - Libreng Online QR Code Generator - CreateMy-QR",text/html; charset=utf-8,false,200,0,0,"I-convert ang iyong YouTube data sa isang custom na QR code nang direkta sa iyong browser. 100% na naproseso offline para sa ganap na privacy. Libre, walang limitasyon, at lubos na secure.
I-convert ang iyong YouTube data sa isang custom na QR code nang direkta sa iyong browser. 100% na naproseso offline para sa ganap na privacy. Libre, walang limitasyon, at lubos na secure.",,,"188
188",2,true
21,https://createmy-qr.com/ro/google-forms-generator-de-coduri-qr-gratuit-online,"Formulare Google QR Code Generator - Gratuit și personalizat | CreateMy-QR
Formulare Google - Generator de Coduri QR Gratuit Online - CreateMy-QR",text/html; charset=utf-8,false,200,0,0,"Transformați datele dvs. Formulare Google într-un cod QR personalizat direct în browser. Procesat 100% offline pentru confidențialitate absolută. Gratuit, fără limite și foarte sigur.
Transformați datele dvs. Formulare Google într-un cod QR personalizat direct în browser. Procesat 100% offline pentru confidențialitate absolută. Gratuit, fără limite și foarte sigur.",,,"183
183",2,true
21,https://createmy-qr.com/el/eikona-dorean-dimioyrgia-qr-code-online,"Εικόνα QR Code Generator - Δωρεάν & Προσαρμοσμένο | CreateMy-QR
Εικόνα - Δωρεάν Δημιουργία QR Code Online - CreateMy-QR",text/html; charset=utf-8,false,200,0,0,"Μετατρέψτε τα δεδομένα σας Εικόνα σε προσαρμοσμένο κωδικό QR απευθείας στο πρόγραμμα περιήγησής σας. 100% επεξεργασία εκτός σύνδεσης για απόλυτη προστασία της ιδιωτικής ζωής. Δωρεάν, χωρίς όρια και εξαιρετικά ασφαλές.
Μετατρέψτε τα δεδομένα σας Εικόνα σε προσαρμοσμένο κωδικό QR απευθείας στο πρόγραμμα περιήγησής σας. 100% επεξεργασία εκτός σύνδεσης για απόλυτη προστασία της ιδιωτικής ζωής. Δωρεάν, χωρίς όρια και εξαιρετικά ασφαλές.",,,"217
217",2,true
21,https://createmy-qr.com/es/reserva-generador-de-codigos-qr-gratis-online,"Generador de códigos QR Reserva: gratuito y personalizado | CreateMy-QR
Reserva - Generador de Códigos QR Gratis Online - CreateMy-QR",text/html; charset=utf-8,false,200,0,0,"Convierta sus datos de Reserva en un código QR personalizado directamente en su navegador. 100% procesado fuera de línea para absoluta privacidad. Gratis, sin límites y muy seguro.
Convierta sus datos de Reserva en un código QR personalizado directamente en su navegador. 100% procesado fuera de línea para absoluta privacidad. Gratis, sin límites y muy seguro.",,,"180
180",2,true
21,https://createmy-qr.com/bn/google-review-phri-anlaain-kiuaar-kodd-jenaarettr,"গুগল রিভিউ QR কোড জেনারেটর - বিনামূল্যে এবং কাস্টম | CreateMy-QR
গুগল রিভিউ - ফ্রি অনলাইন কিউআর কোড জেনারেটর - CreateMy-QR",text/html; charset=utf-8,false,200,0,0,"আপনার ব্রাউজারে সরাসরি একটি কাস্টম QR কোডে আপনার গুগল রিভিউ ডেটা রূপান্তর করুন। সম্পূর্ণ গোপনীয়তার জন্য 100% অফলাইনে প্রক্রিয়া করা হয়েছে। বিনামূল্যে, কোন সীমা নেই, এবং অত্যন্ত নিরাপদ।
আপনার ব্রাউজারে সরাসরি একটি কাস্টম QR কোডে আপনার গুগল রিভিউ ডেটা রূপান্তর করুন। সম্পূর্ণ গোপনীয়তার জন্য 100% অফলাইনে প্রক্রিয়া করা হয়েছে। বিনামূল্যে, কোন সীমা নেই, এবং অত্যন্ত নিরাপদ।",,,"186
186",2,true
21,https://createmy-qr.com/el/sms-dorean-dimioyrgia-qr-code-online,"SMS QR Code Generator - Δωρεάν & Προσαρμοσμένο | CreateMy-QR
SMS - Δωρεάν Δημιουργία QR Code Online - CreateMy-QR",text/html; charset=utf-8,false,200,0,0,"Μετατρέψτε τα δεδομένα σας SMS σε προσαρμοσμένο κωδικό QR απευθείας στο πρόγραμμα περιήγησής σας. 100% επεξεργασία εκτός σύνδεσης για απόλυτη προστασία της ιδιωτικής ζωής. Δωρεάν, χωρίς όρια και εξαιρετικά ασφαλές.
Μετατρέψτε τα δεδομένα σας SMS σε προσαρμοσμένο κωδικό QR απευθείας στο πρόγραμμα περιήγησής σας. 100% επεξεργασία εκτός σύνδεσης για απόλυτη προστασία της ιδιωτικής ζωής. Δωρεάν, χωρίς όρια και εξαιρετικά ασφαλές.",,,"214
214",2,true
21,https://createmy-qr.com/tl/mga-tuntunin-ng-serbisyo,"Libreng Online QR Code Generator - CreateMy-QR (No Signup) | Mga Tuntunin ng Serbisyo
types.terms QR Code Generator - Libre at Custom | CreateMy-QR
Mga Tuntunin ng Serbisyo | CreateMy-QR",text/html; charset=utf-8,false,200,0,0,"Learn more about CreateMy-QR terms of service.
I-convert ang iyong types.terms data sa isang custom na QR code nang direkta sa iyong browser. 100% na naproseso offline para sa ganap na privacy. Libre, walang limitasyon, at lubos na secure.",,,"46
192",2,true
21,https://createmy-qr.com/no/instagram-gratis-qr-kode-generator-online,"Instagram QR Code Generator - Gratis og tilpasset | CreateMy-QR
Instagram - Gratis QR-kode Generator Online - CreateMy-QR",text/html; charset=utf-8,false,200,0,0,"Konverter Instagram-dataene dine til en tilpasset QR-kode direkte i nettleseren din. 100 % behandlet offline for absolutt personvern. Gratis, ingen grenser og svært sikker.
Konverter Instagram-dataene dine til en tilpasset QR-kode direkte i nettleseren din. 100 % behandlet offline for absolutt personvern. Gratis, ingen grenser og svært sikker.",,,"172
172",2,true
21,https://createmy-qr.com/sv/ljud-gratis-qr-kod-generator-online,"Ljud QR Code Generator - Gratis & anpassad | CreateMy-QR
Ljud - Gratis QR-kod Generator Online - CreateMy-QR",text/html; charset=utf-8,false,200,0,0,"Konvertera dina Ljud-data till en anpassad QR-kod direkt i din webbläsare. 100 % bearbetad offline för absolut integritet. Gratis, inga gränser och mycket säker.
Konvertera dina Ljud-data till en anpassad QR-kod direkt i din webbläsare. 100 % bearbetad offline för absolut integritet. Gratis, inga gränser och mycket säker.",,,"161
161",2,true
21,https://createmy-qr.com/ar/lhtf-mwld-rmz-lstjb-lsryaa-mjny,"الهاتف QR Code Generator - مجاني ومخصص | CreateMy-QR
الهاتف - مولد رمز الاستجابة السريعة مجاني - CreateMy-QR",text/html; charset=utf-8,false,200,0,0,"قم بتحويل بيانات الهاتف الخاصة بك إلى رمز QR مخصص مباشرةً في متصفحك. تمت معالجتها بنسبة 100% دون الاتصال بالإنترنت لتوفير الخصوصية المطلقة. مجاني، بلا حدود، وآمن للغاية.
قم بتحويل بيانات الهاتف الخاصة بك إلى رمز QR مخصص مباشرةً في متصفحك. تمت معالجتها بنسبة 100% دون الاتصال بالإنترنت لتوفير الخصوصية المطلقة. مجاني، بلا حدود، وآمن للغاية.",,,"169
169",2,true
21,https://createmy-qr.com/tl/google-review-libreng-online-qr-code-generator,"Google Review QR Code Generator - Libre at Custom | CreateMy-QR
Google Review - Libreng Online QR Code Generator - CreateMy-QR",text/html; charset=utf-8,false,200,0,0,"I-convert ang iyong Google Review data sa isang custom na QR code nang direkta sa iyong browser. 100% na naproseso offline para sa ganap na privacy. Libre, walang limitasyon, at lubos na secure.
I-convert ang iyong Google Review data sa isang custom na QR code nang direkta sa iyong browser. 100% na naproseso offline para sa ganap na privacy. Libre, walang limitasyon, at lubos na secure.",,,"194
194",2,true
21,https://createmy-qr.com/tl/crypto-libreng-online-qr-code-generator,"Crypto QR Code Generator - Libre at Custom | CreateMy-QR
Crypto - Libreng Online QR Code Generator - CreateMy-QR",text/html; charset=utf-8,false,200,0,0,"I-convert ang iyong Crypto data sa isang custom na QR code nang direkta sa iyong browser. 100% na naproseso offline para sa ganap na privacy. Libre, walang limitasyon, at lubos na secure.
I-convert ang iyong Crypto data sa isang custom na QR code nang direkta sa iyong browser. 100% na naproseso offline para sa ganap na privacy. Libre, walang limitasyon, at lubos na secure.",,,"187
187",2,true
21,https://createmy-qr.com/ro/email-generator-de-coduri-qr-gratuit-online,"E-mail QR Code Generator - Gratuit și personalizat | CreateMy-QR
E-mail - Generator de Coduri QR Gratuit Online - CreateMy-QR",text/html; charset=utf-8,false,200,0,0,"Transformați datele dvs. E-mail într-un cod QR personalizat direct în browser. Procesat 100% offline pentru confidențialitate absolută. Gratuit, fără limite și foarte sigur.
Transformați datele dvs. E-mail într-un cod QR personalizat direct în browser. Procesat 100% offline pentru confidențialitate absolută. Gratuit, fără limite și foarte sigur.",,,"173
173",2,true
21,https://createmy-qr.com/pl/rezerwacja-darmowy-generator-kodow-qr-online,"Generator kodów QR Rezerwacja — bezpłatny i niestandardowy | CreateMy-QR
Rezerwacja - Darmowy Generator Kodów QR Online - CreateMy-QR",text/html; charset=utf-8,false,200,0,0,"Konwertuj dane Rezerwacja na niestandardowy kod QR bezpośrednio w przeglądarce. 100% przetwarzane w trybie offline, aby zapewnić całkowitą prywatność. Bezpłatnie, bez ograniczeń i bardzo bezpiecznie.
Konwertuj dane Rezerwacja na niestandardowy kod QR bezpośrednio w przeglądarce. 100% przetwarzane w trybie offline, aby zapewnić całkowitą prywatność. Bezpłatnie, bez ograniczeń i bardzo bezpiecznie.",,,"199
199",2,true
21,https://createmy-qr.com/no/gratis-qr-kode-generator-online,"Gratis strekkodegenerator online - Lag 1D strekkoder
types.barcode QR Code Generator - Gratis og tilpasset | CreateMy-QR
barcode - Gratis QR-kode Generator Online - CreateMy-QR",text/html; charset=utf-8,false,200,0,0,"Konverter barcode-dataene dine til en tilpasset QR-kode direkte i nettleseren din. 100 % behandlet offline for absolutt personvern. Gratis, ingen grenser og svært sikker.
Konverter types.barcode-dataene dine til en tilpasset QR-kode direkte i nettleseren din. 100 % behandlet offline for absolutt personvern. Gratis, ingen grenser og svært sikker.
Generer profesjonelle 1D-strekkoder umiddelbart. Støtte for Code-128, UPC, EAN, ITF-14 og mer. Gratis, sikker og klar til nedlasting i høyoppløselig PNG.",,,"170
176
153",3,true
21,https://createmy-qr.com/ro/text-generator-de-coduri-qr-gratuit-online,"Text QR Code Generator - Gratuit și personalizat | CreateMy-QR
Text - Generator de Coduri QR Gratuit Online - CreateMy-QR",text/html; charset=utf-8,false,200,0,0,"Transformați datele dvs. Text într-un cod QR personalizat direct în browser. Procesat 100% offline pentru confidențialitate absolută. Gratuit, fără limite și foarte sigur.
Transformați datele dvs. Text într-un cod QR personalizat direct în browser. Procesat 100% offline pentru confidențialitate absolută. Gratuit, fără limite și foarte sigur.",,,"171
171",2,true
21,https://createmy-qr.com/fi/tapahtuma-ilmainen-qr-koodigeneraattori-netissa,"Tapahtuma QR-koodigeneraattori - ilmainen ja räätälöity | CreateMy-QR
Tapahtuma - Ilmainen QR-koodigeneraattori Netissä - CreateMy-QR",text/html; charset=utf-8,false,200,0,0,"Muunna Tapahtuma-tietosi mukautetuksi QR-koodiksi suoraan selaimessasi. 100 % käsitelty offline-tilassa täydellisen yksityisyyden takaamiseksi. Ilmainen, ei rajoituksia ja erittäin turvallinen.
Muunna Tapahtuma-tietosi mukautetuksi QR-koodiksi suoraan selaimessasi. 100 % käsitelty offline-tilassa täydellisen yksityisyyden takaamiseksi. Ilmainen, ei rajoituksia ja erittäin turvallinen.",,,"193
193",2,true
21,https://createmy-qr.com/hu/szoveg-ingyenes-online-qr-kod-generator,"Szöveg QR-kód generátor - ingyenes és egyedi | CreateMy-QR
Szöveg - Ingyenes Online QR-kód Generátor - CreateMy-QR",text/html; charset=utf-8,false,200,0,0,"Alakítsa át Szöveg adatait egyéni QR-kóddá közvetlenül a böngészőjében. 100%-ban offline feldolgozva az abszolút adatvédelem érdekében. Ingyenes, korlátok nélkül és rendkívül biztonságos.
Alakítsa át Szöveg adatait egyéni QR-kóddá közvetlenül a böngészőjében. 100%-ban offline feldolgozva az abszolút adatvédelem érdekében. Ingyenes, korlátok nélkül és rendkívül biztonságos.",,,"187
187",2,true
21,https://createmy-qr.com/ar/google-review-mwld-rmz-lstjb-lsryaa-mjny,"مراجعة جوجل QR Code Generator - مجاني ومخصص | CreateMy-QR
مراجعة جوجل - مولد رمز الاستجابة السريعة مجاني - CreateMy-QR",text/html; charset=utf-8,false,200,0,0,"قم بتحويل بيانات مراجعة جوجل الخاصة بك إلى رمز QR مخصص مباشرةً في متصفحك. تمت معالجتها بنسبة 100% دون الاتصال بالإنترنت لتوفير الخصوصية المطلقة. مجاني، بلا حدود، وآمن للغاية.
قم بتحويل بيانات مراجعة جوجل الخاصة بك إلى رمز QR مخصص مباشرةً في متصفحك. تمت معالجتها بنسبة 100% دون الاتصال بالإنترنت لتوفير الخصوصية المطلقة. مجاني، بلا حدود، وآمن للغاية.",,,"174
174",2,true
21,https://createmy-qr.com/bn/anlaain-bukin-phri-anlaain-kiuaar-kodd-jenaarettr,"অনলাইন বুকিং QR কোড জেনারেটর - বিনামূল্যে এবং কাস্টম | CreateMy-QR
অনলাইন বুকিং - ফ্রি অনলাইন কিউআর কোড জেনারেটর - CreateMy-QR",text/html; charset=utf-8,false,200,0,0,"আপনার ব্রাউজারে সরাসরি একটি কাস্টম QR কোডে আপনার অনলাইন বুকিং ডেটা রূপান্তর করুন। সম্পূর্ণ গোপনীয়তার জন্য 100% অফলাইনে প্রক্রিয়া করা হয়েছে। বিনামূল্যে, কোন সীমা নেই, এবং অত্যন্ত নিরাপদ।
আপনার ব্রাউজারে সরাসরি একটি কাস্টম QR কোডে আপনার অনলাইন বুকিং ডেটা রূপান্তর করুন। সম্পূর্ণ গোপনীয়তার জন্য 100% অফলাইনে প্রক্রিয়া করা হয়েছে। বিনামূল্যে, কোন সীমা নেই, এবং অত্যন্ত নিরাপদ।",,,"188
188",2,true
21,https://createmy-qr.com/tl/amazon-libreng-online-qr-code-generator,"Amazon QR Code Generator - Libre at Custom | CreateMy-QR
Amazon - Libreng Online QR Code Generator - CreateMy-QR",text/html; charset=utf-8,false,200,0,0,"I-convert ang iyong Amazon data sa isang custom na QR code nang direkta sa iyong browser. 100% na naproseso offline para sa ganap na privacy. Libre, walang limitasyon, at lubos na secure.
I-convert ang iyong Amazon data sa isang custom na QR code nang direkta sa iyong browser. 100% na naproseso offline para sa ganap na privacy. Libre, walang limitasyon, at lubos na secure.",,,"187
187",2,true
21,https://createmy-qr.com/pl/o-nas,"Darmowy Generator Kodów QR Online - CreateMy-QR (No Signup) | O nas
Generator kodów QR types.about — bezpłatny i niestandardowy | CreateMy-QR
O nas | CreateMy-QR",text/html; charset=utf-8,false,200,0,0,"Learn more about CreateMy-QR about us.
Konwertuj dane types.about na niestandardowy kod QR bezpośrednio w przeglądarce. 100% przetwarzane w trybie offline, aby zapewnić całkowitą prywatność. Bezpłatnie, bez ograniczeń i bardzo bezpiecznie.",,,"38
200",2,true
21,https://createmy-qr.com/pt/tiktok-gerador-de-codigo-qr-gratis-online,"Gerador de código QR TikTok - gratuito e personalizado | CreateMy-QR
TikTok - Gerador de Código QR Grátis Online - CreateMy-QR",text/html; charset=utf-8,false,200,0,0,"Converta seus dados do TikTok em um código QR personalizado diretamente no seu navegador. 100% processado offline para privacidade absoluta. Gratuito, sem limites e altamente seguro.
Converta seus dados do TikTok em um código QR personalizado diretamente no seu navegador. 100% processado offline para privacidade absoluta. Gratuito, sem limites e altamente seguro.",,,"182
182",2,true
21,https://createmy-qr.com/hu/biztonsagi-architektura,"Ingyenes Online QR-kód Generátor - CreateMy-QR (No Signup) | Biztonsági architektúra
types.security QR-kód generátor - ingyenes és egyedi | CreateMy-QR
Biztonsági architektúra | CreateMy-QR",text/html; charset=utf-8,false,200,0,0,"Learn more about CreateMy-QR security architecture.
Alakítsa át types.security adatait egyéni QR-kóddá közvetlenül a böngészőjében. 100%-ban offline feldolgozva az abszolút adatvédelem érdekében. Ingyenes, korlátok nélkül és rendkívül biztonságos.",,,"51
195",2,true
21,https://createmy-qr.com/pt/whatsapp-gerador-de-codigo-qr-gratis-online,"Gerador de código QR WhatsApp - gratuito e personalizado | CreateMy-QR
WhatsApp - Gerador de Código QR Grátis Online - CreateMy-QR",text/html; charset=utf-8,false,200,0,0,"Converta seus dados do WhatsApp em um código QR personalizado diretamente no seu navegador. 100% processado offline para privacidade absoluta. Gratuito, sem limites e altamente seguro.
Converta seus dados do WhatsApp em um código QR personalizado diretamente no seu navegador. 100% processado offline para privacidade absoluta. Gratuito, sem limites e altamente seguro.",,,"184
184",2,true
21,https://createmy-qr.com/pl/google-forms-darmowy-generator-kodow-qr-online,"Generator kodów QR Formularze Google — bezpłatny i niestandardowy | CreateMy-QR
Formularze Google - Darmowy Generator Kodów QR Online - CreateMy-QR",text/html; charset=utf-8,false,200,0,0,"Konwertuj dane Formularze Google na niestandardowy kod QR bezpośrednio w przeglądarce. 100% przetwarzane w trybie offline, aby zapewnić całkowitą prywatność. Bezpłatnie, bez ograniczeń i bardzo bezpiecznie.
Konwertuj dane Formularze Google na niestandardowy kod QR bezpośrednio w przeglądarce. 100% przetwarzane w trybie offline, aby zapewnić całkowitą prywatność. Bezpłatnie, bez ograniczeń i bardzo bezpiecznie.",,,"206
206",2,true
21,https://createmy-qr.com/bn/imej-gyaalaari-phri-anlaain-kiuaar-kodd-jenaarettr,"ইমেজ গ্যালারি QR কোড জেনারেটর - বিনামূল্যে এবং কাস্টম | CreateMy-QR
ইমেজ গ্যালারি - ফ্রি অনলাইন কিউআর কোড জেনারেটর - CreateMy-QR",text/html; charset=utf-8,false,200,0,0,"আপনার ব্রাউজারে সরাসরি একটি কাস্টম QR কোডে আপনার ইমেজ গ্যালারি ডেটা রূপান্তর করুন। সম্পূর্ণ গোপনীয়তার জন্য 100% অফলাইনে প্রক্রিয়া করা হয়েছে। বিনামূল্যে, কোন সীমা নেই, এবং অত্যন্ত নিরাপদ।
আপনার ব্রাউজারে সরাসরি একটি কাস্টম QR কোডে আপনার ইমেজ গ্যালারি ডেটা রূপান্তর করুন। সম্পূর্ণ গোপনীয়তার জন্য 100% অফলাইনে প্রক্রিয়া করা হয়েছে। বিনামূল্যে, কোন সীমা নেই, এবং অত্যন্ত নিরাপদ।",,,"189
189",2,true
21,https://createmy-qr.com/it/snapchat-generatore-di-codici-qr-gratis-online,"Generatore di codici QR Snapchat - Gratuito e personalizzato | CreateMy-QR
Snapchat - Generatore di Codici QR Gratis Online - CreateMy-QR",text/html; charset=utf-8,false,200,0,0,"Converti i tuoi dati Snapchat in un codice QR personalizzato direttamente nel tuo browser. Elaborato offline al 100% per una privacy assoluta. Gratuito, senza limiti e altamente sicuro.
Converti i tuoi dati Snapchat in un codice QR personalizzato direttamente nel tuo browser. Elaborato offline al 100% per una privacy assoluta. Gratuito, senza limiti e altamente sicuro.",,,"185
185",2,true
21,https://createmy-qr.com/ms/teks-penjana-kod-qr-percuma-dalam-talian,"Penjana Kod QR Teks - Percuma & Tersuai | CreateMy-QR
Teks - Penjana Kod QR Percuma Dalam Talian - CreateMy-QR",text/html; charset=utf-8,false,200,0,0,"Tukar data Teks anda kepada kod QR tersuai terus dalam penyemak imbas anda. 100% diproses di luar talian untuk privasi mutlak. Percuma, tiada had dan sangat selamat.
Tukar data Teks anda kepada kod QR tersuai terus dalam penyemak imbas anda. 100% diproses di luar talian untuk privasi mutlak. Percuma, tiada had dan sangat selamat.",,,"165
165",2,true
21,https://createmy-qr.com/nl/wi-fi-gratis-qr-code-generator-online,"Wifi QR-codegenerator - gratis en aangepast | CreateMy-QR
Wifi - Gratis QR Code Generator Online - CreateMy-QR",text/html; charset=utf-8,false,200,0,0,"Converteer uw Wifi-gegevens rechtstreeks in uw browser naar een aangepaste QR-code. 100% offline verwerkt voor absolute privacy. Gratis, geen grenzen en zeer veilig.
Converteer uw Wifi-gegevens rechtstreeks in uw browser naar een aangepaste QR-code. 100% offline verwerkt voor absolute privacy. Gratis, geen grenzen en zeer veilig.",,,"165
165",2,true
21,https://createmy-qr.com/vi/su-kien-tao-ma-qr-mien-phi-truc-tuyen,"Trình tạo mã QR Sự kiện - Miễn phí & Tùy chỉnh | CreateMy-QR
Sự kiện - Tạo Mã QR Miễn Phí Trực Tuyến - CreateMy-QR",text/html; charset=utf-8,false,200,0,0,"Chuyển đổi dữ liệu Sự kiện của bạn thành mã QR tùy chỉnh trực tiếp trong trình duyệt của bạn. 100% được xử lý ngoại tuyến để đảm bảo quyền riêng tư tuyệt đối. Miễn phí, không giới hạn và có tính bảo mật cao.
Chuyển đổi dữ liệu Sự kiện của bạn thành mã QR tùy chỉnh trực tiếp trong trình duyệt của bạn. 100% được xử lý ngoại tuyến để đảm bảo quyền riêng tư tuyệt đối. Miễn phí, không giới hạn và có tính bảo mật cao.",,,"207
207",2,true
21,https://createmy-qr.com/tl/text-libreng-online-qr-code-generator,"Text QR Code Generator - Libre at Custom | CreateMy-QR
Text - Libreng Online QR Code Generator - CreateMy-QR",text/html; charset=utf-8,false,200,0,0,"I-convert ang iyong Text data sa isang custom na QR code nang direkta sa iyong browser. 100% na naproseso offline para sa ganap na privacy. Libre, walang limitasyon, at lubos na secure.
I-convert ang iyong Text data sa isang custom na QR code nang direkta sa iyong browser. 100% na naproseso offline para sa ganap na privacy. Libre, walang limitasyon, at lubos na secure.",,,"185
185",2,true
21,https://createmy-qr.com/nl/x-twitter-gratis-qr-code-generator-online,"X (Twitter) QR-codegenerator - gratis en aangepast | CreateMy-QR
X (Twitter) - Gratis QR Code Generator Online - CreateMy-QR",text/html; charset=utf-8,false,200,0,0,"Converteer uw X (Twitter)-gegevens rechtstreeks in uw browser naar een aangepaste QR-code. 100% offline verwerkt voor absolute privacy. Gratis, geen grenzen en zeer veilig.
Converteer uw X (Twitter)-gegevens rechtstreeks in uw browser naar een aangepaste QR-code. 100% offline verwerkt voor absolute privacy. Gratis, geen grenzen en zeer veilig.",,,"172
172",2,true
21,https://createmy-qr.com/fr/discord-generateur-de-code-qr-gratuit-en-ligne,"Générateur de code QR Discorde - Gratuit et personnalisé | CreateMy-QR
Discorde - Générateur de Code QR Gratuit en Ligne - CreateMy-QR",text/html; charset=utf-8,false,200,0,0,"Convertissez vos données Discorde en un code QR personnalisé directement dans votre navigateur. 100 % traité hors ligne pour une confidentialité absolue. Gratuit, sans limites et hautement sécurisé.
Convertissez vos données Discorde en un code QR personnalisé directement dans votre navigateur. 100 % traité hors ligne pour une confidentialité absolue. Gratuit, sans limites et hautement sécurisé.",,,"198
198",2,true
21,https://createmy-qr.com/el/politiki-aporritoy,"Δωρεάν Δημιουργία QR Code Online - CreateMy-QR (No Signup) | Πολιτική Απορρήτου
types.privacy QR Code Generator - Δωρεάν & Προσαρμοσμένο | CreateMy-QR
Πολιτική Απορρήτου | CreateMy-QR",text/html; charset=utf-8,false,200,0,0,"Learn more about CreateMy-QR privacy policy.
Μετατρέψτε τα δεδομένα σας types.privacy σε προσαρμοσμένο κωδικό QR απευθείας στο πρόγραμμα περιήγησής σας. 100% επεξεργασία εκτός σύνδεσης για απόλυτη προστασία της ιδιωτικής ζωής. Δωρεάν, χωρίς όρια και εξαιρετικά ασφαλές.",,,"44
224",2,true
21,https://createmy-qr.com/th/thiitang-ekhruue-ngmuue-sraangkhiw-aarokhd-nailnfrii,"ที่ตั้ง เครื่องสร้างโค้ด QR - ฟรีและกำหนดเอง | CreateMy-QR
ที่ตั้ง - เครื่องมือสร้างคิวอาร์โค้ดออนไลน์ฟรี - CreateMy-QR",text/html; charset=utf-8,false,200,0,0,"แปลงข้อมูล ที่ตั้ง ของคุณให้เป็นโค้ด QR ที่กำหนดเองได้โดยตรงในเบราว์เซอร์ของคุณ ประมวลผลแบบออฟไลน์ 100% เพื่อความเป็นส่วนตัวอย่างแท้จริง ฟรี ไม่จำกัด และมีความปลอดภัยสูง
แปลงข้อมูล ที่ตั้ง ของคุณให้เป็นโค้ด QR ที่กำหนดเองได้โดยตรงในเบราว์เซอร์ของคุณ ประมวลผลแบบออฟไลน์ 100% เพื่อความเป็นส่วนตัวอย่างแท้จริง ฟรี ไม่จำกัด และมีความปลอดภัยสูง",,,"169
169",2,true
21,https://createmy-qr.com/pl/,"CreateMy-QR | Wszystkie kody QR i kreskowe Narzędzia w jednym miejscu
CreateMy-QR | Wszystkie kody QR i kreskowe Narzędzia w jednym miejscu
home - Darmowy Generator Kodów QR Online - CreateMy-QR",text/html; charset=utf-8,false,200,0,1,"Konwertuj dane home na niestandardowy kod QR bezpośrednio w przeglądarce. 100% przetwarzane w trybie offline, aby zapewnić całkowitą prywatność. Bezpłatnie, bez ograniczeń i bardzo bezpiecznie.
Wygeneruj za darmo 37 rodzajów kodów QR i kodów kreskowych. Brak rejestracji. Natychmiastowe pobieranie. W 100% po stronie klienta, zgodny z normą ISO/IEC 18004, dostępny w 30 językach.
Wygeneruj za darmo 37 rodzajów kodów QR i kodów kreskowych. Brak rejestracji. Natychmiastowe pobieranie. W 100% po stronie klienta, zgodny z normą ISO/IEC 18004, dostępny w 30 językach.",,,"193
185
185",3,true
21,https://createmy-qr.com/de/nutzungsbedingungen,"Kostenloser QR-Code Generator Online - CreateMy-QR (No Signup) | Nutzungsbedingungen
types.terms QR-Code-Generator – kostenlos und benutzerdefiniert | CreateMy-QR
Nutzungsbedingungen | CreateMy-QR",text/html; charset=utf-8,false,200,0,0,"Learn more about CreateMy-QR terms of service.
Wandeln Sie Ihre types.terms-Daten direkt in Ihrem Browser in einen benutzerdefinierten QR-Code um. 100 % offline verarbeitet für absolute Privatsphäre. Kostenlos, ohne Grenzen und äußerst sicher.",,,"46
196",2,true
21,https://createmy-qr.com/ms/youtube-penjana-kod-qr-percuma-dalam-talian,"Penjana Kod QR YouTube - Percuma & Tersuai | CreateMy-QR
YouTube - Penjana Kod QR Percuma Dalam Talian - CreateMy-QR",text/html; charset=utf-8,false,200,0,0,"Tukar data YouTube anda kepada kod QR tersuai terus dalam penyemak imbas anda. 100% diproses di luar talian untuk privasi mutlak. Percuma, tiada had dan sangat selamat.
Tukar data YouTube anda kepada kod QR tersuai terus dalam penyemak imbas anda. 100% diproses di luar talian untuk privasi mutlak. Percuma, tiada had dan sangat selamat.",,,"168
168",2,true
21,https://createmy-qr.com/tl/venmo-libreng-online-qr-code-generator,"Venmo QR Code Generator - Libre at Custom | CreateMy-QR
Venmo - Libreng Online QR Code Generator - CreateMy-QR",text/html; charset=utf-8,false,200,0,0,"I-convert ang iyong Venmo data sa isang custom na QR code nang direkta sa iyong browser. 100% na naproseso offline para sa ganap na privacy. Libre, walang limitasyon, at lubos na secure.
I-convert ang iyong Venmo data sa isang custom na QR code nang direkta sa iyong browser. 100% na naproseso offline para sa ganap na privacy. Libre, walang limitasyon, at lubos na secure.",,,"186
186",2,true
21,https://createmy-qr.com/id/pemindai-kode-batang-generator-qr-code-gratis-online,"Pemindai Kode Batang Online Gratis - Pindai UPC & EAN
Pemindai Kode Batang Pembuat Kode QR - Gratis & Khusus | CreateMy-QR
Pemindai Kode Batang - Generator QR Code Gratis Online - CreateMy-QR",text/html; charset=utf-8,false,200,0,0,"Ubah data Pemindai Kode Batang Anda menjadi QR code kustom langsung di browser. 100% diproses offline untuk privasi absolut. Gratis, tanpa batas, dan sangat aman.
Ubah data Pemindai Kode Batang Anda menjadi QR code kustom langsung di browser. 100% diproses offline untuk privasi absolut. Gratis, tanpa batas, dan sangat aman.
Pindai kode batang secara online secara gratis menggunakan kamera perangkat Anda atau unggah gambar.Mendukung UPC, EAN, Kode 128 dan banyak lagi.100% pribadi dan aman.",,,"162
162
167",3,true
21,https://createmy-qr.com/th/amazon-ekhruue-ngmuue-sraangkhiw-aarokhd-nailnfrii,"อเมซอน เครื่องสร้างโค้ด QR - ฟรีและกำหนดเอง | CreateMy-QR
อเมซอน - เครื่องมือสร้างคิวอาร์โค้ดออนไลน์ฟรี - CreateMy-QR",text/html; charset=utf-8,false,200,0,0,"แปลงข้อมูล อเมซอน ของคุณให้เป็นโค้ด QR ที่กำหนดเองได้โดยตรงในเบราว์เซอร์ของคุณ ประมวลผลแบบออฟไลน์ 100% เพื่อความเป็นส่วนตัวอย่างแท้จริง ฟรี ไม่จำกัด และมีความปลอดภัยสูง
แปลงข้อมูล อเมซอน ของคุณให้เป็นโค้ด QR ที่กำหนดเองได้โดยตรงในเบราว์เซอร์ของคุณ ประมวลผลแบบออฟไลน์ 100% เพื่อความเป็นส่วนตัวอย่างแท้จริง ฟรี ไม่จำกัด และมีความปลอดภัยสูง",,,"168
168",2,true
21,https://createmy-qr.com/fi/app-store-ilmainen-qr-koodigeneraattori-netissa,"App Store QR-koodigeneraattori - ilmainen ja räätälöity | CreateMy-QR
App Store - Ilmainen QR-koodigeneraattori Netissä - CreateMy-QR",text/html; charset=utf-8,false,200,0,0,"Muunna App Store-tietosi mukautetuksi QR-koodiksi suoraan selaimessasi. 100 % käsitelty offline-tilassa täydellisen yksityisyyden takaamiseksi. Ilmainen, ei rajoituksia ja erittäin turvallinen.
Muunna App Store-tietosi mukautetuksi QR-koodiksi suoraan selaimessasi. 100 % käsitelty offline-tilassa täydellisen yksityisyyden takaamiseksi. Ilmainen, ei rajoituksia ja erittäin turvallinen.",,,"193
193",2,true
21,https://createmy-qr.com/ro/youtube-generator-de-coduri-qr-gratuit-online,"YouTube QR Code Generator - Gratuit și personalizat | CreateMy-QR
YouTube - Generator de Coduri QR Gratuit Online - CreateMy-QR",text/html; charset=utf-8,false,200,0,0,"Transformați datele dvs. YouTube într-un cod QR personalizat direct în browser. Procesat 100% offline pentru confidențialitate absolută. Gratuit, fără limite și foarte sigur.
Transformați datele dvs. YouTube într-un cod QR personalizat direct în browser. Procesat 100% offline pentru confidențialitate absolută. Gratuit, fără limite și foarte sigur.",,,"174
174",2,true
21,https://createmy-qr.com/sv/email-gratis-qr-kod-generator-online,"E-post QR Code Generator - Gratis & anpassad | CreateMy-QR
E-post - Gratis QR-kod Generator Online - CreateMy-QR",text/html; charset=utf-8,false,200,0,0,"Konvertera dina E-post-data till en anpassad QR-kod direkt i din webbläsare. 100 % bearbetad offline för absolut integritet. Gratis, inga gränser och mycket säker.
Konvertera dina E-post-data till en anpassad QR-kod direkt i din webbläsare. 100 % bearbetad offline för absolut integritet. Gratis, inga gränser och mycket säker.",,,"163
163",2,true
21,https://createmy-qr.com/tl/lokasyon-libreng-online-qr-code-generator,"Lokasyon QR Code Generator - Libre at Custom | CreateMy-QR
Lokasyon - Libreng Online QR Code Generator - CreateMy-QR",text/html; charset=utf-8,false,200,0,0,"I-convert ang iyong Lokasyon data sa isang custom na QR code nang direkta sa iyong browser. 100% na naproseso offline para sa ganap na privacy. Libre, walang limitasyon, at lubos na secure.
I-convert ang iyong Lokasyon data sa isang custom na QR code nang direkta sa iyong browser. 100% na naproseso offline para sa ganap na privacy. Libre, walang limitasyon, at lubos na secure.",,,"189
189",2,true
21,https://createmy-qr.com/pl/youtube-darmowy-generator-kodow-qr-online,"Generator kodów QR YouTube — bezpłatny i niestandardowy | CreateMy-QR
YouTube - Darmowy Generator Kodów QR Online - CreateMy-QR",text/html; charset=utf-8,false,200,0,0,"Konwertuj dane YouTube na niestandardowy kod QR bezpośrednio w przeglądarce. 100% przetwarzane w trybie offline, aby zapewnić całkowitą prywatność. Bezpłatnie, bez ograniczeń i bardzo bezpiecznie.
Konwertuj dane YouTube na niestandardowy kod QR bezpośrednio w przeglądarce. 100% przetwarzane w trybie offline, aby zapewnić całkowitą prywatność. Bezpłatnie, bez ograniczeń i bardzo bezpiecznie.",,,"196
196",2,true
21,https://createmy-qr.com/vi/email-tao-ma-qr-mien-phi-truc-tuyen,"Trình tạo mã QR Email - Miễn phí & Tùy chỉnh | CreateMy-QR
Email - Tạo Mã QR Miễn Phí Trực Tuyến - CreateMy-QR",text/html; charset=utf-8,false,200,0,0,"Chuyển đổi dữ liệu Email của bạn thành mã QR tùy chỉnh trực tiếp trong trình duyệt của bạn. 100% được xử lý ngoại tuyến để đảm bảo quyền riêng tư tuyệt đối. Miễn phí, không giới hạn và có tính bảo mật cao.
Chuyển đổi dữ liệu Email của bạn thành mã QR tùy chỉnh trực tiếp trong trình duyệt của bạn. 100% được xử lý ngoại tuyến để đảm bảo quyền riêng tư tuyệt đối. Miễn phí, không giới hạn và có tính bảo mật cao.",,,"205
205",2,true
21,https://createmy-qr.com/tl/sms-libreng-online-qr-code-generator,"SMS QR Code Generator - Libre at Custom | CreateMy-QR
SMS - Libreng Online QR Code Generator - CreateMy-QR",text/html; charset=utf-8,false,200,0,0,"I-convert ang iyong SMS data sa isang custom na QR code nang direkta sa iyong browser. 100% na naproseso offline para sa ganap na privacy. Libre, walang limitasyon, at lubos na secure.
I-convert ang iyong SMS data sa isang custom na QR code nang direkta sa iyong browser. 100% na naproseso offline para sa ganap na privacy. Libre, walang limitasyon, at lubos na secure.",,,"184
184",2,true
21,https://createmy-qr.com/vi/may-quet-ma-vach-tao-ma-qr-mien-phi-truc-tuyen,"Máy quét mã vạch trực tuyến miễn phí - Quét UPC & EAN
Trình tạo mã QR Máy quét mã vạch - Miễn phí & Tùy chỉnh | CreateMy-QR
Máy quét mã vạch - Tạo Mã QR Miễn Phí Trực Tuyến - CreateMy-QR",text/html; charset=utf-8,false,200,0,0,"Chuyển đổi dữ liệu Máy quét mã vạch của bạn thành mã QR tùy chỉnh trực tiếp trong trình duyệt của bạn. 100% được xử lý ngoại tuyến để đảm bảo quyền riêng tư tuyệt đối. Miễn phí, không giới hạn và có tính bảo mật cao.
Chuyển đổi dữ liệu Máy quét mã vạch của bạn thành mã QR tùy chỉnh trực tiếp trong trình duyệt của bạn. 100% được xử lý ngoại tuyến để đảm bảo quyền riêng tư tuyệt đối. Miễn phí, không giới hạn và có tính bảo mật cao.
Quét mã vạch trực tuyến miễn phí bằng máy ảnh của thiết bị hoặc tải hình ảnh lên.Hỗ trợ UPC, EAN, Mã 128 và hơn thế nữa.100% riêng tư và an toàn.",,,"216
216
145",3,true
21,https://createmy-qr.com/ms/,"CreateMy-QR | Semua QR & Kod Bar Alat di Satu Tempat
CreateMy-QR | Semua QR & Kod Bar Alat di Satu Tempat
home - Penjana Kod QR Percuma Dalam Talian - CreateMy-QR",text/html; charset=utf-8,false,200,0,1,"Tukar data home anda kepada kod QR tersuai terus dalam penyemak imbas anda. 100% diproses di luar talian untuk privasi mutlak. Percuma, tiada had dan sangat selamat.
Hasilkan 37 jenis kod QR dan kod bar secara percuma.Tiada pendaftaran.Muat turun segera.100% bahagian pelanggan, mematuhi ISO/IEC 18004, tersedia dalam 30 bahasa.
Hasilkan 37 jenis kod QR dan kod bar secara percuma.Tiada pendaftaran.Muat turun segera.100% bahagian pelanggan, mematuhi ISO/IEC 18004, tersedia dalam 30 bahasa.",,,"165
162
162",3,true
21,https://createmy-qr.com/it/testo-generatore-di-codici-qr-gratis-online,"Generatore di codici QR Testo - Gratuito e personalizzato | CreateMy-QR
Testo - Generatore di Codici QR Gratis Online - CreateMy-QR",text/html; charset=utf-8,false,200,0,0,"Converti i tuoi dati Testo in un codice QR personalizzato direttamente nel tuo browser. Elaborato offline al 100% per una privacy assoluta. Gratuito, senza limiti e altamente sicuro.
Converti i tuoi dati Testo in un codice QR personalizzato direttamente nel tuo browser. Elaborato offline al 100% per una privacy assoluta. Gratuito, senza limiti e altamente sicuro.",,,"182
182",2,true
21,https://createmy-qr.com/uk/pidtrimuvani-movi,"Безкоштовний Генератор QR-кодів Онлайн - CreateMy-QR (No Signup) | Підтримувані мови
Генератор QR-коду types.languages – безкоштовний і користувацький | CreateMy-QR
Підтримувані мови | CreateMy-QR",text/html; charset=utf-8,false,200,0,0,"Learn more about CreateMy-QR supported languages.
Перетворіть свої дані types.languages на власний QR-код безпосередньо у своєму браузері. 100% обробка офлайн для повної конфіденційності. Безкоштовно, без обмежень і дуже безпечно.",,,"49
180",2,true
21,https://createmy-qr.com/it/architettura-di-sicurezza,"Generatore di Codici QR Gratis Online - CreateMy-QR (No Signup) | Architettura di sicurezza
Generatore di codici QR types.security - Gratuito e personalizzato | CreateMy-QR
Architettura di sicurezza | CreateMy-QR",text/html; charset=utf-8,false,200,0,0,"Learn more about CreateMy-QR security architecture.
Converti i tuoi dati types.security in un codice QR personalizzato direttamente nel tuo browser. Elaborato offline al 100% per una privacy assoluta. Gratuito, senza limiti e altamente sicuro.",,,"51
191",2,true
21,https://createmy-qr.com/ar/linkedin-mwld-rmz-lstjb-lsryaa-mjny,"ينكدين QR Code Generator - مجاني ومخصص | CreateMy-QR
ينكدين - مولد رمز الاستجابة السريعة مجاني - CreateMy-QR",text/html; charset=utf-8,false,200,0,0,"قم بتحويل بيانات ينكدين الخاصة بك إلى رمز QR مخصص مباشرةً في متصفحك. تمت معالجتها بنسبة 100% دون الاتصال بالإنترنت لتوفير الخصوصية المطلقة. مجاني، بلا حدود، وآمن للغاية.
قم بتحويل بيانات ينكدين الخاصة بك إلى رمز QR مخصص مباشرةً في متصفحك. تمت معالجتها بنسبة 100% دون الاتصال بالإنترنت لتوفير الخصوصية المطلقة. مجاني، بلا حدود، وآمن للغاية.",,,"169
169",2,true
21,https://createmy-qr.com/es/terminos-de-servicio,"Generador de Códigos QR Gratis Online - CreateMy-QR (No Signup) | Términos de servicio
Generador de códigos QR types.terms: gratuito y personalizado | CreateMy-QR
Términos de servicio | CreateMy-QR",text/html; charset=utf-8,false,200,0,0,"Learn more about CreateMy-QR terms of service.
Convierta sus datos de types.terms en un código QR personalizado directamente en su navegador. 100% procesado fuera de línea para absoluta privacidad. Gratis, sin límites y muy seguro.",,,"46
184",2,true
21,https://createmy-qr.com/vi/van-ban-tao-ma-qr-mien-phi-truc-tuyen,"Trình tạo mã QR Văn bản - Miễn phí & Tùy chỉnh | CreateMy-QR
Văn bản - Tạo Mã QR Miễn Phí Trực Tuyến - CreateMy-QR",text/html; charset=utf-8,false,200,0,0,"Chuyển đổi dữ liệu Văn bản của bạn thành mã QR tùy chỉnh trực tiếp trong trình duyệt của bạn. 100% được xử lý ngoại tuyến để đảm bảo quyền riêng tư tuyệt đối. Miễn phí, không giới hạn và có tính bảo mật cao.
Chuyển đổi dữ liệu Văn bản của bạn thành mã QR tùy chỉnh trực tiếp trong trình duyệt của bạn. 100% được xử lý ngoại tuyến để đảm bảo quyền riêng tư tuyệt đối. Miễn phí, không giới hạn và có tính bảo mật cao.",,,"207
207",2,true
21,https://createmy-qr.com/el/discord-dorean-dimioyrgia-qr-code-online,"Διχόνοια QR Code Generator - Δωρεάν & Προσαρμοσμένο | CreateMy-QR
Διχόνοια - Δωρεάν Δημιουργία QR Code Online - CreateMy-QR",text/html; charset=utf-8,false,200,0,0,"Μετατρέψτε τα δεδομένα σας Διχόνοια σε προσαρμοσμένο κωδικό QR απευθείας στο πρόγραμμα περιήγησής σας. 100% επεξεργασία εκτός σύνδεσης για απόλυτη προστασία της ιδιωτικής ζωής. Δωρεάν, χωρίς όρια και εξαιρετικά ασφαλές.
Μετατρέψτε τα δεδομένα σας Διχόνοια σε προσαρμοσμένο κωδικό QR απευθείας στο πρόγραμμα περιήγησής σας. 100% επεξεργασία εκτός σύνδεσης για απόλυτη προστασία της ιδιωτικής ζωής. Δωρεάν, χωρίς όρια και εξαιρετικά ασφαλές.",,,"219
219",2,true
21,https://createmy-qr.com/ar/sys-lkhswsy,"مولد رمز الاستجابة السريعة مجاني - CreateMy-QR (No Signup) | سياسة الخصوصية
types.privacy QR Code Generator - مجاني ومخصص | CreateMy-QR
سياسة الخصوصية | CreateMy-QR",text/html; charset=utf-8,false,200,0,0,"Learn more about CreateMy-QR privacy policy.
قم بتحويل بيانات types.privacy الخاصة بك إلى رمز QR مخصص مباشرةً في متصفحك. تمت معالجتها بنسبة 100% دون الاتصال بالإنترنت لتوفير الخصوصية المطلقة. مجاني، بلا حدود، وآمن للغاية.",,,"44
176",2,true
21,https://createmy-qr.com/nl/whatsapp-gratis-qr-code-generator-online,"Whatsappen QR-codegenerator - gratis en aangepast | CreateMy-QR
Whatsappen - Gratis QR Code Generator Online - CreateMy-QR",text/html; charset=utf-8,false,200,0,0,"Converteer uw Whatsappen-gegevens rechtstreeks in uw browser naar een aangepaste QR-code. 100% offline verwerkt voor absolute privacy. Gratis, geen grenzen en zeer veilig.
Converteer uw Whatsappen-gegevens rechtstreeks in uw browser naar een aangepaste QR-code. 100% offline verwerkt voor absolute privacy. Gratis, geen grenzen en zeer veilig.",,,"171
171",2,true
21,https://createmy-qr.com/es/sobre-nosotros,"Generador de Códigos QR Gratis Online - CreateMy-QR (No Signup) | Sobre nosotros
Generador de códigos QR types.about: gratuito y personalizado | CreateMy-QR
Sobre nosotros | CreateMy-QR",text/html; charset=utf-8,false,200,0,0,"Learn more about CreateMy-QR about us.
Convierta sus datos de types.about en un código QR personalizado directamente en su navegador. 100% procesado fuera de línea para absoluta privacidad. Gratis, sin límites y muy seguro.",,,"38
184",2,true
21,https://createmy-qr.com/it/file-generatore-di-codici-qr-gratis-online,"Generatore di codici QR File - Gratuito e personalizzato | CreateMy-QR
File - Generatore di Codici QR Gratis Online - CreateMy-QR",text/html; charset=utf-8,false,200,0,0,"Converti i tuoi dati File in un codice QR personalizzato direttamente nel tuo browser. Elaborato offline al 100% per una privacy assoluta. Gratuito, senza limiti e altamente sicuro.
Converti i tuoi dati File in un codice QR personalizzato direttamente nel tuo browser. Elaborato offline al 100% per una privacy assoluta. Gratuito, senza limiti e altamente sicuro.",,,"181
181",2,true
21,https://createmy-qr.com/ro/paypal-generator-de-coduri-qr-gratuit-online,"PayPal QR Code Generator - Gratuit și personalizat | CreateMy-QR
PayPal - Generator de Coduri QR Gratuit Online - CreateMy-QR",text/html; charset=utf-8,false,200,0,0,"Transformați datele dvs. PayPal într-un cod QR personalizat direct în browser. Procesat 100% offline pentru confidențialitate absolută. Gratuit, fără limite și foarte sigur.
Transformați datele dvs. PayPal într-un cod QR personalizat direct în browser. Procesat 100% offline pentru confidențialitate absolută. Gratuit, fără limite și foarte sigur.",,,"173
173",2,true
21,https://createmy-qr.com/hu/ingyenes-online-qr-kod-generator-2,"Ingyenes QR-kód olvasó online - QR-kód azonnali beolvasása
types.scanqr QR-kód generátor - ingyenes és egyedi | CreateMy-QR
scanqr - Ingyenes Online QR-kód Generátor - CreateMy-QR",text/html; charset=utf-8,false,200,0,0,"Alakítsa át scanqr adatait egyéni QR-kóddá közvetlenül a böngészőjében. 100%-ban offline feldolgozva az abszolút adatvédelem érdekében. Ingyenes, korlátok nélkül és rendkívül biztonságos.
Alakítsa át types.scanqr adatait egyéni QR-kóddá közvetlenül a böngészőjében. 100%-ban offline feldolgozva az abszolút adatvédelem érdekében. Ingyenes, korlátok nélkül és rendkívül biztonságos.
A QR-kódok azonnali beolvasása kamerája vagy kép feltöltésével. 100%-ban biztonságos, privát és ügyféloldali feldolgozás.",,,"187
193
121",3,true
21,https://createmy-qr.com/hu/instagram-ingyenes-online-qr-kod-generator,"Instagram QR-kód generátor - ingyenes és egyedi | CreateMy-QR
Instagram - Ingyenes Online QR-kód Generátor - CreateMy-QR",text/html; charset=utf-8,false,200,0,0,"Alakítsa át Instagram adatait egyéni QR-kóddá közvetlenül a böngészőjében. 100%-ban offline feldolgozva az abszolút adatvédelem érdekében. Ingyenes, korlátok nélkül és rendkívül biztonságos.
Alakítsa át Instagram adatait egyéni QR-kóddá közvetlenül a böngészőjében. 100%-ban offline feldolgozva az abszolút adatvédelem érdekében. Ingyenes, korlátok nélkül és rendkívül biztonságos.",,,"190
190",2,true
21,https://createmy-qr.com/uk/x-tvitter-bezkoshtovniy-generator-qr-kodiv-onlayn,"Генератор QR-коду X (Твіттер) – безкоштовний і користувацький | CreateMy-QR
X (Твіттер) - Безкоштовний Генератор QR-кодів Онлайн - CreateMy-QR",text/html; charset=utf-8,false,200,0,0,"Перетворіть свої дані X (Твіттер) на власний QR-код безпосередньо у своєму браузері. 100% обробка офлайн для повної конфіденційності. Безкоштовно, без обмежень і дуже безпечно.
Перетворіть свої дані X (Твіттер) на власний QR-код безпосередньо у своєму браузері. 100% обробка офлайн для повної конфіденційності. Безкоштовно, без обмежень і дуже безпечно.",,,"176
176",2,true
21,https://createmy-qr.com/vi/spotify-tao-ma-qr-mien-phi-truc-tuyen,"Trình tạo mã QR Spotify - Miễn phí & Tùy chỉnh | CreateMy-QR
Spotify - Tạo Mã QR Miễn Phí Trực Tuyến - CreateMy-QR",text/html; charset=utf-8,false,200,0,0,"Chuyển đổi dữ liệu Spotify của bạn thành mã QR tùy chỉnh trực tiếp trong trình duyệt của bạn. 100% được xử lý ngoại tuyến để đảm bảo quyền riêng tư tuyệt đối. Miễn phí, không giới hạn và có tính bảo mật cao.
Chuyển đổi dữ liệu Spotify của bạn thành mã QR tùy chỉnh trực tiếp trong trình duyệt của bạn. 100% được xử lý ngoại tuyến để đảm bảo quyền riêng tư tuyệt đối. Miễn phí, không giới hạn và có tính bảo mật cao.",,,"207
207",2,true
21,https://createmy-qr.com/tl/wi-fi-libreng-online-qr-code-generator,"Wi-Fi QR Code Generator - Libre at Custom | CreateMy-QR
Wi-Fi - Libreng Online QR Code Generator - CreateMy-QR",text/html; charset=utf-8,false,200,0,0,"I-convert ang iyong Wi-Fi data sa isang custom na QR code nang direkta sa iyong browser. 100% na naproseso offline para sa ganap na privacy. Libre, walang limitasyon, at lubos na secure.
I-convert ang iyong Wi-Fi data sa isang custom na QR code nang direkta sa iyong browser. 100% na naproseso offline para sa ganap na privacy. Libre, walang limitasyon, at lubos na secure.",,,"186
186",2,true
21,https://createmy-qr.com/fi/discord-ilmainen-qr-koodigeneraattori-netissa,"Erimielisyys QR-koodigeneraattori - ilmainen ja räätälöity | CreateMy-QR
Erimielisyys - Ilmainen QR-koodigeneraattori Netissä - CreateMy-QR",text/html; charset=utf-8,false,200,0,0,"Muunna Erimielisyys-tietosi mukautetuksi QR-koodiksi suoraan selaimessasi. 100 % käsitelty offline-tilassa täydellisen yksityisyyden takaamiseksi. Ilmainen, ei rajoituksia ja erittäin turvallinen.
Muunna Erimielisyys-tietosi mukautetuksi QR-koodiksi suoraan selaimessasi. 100 % käsitelty offline-tilassa täydellisen yksityisyyden takaamiseksi. Ilmainen, ei rajoituksia ja erittäin turvallinen.",,,"196
196",2,true
21,https://createmy-qr.com/ro/,"CreateMy-QR | Toate QR și coduri de bare Instrumente într-un singur loc
CreateMy-QR | Toate QR și coduri de bare Instrumente într-un singur loc
home - Generator de Coduri QR Gratuit Online - CreateMy-QR",text/html; charset=utf-8,false,200,0,1,"Transformați datele dvs. home într-un cod QR personalizat direct în browser. Procesat 100% offline pentru confidențialitate absolută. Gratuit, fără limite și foarte sigur.
Generați 37 de tipuri de coduri QR și coduri de bare gratuit.Fără înscriere.Descărcare instantanee.100% partea clientului, conform ISO/IEC 18004, disponibil în 30 de limbi.
Generați 37 de tipuri de coduri QR și coduri de bare gratuit.Fără înscriere.Descărcare instantanee.100% partea clientului, conform ISO/IEC 18004, disponibil în 30 de limbi.",,,"171
172
172",3,true
21,https://createmy-qr.com/it/posizione-generatore-di-codici-qr-gratis-online,"Generatore di codici QR Posizione - Gratuito e personalizzato | CreateMy-QR
Posizione - Generatore di Codici QR Gratis Online - CreateMy-QR",text/html; charset=utf-8,false,200,0,0,"Converti i tuoi dati Posizione in un codice QR personalizzato direttamente nel tuo browser. Elaborato offline al 100% per una privacy assoluta. Gratuito, senza limiti e altamente sicuro.
Converti i tuoi dati Posizione in un codice QR personalizzato direttamente nel tuo browser. Elaborato offline al 100% per una privacy assoluta. Gratuito, senza limiti e altamente sicuro.",,,"186
186",2,true
21,https://createmy-qr.com/hu/pdf-ingyenes-online-qr-kod-generator,"PDF QR-kód generátor - ingyenes és egyedi | CreateMy-QR
PDF - Ingyenes Online QR-kód Generátor - CreateMy-QR",text/html; charset=utf-8,false,200,0,0,"Alakítsa át PDF adatait egyéni QR-kóddá közvetlenül a böngészőjében. 100%-ban offline feldolgozva az abszolút adatvédelem érdekében. Ingyenes, korlátok nélkül és rendkívül biztonságos.
Alakítsa át PDF adatait egyéni QR-kóddá közvetlenül a böngészőjében. 100%-ban offline feldolgozva az abszolút adatvédelem érdekében. Ingyenes, korlátok nélkül és rendkívül biztonságos.",,,"184
184",2,true
21,https://createmy-qr.com/fi/puhelin-ilmainen-qr-koodigeneraattori-netissa,"Puhelin QR-koodigeneraattori - ilmainen ja räätälöity | CreateMy-QR
Puhelin - Ilmainen QR-koodigeneraattori Netissä - CreateMy-QR",text/html; charset=utf-8,false,200,0,0,"Muunna Puhelin-tietosi mukautetuksi QR-koodiksi suoraan selaimessasi. 100 % käsitelty offline-tilassa täydellisen yksityisyyden takaamiseksi. Ilmainen, ei rajoituksia ja erittäin turvallinen.
Muunna Puhelin-tietosi mukautetuksi QR-koodiksi suoraan selaimessasi. 100 % käsitelty offline-tilassa täydellisen yksityisyyden takaamiseksi. Ilmainen, ei rajoituksia ja erittäin turvallinen.",,,"191
191",2,true
21,https://createmy-qr.com/ro/sms-generator-de-coduri-qr-gratuit-online,"SMS QR Code Generator - Gratuit și personalizat | CreateMy-QR
SMS - Generator de Coduri QR Gratuit Online - CreateMy-QR",text/html; charset=utf-8,false,200,0,0,"Transformați datele dvs. SMS într-un cod QR personalizat direct în browser. Procesat 100% offline pentru confidențialitate absolută. Gratuit, fără limite și foarte sigur.
Transformați datele dvs. SMS într-un cod QR personalizat direct în browser. Procesat 100% offline pentru confidențialitate absolută. Gratuit, fără limite și foarte sigur.",,,"170
170",2,true
21,https://createmy-qr.com/vi/google-review-tao-ma-qr-mien-phi-truc-tuyen,"Trình tạo mã QR Đánh giá của Google - Miễn phí & Tùy chỉnh | CreateMy-QR
Đánh giá của Google - Tạo Mã QR Miễn Phí Trực Tuyến - CreateMy-QR",text/html; charset=utf-8,false,200,0,0,"Chuyển đổi dữ liệu Đánh giá của Google của bạn thành mã QR tùy chỉnh trực tiếp trong trình duyệt của bạn. 100% được xử lý ngoại tuyến để đảm bảo quyền riêng tư tuyệt đối. Miễn phí, không giới hạn và có tính bảo mật cao.
Chuyển đổi dữ liệu Đánh giá của Google của bạn thành mã QR tùy chỉnh trực tiếp trong trình duyệt của bạn. 100% được xử lý ngoại tuyến để đảm bảo quyền riêng tư tuyệt đối. Miễn phí, không giới hạn và có tính bảo mật cao.",,,"219
219",2,true
21,https://createmy-qr.com/da/begivenhed-gratis-qr-kode-generator-online,"Begivenhed QR Code Generator - Gratis og brugerdefineret | CreateMy-QR
Begivenhed - Gratis QR Kode Generator Online - CreateMy-QR",text/html; charset=utf-8,false,200,0,0,"Konverter dine Begivenhed-data til en tilpasset QR-kode direkte i din browser. 100 % behandlet offline for absolut privatliv. Gratis, ingen grænser og meget sikker.
Konverter dine Begivenhed-data til en tilpasset QR-kode direkte i din browser. 100 % behandlet offline for absolut privatliv. Gratis, ingen grænser og meget sikker.",,,"164
164",2,true
21,https://createmy-qr.com/bn/niraapttaa-aarkittekcaar,"ফ্রি অনলাইন কিউআর কোড জেনারেটর - CreateMy-QR (No Signup) | নিরাপত্তা আর্কিটেকচার
types.security QR কোড জেনারেটর - বিনামূল্যে এবং কাস্টম | CreateMy-QR
নিরাপত্তা আর্কিটেকচার | CreateMy-QR",text/html; charset=utf-8,false,200,0,0,"Learn more about CreateMy-QR security architecture.
আপনার ব্রাউজারে সরাসরি একটি কাস্টম QR কোডে আপনার types.security ডেটা রূপান্তর করুন। সম্পূর্ণ গোপনীয়তার জন্য 100% অফলাইনে প্রক্রিয়া করা হয়েছে। বিনামূল্যে, কোন সীমা নেই, এবং অত্যন্ত নিরাপদ।",,,"51
190",2,true
21,https://createmy-qr.com/bn/instagram-phri-anlaain-kiuaar-kodd-jenaarettr,"ইনস্টাগ্রাম QR কোড জেনারেটর - বিনামূল্যে এবং কাস্টম | CreateMy-QR
ইনস্টাগ্রাম - ফ্রি অনলাইন কিউআর কোড জেনারেটর - CreateMy-QR",text/html; charset=utf-8,false,200,0,0,"আপনার ব্রাউজারে সরাসরি একটি কাস্টম QR কোডে আপনার ইনস্টাগ্রাম ডেটা রূপান্তর করুন। সম্পূর্ণ গোপনীয়তার জন্য 100% অফলাইনে প্রক্রিয়া করা হয়েছে। বিনামূল্যে, কোন সীমা নেই, এবং অত্যন্ত নিরাপদ।
আপনার ব্রাউজারে সরাসরি একটি কাস্টম QR কোডে আপনার ইনস্টাগ্রাম ডেটা রূপান্তর করুন। সম্পূর্ণ গোপনীয়তার জন্য 100% অফলাইনে প্রক্রিয়া করা হয়েছে। বিনামূল্যে, কোন সীমা নেই, এবং অত্যন্ত নিরাপদ।",,,"187
187",2,true
21,https://createmy-qr.com/hu/hasznalati-esetek,"Ingyenes Online QR-kód Generátor - CreateMy-QR (No Signup) | Használati esetek
types.usecases QR-kód generátor - ingyenes és egyedi | CreateMy-QR
Használati esetek | CreateMy-QR",text/html; charset=utf-8,false,200,0,0,"Learn more about CreateMy-QR use cases.
Alakítsa át types.usecases adatait egyéni QR-kóddá közvetlenül a böngészőjében. 100%-ban offline feldolgozva az abszolút adatvédelem érdekében. Ingyenes, korlátok nélkül és rendkívül biztonságos.",,,"39
195",2,true
21,https://createmy-qr.com/el/shetika-me-emas,"Δωρεάν Δημιουργία QR Code Online - CreateMy-QR (No Signup) | Σχετικά με εμάς
types.about QR Code Generator - Δωρεάν & Προσαρμοσμένο | CreateMy-QR
Σχετικά με εμάς | CreateMy-QR",text/html; charset=utf-8,false,200,0,0,"Learn more about CreateMy-QR about us.
Μετατρέψτε τα δεδομένα σας types.about σε προσαρμοσμένο κωδικό QR απευθείας στο πρόγραμμα περιήγησής σας. 100% επεξεργασία εκτός σύνδεσης για απόλυτη προστασία της ιδιωτικής ζωής. Δωρεάν, χωρίς όρια και εξαιρετικά ασφαλές.",,,"38
222",2,true
21,https://createmy-qr.com/hu/esemeny-ingyenes-online-qr-kod-generator,"Esemény QR-kód generátor - ingyenes és egyedi | CreateMy-QR
Esemény - Ingyenes Online QR-kód Generátor - CreateMy-QR",text/html; charset=utf-8,false,200,0,0,"Alakítsa át Esemény adatait egyéni QR-kóddá közvetlenül a böngészőjében. 100%-ban offline feldolgozva az abszolút adatvédelem érdekében. Ingyenes, korlátok nélkül és rendkívül biztonságos.
Alakítsa át Esemény adatait egyéni QR-kóddá közvetlenül a böngészőjében. 100%-ban offline feldolgozva az abszolút adatvédelem érdekében. Ingyenes, korlátok nélkül és rendkívül biztonságos.",,,"188
188",2,true
21,https://createmy-qr.com/ru/discord-besplatnyy-generator-qr-kodov-onlayn,"Раздор Генератор QR-кодов — бесплатный и настраиваемый | CreateMy-QR
Раздор - Бесплатный генератор QR-кодов онлайн - CreateMy-QR",text/html; charset=utf-8,false,200,0,0,"Преобразуйте данные Раздор в собственный QR-код прямо в браузере. 100% обработка в автономном режиме для абсолютной конфиденциальности. Бесплатно, без ограничений и очень безопасно.
Преобразуйте данные Раздор в собственный QR-код прямо в браузере. 100% обработка в автономном режиме для абсолютной конфиденциальности. Бесплатно, без ограничений и очень безопасно.",,,"181
181",2,true
21,https://createmy-qr.com/bn/100-binaamuulye-muuly,"ফ্রি অনলাইন কিউআর কোড জেনারেটর - CreateMy-QR (No Signup) | 100% বিনামূল্যে মূল্য
types.pricing QR কোড জেনারেটর - বিনামূল্যে এবং কাস্টম | CreateMy-QR
100% বিনামূল্যে মূল্য | CreateMy-QR",text/html; charset=utf-8,false,200,0,0,"Learn more about CreateMy-QR 100% free pricing.
আপনার ব্রাউজারে সরাসরি একটি কাস্টম QR কোডে আপনার types.pricing ডেটা রূপান্তর করুন। সম্পূর্ণ গোপনীয়তার জন্য 100% অফলাইনে প্রক্রিয়া করা হয়েছে। বিনামূল্যে, কোন সীমা নেই, এবং অত্যন্ত নিরাপদ।",,,"47
189",2,true
21,https://createmy-qr.com/no/gratis-qr-kode-generator-online-2,"Gratis QR-kodeskanner online - Skann QR umiddelbart
types.scanqr QR Code Generator - Gratis og tilpasset | CreateMy-QR
scanqr - Gratis QR-kode Generator Online - CreateMy-QR",text/html; charset=utf-8,false,200,0,0,"Konverter scanqr-dataene dine til en tilpasset QR-kode direkte i nettleseren din. 100 % behandlet offline for absolutt personvern. Gratis, ingen grenser og svært sikker.
Konverter types.scanqr-dataene dine til en tilpasset QR-kode direkte i nettleseren din. 100 % behandlet offline for absolutt personvern. Gratis, ingen grenser og svært sikker.
Skann QR-koder umiddelbart ved å bruke kameraet ditt eller ved å laste opp et bilde. 100 % sikker, privat behandling og behandling på klientsiden.",,,"169
175
146",3,true
21,https://createmy-qr.com/pl/porownaj-narzedzia,"Darmowy Generator Kodów QR Online - CreateMy-QR (No Signup) | Porównaj narzędzia
Generator kodów QR types.compare — bezpłatny i niestandardowy | CreateMy-QR
Porównaj narzędzia | CreateMy-QR",text/html; charset=utf-8,false,200,0,0,"Learn more about CreateMy-QR compare tools.
Konwertuj dane types.compare na niestandardowy kod QR bezpośrednio w przeglądarce. 100% przetwarzane w trybie offline, aby zapewnić całkowitą prywatność. Bezpłatnie, bez ograniczeń i bardzo bezpiecznie.",,,"43
202",2,true
21,https://createmy-qr.com/ro/linkedin-generator-de-coduri-qr-gratuit-online,"LinkedIn QR Code Generator - Gratuit și personalizat | CreateMy-QR
LinkedIn - Generator de Coduri QR Gratuit Online - CreateMy-QR",text/html; charset=utf-8,false,200,0,0,"Transformați datele dvs. LinkedIn într-un cod QR personalizat direct în browser. Procesat 100% offline pentru confidențialitate absolută. Gratuit, fără limite și foarte sigur.
Transformați datele dvs. LinkedIn într-un cod QR personalizat direct în browser. Procesat 100% offline pentru confidențialitate absolută. Gratuit, fără limite și foarte sigur.",,,"175
175",2,true
21,https://createmy-qr.com/ro/vcard-generator-de-coduri-qr-gratuit-online,"vCard QR Code Generator - Gratuit și personalizat | CreateMy-QR
vCard - Generator de Coduri QR Gratuit Online - CreateMy-QR",text/html; charset=utf-8,false,200,0,0,"Transformați datele dvs. vCard într-un cod QR personalizat direct în browser. Procesat 100% offline pentru confidențialitate absolută. Gratuit, fără limite și foarte sigur.
Transformați datele dvs. vCard într-un cod QR personalizat direct în browser. Procesat 100% offline pentru confidențialitate absolută. Gratuit, fără limite și foarte sigur.",,,"172
172",2,true
21,https://createmy-qr.com/pl/wi-fi-darmowy-generator-kodow-qr-online,"Generator kodów QR Wi-Fi — bezpłatny i niestandardowy | CreateMy-QR
Wi-Fi - Darmowy Generator Kodów QR Online - CreateMy-QR",text/html; charset=utf-8,false,200,0,0,"Konwertuj dane Wi-Fi na niestandardowy kod QR bezpośrednio w przeglądarce. 100% przetwarzane w trybie offline, aby zapewnić całkowitą prywatność. Bezpłatnie, bez ograniczeń i bardzo bezpiecznie.
Konwertuj dane Wi-Fi na niestandardowy kod QR bezpośrednio w przeglądarce. 100% przetwarzane w trybie offline, aby zapewnić całkowitą prywatność. Bezpłatnie, bez ograniczeń i bardzo bezpiecznie.",,,"194
194",2,true
21,https://createmy-qr.com/hu/100-ingyenes-ar,"Ingyenes Online QR-kód Generátor - CreateMy-QR (No Signup) | 100% ingyenes ár
types.pricing QR-kód generátor - ingyenes és egyedi | CreateMy-QR
100% ingyenes ár | CreateMy-QR",text/html; charset=utf-8,false,200,0,0,"Learn more about CreateMy-QR 100% free pricing.
Alakítsa át types.pricing adatait egyéni QR-kóddá közvetlenül a böngészőjében. 100%-ban offline feldolgozva az abszolút adatvédelem érdekében. Ingyenes, korlátok nélkül és rendkívül biztonságos.",,,"47
194",2,true
21,https://createmy-qr.com/de/youtube-kostenloser-qr-code-generator-online,"YouTube QR-Code-Generator – kostenlos und benutzerdefiniert | CreateMy-QR
YouTube - Kostenloser QR-Code Generator Online - CreateMy-QR",text/html; charset=utf-8,false,200,0,0,"Wandeln Sie Ihre YouTube-Daten direkt in Ihrem Browser in einen benutzerdefinierten QR-Code um. 100 % offline verarbeitet für absolute Privatsphäre. Kostenlos, ohne Grenzen und äußerst sicher.
Wandeln Sie Ihre YouTube-Daten direkt in Ihrem Browser in einen benutzerdefinierten QR-Code um. 100 % offline verarbeitet für absolute Privatsphäre. Kostenlos, ohne Grenzen und äußerst sicher.",,,"192
192",2,true
21,https://createmy-qr.com/ar/msh-lbrkwd-mwld-rmz-lstjb-lsryaa-mjny,"ماسح الباركود المجاني عبر الإنترنت - مسح UPC وEAN
ماسح الباركود QR Code Generator - مجاني ومخصص | CreateMy-QR
ماسح الباركود - مولد رمز الاستجابة السريعة مجاني - CreateMy-QR",text/html; charset=utf-8,false,200,0,0,"قم بتحويل بيانات ماسح الباركود الخاصة بك إلى رمز QR مخصص مباشرةً في متصفحك. تمت معالجتها بنسبة 100% دون الاتصال بالإنترنت لتوفير الخصوصية المطلقة. مجاني، بلا حدود، وآمن للغاية.
قم بتحويل بيانات ماسح الباركود الخاصة بك إلى رمز QR مخصص مباشرةً في متصفحك. تمت معالجتها بنسبة 100% دون الاتصال بالإنترنت لتوفير الخصوصية المطلقة. مجاني، بلا حدود، وآمن للغاية.
قم بمسح الرموز الشريطية ضوئيًا عبر الإنترنت مجانًا باستخدام كاميرا جهازك أو قم بتحميل صورة.يدعم UPC، EAN، رمز 128 وأكثر من ذلك.100% خاص وآمن.",,,"176
176
141",3,true
21,https://createmy-qr.com/sv/discord-gratis-qr-kod-generator-online,"Discord QR Code Generator - Gratis & anpassad | CreateMy-QR
Discord - Gratis QR-kod Generator Online - CreateMy-QR",text/html; charset=utf-8,false,200,0,0,"Konvertera dina Discord-data till en anpassad QR-kod direkt i din webbläsare. 100 % bearbetad offline för absolut integritet. Gratis, inga gränser och mycket säker.
Konvertera dina Discord-data till en anpassad QR-kod direkt i din webbläsare. 100 % bearbetad offline för absolut integritet. Gratis, inga gränser och mycket säker.",,,"164
164",2,true
21,https://createmy-qr.com/el/vcard-dorean-dimioyrgia-qr-code-online,"vCard QR Code Generator - Δωρεάν & Προσαρμοσμένο | CreateMy-QR
vCard - Δωρεάν Δημιουργία QR Code Online - CreateMy-QR",text/html; charset=utf-8,false,200,0,0,"Μετατρέψτε τα δεδομένα σας vCard σε προσαρμοσμένο κωδικό QR απευθείας στο πρόγραμμα περιήγησής σας. 100% επεξεργασία εκτός σύνδεσης για απόλυτη προστασία της ιδιωτικής ζωής. Δωρεάν, χωρίς όρια και εξαιρετικά ασφαλές.
Μετατρέψτε τα δεδομένα σας vCard σε προσαρμοσμένο κωδικό QR απευθείας στο πρόγραμμα περιήγησής σας. 100% επεξεργασία εκτός σύνδεσης για απόλυτη προστασία της ιδιωτικής ζωής. Δωρεάν, χωρίς όρια και εξαιρετικά ασφαλές.",,,"216
216",2,true
21,https://createmy-qr.com/cs/nastroje-pro-porovnani,"Zdarma Online Generátor QR Kódů - CreateMy-QR (No Signup) | Nástroje pro porovnání
types.compare generátor QR kódu – zdarma a na míru | CreateMy-QR
Nástroje pro porovnání | CreateMy-QR",text/html; charset=utf-8,false,200,0,0,"Learn more about CreateMy-QR compare tools.
Převeďte svá data types.compare na vlastní QR kód přímo ve vašem prohlížeči. 100% zpracováno offline pro absolutní soukromí. Zdarma, bez omezení a vysoce bezpečné.",,,"43
163",2,true
21,https://createmy-qr.com/tr/barkod-tarayici-ucretsiz-cevrimici-qr-kod-olusturucu,"Ücretsiz Çevrimiçi Barkod Tarayıcı - UPC ve EAN'yi tarayın
Barkod Tarayıcı QR Kod Oluşturucu - Ücretsiz ve Özel | CreateMy-QR
Barkod Tarayıcı - Ücretsiz Çevrimiçi QR Kod Oluşturucu - CreateMy-QR",text/html; charset=utf-8,false,200,0,0,"Barkod Tarayıcı verilerinizi doğrudan tarayıcınızda özel bir QR koduna dönüştürün. Mutlak gizlilik için %100 çevrimdışı işlenir. Ücretsiz, sınırsız ve son derece güvenli.
Barkod Tarayıcı verilerinizi doğrudan tarayıcınızda özel bir QR koduna dönüştürün. Mutlak gizlilik için %100 çevrimdışı işlenir. Ücretsiz, sınırsız ve son derece güvenli.
Cihazınızın kamerasını kullanarak barkodları çevrimiçi olarak ücretsiz tarayın veya bir resim yükleyin.UPC, EAN, Code 128 ve daha fazlasını destekler.%100 özel ve güvenli.",,,"170
170
171",3,true
21,https://createmy-qr.com/uk/google-forms-bezkoshtovniy-generator-qr-kodiv-onlayn,"Генератор QR-коду Форми Google – безкоштовний і користувацький | CreateMy-QR
Форми Google - Безкоштовний Генератор QR-кодів Онлайн - CreateMy-QR",text/html; charset=utf-8,false,200,0,0,"Перетворіть свої дані Форми Google на власний QR-код безпосередньо у своєму браузері. 100% обробка офлайн для повної конфіденційності. Безкоштовно, без обмежень і дуже безпечно.
Перетворіть свої дані Форми Google на власний QR-код безпосередньо у своєму браузері. 100% обробка офлайн для повної конфіденційності. Безкоштовно, без обмежень і дуже безпечно.",,,"177
177",2,true
21,https://createmy-qr.com/it/termini-di-servizio,"Generatore di Codici QR Gratis Online - CreateMy-QR (No Signup) | Termini di servizio
Generatore di codici QR types.terms - Gratuito e personalizzato | CreateMy-QR
Termini di servizio | CreateMy-QR",text/html; charset=utf-8,false,200,0,0,"Learn more about CreateMy-QR terms of service.
Converti i tuoi dati types.terms in un codice QR personalizzato direttamente nel tuo browser. Elaborato offline al 100% per una privacy assoluta. Gratuito, senza limiti e altamente sicuro.",,,"46
188",2,true
21,https://createmy-qr.com/ar/google-forms-mwld-rmz-lstjb-lsryaa-mjny,"نماذج جوجل QR Code Generator - مجاني ومخصص | CreateMy-QR
نماذج جوجل - مولد رمز الاستجابة السريعة مجاني - CreateMy-QR",text/html; charset=utf-8,false,200,0,0,"قم بتحويل بيانات نماذج جوجل الخاصة بك إلى رمز QR مخصص مباشرةً في متصفحك. تمت معالجتها بنسبة 100% دون الاتصال بالإنترنت لتوفير الخصوصية المطلقة. مجاني، بلا حدود، وآمن للغاية.
قم بتحويل بيانات نماذج جوجل الخاصة بك إلى رمز QR مخصص مباشرةً في متصفحك. تمت معالجتها بنسبة 100% دون الاتصال بالإنترنت لتوفير الخصوصية المطلقة. مجاني، بلا حدود، وآمن للغاية.",,,"173
173",2,true
21,https://createmy-qr.com/de/kostenloser-qr-code-generator-online,"Kostenloser Online-Barcode-Generator – Erstellen Sie 1D-Barcodes
types.barcode QR-Code-Generator – kostenlos und benutzerdefiniert | CreateMy-QR
barcode - Kostenloser QR-Code Generator Online - CreateMy-QR",text/html; charset=utf-8,false,200,0,0,"Wandeln Sie Ihre barcode-Daten direkt in Ihrem Browser in einen benutzerdefinierten QR-Code um. 100 % offline verarbeitet für absolute Privatsphäre. Kostenlos, ohne Grenzen und äußerst sicher.
Wandeln Sie Ihre types.barcode-Daten direkt in Ihrem Browser in einen benutzerdefinierten QR-Code um. 100 % offline verarbeitet für absolute Privatsphäre. Kostenlos, ohne Grenzen und äußerst sicher.
Generieren Sie sofort professionelle 1D-Barcodes. Unterstützung für Code-128, UPC, EAN, ITF-14 und mehr. Kostenlos, sicher und bereit zum Download in hochauflösendem PNG.",,,"192
198
170",3,true
21,https://createmy-qr.com/ms/audio-penjana-kod-qr-percuma-dalam-talian,"Penjana Kod QR Audio - Percuma & Tersuai | CreateMy-QR
Audio - Penjana Kod QR Percuma Dalam Talian - CreateMy-QR",text/html; charset=utf-8,false,200,0,0,"Tukar data Audio anda kepada kod QR tersuai terus dalam penyemak imbas anda. 100% diproses di luar talian untuk privasi mutlak. Percuma, tiada had dan sangat selamat.
Tukar data Audio anda kepada kod QR tersuai terus dalam penyemak imbas anda. 100% diproses di luar talian untuk privasi mutlak. Percuma, tiada had dan sangat selamat.",,,"166
166",2,true
21,https://createmy-qr.com/tl/discord-libreng-online-qr-code-generator,"Discord QR Code Generator - Libre at Custom | CreateMy-QR
Discord - Libreng Online QR Code Generator - CreateMy-QR",text/html; charset=utf-8,false,200,0,0,"I-convert ang iyong Discord data sa isang custom na QR code nang direkta sa iyong browser. 100% na naproseso offline para sa ganap na privacy. Libre, walang limitasyon, at lubos na secure.
I-convert ang iyong Discord data sa isang custom na QR code nang direkta sa iyong browser. 100% na naproseso offline para sa ganap na privacy. Libre, walang limitasyon, at lubos na secure.",,,"188
188",2,true
21,https://createmy-qr.com/tr/app-store-ucretsiz-cevrimici-qr-kod-olusturucu,"Uygulama Mağazası QR Kod Oluşturucu - Ücretsiz ve Özel | CreateMy-QR
Uygulama Mağazası - Ücretsiz Çevrimiçi QR Kod Oluşturucu - CreateMy-QR",text/html; charset=utf-8,false,200,0,0,"Uygulama Mağazası verilerinizi doğrudan tarayıcınızda özel bir QR koduna dönüştürün. Mutlak gizlilik için %100 çevrimdışı işlenir. Ücretsiz, sınırsız ve son derece güvenli.
Uygulama Mağazası verilerinizi doğrudan tarayıcınızda özel bir QR koduna dönüştürün. Mutlak gizlilik için %100 çevrimdışı işlenir. Ücretsiz, sınırsız ve son derece güvenli.",,,"172
172",2,true
21,https://createmy-qr.com/el/topothesia-dorean-dimioyrgia-qr-code-online,"Τοποθεσία QR Code Generator - Δωρεάν & Προσαρμοσμένο | CreateMy-QR
Τοποθεσία - Δωρεάν Δημιουργία QR Code Online - CreateMy-QR",text/html; charset=utf-8,false,200,0,0,"Μετατρέψτε τα δεδομένα σας Τοποθεσία σε προσαρμοσμένο κωδικό QR απευθείας στο πρόγραμμα περιήγησής σας. 100% επεξεργασία εκτός σύνδεσης για απόλυτη προστασία της ιδιωτικής ζωής. Δωρεάν, χωρίς όρια και εξαιρετικά ασφαλές.
Μετατρέψτε τα δεδομένα σας Τοποθεσία σε προσαρμοσμένο κωδικό QR απευθείας στο πρόγραμμα περιήγησής σας. 100% επεξεργασία εκτός σύνδεσης για απόλυτη προστασία της ιδιωτικής ζωής. Δωρεάν, χωρίς όρια και εξαιρετικά ασφαλές.",,,"220
220",2,true
21,https://createmy-qr.com/es/url-link-generador-de-codigos-qr-gratis-online,"Generador de Códigos QR Gratis Online - CreateMy-QR (No Signup) | CreateMy-QR
Generador de Códigos QR Gratis Online - CreateMy-QR (No Signup)",text/html; charset=utf-8,false,200,0,0,"Crea Códigos QR con Logo y Color - Sin Registro, Ilimitado. 100% privacy-safe, client-side generation without signup. Try CreateMy-QR today.
Convierta sus datos de URL/Enlace en un código QR personalizado directamente en su navegador. 100% procesado fuera de línea para absoluta privacidad. Gratis, sin límites y muy seguro.",,,"140
183",2,true
21,https://createmy-qr.com/sv/bokning-gratis-qr-kod-generator-online,"Bokning QR Code Generator - Gratis & anpassad | CreateMy-QR
Bokning - Gratis QR-kod Generator Online - CreateMy-QR",text/html; charset=utf-8,false,200,0,0,"Konvertera dina Bokning-data till en anpassad QR-kod direkt i din webbläsare. 100 % bearbetad offline för absolut integritet. Gratis, inga gränser och mycket säker.
Konvertera dina Bokning-data till en anpassad QR-kod direkt i din webbläsare. 100 % bearbetad offline för absolut integritet. Gratis, inga gränser och mycket säker.",,,"164
164",2,true
21,https://createmy-qr.com/hi/crypto-muph-t-onnlaain-kyuuaar-kodd-jnrettr,"क्रिप्टो QR कोड जेनरेटर - मुफ़्त और कस्टम | CreateMy-QR
क्रिप्टो - मुफ़्त ऑनलाइन क्यूआर कोड जनरेटर - CreateMy-QR",text/html; charset=utf-8,false,200,0,0,"अपने क्रिप्टो डेटा को सीधे अपने ब्राउज़र में एक कस्टम क्यूआर कोड में बदलें। पूर्ण गोपनीयता के लिए 100% ऑफ़लाइन संसाधित। निःशुल्क, कोई सीमा नहीं, और अत्यधिक सुरक्षित।
अपने क्रिप्टो डेटा को सीधे अपने ब्राउज़र में एक कस्टम क्यूआर कोड में बदलें। पूर्ण गोपनीयता के लिए 100% ऑफ़लाइन संसाधित। निःशुल्क, कोई सीमा नहीं, और अत्यधिक सुरक्षित।",,,"165
165",2,true
21,https://createmy-qr.com/fr/sms-generateur-de-code-qr-gratuit-en-ligne,"Générateur de code QR SMS - Gratuit et personnalisé | CreateMy-QR
SMS - Générateur de Code QR Gratuit en Ligne - CreateMy-QR",text/html; charset=utf-8,false,200,0,0,"Convertissez vos données SMS en un code QR personnalisé directement dans votre navigateur. 100 % traité hors ligne pour une confidentialité absolue. Gratuit, sans limites et hautement sécurisé.
Convertissez vos données SMS en un code QR personnalisé directement dans votre navigateur. 100 % traité hors ligne pour une confidentialité absolue. Gratuit, sans limites et hautement sécurisé.",,,"193
193",2,true
21,https://createmy-qr.com/tl/url-link-libreng-online-qr-code-generator,"Libreng Online QR Code Generator - CreateMy-QR (No Signup) | CreateMy-QR
Libreng Online QR Code Generator - CreateMy-QR (No Signup)",text/html; charset=utf-8,false,200,0,0,"Gumawa ng QR Code na may Logo at Kulay - Walang Signup, Walang Limitasyon. 100% privacy-safe, client-side generation without signup. Try CreateMy-QR today.
I-convert ang iyong URL / Link data sa isang custom na QR code nang direkta sa iyong browser. 100% na naproseso offline para sa ganap na privacy. Libre, walang limitasyon, at lubos na secure.",,,"155
191",2,true
21,https://createmy-qr.com/fr/texte-generateur-de-code-qr-gratuit-en-ligne,"Générateur de code QR Texte - Gratuit et personnalisé | CreateMy-QR
Texte - Générateur de Code QR Gratuit en Ligne - CreateMy-QR",text/html; charset=utf-8,false,200,0,0,"Convertissez vos données Texte en un code QR personnalisé directement dans votre navigateur. 100 % traité hors ligne pour une confidentialité absolue. Gratuit, sans limites et hautement sécurisé.
Convertissez vos données Texte en un code QR personnalisé directement dans votre navigateur. 100 % traité hors ligne pour une confidentialité absolue. Gratuit, sans limites et hautement sécurisé.",,,"195
195",2,true
21,https://createmy-qr.com/nl/telegram-gratis-qr-code-generator-online,"Telegram QR-codegenerator - gratis en aangepast | CreateMy-QR
Telegram - Gratis QR Code Generator Online - CreateMy-QR",text/html; charset=utf-8,false,200,0,0,"Converteer uw Telegram-gegevens rechtstreeks in uw browser naar een aangepaste QR-code. 100% offline verwerkt voor absolute privacy. Gratis, geen grenzen en zeer veilig.
Converteer uw Telegram-gegevens rechtstreeks in uw browser naar een aangepaste QR-code. 100% offline verwerkt voor absolute privacy. Gratis, geen grenzen en zeer veilig.",,,"169
169",2,true
21,https://createmy-qr.com/ar/maard-lswr-mwld-rmz-lstjb-lsryaa-mjny,"معرض الصور QR Code Generator - مجاني ومخصص | CreateMy-QR
معرض الصور - مولد رمز الاستجابة السريعة مجاني - CreateMy-QR",text/html; charset=utf-8,false,200,0,0,"قم بتحويل بيانات معرض الصور الخاصة بك إلى رمز QR مخصص مباشرةً في متصفحك. تمت معالجتها بنسبة 100% دون الاتصال بالإنترنت لتوفير الخصوصية المطلقة. مجاني، بلا حدود، وآمن للغاية.
قم بتحويل بيانات معرض الصور الخاصة بك إلى رمز QR مخصص مباشرةً في متصفحك. تمت معالجتها بنسبة 100% دون الاتصال بالإنترنت لتوفير الخصوصية المطلقة. مجاني، بلا حدود، وآمن للغاية.",,,"173
173",2,true
21,https://createmy-qr.com/fi/aani-ilmainen-qr-koodigeneraattori-netissa,"Ääni QR-koodigeneraattori - ilmainen ja räätälöity | CreateMy-QR
Ääni - Ilmainen QR-koodigeneraattori Netissä - CreateMy-QR",text/html; charset=utf-8,false,200,0,0,"Muunna Ääni-tietosi mukautetuksi QR-koodiksi suoraan selaimessasi. 100 % käsitelty offline-tilassa täydellisen yksityisyyden takaamiseksi. Ilmainen, ei rajoituksia ja erittäin turvallinen.
Muunna Ääni-tietosi mukautetuksi QR-koodiksi suoraan selaimessasi. 100 % käsitelty offline-tilassa täydellisen yksityisyyden takaamiseksi. Ilmainen, ei rajoituksia ja erittäin turvallinen.",,,"188
188",2,true
21,https://createmy-qr.com/sv/whatsapp-gratis-qr-kod-generator-online,"WhatsApp QR Code Generator - Gratis & anpassad | CreateMy-QR
WhatsApp - Gratis QR-kod Generator Online - CreateMy-QR",text/html; charset=utf-8,false,200,0,0,"Konvertera dina WhatsApp-data till en anpassad QR-kod direkt i din webbläsare. 100 % bearbetad offline för absolut integritet. Gratis, inga gränser och mycket säker.
Konvertera dina WhatsApp-data till en anpassad QR-kod direkt i din webbläsare. 100 % bearbetad offline för absolut integritet. Gratis, inga gränser och mycket säker.",,,"165
165",2,true
21,https://createmy-qr.com/it/linkedin-generatore-di-codici-qr-gratis-online,"Generatore di codici QR LinkedIn - Gratuito e personalizzato | CreateMy-QR
LinkedIn - Generatore di Codici QR Gratis Online - CreateMy-QR",text/html; charset=utf-8,false,200,0,0,"Converti i tuoi dati LinkedIn in un codice QR personalizzato direttamente nel tuo browser. Elaborato offline al 100% per una privacy assoluta. Gratuito, senza limiti e altamente sicuro.
Converti i tuoi dati LinkedIn in un codice QR personalizzato direttamente nel tuo browser. Elaborato offline al 100% per una privacy assoluta. Gratuito, senza limiti e altamente sicuro.",,,"185
185",2,true
21,https://createmy-qr.com/hi/google-review-muph-t-onnlaain-kyuuaar-kodd-jnrettr,"गूगल समीक्षा QR कोड जेनरेटर - मुफ़्त और कस्टम | CreateMy-QR
गूगल समीक्षा - मुफ़्त ऑनलाइन क्यूआर कोड जनरेटर - CreateMy-QR",text/html; charset=utf-8,false,200,0,0,"अपने गूगल समीक्षा डेटा को सीधे अपने ब्राउज़र में एक कस्टम क्यूआर कोड में बदलें। पूर्ण गोपनीयता के लिए 100% ऑफ़लाइन संसाधित। निःशुल्क, कोई सीमा नहीं, और अत्यधिक सुरक्षित।
अपने गूगल समीक्षा डेटा को सीधे अपने ब्राउज़र में एक कस्टम क्यूआर कोड में बदलें। पूर्ण गोपनीयता के लिए 100% ऑफ़लाइन संसाधित। निःशुल्क, कोई सीमा नहीं, और अत्यधिक सुरक्षित।",,,"169
169",2,true
21,https://createmy-qr.com/el/,"CreateMy-QR | Όλα τα QR & Barcode Εργαλεία σε ένα μέρος
CreateMy-QR | Όλα τα QR & Barcode Εργαλεία σε ένα μέρος
home - Δωρεάν Δημιουργία QR Code Online - CreateMy-QR",text/html; charset=utf-8,false,200,0,1,"Μετατρέψτε τα δεδομένα σας home σε προσαρμοσμένο κωδικό QR απευθείας στο πρόγραμμα περιήγησής σας. 100% επεξεργασία εκτός σύνδεσης για απόλυτη προστασία της ιδιωτικής ζωής. Δωρεάν, χωρίς όρια και εξαιρετικά ασφαλές.
Δημιουργήστε 37 τύπους κωδικών QR και barcodes δωρεάν.Καμία εγγραφή.Άμεση λήψη.100% από την πλευρά του πελάτη, συμβατό με ISO/IEC 18004, διαθέσιμο σε 30 γλώσσες.
Δημιουργήστε 37 τύπους κωδικών QR και barcodes δωρεάν.Καμία εγγραφή.Άμεση λήψη.100% από την πλευρά του πελάτη, συμβατό με ISO/IEC 18004, διαθέσιμο σε 30 γλώσσες.",,,"215
161
161",3,true
21,https://createmy-qr.com/es/video-generador-de-codigos-qr-gratis-online,"Generador de códigos QR Vídeo: gratuito y personalizado | CreateMy-QR
Vídeo - Generador de Códigos QR Gratis Online - CreateMy-QR",text/html; charset=utf-8,false,200,0,0,"Convierta sus datos de Vídeo en un código QR personalizado directamente en su navegador. 100% procesado fuera de línea para absoluta privacidad. Gratis, sin límites y muy seguro.
Convierta sus datos de Vídeo en un código QR personalizado directamente en su navegador. 100% procesado fuera de línea para absoluta privacidad. Gratis, sin límites y muy seguro.",,,"178
178",2,true
21,https://createmy-qr.com/sv/gratis-qr-kod-generator-online,"Gratis streckkodsgenerator online - Skapa 1D streckkoder
types.barcode QR Code Generator - Gratis & anpassad | CreateMy-QR
barcode - Gratis QR-kod Generator Online - CreateMy-QR",text/html; charset=utf-8,false,200,0,0,"Konvertera dina barcode-data till en anpassad QR-kod direkt i din webbläsare. 100 % bearbetad offline för absolut integritet. Gratis, inga gränser och mycket säker.
Konvertera dina types.barcode-data till en anpassad QR-kod direkt i din webbläsare. 100 % bearbetad offline för absolut integritet. Gratis, inga gränser och mycket säker.
Generera professionella 1D-streckkoder direkt. Stöd för Code-128, UPC, EAN, ITF-14 och mer. Gratis, säker och redo att laddas ner i högupplöst PNG.",,,"164
170
147",3,true
21,https://createmy-qr.com/ar/laamr-l-mny,"مولد رمز الاستجابة السريعة مجاني - CreateMy-QR (No Signup) | العمارة الأمنية
types.security QR Code Generator - مجاني ومخصص | CreateMy-QR
العمارة الأمنية | CreateMy-QR",text/html; charset=utf-8,false,200,0,0,"Learn more about CreateMy-QR security architecture.
قم بتحويل بيانات types.security الخاصة بك إلى رمز QR مخصص مباشرةً في متصفحك. تمت معالجتها بنسبة 100% دون الاتصال بالإنترنت لتوفير الخصوصية المطلقة. مجاني، بلا حدود، وآمن للغاية.",,,"51
177",2,true
21,https://createmy-qr.com/no/bestilling-gratis-qr-kode-generator-online,"Bestilling QR Code Generator - Gratis og tilpasset | CreateMy-QR
Bestilling - Gratis QR-kode Generator Online - CreateMy-QR",text/html; charset=utf-8,false,200,0,0,"Konverter Bestilling-dataene dine til en tilpasset QR-kode direkte i nettleseren din. 100 % behandlet offline for absolutt personvern. Gratis, ingen grenser og svært sikker.
Konverter Bestilling-dataene dine til en tilpasset QR-kode direkte i nettleseren din. 100 % behandlet offline for absolutt personvern. Gratis, ingen grenser og svært sikker.",,,"173
173",2,true
21,https://createmy-qr.com/pl/obraz-darmowy-generator-kodow-qr-online,"Generator kodów QR Obraz — bezpłatny i niestandardowy | CreateMy-QR
Obraz - Darmowy Generator Kodów QR Online - CreateMy-QR",text/html; charset=utf-8,false,200,0,0,"Konwertuj dane Obraz na niestandardowy kod QR bezpośrednio w przeglądarce. 100% przetwarzane w trybie offline, aby zapewnić całkowitą prywatność. Bezpłatnie, bez ograniczeń i bardzo bezpiecznie.
Konwertuj dane Obraz na niestandardowy kod QR bezpośrednio w przeglądarce. 100% przetwarzane w trybie offline, aby zapewnić całkowitą prywatność. Bezpłatnie, bez ograniczeń i bardzo bezpiecznie.",,,"194
194",2,true
21,https://createmy-qr.com/ro/generator-de-coduri-qr-gratuit-online,"Generator online gratuit de coduri de bare - Creați coduri de bare 1D
types.barcode QR Code Generator - Gratuit și personalizat | CreateMy-QR
barcode - Generator de Coduri QR Gratuit Online - CreateMy-QR",text/html; charset=utf-8,false,200,0,0,"Transformați datele dvs. barcode într-un cod QR personalizat direct în browser. Procesat 100% offline pentru confidențialitate absolută. Gratuit, fără limite și foarte sigur.
Transformați datele dvs. types.barcode într-un cod QR personalizat direct în browser. Procesat 100% offline pentru confidențialitate absolută. Gratuit, fără limite și foarte sigur.
Generați instantaneu coduri de bare profesionale 1D. Suport pentru Code-128, UPC, EAN, ITF-14 și multe altele. Gratuit, sigur și gata de descărcat în PNG de înaltă rezoluție.",,,"174
180
174",3,true
21,https://createmy-qr.com/no/om-oss,"Gratis QR-kode Generator Online - CreateMy-QR (No Signup) | Om oss
types.about QR Code Generator - Gratis og tilpasset | CreateMy-QR
Om oss | CreateMy-QR",text/html; charset=utf-8,false,200,0,0,"Learn more about CreateMy-QR about us.
Konverter types.about-dataene dine til en tilpasset QR-kode direkte i nettleseren din. 100 % behandlet offline for absolutt personvern. Gratis, ingen grenser og svært sikker.",,,"38
174",2,true
21,https://createmy-qr.com/bn/youtube-phri-anlaain-kiuaar-kodd-jenaarettr,"ইউটিউব QR কোড জেনারেটর - বিনামূল্যে এবং কাস্টম | CreateMy-QR
ইউটিউব - ফ্রি অনলাইন কিউআর কোড জেনারেটর - CreateMy-QR",text/html; charset=utf-8,false,200,0,0,"আপনার ব্রাউজারে সরাসরি একটি কাস্টম QR কোডে আপনার ইউটিউব ডেটা রূপান্তর করুন। সম্পূর্ণ গোপনীয়তার জন্য 100% অফলাইনে প্রক্রিয়া করা হয়েছে। বিনামূল্যে, কোন সীমা নেই, এবং অত্যন্ত নিরাপদ।
আপনার ব্রাউজারে সরাসরি একটি কাস্টম QR কোডে আপনার ইউটিউব ডেটা রূপান্তর করুন। সম্পূর্ণ গোপনীয়তার জন্য 100% অফলাইনে প্রক্রিয়া করা হয়েছে। বিনামূল্যে, কোন সীমা নেই, এবং অত্যন্ত নিরাপদ।",,,"182
182",2,true
21,https://createmy-qr.com/th/sthaapatykrrmkaarraksaakhwaampl-dphay,"เครื่องมือสร้างคิวอาร์โค้ดออนไลน์ฟรี - CreateMy-QR (No Signup) | สถาปัตยกรรมการรักษาความปลอดภัย
types.security เครื่องสร้างโค้ด QR - ฟรีและกำหนดเอง | CreateMy-QR
สถาปัตยกรรมการรักษาความปลอดภัย | CreateMy-QR",text/html; charset=utf-8,false,200,0,0,"Learn more about CreateMy-QR security architecture.
แปลงข้อมูล types.security ของคุณให้เป็นโค้ด QR ที่กำหนดเองได้โดยตรงในเบราว์เซอร์ของคุณ ประมวลผลแบบออฟไลน์ 100% เพื่อความเป็นส่วนตัวอย่างแท้จริง ฟรี ไม่จำกัด และมีความปลอดภัยสูง",,,"51
176",2,true
21,https://createmy-qr.com/ru/tekst-besplatnyy-generator-qr-kodov-onlayn,"Текст Генератор QR-кодов — бесплатный и настраиваемый | CreateMy-QR
Текст - Бесплатный генератор QR-кодов онлайн - CreateMy-QR",text/html; charset=utf-8,false,200,0,0,"Преобразуйте данные Текст в собственный QR-код прямо в браузере. 100% обработка в автономном режиме для абсолютной конфиденциальности. Бесплатно, без ограничений и очень безопасно.
Преобразуйте данные Текст в собственный QR-код прямо в браузере. 100% обработка в автономном режиме для абсолютной конфиденциальности. Бесплатно, без ограничений и очень безопасно.",,,"180
180",2,true
21,https://createmy-qr.com/nl/video-gratis-qr-code-generator-online,"Video QR-codegenerator - gratis en aangepast | CreateMy-QR
Video - Gratis QR Code Generator Online - CreateMy-QR",text/html; charset=utf-8,false,200,0,0,"Converteer uw Video-gegevens rechtstreeks in uw browser naar een aangepaste QR-code. 100% offline verwerkt voor absolute privacy. Gratis, geen grenzen en zeer veilig.
Converteer uw Video-gegevens rechtstreeks in uw browser naar een aangepaste QR-code. 100% offline verwerkt voor absolute privacy. Gratis, geen grenzen en zeer veilig.",,,"166
166",2,true
21,https://createmy-qr.com/cs/google-review-zdarma-online-generator-qr-kodu,"Recenze Google generátor QR kódu – zdarma a na míru | CreateMy-QR
Recenze Google - Zdarma Online Generátor QR Kódů - CreateMy-QR",text/html; charset=utf-8,false,200,0,0,"Převeďte svá data Recenze Google na vlastní QR kód přímo ve vašem prohlížeči. 100% zpracováno offline pro absolutní soukromí. Zdarma, bez omezení a vysoce bezpečné.
Převeďte svá data Recenze Google na vlastní QR kód přímo ve vašem prohlížeči. 100% zpracováno offline pro absolutní soukromí. Zdarma, bez omezení a vysoce bezpečné.",,,"164
164",2,true
21,https://createmy-qr.com/pt/amazon-gerador-de-codigo-qr-gratis-online,"Gerador de código QR Amazônia - gratuito e personalizado | CreateMy-QR
Amazônia - Gerador de Código QR Grátis Online - CreateMy-QR",text/html; charset=utf-8,false,200,0,0,"Converta seus dados do Amazônia em um código QR personalizado diretamente no seu navegador. 100% processado offline para privacidade absoluta. Gratuito, sem limites e altamente seguro.
Converta seus dados do Amazônia em um código QR personalizado diretamente no seu navegador. 100% processado offline para privacidade absoluta. Gratuito, sem limites e altamente seguro.",,,"184
184",2,true
21,https://createmy-qr.com/pt/discord-gerador-de-codigo-qr-gratis-online,"Gerador de código QR Discórdia - gratuito e personalizado | CreateMy-QR
Discórdia - Gerador de Código QR Grátis Online - CreateMy-QR",text/html; charset=utf-8,false,200,0,0,"Converta seus dados do Discórdia em um código QR personalizado diretamente no seu navegador. 100% processado offline para privacidade absoluta. Gratuito, sem limites e altamente seguro.
Converta seus dados do Discórdia em um código QR personalizado diretamente no seu navegador. 100% processado offline para privacidade absoluta. Gratuito, sem limites e altamente seguro.",,,"185
185",2,true
21,https://createmy-qr.com/ro/pdf-generator-de-coduri-qr-gratuit-online,"PDF QR Code Generator - Gratuit și personalizat | CreateMy-QR
PDF - Generator de Coduri QR Gratuit Online - CreateMy-QR",text/html; charset=utf-8,false,200,0,0,"Transformați datele dvs. PDF într-un cod QR personalizat direct în browser. Procesat 100% offline pentru confidențialitate absolută. Gratuit, fără limite și foarte sigur.
Transformați datele dvs. PDF într-un cod QR personalizat direct în browser. Procesat 100% offline pentru confidențialitate absolută. Gratuit, fără limite și foarte sigur.",,,"170
170",2,true
21,https://createmy-qr.com/it/generatore-di-codici-qr-gratis-online-2,"Scanner di codici QR online gratuito: scansiona QR istantaneamente
Generatore di codici QR types.scanqr - Gratuito e personalizzato | CreateMy-QR
scanqr - Generatore di Codici QR Gratis Online - CreateMy-QR",text/html; charset=utf-8,false,200,0,0,"Converti i tuoi dati scanqr in un codice QR personalizzato direttamente nel tuo browser. Elaborato offline al 100% per una privacy assoluta. Gratuito, senza limiti e altamente sicuro.
Converti i tuoi dati types.scanqr in un codice QR personalizzato direttamente nel tuo browser. Elaborato offline al 100% per una privacy assoluta. Gratuito, senza limiti e altamente sicuro.
Scansiona istantaneamente i codici QR utilizzando la fotocamera o caricando un'immagine. Elaborazione sicura, privata e lato client al 100%.",,,"183
189
140",3,true
21,https://createmy-qr.com/no/stottede-sprak,"Gratis QR-kode Generator Online - CreateMy-QR (No Signup) | Støttede språk
types.languages QR Code Generator - Gratis og tilpasset | CreateMy-QR
Støttede språk | CreateMy-QR",text/html; charset=utf-8,false,200,0,0,"Learn more about CreateMy-QR supported languages.
Konverter types.languages-dataene dine til en tilpasset QR-kode direkte i nettleseren din. 100 % behandlet offline for absolutt personvern. Gratis, ingen grenser og svært sikker.",,,"49
178",2,true
21,https://createmy-qr.com/pl/architektura-bezpieczenstwa,"Darmowy Generator Kodów QR Online - CreateMy-QR (No Signup) | Architektura Bezpieczeństwa
Generator kodów QR types.security — bezpłatny i niestandardowy | CreateMy-QR
Architektura Bezpieczeństwa | CreateMy-QR",text/html; charset=utf-8,false,200,0,0,"Learn more about CreateMy-QR security architecture.
Konwertuj dane types.security na niestandardowy kod QR bezpośrednio w przeglądarce. 100% przetwarzane w trybie offline, aby zapewnić całkowitą prywatność. Bezpłatnie, bez ograniczeń i bardzo bezpiecznie.",,,"51
203",2,true
21,https://createmy-qr.com/uk/pro-nas,"Безкоштовний Генератор QR-кодів Онлайн - CreateMy-QR (No Signup) | Про нас
Генератор QR-коду types.about – безкоштовний і користувацький | CreateMy-QR
Про нас | CreateMy-QR",text/html; charset=utf-8,false,200,0,0,"Learn more about CreateMy-QR about us.
Перетворіть свої дані types.about на власний QR-код безпосередньо у своєму браузері. 100% обробка офлайн для повної конфіденційності. Безкоштовно, без обмежень і дуже безпечно.",,,"38
176",2,true
21,https://createmy-qr.com/el/venmo-dorean-dimioyrgia-qr-code-online,"Venmo QR Code Generator - Δωρεάν & Προσαρμοσμένο | CreateMy-QR
Venmo - Δωρεάν Δημιουργία QR Code Online - CreateMy-QR",text/html; charset=utf-8,false,200,0,0,"Μετατρέψτε τα δεδομένα σας Venmo σε προσαρμοσμένο κωδικό QR απευθείας στο πρόγραμμα περιήγησής σας. 100% επεξεργασία εκτός σύνδεσης για απόλυτη προστασία της ιδιωτικής ζωής. Δωρεάν, χωρίς όρια και εξαιρετικά ασφαλές.
Μετατρέψτε τα δεδομένα σας Venmo σε προσαρμοσμένο κωδικό QR απευθείας στο πρόγραμμα περιήγησής σας. 100% επεξεργασία εκτός σύνδεσης για απόλυτη προστασία της ιδιωτικής ζωής. Δωρεάν, χωρίς όρια και εξαιρετικά ασφαλές.",,,"216
216",2,true
21,https://createmy-qr.com/pt/termos-de-servico,"Gerador de Código QR Grátis Online - CreateMy-QR (No Signup) | Termos de Serviço
Gerador de código QR types.terms - gratuito e personalizado | CreateMy-QR
Termos de Serviço | CreateMy-QR",text/html; charset=utf-8,false,200,0,0,"Learn more about CreateMy-QR terms of service.
Converta seus dados do types.terms em um código QR personalizado diretamente no seu navegador. 100% processado offline para privacidade absoluta. Gratuito, sem limites e altamente seguro.",,,"46
187",2,true
21,https://createmy-qr.com/vi/paypal-tao-ma-qr-mien-phi-truc-tuyen,"Trình tạo mã QR PayPal - Miễn phí & Tùy chỉnh | CreateMy-QR
PayPal - Tạo Mã QR Miễn Phí Trực Tuyến - CreateMy-QR",text/html; charset=utf-8,false,200,0,0,"Chuyển đổi dữ liệu PayPal của bạn thành mã QR tùy chỉnh trực tiếp trong trình duyệt của bạn. 100% được xử lý ngoại tuyến để đảm bảo quyền riêng tư tuyệt đối. Miễn phí, không giới hạn và có tính bảo mật cao.
Chuyển đổi dữ liệu PayPal của bạn thành mã QR tùy chỉnh trực tiếp trong trình duyệt của bạn. 100% được xử lý ngoại tuyến để đảm bảo quyền riêng tư tuyệt đối. Miễn phí, không giới hạn và có tính bảo mật cao.",,,"206
206",2,true
21,https://createmy-qr.com/uk/video-bezkoshtovniy-generator-qr-kodiv-onlayn,"Генератор QR-коду Відео – безкоштовний і користувацький | CreateMy-QR
Відео - Безкоштовний Генератор QR-кодів Онлайн - CreateMy-QR",text/html; charset=utf-8,false,200,0,0,"Перетворіть свої дані Відео на власний QR-код безпосередньо у своєму браузері. 100% обробка офлайн для повної конфіденційності. Безкоштовно, без обмежень і дуже безпечно.
Перетворіть свої дані Відео на власний QR-код безпосередньо у своєму браузері. 100% обробка офлайн для повної конфіденційності. Безкоштовно, без обмежень і дуже безпечно.",,,"170
170",2,true
21,https://createmy-qr.com/es/linkedin-generador-de-codigos-qr-gratis-online,"Generador de códigos QR LinkedIn: gratuito y personalizado | CreateMy-QR
LinkedIn - Generador de Códigos QR Gratis Online - CreateMy-QR",text/html; charset=utf-8,false,200,0,0,"Convierta sus datos de LinkedIn en un código QR personalizado directamente en su navegador. 100% procesado fuera de línea para absoluta privacidad. Gratis, sin límites y muy seguro.
Convierta sus datos de LinkedIn en un código QR personalizado directamente en su navegador. 100% procesado fuera de línea para absoluta privacidad. Gratis, sin límites y muy seguro.",,,"181
181",2,true
21,https://createmy-qr.com/no/app-store-gratis-qr-kode-generator-online,"App Store QR Code Generator - Gratis og tilpasset | CreateMy-QR
App Store - Gratis QR-kode Generator Online - CreateMy-QR",text/html; charset=utf-8,false,200,0,0,"Konverter App Store-dataene dine til en tilpasset QR-kode direkte i nettleseren din. 100 % behandlet offline for absolutt personvern. Gratis, ingen grenser og svært sikker.
Konverter App Store-dataene dine til en tilpasset QR-kode direkte i nettleseren din. 100 % behandlet offline for absolutt personvern. Gratis, ingen grenser og svært sikker.",,,"172
172",2,true
21,https://createmy-qr.com/no/linkedin-gratis-qr-kode-generator-online,"LinkedIn QR Code Generator - Gratis og tilpasset | CreateMy-QR
LinkedIn - Gratis QR-kode Generator Online - CreateMy-QR",text/html; charset=utf-8,false,200,0,0,"Konverter LinkedIn-dataene dine til en tilpasset QR-kode direkte i nettleseren din. 100 % behandlet offline for absolutt personvern. Gratis, ingen grenser og svært sikker.
Konverter LinkedIn-dataene dine til en tilpasset QR-kode direkte i nettleseren din. 100 % behandlet offline for absolutt personvern. Gratis, ingen grenser og svært sikker.",,,"171
171",2,true
21,https://createmy-qr.com/vi/vcard-tao-ma-qr-mien-phi-truc-tuyen,"Trình tạo mã QR vCard - Miễn phí & Tùy chỉnh | CreateMy-QR
vCard - Tạo Mã QR Miễn Phí Trực Tuyến - CreateMy-QR",text/html; charset=utf-8,false,200,0,0,"Chuyển đổi dữ liệu vCard của bạn thành mã QR tùy chỉnh trực tiếp trong trình duyệt của bạn. 100% được xử lý ngoại tuyến để đảm bảo quyền riêng tư tuyệt đối. Miễn phí, không giới hạn và có tính bảo mật cao.
Chuyển đổi dữ liệu vCard của bạn thành mã QR tùy chỉnh trực tiếp trong trình duyệt của bạn. 100% được xử lý ngoại tuyến để đảm bảo quyền riêng tư tuyệt đối. Miễn phí, không giới hạn và có tính bảo mật cao.",,,"205
205",2,true
21,https://createmy-qr.com/hu/sms-ingyenes-online-qr-kod-generator,"SMS QR-kód generátor - ingyenes és egyedi | CreateMy-QR
SMS - Ingyenes Online QR-kód Generátor - CreateMy-QR",text/html; charset=utf-8,false,200,0,0,"Alakítsa át SMS adatait egyéni QR-kóddá közvetlenül a böngészőjében. 100%-ban offline feldolgozva az abszolút adatvédelem érdekében. Ingyenes, korlátok nélkül és rendkívül biztonságos.
Alakítsa át SMS adatait egyéni QR-kóddá közvetlenül a böngészőjében. 100%-ban offline feldolgozva az abszolút adatvédelem érdekében. Ingyenes, korlátok nélkül és rendkívül biztonságos.",,,"184
184",2,true
21,https://createmy-qr.com/uk/google-review-bezkoshtovniy-generator-qr-kodiv-onlayn,"Генератор QR-коду Огляд Google – безкоштовний і користувацький | CreateMy-QR
Огляд Google - Безкоштовний Генератор QR-кодів Онлайн - CreateMy-QR",text/html; charset=utf-8,false,200,0,0,"Перетворіть свої дані Огляд Google на власний QR-код безпосередньо у своєму браузері. 100% обробка офлайн для повної конфіденційності. Безкоштовно, без обмежень і дуже безпечно.
Перетворіть свої дані Огляд Google на власний QR-код безпосередньо у своєму браузері. 100% обробка офлайн для повної конфіденційності. Безкоштовно, без обмежень і дуже безпечно.",,,"177
177",2,true
21,https://createmy-qr.com/hu/e-mail-ingyenes-online-qr-kod-generator,"E-mail QR-kód generátor - ingyenes és egyedi | CreateMy-QR
E-mail - Ingyenes Online QR-kód Generátor - CreateMy-QR",text/html; charset=utf-8,false,200,0,0,"Alakítsa át E-mail adatait egyéni QR-kóddá közvetlenül a böngészőjében. 100%-ban offline feldolgozva az abszolút adatvédelem érdekében. Ingyenes, korlátok nélkül és rendkívül biztonságos.
Alakítsa át E-mail adatait egyéni QR-kóddá közvetlenül a böngészőjében. 100%-ban offline feldolgozva az abszolút adatvédelem érdekében. Ingyenes, korlátok nélkül és rendkívül biztonságos.",,,"187
187",2,true
21,https://createmy-qr.com/hu/szolgaltatasi-feltetelek,"Ingyenes Online QR-kód Generátor - CreateMy-QR (No Signup) | Szolgáltatási feltételek
types.terms QR-kód generátor - ingyenes és egyedi | CreateMy-QR
Szolgáltatási feltételek | CreateMy-QR",text/html; charset=utf-8,false,200,0,0,"Learn more about CreateMy-QR terms of service.
Alakítsa át types.terms adatait egyéni QR-kóddá közvetlenül a böngészőjében. 100%-ban offline feldolgozva az abszolút adatvédelem érdekében. Ingyenes, korlátok nélkül és rendkívül biztonságos.",,,"46
192",2,true
21,https://createmy-qr.com/sv/anvandningsfall,"Gratis QR-kod Generator Online - CreateMy-QR (No Signup) | Användningsfall
types.usecases QR Code Generator - Gratis & anpassad | CreateMy-QR
Användningsfall | CreateMy-QR",text/html; charset=utf-8,false,200,0,0,"Learn more about CreateMy-QR use cases.
Konvertera dina types.usecases-data till en anpassad QR-kod direkt i din webbläsare. 100 % bearbetad offline för absolut integritet. Gratis, inga gränser och mycket säker.",,,"39
171",2,true
21,https://createmy-qr.com/sv/vcard-gratis-qr-kod-generator-online,"vCard QR Code Generator - Gratis & anpassad | CreateMy-QR
vCard - Gratis QR-kod Generator Online - CreateMy-QR",text/html; charset=utf-8,false,200,0,0,"Konvertera dina vCard-data till en anpassad QR-kod direkt i din webbläsare. 100 % bearbetad offline för absolut integritet. Gratis, inga gränser och mycket säker.
Konvertera dina vCard-data till en anpassad QR-kod direkt i din webbläsare. 100 % bearbetad offline för absolut integritet. Gratis, inga gränser och mycket säker.",,,"162
162",2,true
21,https://createmy-qr.com/ru/email-besplatnyy-generator-qr-kodov-onlayn,"Электронная почта Генератор QR-кодов — бесплатный и настраиваемый | CreateMy-QR
Электронная почта - Бесплатный генератор QR-кодов онлайн - CreateMy-QR",text/html; charset=utf-8,false,200,0,0,"Преобразуйте данные Электронная почта в собственный QR-код прямо в браузере. 100% обработка в автономном режиме для абсолютной конфиденциальности. Бесплатно, без ограничений и очень безопасно.
Преобразуйте данные Электронная почта в собственный QR-код прямо в браузере. 100% обработка в автономном режиме для абсолютной конфиденциальности. Бесплатно, без ограничений и очень безопасно.",,,"192
192",2,true
21,https://createmy-qr.com/use-cases,"Free QR Code Generator Online - CreateMy-QR (No Signup) | Use Cases
types.usecases QR Code Generator - Free & Custom | CreateMy-QR
Use Cases | CreateMy-QR",text/html; charset=utf-8,false,200,0,0,"Learn more about CreateMy-QR use cases.
Convert your types.usecases data into a custom QR code directly in your browser. 100% processed offline for absolute privacy. Free, no limits, and highly secure.",,,"39
161",2,true
21,https://createmy-qr.com/pt/arquitetura-de-seguranca,"Gerador de Código QR Grátis Online - CreateMy-QR (No Signup) | Arquitetura de Segurança
Gerador de código QR types.security - gratuito e personalizado | CreateMy-QR
Arquitetura de Segurança | CreateMy-QR",text/html; charset=utf-8,false,200,0,0,"Learn more about CreateMy-QR security architecture.
Converta seus dados do types.security em um código QR personalizado diretamente no seu navegador. 100% processado offline para privacidade absoluta. Gratuito, sem limites e altamente seguro.",,,"51
190",2,true
21,https://createmy-qr.com/ar/lhjz-aabr-lntrnt-mwld-rmz-lstjb-lsryaa-mjny,"الحجز عبر الإنترنت QR Code Generator - مجاني ومخصص | CreateMy-QR
الحجز عبر الإنترنت - مولد رمز الاستجابة السريعة مجاني - CreateMy-QR",text/html; charset=utf-8,false,200,0,0,"قم بتحويل بيانات الحجز عبر الإنترنت الخاصة بك إلى رمز QR مخصص مباشرةً في متصفحك. تمت معالجتها بنسبة 100% دون الاتصال بالإنترنت لتوفير الخصوصية المطلقة. مجاني، بلا حدود، وآمن للغاية.
قم بتحويل بيانات الحجز عبر الإنترنت الخاصة بك إلى رمز QR مخصص مباشرةً في متصفحك. تمت معالجتها بنسبة 100% دون الاتصال بالإنترنت لتوفير الخصوصية المطلقة. مجاني، بلا حدود، وآمن للغاية.",,,"181
181",2,true
21,https://createmy-qr.com/ms/penjana-kod-qr-percuma-dalam-talian-2,"Pengimbas Kod QR Percuma Dalam Talian - Imbas QR Serta-merta
Penjana Kod QR types.scanqr - Percuma & Tersuai | CreateMy-QR
scanqr - Penjana Kod QR Percuma Dalam Talian - CreateMy-QR",text/html; charset=utf-8,false,200,0,0,"Tukar data scanqr anda kepada kod QR tersuai terus dalam penyemak imbas anda. 100% diproses di luar talian untuk privasi mutlak. Percuma, tiada had dan sangat selamat.
Tukar data types.scanqr anda kepada kod QR tersuai terus dalam penyemak imbas anda. 100% diproses di luar talian untuk privasi mutlak. Percuma, tiada had dan sangat selamat.
Imbas kod QR serta-merta menggunakan kamera anda atau dengan memuat naik imej. Pemprosesan 100% selamat, peribadi dan pihak pelanggan.",,,"167
173
134",3,true
21,https://createmy-qr.com/ru/linkedin-besplatnyy-generator-qr-kodov-onlayn,"LinkedIn Генератор QR-кодов — бесплатный и настраиваемый | CreateMy-QR
LinkedIn - Бесплатный генератор QR-кодов онлайн - CreateMy-QR",text/html; charset=utf-8,false,200,0,0,"Преобразуйте данные LinkedIn в собственный QR-код прямо в браузере. 100% обработка в автономном режиме для абсолютной конфиденциальности. Бесплатно, без ограничений и очень безопасно.
Преобразуйте данные LinkedIn в собственный QR-код прямо в браузере. 100% обработка в автономном режиме для абсолютной конфиденциальности. Бесплатно, без ограничений и очень безопасно.",,,"183
183",2,true
21,https://createmy-qr.com/ru/sms-besplatnyy-generator-qr-kodov-onlayn,"SMS Генератор QR-кодов — бесплатный и настраиваемый | CreateMy-QR
SMS - Бесплатный генератор QR-кодов онлайн - CreateMy-QR",text/html; charset=utf-8,false,200,0,0,"Преобразуйте данные SMS в собственный QR-код прямо в браузере. 100% обработка в автономном режиме для абсолютной конфиденциальности. Бесплатно, без ограничений и очень безопасно.
Преобразуйте данные SMS в собственный QR-код прямо в браузере. 100% обработка в автономном режиме для абсолютной конфиденциальности. Бесплатно, без ограничений и очень безопасно.",,,"178
178",2,true
21,https://createmy-qr.com/sv/text-gratis-qr-kod-generator-online,"Text QR Code Generator - Gratis & anpassad | CreateMy-QR
Text - Gratis QR-kod Generator Online - CreateMy-QR",text/html; charset=utf-8,false,200,0,0,"Konvertera dina Text-data till en anpassad QR-kod direkt i din webbläsare. 100 % bearbetad offline för absolut integritet. Gratis, inga gränser och mycket säker.
Konvertera dina Text-data till en anpassad QR-kod direkt i din webbläsare. 100 % bearbetad offline för absolut integritet. Gratis, inga gränser och mycket säker.",,,"161
161",2,true
21,https://createmy-qr.com/nl/barcodescanner-gratis-qr-code-generator-online,"Gratis barcodescanner online - Scan UPC en EAN
Barcodescanner QR-codegenerator - gratis en aangepast | CreateMy-QR
Barcodescanner - Gratis QR Code Generator Online - CreateMy-QR",text/html; charset=utf-8,false,200,0,0,"Converteer uw Barcodescanner-gegevens rechtstreeks in uw browser naar een aangepaste QR-code. 100% offline verwerkt voor absolute privacy. Gratis, geen grenzen en zeer veilig.
Converteer uw Barcodescanner-gegevens rechtstreeks in uw browser naar een aangepaste QR-code. 100% offline verwerkt voor absolute privacy. Gratis, geen grenzen en zeer veilig.
Scan streepjescodes gratis online met de camera van uw apparaat of upload een afbeelding.Ondersteunt UPC, EAN, Code 128 en meer.100% privé en veilig.",,,"175
175
149",3,true
21,https://createmy-qr.com/pl/telefon-darmowy-generator-kodow-qr-online,"Generator kodów QR Telefon — bezpłatny i niestandardowy | CreateMy-QR
Telefon - Darmowy Generator Kodów QR Online - CreateMy-QR",text/html; charset=utf-8,false,200,0,0,"Konwertuj dane Telefon na niestandardowy kod QR bezpośrednio w przeglądarce. 100% przetwarzane w trybie offline, aby zapewnić całkowitą prywatność. Bezpłatnie, bez ograniczeń i bardzo bezpiecznie.
Konwertuj dane Telefon na niestandardowy kod QR bezpośrednio w przeglądarce. 100% przetwarzane w trybie offline, aby zapewnić całkowitą prywatność. Bezpłatnie, bez ograniczeń i bardzo bezpiecznie.",,,"196
196",2,true
21,https://createmy-qr.com/uk/audio-bezkoshtovniy-generator-qr-kodiv-onlayn,"Генератор QR-коду Аудіо – безкоштовний і користувацький | CreateMy-QR
Аудіо - Безкоштовний Генератор QR-кодів Онлайн - CreateMy-QR",text/html; charset=utf-8,false,200,0,0,"Перетворіть свої дані Аудіо на власний QR-код безпосередньо у своєму браузері. 100% обробка офлайн для повної конфіденційності. Безкоштовно, без обмежень і дуже безпечно.
Перетворіть свої дані Аудіо на власний QR-код безпосередньо у своєму браузері. 100% обробка офлайн для повної конфіденційності. Безкоштовно, без обмежень і дуже безпечно.",,,"170
170",2,true
21,https://createmy-qr.com/ru/paypal-besplatnyy-generator-qr-kodov-onlayn,"PayPal Генератор QR-кодов — бесплатный и настраиваемый | CreateMy-QR
PayPal - Бесплатный генератор QR-кодов онлайн - CreateMy-QR",text/html; charset=utf-8,false,200,0,0,"Преобразуйте данные PayPal в собственный QR-код прямо в браузере. 100% обработка в автономном режиме для абсолютной конфиденциальности. Бесплатно, без ограничений и очень безопасно.
Преобразуйте данные PayPal в собственный QR-код прямо в браузере. 100% обработка в автономном режиме для абсолютной конфиденциальности. Бесплатно, без ограничений и очень безопасно.",,,"181
181",2,true
21,https://createmy-qr.com/pt/paypal-gerador-de-codigo-qr-gratis-online,"Gerador de código QR PayPal - gratuito e personalizado | CreateMy-QR
PayPal - Gerador de Código QR Grátis Online - CreateMy-QR",text/html; charset=utf-8,false,200,0,0,"Converta seus dados do PayPal em um código QR personalizado diretamente no seu navegador. 100% processado offline para privacidade absoluta. Gratuito, sem limites e altamente seguro.
Converta seus dados do PayPal em um código QR personalizado diretamente no seu navegador. 100% processado offline para privacidade absoluta. Gratuito, sem limites e altamente seguro.",,,"182
182",2,true
21,https://createmy-qr.com/vi/venmo-tao-ma-qr-mien-phi-truc-tuyen,"Trình tạo mã QR Venmo - Miễn phí & Tùy chỉnh | CreateMy-QR
Venmo - Tạo Mã QR Miễn Phí Trực Tuyến - CreateMy-QR",text/html; charset=utf-8,false,200,0,0,"Chuyển đổi dữ liệu Venmo của bạn thành mã QR tùy chỉnh trực tiếp trong trình duyệt của bạn. 100% được xử lý ngoại tuyến để đảm bảo quyền riêng tư tuyệt đối. Miễn phí, không giới hạn và có tính bảo mật cao.
Chuyển đổi dữ liệu Venmo của bạn thành mã QR tùy chỉnh trực tiếp trong trình duyệt của bạn. 100% được xử lý ngoại tuyến để đảm bảo quyền riêng tư tuyệt đối. Miễn phí, không giới hạn và có tính bảo mật cao.",,,"205
205",2,true
21,https://createmy-qr.com/uk/podiya-bezkoshtovniy-generator-qr-kodiv-onlayn,"Генератор QR-коду Подія – безкоштовний і користувацький | CreateMy-QR
Подія - Безкоштовний Генератор QR-кодів Онлайн - CreateMy-QR",text/html; charset=utf-8,false,200,0,0,"Перетворіть свої дані Подія на власний QR-код безпосередньо у своєму браузері. 100% обробка офлайн для повної конфіденційності. Безкоштовно, без обмежень і дуже безпечно.
Перетворіть свої дані Подія на власний QR-код безпосередньо у своєму браузері. 100% обробка офлайн для повної конфіденційності. Безкоштовно, без обмежень і дуже безпечно.",,,"170
170",2,true
21,https://createmy-qr.com/it/youtube-generatore-di-codici-qr-gratis-online,"Generatore di codici QR YouTube - Gratuito e personalizzato | CreateMy-QR
YouTube - Generatore di Codici QR Gratis Online - CreateMy-QR",text/html; charset=utf-8,false,200,0,0,"Converti i tuoi dati YouTube in un codice QR personalizzato direttamente nel tuo browser. Elaborato offline al 100% per una privacy assoluta. Gratuito, senza limiti e altamente sicuro.
Converti i tuoi dati YouTube in un codice QR personalizzato direttamente nel tuo browser. Elaborato offline al 100% per una privacy assoluta. Gratuito, senza limiti e altamente sicuro.",,,"184
184",2,true
21,https://createmy-qr.com/no/link-i-bio-gratis-qr-kode-generator-online,"Link i bio QR Code Generator - Gratis og tilpasset | CreateMy-QR
Link i bio - Gratis QR-kode Generator Online - CreateMy-QR",text/html; charset=utf-8,false,200,0,0,"Konverter Link i bio-dataene dine til en tilpasset QR-kode direkte i nettleseren din. 100 % behandlet offline for absolutt personvern. Gratis, ingen grenser og svært sikker.
Konverter Link i bio-dataene dine til en tilpasset QR-kode direkte i nettleseren din. 100 % behandlet offline for absolutt personvern. Gratis, ingen grenser og svært sikker.",,,"173
173",2,true
21,https://createmy-qr.com/ro/despre-noi,"Generator de Coduri QR Gratuit Online - CreateMy-QR (No Signup) | Despre noi
types.about QR Code Generator - Gratuit și personalizat | CreateMy-QR
Despre noi | CreateMy-QR",text/html; charset=utf-8,false,200,0,0,"Learn more about CreateMy-QR about us.
Transformați datele dvs. types.about într-un cod QR personalizat direct în browser. Procesat 100% offline pentru confidențialitate absolută. Gratuit, fără limite și foarte sigur.",,,"38
178",2,true
21,https://createmy-qr.com/th/noybaaykhwaamepnswntaw,"เครื่องมือสร้างคิวอาร์โค้ดออนไลน์ฟรี - CreateMy-QR (No Signup) | นโยบายความเป็นส่วนตัว
types.privacy เครื่องสร้างโค้ด QR - ฟรีและกำหนดเอง | CreateMy-QR
นโยบายความเป็นส่วนตัว | CreateMy-QR",text/html; charset=utf-8,false,200,0,0,"Learn more about CreateMy-QR privacy policy.
แปลงข้อมูล types.privacy ของคุณให้เป็นโค้ด QR ที่กำหนดเองได้โดยตรงในเบราว์เซอร์ของคุณ ประมวลผลแบบออฟไลน์ 100% เพื่อความเป็นส่วนตัวอย่างแท้จริง ฟรี ไม่จำกัด และมีความปลอดภัยสูง",,,"44
175",2,true
21,https://createmy-qr.com/sv/telegram-gratis-qr-kod-generator-online,"Telegram QR Code Generator - Gratis & anpassad | CreateMy-QR
Telegram - Gratis QR-kod Generator Online - CreateMy-QR",text/html; charset=utf-8,false,200,0,0,"Konvertera dina Telegram-data till en anpassad QR-kod direkt i din webbläsare. 100 % bearbetad offline för absolut integritet. Gratis, inga gränser och mycket säker.
Konvertera dina Telegram-data till en anpassad QR-kod direkt i din webbläsare. 100 % bearbetad offline för absolut integritet. Gratis, inga gränser och mycket säker.",,,"165
165",2,true
21,https://createmy-qr.com/uk/email-bezkoshtovniy-generator-qr-kodiv-onlayn,"Генератор QR-коду Електронна пошта – безкоштовний і користувацький | CreateMy-QR
Електронна пошта - Безкоштовний Генератор QR-кодів Онлайн - CreateMy-QR",text/html; charset=utf-8,false,200,0,0,"Перетворіть свої дані Електронна пошта на власний QR-код безпосередньо у своєму браузері. 100% обробка офлайн для повної конфіденційності. Безкоштовно, без обмежень і дуже безпечно.
Перетворіть свої дані Електронна пошта на власний QR-код безпосередньо у своєму браузері. 100% обробка офлайн для повної конфіденційності. Безкоштовно, без обмежень і дуже безпечно.",,,"181
181",2,true
21,https://createmy-qr.com/uk/venmo-bezkoshtovniy-generator-qr-kodiv-onlayn,"Генератор QR-коду Венмо – безкоштовний і користувацький | CreateMy-QR
Венмо - Безкоштовний Генератор QR-кодів Онлайн - CreateMy-QR",text/html; charset=utf-8,false,200,0,0,"Перетворіть свої дані Венмо на власний QR-код безпосередньо у своєму браузері. 100% обробка офлайн для повної конфіденційності. Безкоштовно, без обмежень і дуже безпечно.
Перетворіть свої дані Венмо на власний QR-код безпосередньо у своєму браузері. 100% обробка офлайн для повної конфіденційності. Безкоштовно, без обмежень і дуже безпечно.",,,"170
170",2,true
21,https://createmy-qr.com/pt/google-forms-gerador-de-codigo-qr-gratis-online,"Gerador de código QR Formulários Google - gratuito e personalizado | CreateMy-QR
Formulários Google - Gerador de Código QR Grátis Online - CreateMy-QR",text/html; charset=utf-8,false,200,0,0,"Converta seus dados do Formulários Google em um código QR personalizado diretamente no seu navegador. 100% processado offline para privacidade absoluta. Gratuito, sem limites e altamente seguro.
Converta seus dados do Formulários Google em um código QR personalizado diretamente no seu navegador. 100% processado offline para privacidade absoluta. Gratuito, sem limites e altamente seguro.",,,"194
194",2,true
21,https://createmy-qr.com/vi/facebook-tao-ma-qr-mien-phi-truc-tuyen,"Trình tạo mã QR Facebook - Miễn phí & Tùy chỉnh | CreateMy-QR
Facebook - Tạo Mã QR Miễn Phí Trực Tuyến - CreateMy-QR",text/html; charset=utf-8,false,200,0,0,"Chuyển đổi dữ liệu Facebook của bạn thành mã QR tùy chỉnh trực tiếp trong trình duyệt của bạn. 100% được xử lý ngoại tuyến để đảm bảo quyền riêng tư tuyệt đối. Miễn phí, không giới hạn và có tính bảo mật cao.
Chuyển đổi dữ liệu Facebook của bạn thành mã QR tùy chỉnh trực tiếp trong trình duyệt của bạn. 100% được xử lý ngoại tuyến để đảm bảo quyền riêng tư tuyệt đối. Miễn phí, không giới hạn và có tính bảo mật cao.",,,"208
208",2,true
21,https://createmy-qr.com/pt/gerador-de-codigo-qr-gratis-online-2,"Scanner de código QR gratuito online - Digitalize QR instantaneamente
Gerador de código QR types.scanqr - gratuito e personalizado | CreateMy-QR
scanqr - Gerador de Código QR Grátis Online - CreateMy-QR",text/html; charset=utf-8,false,200,0,0,"Converta seus dados do scanqr em um código QR personalizado diretamente no seu navegador. 100% processado offline para privacidade absoluta. Gratuito, sem limites e altamente seguro.
Converta seus dados do types.scanqr em um código QR personalizado diretamente no seu navegador. 100% processado offline para privacidade absoluta. Gratuito, sem limites e altamente seguro.
Digitalize códigos QR instantaneamente usando sua câmera ou enviando uma imagem. Processamento 100% seguro, privado e do lado do cliente.",,,"182
188
137",3,true
21,https://createmy-qr.com/pl/100-darmowe-ceny,"Darmowy Generator Kodów QR Online - CreateMy-QR (No Signup) | 100% darmowe ceny
Generator kodów QR types.pricing — bezpłatny i niestandardowy | CreateMy-QR
100% darmowe ceny | CreateMy-QR",text/html; charset=utf-8,false,200,0,0,"Learn more about CreateMy-QR 100% free pricing.
Konwertuj dane types.pricing na niestandardowy kod QR bezpośrednio w przeglądarce. 100% przetwarzane w trybie offline, aby zapewnić całkowitą prywatność. Bezpłatnie, bez ograniczeń i bardzo bezpiecznie.",,,"47
202",2,true
21,https://createmy-qr.com/el/dorean-dimioyrgia-qr-code-online,"Δωρεάν Online Generator Barcode - Δημιουργήστε γραμμωτούς κώδικες 1D
types.barcode QR Code Generator - Δωρεάν & Προσαρμοσμένο | CreateMy-QR
barcode - Δωρεάν Δημιουργία QR Code Online - CreateMy-QR",text/html; charset=utf-8,false,200,0,0,"Μετατρέψτε τα δεδομένα σας barcode σε προσαρμοσμένο κωδικό QR απευθείας στο πρόγραμμα περιήγησής σας. 100% επεξεργασία εκτός σύνδεσης για απόλυτη προστασία της ιδιωτικής ζωής. Δωρεάν, χωρίς όρια και εξαιρετικά ασφαλές.
Μετατρέψτε τα δεδομένα σας types.barcode σε προσαρμοσμένο κωδικό QR απευθείας στο πρόγραμμα περιήγησής σας. 100% επεξεργασία εκτός σύνδεσης για απόλυτη προστασία της ιδιωτικής ζωής. Δωρεάν, χωρίς όρια και εξαιρετικά ασφαλές.
Δημιουργήστε επαγγελματικούς γραμμωτούς κώδικες 1D αμέσως. Υποστήριξη για Code-128, UPC, EAN, ITF-14 και άλλα. Δωρεάν, ασφαλές και έτοιμο για λήψη σε PNG υψηλής ανάλυσης.",,,"218
224
170",3,true
21,https://createmy-qr.com/el/linkedin-dorean-dimioyrgia-qr-code-online,"LinkedIn QR Code Generator - Δωρεάν & Προσαρμοσμένο | CreateMy-QR
LinkedIn - Δωρεάν Δημιουργία QR Code Online - CreateMy-QR",text/html; charset=utf-8,false,200,0,0,"Μετατρέψτε τα δεδομένα σας LinkedIn σε προσαρμοσμένο κωδικό QR απευθείας στο πρόγραμμα περιήγησής σας. 100% επεξεργασία εκτός σύνδεσης για απόλυτη προστασία της ιδιωτικής ζωής. Δωρεάν, χωρίς όρια και εξαιρετικά ασφαλές.
Μετατρέψτε τα δεδομένα σας LinkedIn σε προσαρμοσμένο κωδικό QR απευθείας στο πρόγραμμα περιήγησής σας. 100% επεξεργασία εκτός σύνδεσης για απόλυτη προστασία της ιδιωτικής ζωής. Δωρεάν, χωρίς όρια και εξαιρετικά ασφαλές.",,,"219
219",2,true
21,https://createmy-qr.com/sv/jamfor-verktyg,"Gratis QR-kod Generator Online - CreateMy-QR (No Signup) | Jämför verktyg
types.compare QR Code Generator - Gratis & anpassad | CreateMy-QR
Jämför verktyg | CreateMy-QR",text/html; charset=utf-8,false,200,0,0,"Learn more about CreateMy-QR compare tools.
Konvertera dina types.compare-data till en anpassad QR-kod direkt i din webbläsare. 100 % bearbetad offline för absolut integritet. Gratis, inga gränser och mycket säker.",,,"43
170",2,true
21,https://createmy-qr.com/el/oroi-parohis-ypiresion,"Δωρεάν Δημιουργία QR Code Online - CreateMy-QR (No Signup) | Όροι Παροχής Υπηρεσιών
types.terms QR Code Generator - Δωρεάν & Προσαρμοσμένο | CreateMy-QR
Όροι Παροχής Υπηρεσιών | CreateMy-QR",text/html; charset=utf-8,false,200,0,0,"Learn more about CreateMy-QR terms of service.
Μετατρέψτε τα δεδομένα σας types.terms σε προσαρμοσμένο κωδικό QR απευθείας στο πρόγραμμα περιήγησής σας. 100% επεξεργασία εκτός σύνδεσης για απόλυτη προστασία της ιδιωτικής ζωής. Δωρεάν, χωρίς όρια και εξαιρετικά ασφαλές.",,,"46
222",2,true
21,https://createmy-qr.com/pt/link-na-bio-gerador-de-codigo-qr-gratis-online,"Gerador de código QR Link na Bio - gratuito e personalizado | CreateMy-QR
Link na Bio - Gerador de Código QR Grátis Online - CreateMy-QR",text/html; charset=utf-8,false,200,0,0,"Converta seus dados do Link na Bio em um código QR personalizado diretamente no seu navegador. 100% processado offline para privacidade absoluta. Gratuito, sem limites e altamente seguro.
Converta seus dados do Link na Bio em um código QR personalizado diretamente no seu navegador. 100% processado offline para privacidade absoluta. Gratuito, sem limites e altamente seguro.",,,"187
187",2,true
21,https://createmy-qr.com/ms/url-link-penjana-kod-qr-percuma-dalam-talian,"Penjana Kod QR Percuma Dalam Talian - CreateMy-QR (No Signup) | CreateMy-QR
Penjana Kod QR Percuma Dalam Talian - CreateMy-QR (No Signup)",text/html; charset=utf-8,false,200,0,0,"Cipta Kod QR dengan Logo & Warna - Tanpa Pendaftaran, Tanpa Had. 100% privacy-safe, client-side generation without signup. Try CreateMy-QR today.
Tukar data URL / Pautan anda kepada kod QR tersuai terus dalam penyemak imbas anda. 100% diproses di luar talian untuk privasi mutlak. Percuma, tiada had dan sangat selamat.",,,"145
173",2,true
21,https://createmy-qr.com/pt/instagram-gerador-de-codigo-qr-gratis-online,"Gerador de código QR Instagram - gratuito e personalizado | CreateMy-QR
Instagram - Gerador de Código QR Grátis Online - CreateMy-QR",text/html; charset=utf-8,false,200,0,0,"Converta seus dados do Instagram em um código QR personalizado diretamente no seu navegador. 100% processado offline para privacidade absoluta. Gratuito, sem limites e altamente seguro.
Converta seus dados do Instagram em um código QR personalizado diretamente no seu navegador. 100% processado offline para privacidade absoluta. Gratuito, sem limites e altamente seguro.",,,"185
185",2,true
21,https://createmy-qr.com/th/paypal-ekhruue-ngmuue-sraangkhiw-aarokhd-nailnfrii,"เพย์พาล เครื่องสร้างโค้ด QR - ฟรีและกำหนดเอง | CreateMy-QR
เพย์พาล - เครื่องมือสร้างคิวอาร์โค้ดออนไลน์ฟรี - CreateMy-QR",text/html; charset=utf-8,false,200,0,0,"แปลงข้อมูล เพย์พาล ของคุณให้เป็นโค้ด QR ที่กำหนดเองได้โดยตรงในเบราว์เซอร์ของคุณ ประมวลผลแบบออฟไลน์ 100% เพื่อความเป็นส่วนตัวอย่างแท้จริง ฟรี ไม่จำกัด และมีความปลอดภัยสูง
แปลงข้อมูล เพย์พาล ของคุณให้เป็นโค้ด QR ที่กำหนดเองได้โดยตรงในเบราว์เซอร์ของคุณ ประมวลผลแบบออฟไลน์ 100% เพื่อความเป็นส่วนตัวอย่างแท้จริง ฟรี ไม่จำกัด และมีความปลอดภัยสูง",,,"169
169",2,true
21,https://createmy-qr.com/ms/fail-penjana-kod-qr-percuma-dalam-talian,"Penjana Kod QR Fail - Percuma & Tersuai | CreateMy-QR
Fail - Penjana Kod QR Percuma Dalam Talian - CreateMy-QR",text/html; charset=utf-8,false,200,0,0,"Tukar data Fail anda kepada kod QR tersuai terus dalam penyemak imbas anda. 100% diproses di luar talian untuk privasi mutlak. Percuma, tiada had dan sangat selamat.
Tukar data Fail anda kepada kod QR tersuai terus dalam penyemak imbas anda. 100% diproses di luar talian untuk privasi mutlak. Percuma, tiada had dan sangat selamat.",,,"165
165",2,true
21,https://createmy-qr.com/pl/facebook-darmowy-generator-kodow-qr-online,"Generator kodów QR Facebooku — bezpłatny i niestandardowy | CreateMy-QR
Facebooku - Darmowy Generator Kodów QR Online - CreateMy-QR",text/html; charset=utf-8,false,200,0,0,"Konwertuj dane Facebooku na niestandardowy kod QR bezpośrednio w przeglądarce. 100% przetwarzane w trybie offline, aby zapewnić całkowitą prywatność. Bezpłatnie, bez ograniczeń i bardzo bezpiecznie.
Konwertuj dane Facebooku na niestandardowy kod QR bezpośrednio w przeglądarce. 100% przetwarzane w trybie offline, aby zapewnić całkowitą prywatność. Bezpłatnie, bez ograniczeń i bardzo bezpiecznie.",,,"198
198",2,true
21,https://createmy-qr.com/pt/texto-gerador-de-codigo-qr-gratis-online,"Gerador de código QR Texto - gratuito e personalizado | CreateMy-QR
Texto - Gerador de Código QR Grátis Online - CreateMy-QR",text/html; charset=utf-8,false,200,0,0,"Converta seus dados do Texto em um código QR personalizado diretamente no seu navegador. 100% processado offline para privacidade absoluta. Gratuito, sem limites e altamente seguro.
Converta seus dados do Texto em um código QR personalizado diretamente no seu navegador. 100% processado offline para privacidade absoluta. Gratuito, sem limites e altamente seguro.",,,"181
181",2,true
21,https://createmy-qr.com/no/sikkerhetsarkitektur,"Gratis QR-kode Generator Online - CreateMy-QR (No Signup) | Sikkerhetsarkitektur
types.security QR Code Generator - Gratis og tilpasset | CreateMy-QR
Sikkerhetsarkitektur | CreateMy-QR",text/html; charset=utf-8,false,200,0,0,"Learn more about CreateMy-QR security architecture.
Konverter types.security-dataene dine til en tilpasset QR-kode direkte i nettleseren din. 100 % behandlet offline for absolutt personvern. Gratis, ingen grenser og svært sikker.",,,"51
177",2,true
21,https://createmy-qr.com/hu/venmo-ingyenes-online-qr-kod-generator,"Venmo QR-kód generátor - ingyenes és egyedi | CreateMy-QR
Venmo - Ingyenes Online QR-kód Generátor - CreateMy-QR",text/html; charset=utf-8,false,200,0,0,"Alakítsa át Venmo adatait egyéni QR-kóddá közvetlenül a böngészőjében. 100%-ban offline feldolgozva az abszolút adatvédelem érdekében. Ingyenes, korlátok nélkül és rendkívül biztonságos.
Alakítsa át Venmo adatait egyéni QR-kóddá közvetlenül a böngészőjében. 100%-ban offline feldolgozva az abszolút adatvédelem érdekében. Ingyenes, korlátok nélkül és rendkívül biztonságos.",,,"186
186",2,true
21,https://createmy-qr.com/th/ekhruue-ngmuue-sraangkhiw-aarokhd-nailnfrii,"เครื่องสร้างบาร์โค้ดออนไลน์ฟรี - สร้างบาร์โค้ด 1D
types.barcode เครื่องสร้างโค้ด QR - ฟรีและกำหนดเอง | CreateMy-QR
barcode - เครื่องมือสร้างคิวอาร์โค้ดออนไลน์ฟรี - CreateMy-QR",text/html; charset=utf-8,false,200,0,0,"แปลงข้อมูล barcode ของคุณให้เป็นโค้ด QR ที่กำหนดเองได้โดยตรงในเบราว์เซอร์ของคุณ ประมวลผลแบบออฟไลน์ 100% เพื่อความเป็นส่วนตัวอย่างแท้จริง ฟรี ไม่จำกัด และมีความปลอดภัยสูง
แปลงข้อมูล types.barcode ของคุณให้เป็นโค้ด QR ที่กำหนดเองได้โดยตรงในเบราว์เซอร์ของคุณ ประมวลผลแบบออฟไลน์ 100% เพื่อความเป็นส่วนตัวอย่างแท้จริง ฟรี ไม่จำกัด และมีความปลอดภัยสูง
สร้างบาร์โค้ด 1D ระดับมืออาชีพได้ทันที รองรับ Code-128, UPC, EAN, ITF-14 และอื่นๆ ฟรี ปลอดภัย และพร้อมดาวน์โหลดในรูปแบบ PNG ความละเอียดสูง",,,"169
175
138",3,true
21,https://createmy-qr.com/ru/iks-tvitter-besplatnyy-generator-qr-kodov-onlayn,"Икс (Твиттер) Генератор QR-кодов — бесплатный и настраиваемый | CreateMy-QR
Икс (Твиттер) - Бесплатный генератор QR-кодов онлайн - CreateMy-QR",text/html; charset=utf-8,false,200,0,0,"Преобразуйте данные Икс (Твиттер) в собственный QR-код прямо в браузере. 100% обработка в автономном режиме для абсолютной конфиденциальности. Бесплатно, без ограничений и очень безопасно.
Преобразуйте данные Икс (Твиттер) в собственный QR-код прямо в браузере. 100% обработка в автономном режиме для абсолютной конфиденциальности. Бесплатно, без ограничений и очень безопасно.",,,"188
188",2,true
21,https://createmy-qr.com/hi/eks-ttvittr-muph-t-onnlaain-kyuuaar-kodd-jnrettr,"एक्स (ट्विटर) QR कोड जेनरेटर - मुफ़्त और कस्टम | CreateMy-QR
एक्स (ट्विटर) - मुफ़्त ऑनलाइन क्यूआर कोड जनरेटर - CreateMy-QR",text/html; charset=utf-8,false,200,0,0,"अपने एक्स (ट्विटर) डेटा को सीधे अपने ब्राउज़र में एक कस्टम क्यूआर कोड में बदलें। पूर्ण गोपनीयता के लिए 100% ऑफ़लाइन संसाधित। निःशुल्क, कोई सीमा नहीं, और अत्यधिक सुरक्षित।
अपने एक्स (ट्विटर) डेटा को सीधे अपने ब्राउज़र में एक कस्टम क्यूआर कोड में बदलें। पूर्ण गोपनीयता के लिए 100% ऑफ़लाइन संसाधित। निःशुल्क, कोई सीमा नहीं, और अत्यधिक सुरक्षित।",,,"170
170",2,true
21,https://createmy-qr.com/ar/,"CreateMy-QR | جميع أدوات QR والباركود في مكان واحد
CreateMy-QR | جميع أدوات QR والباركود في مكان واحد
home - مولد رمز الاستجابة السريعة مجاني - CreateMy-QR",text/html; charset=utf-8,false,200,0,1,"قم بتحويل بيانات home الخاصة بك إلى رمز QR مخصص مباشرةً في متصفحك. تمت معالجتها بنسبة 100% دون الاتصال بالإنترنت لتوفير الخصوصية المطلقة. مجاني، بلا حدود، وآمن للغاية.
أنشئ 37 نوعاً من رموز QR والباركود مجاناً. بدون تسجيل. تنزيل فوري. 100% على جانب العميل، متوافق مع ISO/IEC 18004، في 30 لغة.
أنشئ 37 نوعاً من رموز QR والباركود مجاناً. بدون تسجيل. تنزيل فوري. 100% على جانب العميل، متوافق مع ISO/IEC 18004، في 30 لغة.",,,"167
124
124",3,true
21,https://createmy-qr.com/fi/amazon-ilmainen-qr-koodigeneraattori-netissa,"Amazon QR-koodigeneraattori - ilmainen ja räätälöity | CreateMy-QR
Amazon - Ilmainen QR-koodigeneraattori Netissä - CreateMy-QR",text/html; charset=utf-8,false,200,0,0,"Muunna Amazon-tietosi mukautetuksi QR-koodiksi suoraan selaimessasi. 100 % käsitelty offline-tilassa täydellisen yksityisyyden takaamiseksi. Ilmainen, ei rajoituksia ja erittäin turvallinen.
Muunna Amazon-tietosi mukautetuksi QR-koodiksi suoraan selaimessasi. 100 % käsitelty offline-tilassa täydellisen yksityisyyden takaamiseksi. Ilmainen, ei rajoituksia ja erittäin turvallinen.",,,"190
190",2,true
21,https://createmy-qr.com/ru/instagram-besplatnyy-generator-qr-kodov-onlayn,"Инстаграм Генератор QR-кодов — бесплатный и настраиваемый | CreateMy-QR
Инстаграм - Бесплатный генератор QR-кодов онлайн - CreateMy-QR",text/html; charset=utf-8,false,200,0,0,"Преобразуйте данные Инстаграм в собственный QR-код прямо в браузере. 100% обработка в автономном режиме для абсолютной конфиденциальности. Бесплатно, без ограничений и очень безопасно.
Преобразуйте данные Инстаграм в собственный QR-код прямо в браузере. 100% обработка в автономном режиме для абсолютной конфиденциальности. Бесплатно, без ограничений и очень безопасно.",,,"184
184",2,true
21,https://createmy-qr.com/es/precios-100-gratuitos,"Generador de Códigos QR Gratis Online - CreateMy-QR (No Signup) | Precios 100% gratuitos
Generador de códigos QR types.pricing: gratuito y personalizado | CreateMy-QR
Precios 100% gratuitos | CreateMy-QR",text/html; charset=utf-8,false,200,0,0,"Learn more about CreateMy-QR 100% free pricing.
Convierta sus datos de types.pricing en un código QR personalizado directamente en su navegador. 100% procesado fuera de línea para absoluta privacidad. Gratis, sin límites y muy seguro.",,,"47
186",2,true
21,https://createmy-qr.com/fr/paypal-generateur-de-code-qr-gratuit-en-ligne,"Générateur de code QR PayPal - Gratuit et personnalisé | CreateMy-QR
PayPal - Générateur de Code QR Gratuit en Ligne - CreateMy-QR",text/html; charset=utf-8,false,200,0,0,"Convertissez vos données PayPal en un code QR personnalisé directement dans votre navigateur. 100 % traité hors ligne pour une confidentialité absolue. Gratuit, sans limites et hautement sécurisé.
Convertissez vos données PayPal en un code QR personnalisé directement dans votre navigateur. 100 % traité hors ligne pour une confidentialité absolue. Gratuit, sans limites et hautement sécurisé.",,,"196
196",2,true
21,https://createmy-qr.com/no/plassering-gratis-qr-kode-generator-online,"Plassering QR Code Generator - Gratis og tilpasset | CreateMy-QR
Plassering - Gratis QR-kode Generator Online - CreateMy-QR",text/html; charset=utf-8,false,200,0,0,"Konverter Plassering-dataene dine til en tilpasset QR-kode direkte i nettleseren din. 100 % behandlet offline for absolutt personvern. Gratis, ingen grenser og svært sikker.
Konverter Plassering-dataene dine til en tilpasset QR-kode direkte i nettleseren din. 100 % behandlet offline for absolutt personvern. Gratis, ingen grenser og svært sikker.",,,"173
173",2,true
21,https://createmy-qr.com/th/aichkrnii,"เครื่องมือสร้างคิวอาร์โค้ดออนไลน์ฟรี - CreateMy-QR (No Signup) | ใช้กรณี
types.usecases เครื่องสร้างโค้ด QR - ฟรีและกำหนดเอง | CreateMy-QR
ใช้กรณี | CreateMy-QR",text/html; charset=utf-8,false,200,0,0,"Learn more about CreateMy-QR use cases.
แปลงข้อมูล types.usecases ของคุณให้เป็นโค้ด QR ที่กำหนดเองได้โดยตรงในเบราว์เซอร์ของคุณ ประมวลผลแบบออฟไลน์ 100% เพื่อความเป็นส่วนตัวอย่างแท้จริง ฟรี ไม่จำกัด และมีความปลอดภัยสูง",,,"39
176",2,true
21,https://createmy-qr.com/bn/crypto-phri-anlaain-kiuaar-kodd-jenaarettr,"ক্রিপ্টো QR কোড জেনারেটর - বিনামূল্যে এবং কাস্টম | CreateMy-QR
ক্রিপ্টো - ফ্রি অনলাইন কিউআর কোড জেনারেটর - CreateMy-QR",text/html; charset=utf-8,false,200,0,0,"আপনার ব্রাউজারে সরাসরি একটি কাস্টম QR কোডে আপনার ক্রিপ্টো ডেটা রূপান্তর করুন। সম্পূর্ণ গোপনীয়তার জন্য 100% অফলাইনে প্রক্রিয়া করা হয়েছে। বিনামূল্যে, কোন সীমা নেই, এবং অত্যন্ত নিরাপদ।
আপনার ব্রাউজারে সরাসরি একটি কাস্টম QR কোডে আপনার ক্রিপ্টো ডেটা রূপান্তর করুন। সম্পূর্ণ গোপনীয়তার জন্য 100% অফলাইনে প্রক্রিয়া করা হয়েছে। বিনামূল্যে, কোন সীমা নেই, এবং অত্যন্ত নিরাপদ।",,,"184
184",2,true
21,https://createmy-qr.com/es/snapchat-generador-de-codigos-qr-gratis-online,"Generador de códigos QR Snapchat: gratuito y personalizado | CreateMy-QR
Snapchat - Generador de Códigos QR Gratis Online - CreateMy-QR",text/html; charset=utf-8,false,200,0,0,"Convierta sus datos de Snapchat en un código QR personalizado directamente en su navegador. 100% procesado fuera de línea para absoluta privacidad. Gratis, sin límites y muy seguro.
Convierta sus datos de Snapchat en un código QR personalizado directamente en su navegador. 100% procesado fuera de línea para absoluta privacidad. Gratis, sin límites y muy seguro.",,,"181
181",2,true
21,https://createmy-qr.com/no/url-link-gratis-qr-kode-generator-online,"Gratis QR-kode Generator Online - CreateMy-QR (No Signup) | CreateMy-QR
Gratis QR-kode Generator Online - CreateMy-QR (No Signup)",text/html; charset=utf-8,false,200,0,0,"Lag QR-koder med Logo og Farge - Uten Registrering, Ubegrenset. 100% privacy-safe, client-side generation without signup. Try CreateMy-QR today.
Konverter URL / Link-dataene dine til en tilpasset QR-kode direkte i nettleseren din. 100 % behandlet offline for absolutt personvern. Gratis, ingen grenser og svært sikker.",,,"144
173",2,true
21,https://createmy-qr.com/fi/sijainti-ilmainen-qr-koodigeneraattori-netissa,"Sijainti QR-koodigeneraattori - ilmainen ja räätälöity | CreateMy-QR
Sijainti - Ilmainen QR-koodigeneraattori Netissä - CreateMy-QR",text/html; charset=utf-8,false,200,0,0,"Muunna Sijainti-tietosi mukautetuksi QR-koodiksi suoraan selaimessasi. 100 % käsitelty offline-tilassa täydellisen yksityisyyden takaamiseksi. Ilmainen, ei rajoituksia ja erittäin turvallinen.
Muunna Sijainti-tietosi mukautetuksi QR-koodiksi suoraan selaimessasi. 100 % käsitelty offline-tilassa täydellisen yksityisyyden takaamiseksi. Ilmainen, ei rajoituksia ja erittäin turvallinen.",,,"192
192",2,true
21,https://createmy-qr.com/ru/url-link-besplatnyy-generator-qr-kodov-onlayn,"Бесплатный генератор QR-кодов онлайн - CreateMy-QR (No Signup) | CreateMy-QR
Бесплатный генератор QR-кодов онлайн - CreateMy-QR (No Signup)",text/html; charset=utf-8,false,200,0,0,"Создавайте QR-коды с логотипом и цветом - Без регистрации, безлимитно. 100% privacy-safe, client-side generation without signup. Try CreateMy-QR today.
Преобразуйте данные URL/ссылка в собственный QR-код прямо в браузере. 100% обработка в автономном режиме для абсолютной конфиденциальности. Бесплатно, без ограничений и очень безопасно.",,,"151
185",2,true
21,https://createmy-qr.com/tl/patakaran-sa-privacy,"Libreng Online QR Code Generator - CreateMy-QR (No Signup) | Patakaran sa Privacy
types.privacy QR Code Generator - Libre at Custom | CreateMy-QR
Patakaran sa Privacy | CreateMy-QR",text/html; charset=utf-8,false,200,0,0,"Learn more about CreateMy-QR privacy policy.
I-convert ang iyong types.privacy data sa isang custom na QR code nang direkta sa iyong browser. 100% na naproseso offline para sa ganap na privacy. Libre, walang limitasyon, at lubos na secure.",,,"44
194",2,true
21,https://createmy-qr.com/vi/linkedin-tao-ma-qr-mien-phi-truc-tuyen,"Trình tạo mã QR LinkedIn - Miễn phí & Tùy chỉnh | CreateMy-QR
LinkedIn - Tạo Mã QR Miễn Phí Trực Tuyến - CreateMy-QR",text/html; charset=utf-8,false,200,0,0,"Chuyển đổi dữ liệu LinkedIn của bạn thành mã QR tùy chỉnh trực tiếp trong trình duyệt của bạn. 100% được xử lý ngoại tuyến để đảm bảo quyền riêng tư tuyệt đối. Miễn phí, không giới hạn và có tính bảo mật cao.
Chuyển đổi dữ liệu LinkedIn của bạn thành mã QR tùy chỉnh trực tiếp trong trình duyệt của bạn. 100% được xử lý ngoại tuyến để đảm bảo quyền riêng tư tuyệt đối. Miễn phí, không giới hạn và có tính bảo mật cao.",,,"208
208",2,true
21,https://createmy-qr.com/vi/truong-hop-su-dung,"Tạo Mã QR Miễn Phí Trực Tuyến - CreateMy-QR (No Signup) | Trường hợp sử dụng
Trình tạo mã QR types.usecases - Miễn phí & Tùy chỉnh | CreateMy-QR
Trường hợp sử dụng | CreateMy-QR",text/html; charset=utf-8,false,200,0,0,"Learn more about CreateMy-QR use cases.
Chuyển đổi dữ liệu types.usecases của bạn thành mã QR tùy chỉnh trực tiếp trong trình duyệt của bạn. 100% được xử lý ngoại tuyến để đảm bảo quyền riêng tư tuyệt đối. Miễn phí, không giới hạn và có tính bảo mật cao.",,,"39
214",2,true
21,https://createmy-qr.com/de/wi-fi-kostenloser-qr-code-generator-online,"WLAN QR-Code-Generator – kostenlos und benutzerdefiniert | CreateMy-QR
WLAN - Kostenloser QR-Code Generator Online - CreateMy-QR",text/html; charset=utf-8,false,200,0,0,"Wandeln Sie Ihre WLAN-Daten direkt in Ihrem Browser in einen benutzerdefinierten QR-Code um. 100 % offline verarbeitet für absolute Privatsphäre. Kostenlos, ohne Grenzen und äußerst sicher.
Wandeln Sie Ihre WLAN-Daten direkt in Ihrem Browser in einen benutzerdefinierten QR-Code um. 100 % offline verarbeitet für absolute Privatsphäre. Kostenlos, ohne Grenzen und äußerst sicher.",,,"189
189",2,true
21,https://createmy-qr.com/ar/lhdth-mwld-rmz-lstjb-lsryaa-mjny,"الحدث QR Code Generator - مجاني ومخصص | CreateMy-QR
الحدث - مولد رمز الاستجابة السريعة مجاني - CreateMy-QR",text/html; charset=utf-8,false,200,0,0,"قم بتحويل بيانات الحدث الخاصة بك إلى رمز QR مخصص مباشرةً في متصفحك. تمت معالجتها بنسبة 100% دون الاتصال بالإنترنت لتوفير الخصوصية المطلقة. مجاني، بلا حدود، وآمن للغاية.
قم بتحويل بيانات الحدث الخاصة بك إلى رمز QR مخصص مباشرةً في متصفحك. تمت معالجتها بنسبة 100% دون الاتصال بالإنترنت لتوفير الخصوصية المطلقة. مجاني، بلا حدود، وآمن للغاية.",,,"168
168",2,true
21,https://createmy-qr.com/sv/crypto-gratis-qr-kod-generator-online,"Krypto QR Code Generator - Gratis & anpassad | CreateMy-QR
Krypto - Gratis QR-kod Generator Online - CreateMy-QR",text/html; charset=utf-8,false,200,0,0,"Konvertera dina Krypto-data till en anpassad QR-kod direkt i din webbläsare. 100 % bearbetad offline för absolut integritet. Gratis, inga gränser och mycket säker.
Konvertera dina Krypto-data till en anpassad QR-kod direkt i din webbläsare. 100 % bearbetad offline för absolut integritet. Gratis, inga gränser och mycket säker.",,,"163
163",2,true
21,https://createmy-qr.com/it/,"CreateMy-QR | Tutti gli Strumenti QR & Barcode in un Unico Posto
CreateMy-QR | Tutti gli Strumenti QR & Barcode in un Unico Posto
home - Generatore di Codici QR Gratis Online - CreateMy-QR",text/html; charset=utf-8,false,200,0,1,"Converti i tuoi dati home in un codice QR personalizzato direttamente nel tuo browser. Elaborato offline al 100% per una privacy assoluta. Gratuito, senza limiti e altamente sicuro.
Genera 37 tipi di QR code e barcode gratuitamente. Senza registrazione. Download istantaneo. 100% lato client, conforme ISO/IEC 18004, in 30 lingue.
Genera 37 tipi di QR code e barcode gratuitamente. Senza registrazione. Download istantaneo. 100% lato client, conforme ISO/IEC 18004, in 30 lingue.",,,"181
148
148",3,true
21,https://createmy-qr.com/ru/besplatnyy-generator-qr-kodov-onlayn,"Бесплатный онлайн-генератор штрих-кодов — создание 1D-штрих-кодов
types.barcode Генератор QR-кодов — бесплатный и настраиваемый | CreateMy-QR
barcode - Бесплатный генератор QR-кодов онлайн - CreateMy-QR",text/html; charset=utf-8,false,200,0,0,"Преобразуйте данные barcode в собственный QR-код прямо в браузере. 100% обработка в автономном режиме для абсолютной конфиденциальности. Бесплатно, без ограничений и очень безопасно.
Преобразуйте данные types.barcode в собственный QR-код прямо в браузере. 100% обработка в автономном режиме для абсолютной конфиденциальности. Бесплатно, без ограничений и очень безопасно.
Мгновенно создавайте профессиональные 1D-штрихкоды. Поддержка Code-128, UPC, EAN, ITF-14 и других. Бесплатно, безопасно и готово к загрузке в формате PNG в высоком разрешении.",,,"182
188
175",3,true
21,https://createmy-qr.com/fr/youtube-generateur-de-code-qr-gratuit-en-ligne,"Générateur de code QR YouTube - Gratuit et personnalisé | CreateMy-QR
YouTube - Générateur de Code QR Gratuit en Ligne - CreateMy-QR",text/html; charset=utf-8,false,200,0,0,"Convertissez vos données YouTube en un code QR personnalisé directement dans votre navigateur. 100 % traité hors ligne pour une confidentialité absolue. Gratuit, sans limites et hautement sécurisé.
Convertissez vos données YouTube en un code QR personnalisé directement dans votre navigateur. 100 % traité hors ligne pour une confidentialité absolue. Gratuit, sans limites et hautement sécurisé.",,,"197
197",2,true
21,https://createmy-qr.com/ro/snapchat-generator-de-coduri-qr-gratuit-online,"Snapchat QR Code Generator - Gratuit și personalizat | CreateMy-QR
Snapchat - Generator de Coduri QR Gratuit Online - CreateMy-QR",text/html; charset=utf-8,false,200,0,0,"Transformați datele dvs. Snapchat într-un cod QR personalizat direct în browser. Procesat 100% offline pentru confidențialitate absolută. Gratuit, fără limite și foarte sigur.
Transformați datele dvs. Snapchat într-un cod QR personalizat direct în browser. Procesat 100% offline pentru confidențialitate absolută. Gratuit, fără limite și foarte sigur.",,,"175
175",2,true
21,https://createmy-qr.com/pt/x-twitter-gerador-de-codigo-qr-gratis-online,"Gerador de código QR X (Twitter) - gratuito e personalizado | CreateMy-QR
X (Twitter) - Gerador de Código QR Grátis Online - CreateMy-QR",text/html; charset=utf-8,false,200,0,0,"Converta seus dados do X (Twitter) em um código QR personalizado diretamente no seu navegador. 100% processado offline para privacidade absoluta. Gratuito, sem limites e altamente seguro.
Converta seus dados do X (Twitter) em um código QR personalizado diretamente no seu navegador. 100% processado offline para privacidade absoluta. Gratuito, sem limites e altamente seguro.",,,"187
187",2,true
21,https://createmy-qr.com/ms/telefon-penjana-kod-qr-percuma-dalam-talian,"Penjana Kod QR Telefon - Percuma & Tersuai | CreateMy-QR
Telefon - Penjana Kod QR Percuma Dalam Talian - CreateMy-QR",text/html; charset=utf-8,false,200,0,0,"Tukar data Telefon anda kepada kod QR tersuai terus dalam penyemak imbas anda. 100% diproses di luar talian untuk privasi mutlak. Percuma, tiada had dan sangat selamat.
Tukar data Telefon anda kepada kod QR tersuai terus dalam penyemak imbas anda. 100% diproses di luar talian untuk privasi mutlak. Percuma, tiada had dan sangat selamat.",,,"168
168",2,true
21,https://createmy-qr.com/fr/vcard-generateur-de-code-qr-gratuit-en-ligne,"Générateur de code QR vCard - Gratuit et personnalisé | CreateMy-QR
vCard - Générateur de Code QR Gratuit en Ligne - CreateMy-QR",text/html; charset=utf-8,false,200,0,0,"Convertissez vos données vCard en un code QR personnalisé directement dans votre navigateur. 100 % traité hors ligne pour une confidentialité absolue. Gratuit, sans limites et hautement sécurisé.
Convertissez vos données vCard en un code QR personnalisé directement dans votre navigateur. 100 % traité hors ligne pour une confidentialité absolue. Gratuit, sans limites et hautement sécurisé.",,,"195
195",2,true
21,https://createmy-qr.com/ru/ssylka-v-bio-besplatnyy-generator-qr-kodov-onlayn,"Ссылка в био Генератор QR-кодов — бесплатный и настраиваемый | CreateMy-QR
Ссылка в био - Бесплатный генератор QR-кодов онлайн - CreateMy-QR",text/html; charset=utf-8,false,200,0,0,"Преобразуйте данные Ссылка в био в собственный QR-код прямо в браузере. 100% обработка в автономном режиме для абсолютной конфиденциальности. Бесплатно, без ограничений и очень безопасно.
Преобразуйте данные Ссылка в био в собственный QR-код прямо в браузере. 100% обработка в автономном режиме для абсолютной конфиденциальности. Бесплатно, без ограничений и очень безопасно.",,,"187
187",2,true
21,https://createmy-qr.com/de/crypto-kostenloser-qr-code-generator-online,"Krypto QR-Code-Generator – kostenlos und benutzerdefiniert | CreateMy-QR
Krypto - Kostenloser QR-Code Generator Online - CreateMy-QR",text/html; charset=utf-8,false,200,0,0,"Wandeln Sie Ihre Krypto-Daten direkt in Ihrem Browser in einen benutzerdefinierten QR-Code um. 100 % offline verarbeitet für absolute Privatsphäre. Kostenlos, ohne Grenzen und äußerst sicher.
Wandeln Sie Ihre Krypto-Daten direkt in Ihrem Browser in einen benutzerdefinierten QR-Code um. 100 % offline verarbeitet für absolute Privatsphäre. Kostenlos, ohne Grenzen und äußerst sicher.",,,"191
191",2,true
21,https://createmy-qr.com/bn/bhiddio-phri-anlaain-kiuaar-kodd-jenaarettr,"ভিডিও QR কোড জেনারেটর - বিনামূল্যে এবং কাস্টম | CreateMy-QR
ভিডিও - ফ্রি অনলাইন কিউআর কোড জেনারেটর - CreateMy-QR",text/html; charset=utf-8,false,200,0,0,"আপনার ব্রাউজারে সরাসরি একটি কাস্টম QR কোডে আপনার ভিডিও ডেটা রূপান্তর করুন। সম্পূর্ণ গোপনীয়তার জন্য 100% অফলাইনে প্রক্রিয়া করা হয়েছে। বিনামূল্যে, কোন সীমা নেই, এবং অত্যন্ত নিরাপদ।
আপনার ব্রাউজারে সরাসরি একটি কাস্টম QR কোডে আপনার ভিডিও ডেটা রূপান্তর করুন। সম্পূর্ণ গোপনীয়তার জন্য 100% অফলাইনে প্রক্রিয়া করা হয়েছে। বিনামূল্যে, কোন সীমা নেই, এবং অত্যন্ত নিরাপদ।",,,"181
181",2,true
21,https://createmy-qr.com/fr/lien-dans-la-bio-generateur-de-code-qr-gratuit-en-ligne,"Générateur de code QR Lien dans la bio - Gratuit et personnalisé | CreateMy-QR
Lien dans la bio - Générateur de Code QR Gratuit en Ligne - CreateMy-QR",text/html; charset=utf-8,false,200,0,0,"Convertissez vos données Lien dans la bio en un code QR personnalisé directement dans votre navigateur. 100 % traité hors ligne pour une confidentialité absolue. Gratuit, sans limites et hautement sécurisé.
Convertissez vos données Lien dans la bio en un code QR personnalisé directement dans votre navigateur. 100 % traité hors ligne pour une confidentialité absolue. Gratuit, sans limites et hautement sécurisé.",,,"206
206",2,true
21,https://createmy-qr.com/ro/url-link-generator-de-coduri-qr-gratuit-online,"Generator de Coduri QR Gratuit Online - CreateMy-QR (No Signup) | CreateMy-QR
Generator de Coduri QR Gratuit Online - CreateMy-QR (No Signup)",text/html; charset=utf-8,false,200,0,0,"Creează Coduri QR cu Logo și Culoare - Fără Înregistrare, Nelimitat. 100% privacy-safe, client-side generation without signup. Try CreateMy-QR today.
Transformați datele dvs. URL / Link într-un cod QR personalizat direct în browser. Procesat 100% offline pentru confidențialitate absolută. Gratuit, fără limite și foarte sigur.",,,"149
177",2,true
21,https://createmy-qr.com/cs/podporovane-jazyky,"Zdarma Online Generátor QR Kódů - CreateMy-QR (No Signup) | Podporované jazyky
types.languages generátor QR kódu – zdarma a na míru | CreateMy-QR
Podporované jazyky | CreateMy-QR",text/html; charset=utf-8,false,200,0,0,"Learn more about CreateMy-QR supported languages.
Převeďte svá data types.languages na vlastní QR kód přímo ve vašem prohlížeči. 100% zpracováno offline pro absolutní soukromí. Zdarma, bez omezení a vysoce bezpečné.",,,"49
165",2,true
21,https://createmy-qr.com/pt/imagem-gerador-de-codigo-qr-gratis-online,"Gerador de código QR Imagem - gratuito e personalizado | CreateMy-QR
Imagem - Gerador de Código QR Grátis Online - CreateMy-QR",text/html; charset=utf-8,false,200,0,0,"Converta seus dados do Imagem em um código QR personalizado diretamente no seu navegador. 100% processado offline para privacidade absoluta. Gratuito, sem limites e altamente seguro.
Converta seus dados do Imagem em um código QR personalizado diretamente no seu navegador. 100% processado offline para privacidade absoluta. Gratuito, sem limites e altamente seguro.",,,"182
182",2,true
21,https://createmy-qr.com/de/sicherheitsarchitektur,"Kostenloser QR-Code Generator Online - CreateMy-QR (No Signup) | Sicherheitsarchitektur
types.security QR-Code-Generator – kostenlos und benutzerdefiniert | CreateMy-QR
Sicherheitsarchitektur | CreateMy-QR",text/html; charset=utf-8,false,200,0,0,"Learn more about CreateMy-QR security architecture.
Wandeln Sie Ihre types.security-Daten direkt in Ihrem Browser in einen benutzerdefinierten QR-Code um. 100 % offline verarbeitet für absolute Privatsphäre. Kostenlos, ohne Grenzen und äußerst sicher.",,,"51
199",2,true
21,https://createmy-qr.com/sv/facebook-gratis-qr-kod-generator-online,"Facebook QR Code Generator - Gratis & anpassad | CreateMy-QR
Facebook - Gratis QR-kod Generator Online - CreateMy-QR",text/html; charset=utf-8,false,200,0,0,"Konvertera dina Facebook-data till en anpassad QR-kod direkt i din webbläsare. 100 % bearbetad offline för absolut integritet. Gratis, inga gränser och mycket säker.
Konvertera dina Facebook-data till en anpassad QR-kod direkt i din webbläsare. 100 % bearbetad offline för absolut integritet. Gratis, inga gränser och mycket säker.",,,"165
165",2,true
21,https://createmy-qr.com/nl/hulpmiddelen-vergelijken,"Gratis QR Code Generator Online - CreateMy-QR (No Signup) | Hulpmiddelen vergelijken
types.compare QR-codegenerator - gratis en aangepast | CreateMy-QR
Hulpmiddelen vergelijken | CreateMy-QR",text/html; charset=utf-8,false,200,0,0,"Learn more about CreateMy-QR compare tools.
Converteer uw types.compare-gegevens rechtstreeks in uw browser naar een aangepaste QR-code. 100% offline verwerkt voor absolute privacy. Gratis, geen grenzen en zeer veilig.",,,"43
174",2,true
21,https://createmy-qr.com/ru/usloviya-obsluzhivaniya,"Бесплатный генератор QR-кодов онлайн - CreateMy-QR (No Signup) | Условия обслуживания
types.terms Генератор QR-кодов — бесплатный и настраиваемый | CreateMy-QR
Условия обслуживания | CreateMy-QR",text/html; charset=utf-8,false,200,0,0,"Learn more about CreateMy-QR terms of service.
Преобразуйте данные types.terms в собственный QR-код прямо в браузере. 100% обработка в автономном режиме для абсолютной конфиденциальности. Бесплатно, без ограничений и очень безопасно.",,,"46
186",2,true
21,https://createmy-qr.com/fi/palveluehdot,"Ilmainen QR-koodigeneraattori Netissä - CreateMy-QR (No Signup) | Palveluehdot
types.terms QR-koodigeneraattori - ilmainen ja räätälöity | CreateMy-QR
Palveluehdot | CreateMy-QR",text/html; charset=utf-8,false,200,0,0,"Learn more about CreateMy-QR terms of service.
Muunna types.terms-tietosi mukautetuksi QR-koodiksi suoraan selaimessasi. 100 % käsitelty offline-tilassa täydellisen yksityisyyden takaamiseksi. Ilmainen, ei rajoituksia ja erittäin turvallinen.",,,"46
195",2,true
21,https://createmy-qr.com/th/url-link-ekhruue-ngmuue-sraangkhiw-aarokhd-nailnfrii,"เครื่องมือสร้างคิวอาร์โค้ดออนไลน์ฟรี - CreateMy-QR (No Signup) | CreateMy-QR
เครื่องมือสร้างคิวอาร์โค้ดออนไลน์ฟรี - CreateMy-QR (No Signup)",text/html; charset=utf-8,false,200,0,0,"สร้างคิวอาร์โค้ดพร้อมโลโก้และสี - ไม่ต้องสมัครสมาชิก ใช้งานได้ไม่จำกัด. 100% privacy-safe, client-side generation without signup. Try CreateMy-QR today.
แปลงข้อมูล URL / ลิงค์ ของคุณให้เป็นโค้ด QR ที่กำหนดเองได้โดยตรงในเบราว์เซอร์ของคุณ ประมวลผลแบบออฟไลน์ 100% เพื่อความเป็นส่วนตัวอย่างแท้จริง ฟรี ไม่จำกัด และมีความปลอดภัยสูง",,,"152
173",2,true
21,https://createmy-qr.com/hu/ingyenes-online-qr-kod-generator-3,"Free Barcode Scanner Online - Scan UPC & EAN
Barcode Scanner QR-kód generátor - ingyenes és egyedi | CreateMy-QR
scanbarcode - Ingyenes Online QR-kód Generátor - CreateMy-QR",text/html; charset=utf-8,false,200,0,0,"Alakítsa át scanbarcode adatait egyéni QR-kóddá közvetlenül a böngészőjében. 100%-ban offline feldolgozva az abszolút adatvédelem érdekében. Ingyenes, korlátok nélkül és rendkívül biztonságos.
Alakítsa át Barcode Scanner adatait egyéni QR-kóddá közvetlenül a böngészőjében. 100%-ban offline feldolgozva az abszolút adatvédelem érdekében. Ingyenes, korlátok nélkül és rendkívül biztonságos.
Scan barcodes online for free using your device's camera or upload an image. Supports UPC, EAN, Code 128 and more. 100% private and secure.",,,"192
196
139",3,true
21,https://createmy-qr.com/id/generator-qr-code-gratis-online,"Generator Barcode Online Gratis - Membuat Barcode 1D
types.barcode Pembuat Kode QR - Gratis & Khusus | CreateMy-QR
barcode - Generator QR Code Gratis Online - CreateMy-QR",text/html; charset=utf-8,false,200,0,0,"Ubah data barcode Anda menjadi QR code kustom langsung di browser. 100% diproses offline untuk privasi absolut. Gratis, tanpa batas, dan sangat aman.
Ubah data types.barcode Anda menjadi QR code kustom langsung di browser. 100% diproses offline untuk privasi absolut. Gratis, tanpa batas, dan sangat aman.
Hasilkan kode batang 1D profesional secara instan. Dukungan untuk Kode-128, UPC, EAN, ITF-14, dan banyak lagi. Gratis, aman, dan siap diunduh dalam format PNG resolusi tinggi.",,,"149
155
175",3,true
21,https://createmy-qr.com/tr/linkedin-ucretsiz-cevrimici-qr-kod-olusturucu,"LinkedIn QR Kod Oluşturucu - Ücretsiz ve Özel | CreateMy-QR
LinkedIn - Ücretsiz Çevrimiçi QR Kod Oluşturucu - CreateMy-QR",text/html; charset=utf-8,false,200,0,0,"LinkedIn verilerinizi doğrudan tarayıcınızda özel bir QR koduna dönüştürün. Mutlak gizlilik için %100 çevrimdışı işlenir. Ücretsiz, sınırsız ve son derece güvenli.
LinkedIn verilerinizi doğrudan tarayıcınızda özel bir QR koduna dönüştürün. Mutlak gizlilik için %100 çevrimdışı işlenir. Ücretsiz, sınırsız ve son derece güvenli.",,,"163
163",2,true
21,https://createmy-qr.com/ms/amazon-penjana-kod-qr-percuma-dalam-talian,"Penjana Kod QR Amazon - Percuma & Tersuai | CreateMy-QR
Amazon - Penjana Kod QR Percuma Dalam Talian - CreateMy-QR",text/html; charset=utf-8,false,200,0,0,"Tukar data Amazon anda kepada kod QR tersuai terus dalam penyemak imbas anda. 100% diproses di luar talian untuk privasi mutlak. Percuma, tiada had dan sangat selamat.
Tukar data Amazon anda kepada kod QR tersuai terus dalam penyemak imbas anda. 100% diproses di luar talian untuk privasi mutlak. Percuma, tiada had dan sangat selamat.",,,"167
167",2,true
21,https://createmy-qr.com/vi/google-forms-tao-ma-qr-mien-phi-truc-tuyen,"Trình tạo mã QR Google Biểu mẫu - Miễn phí & Tùy chỉnh | CreateMy-QR
Google Biểu mẫu - Tạo Mã QR Miễn Phí Trực Tuyến - CreateMy-QR",text/html; charset=utf-8,false,200,0,0,"Chuyển đổi dữ liệu Google Biểu mẫu của bạn thành mã QR tùy chỉnh trực tiếp trong trình duyệt của bạn. 100% được xử lý ngoại tuyến để đảm bảo quyền riêng tư tuyệt đối. Miễn phí, không giới hạn và có tính bảo mật cao.
Chuyển đổi dữ liệu Google Biểu mẫu của bạn thành mã QR tùy chỉnh trực tiếp trong trình duyệt của bạn. 100% được xử lý ngoại tuyến để đảm bảo quyền riêng tư tuyệt đối. Miễn phí, không giới hạn và có tính bảo mật cao.",,,"215
215",2,true
21,https://createmy-qr.com/fr/audio-generateur-de-code-qr-gratuit-en-ligne,"Générateur de code QR Audio - Gratuit et personnalisé | CreateMy-QR
Audio - Générateur de Code QR Gratuit en Ligne - CreateMy-QR",text/html; charset=utf-8,false,200,0,0,"Convertissez vos données Audio en un code QR personnalisé directement dans votre navigateur. 100 % traité hors ligne pour une confidentialité absolue. Gratuit, sans limites et hautement sécurisé.
Convertissez vos données Audio en un code QR personnalisé directement dans votre navigateur. 100 % traité hors ligne pour une confidentialité absolue. Gratuit, sans limites et hautement sécurisé.",,,"195
195",2,true
21,https://createmy-qr.com/da/spotify-gratis-qr-kode-generator-online,"Spotify QR Code Generator - Gratis og brugerdefineret | CreateMy-QR
Spotify - Gratis QR Kode Generator Online - CreateMy-QR",text/html; charset=utf-8,false,200,0,0,"Konverter dine Spotify-data til en tilpasset QR-kode direkte i din browser. 100 % behandlet offline for absolut privatliv. Gratis, ingen grænser og meget sikker.
Konverter dine Spotify-data til en tilpasset QR-kode direkte i din browser. 100 % behandlet offline for absolut privatliv. Gratis, ingen grænser og meget sikker.",,,"161
161",2,true
21,https://createmy-qr.com/de/100-kostenlose-preisgestaltung,"Kostenloser QR-Code Generator Online - CreateMy-QR (No Signup) | 100 % kostenlose Preisgestaltung
types.pricing QR-Code-Generator – kostenlos und benutzerdefiniert | CreateMy-QR
100 % kostenlose Preisgestaltung | CreateMy-QR",text/html; charset=utf-8,false,200,0,0,"Learn more about CreateMy-QR 100% free pricing.
Wandeln Sie Ihre types.pricing-Daten direkt in Ihrem Browser in einen benutzerdefinierten QR-Code um. 100 % offline verarbeitet für absolute Privatsphäre. Kostenlos, ohne Grenzen und äußerst sicher.",,,"47
198",2,true
21,https://createmy-qr.com/ru/besplatnyy-generator-qr-kodov-onlayn-2,"Бесплатный онлайн-сканер QR-кода — мгновенное сканирование QR-кода
types.scanqr Генератор QR-кодов — бесплатный и настраиваемый | CreateMy-QR
scanqr - Бесплатный генератор QR-кодов онлайн - CreateMy-QR",text/html; charset=utf-8,false,200,0,0,"Преобразуйте данные scanqr в собственный QR-код прямо в браузере. 100% обработка в автономном режиме для абсолютной конфиденциальности. Бесплатно, без ограничений и очень безопасно.
Преобразуйте данные types.scanqr в собственный QR-код прямо в браузере. 100% обработка в автономном режиме для абсолютной конфиденциальности. Бесплатно, без ограничений и очень безопасно.
Мгновенно сканируйте QR-коды с помощью камеры или загрузив изображение. 100% безопасная, конфиденциальная обработка на стороне клиента.",,,"181
187
135",3,true
21,https://createmy-qr.com/ms/penjana-kod-qr-percuma-dalam-talian,"Penjana Kod Bar Percuma Dalam Talian - Cipta Kod Bar 1D
Penjana Kod QR types.barcode - Percuma & Tersuai | CreateMy-QR
barcode - Penjana Kod QR Percuma Dalam Talian - CreateMy-QR",text/html; charset=utf-8,false,200,0,0,"Tukar data barcode anda kepada kod QR tersuai terus dalam penyemak imbas anda. 100% diproses di luar talian untuk privasi mutlak. Percuma, tiada had dan sangat selamat.
Tukar data types.barcode anda kepada kod QR tersuai terus dalam penyemak imbas anda. 100% diproses di luar talian untuk privasi mutlak. Percuma, tiada had dan sangat selamat.
Hasilkan kod bar 1D profesional serta-merta. Sokongan untuk Kod-128, UPC, EAN, ITF-14 dan banyak lagi. Percuma, selamat dan sedia untuk dimuat turun dalam PNG resolusi tinggi.",,,"168
174
175",3,true
21,https://createmy-qr.com/fr/app-store-generateur-de-code-qr-gratuit-en-ligne,"Générateur de code QR Magasin d'applications - Gratuit et personnalisé | CreateMy-QR
Magasin d'applications - Générateur de Code QR Gratuit en Ligne - CreateMy-QR",text/html; charset=utf-8,false,200,0,0,"Convertissez vos données Magasin d'applications en un code QR personnalisé directement dans votre navigateur. 100 % traité hors ligne pour une confidentialité absolue. Gratuit, sans limites et hautement sécurisé.
Convertissez vos données Magasin d'applications en un code QR personnalisé directement dans votre navigateur. 100 % traité hors ligne pour une confidentialité absolue. Gratuit, sans limites et hautement sécurisé.",,,"212
212",2,true
21,https://createmy-qr.com/ms/lokasi-penjana-kod-qr-percuma-dalam-talian,"Penjana Kod QR Lokasi - Percuma & Tersuai | CreateMy-QR
Lokasi - Penjana Kod QR Percuma Dalam Talian - CreateMy-QR",text/html; charset=utf-8,false,200,0,0,"Tukar data Lokasi anda kepada kod QR tersuai terus dalam penyemak imbas anda. 100% diproses di luar talian untuk privasi mutlak. Percuma, tiada had dan sangat selamat.
Tukar data Lokasi anda kepada kod QR tersuai terus dalam penyemak imbas anda. 100% diproses di luar talian untuk privasi mutlak. Percuma, tiada had dan sangat selamat.",,,"167
167",2,true
21,https://createmy-qr.com/sv/handelse-gratis-qr-kod-generator-online,"Händelse QR Code Generator - Gratis & anpassad | CreateMy-QR
Händelse - Gratis QR-kod Generator Online - CreateMy-QR",text/html; charset=utf-8,false,200,0,0,"Konvertera dina Händelse-data till en anpassad QR-kod direkt i din webbläsare. 100 % bearbetad offline för absolut integritet. Gratis, inga gränser och mycket säker.
Konvertera dina Händelse-data till en anpassad QR-kod direkt i din webbläsare. 100 % bearbetad offline för absolut integritet. Gratis, inga gränser och mycket säker.",,,"165
165",2,true
21,https://createmy-qr.com/vi/youtube-tao-ma-qr-mien-phi-truc-tuyen,"Trình tạo mã QR YouTube - Miễn phí & Tùy chỉnh | CreateMy-QR
YouTube - Tạo Mã QR Miễn Phí Trực Tuyến - CreateMy-QR",text/html; charset=utf-8,false,200,0,0,"Chuyển đổi dữ liệu YouTube của bạn thành mã QR tùy chỉnh trực tiếp trong trình duyệt của bạn. 100% được xử lý ngoại tuyến để đảm bảo quyền riêng tư tuyệt đối. Miễn phí, không giới hạn và có tính bảo mật cao.
Chuyển đổi dữ liệu YouTube của bạn thành mã QR tùy chỉnh trực tiếp trong trình duyệt của bạn. 100% được xử lý ngoại tuyến để đảm bảo quyền riêng tư tuyệt đối. Miễn phí, không giới hạn và có tính bảo mật cao.",,,"207
207",2,true
21,https://createmy-qr.com/fi/vcard-ilmainen-qr-koodigeneraattori-netissa,"vCard QR-koodigeneraattori - ilmainen ja räätälöity | CreateMy-QR
vCard - Ilmainen QR-koodigeneraattori Netissä - CreateMy-QR",text/html; charset=utf-8,false,200,0,0,"Muunna vCard-tietosi mukautetuksi QR-koodiksi suoraan selaimessasi. 100 % käsitelty offline-tilassa täydellisen yksityisyyden takaamiseksi. Ilmainen, ei rajoituksia ja erittäin turvallinen.
Muunna vCard-tietosi mukautetuksi QR-koodiksi suoraan selaimessasi. 100 % käsitelty offline-tilassa täydellisen yksityisyyden takaamiseksi. Ilmainen, ei rajoituksia ja erittäin turvallinen.",,,"189
189",2,true
21,https://createmy-qr.com/vi/hinh-anh-tao-ma-qr-mien-phi-truc-tuyen,"Trình tạo mã QR Hình ảnh - Miễn phí & Tùy chỉnh | CreateMy-QR
Hình ảnh - Tạo Mã QR Miễn Phí Trực Tuyến - CreateMy-QR",text/html; charset=utf-8,false,200,0,0,"Chuyển đổi dữ liệu Hình ảnh của bạn thành mã QR tùy chỉnh trực tiếp trong trình duyệt của bạn. 100% được xử lý ngoại tuyến để đảm bảo quyền riêng tư tuyệt đối. Miễn phí, không giới hạn và có tính bảo mật cao.
Chuyển đổi dữ liệu Hình ảnh của bạn thành mã QR tùy chỉnh trực tiếp trong trình duyệt của bạn. 100% được xử lý ngoại tuyến để đảm bảo quyền riêng tư tuyệt đối. Miễn phí, không giới hạn và có tính bảo mật cao.",,,"208
208",2,true
21,https://createmy-qr.com/th/email-ekhruue-ngmuue-sraangkhiw-aarokhd-nailnfrii,"อีเมล เครื่องสร้างโค้ด QR - ฟรีและกำหนดเอง | CreateMy-QR
อีเมล - เครื่องมือสร้างคิวอาร์โค้ดออนไลน์ฟรี - CreateMy-QR",text/html; charset=utf-8,false,200,0,0,"แปลงข้อมูล อีเมล ของคุณให้เป็นโค้ด QR ที่กำหนดเองได้โดยตรงในเบราว์เซอร์ของคุณ ประมวลผลแบบออฟไลน์ 100% เพื่อความเป็นส่วนตัวอย่างแท้จริง ฟรี ไม่จำกัด และมีความปลอดภัยสูง
แปลงข้อมูล อีเมล ของคุณให้เป็นโค้ด QR ที่กำหนดเองได้โดยตรงในเบราว์เซอร์ของคุณ ประมวลผลแบบออฟไลน์ 100% เพื่อความเป็นส่วนตัวอย่างแท้จริง ฟรี ไม่จำกัด และมีความปลอดภัยสูง",,,"167
167",2,true
21,https://createmy-qr.com/nl/ondersteunde-talen,"Gratis QR Code Generator Online - CreateMy-QR (No Signup) | Ondersteunde talen
types.languages QR-codegenerator - gratis en aangepast | CreateMy-QR
Ondersteunde talen | CreateMy-QR",text/html; charset=utf-8,false,200,0,0,"Learn more about CreateMy-QR supported languages.
Converteer uw types.languages-gegevens rechtstreeks in uw browser naar een aangepaste QR-code. 100% offline verwerkt voor absolute privacy. Gratis, geen grenzen en zeer veilig.",,,"49
176",2,true
21,https://createmy-qr.com/fr/generateur-de-code-qr-gratuit-en-ligne-2,"Scanner de code QR gratuit en ligne - Scannez le QR instantanément
Générateur de code QR types.scanqr - Gratuit et personnalisé | CreateMy-QR
scanqr - Générateur de Code QR Gratuit en Ligne - CreateMy-QR",text/html; charset=utf-8,false,200,0,0,"Convertissez vos données scanqr en un code QR personnalisé directement dans votre navigateur. 100 % traité hors ligne pour une confidentialité absolue. Gratuit, sans limites et hautement sécurisé.
Convertissez vos données types.scanqr en un code QR personnalisé directement dans votre navigateur. 100 % traité hors ligne pour une confidentialité absolue. Gratuit, sans limites et hautement sécurisé.
Scannez instantanément les codes QR à l'aide de votre appareil photo ou en téléchargeant une image. Traitement 100 % sécurisé, privé et côté client.",,,"196
202
148",3,true
21,https://createmy-qr.com/fi/tiktok-ilmainen-qr-koodigeneraattori-netissa,"TikTok QR-koodigeneraattori - ilmainen ja räätälöity | CreateMy-QR
TikTok - Ilmainen QR-koodigeneraattori Netissä - CreateMy-QR",text/html; charset=utf-8,false,200,0,0,"Muunna TikTok-tietosi mukautetuksi QR-koodiksi suoraan selaimessasi. 100 % käsitelty offline-tilassa täydellisen yksityisyyden takaamiseksi. Ilmainen, ei rajoituksia ja erittäin turvallinen.
Muunna TikTok-tietosi mukautetuksi QR-koodiksi suoraan selaimessasi. 100 % käsitelty offline-tilassa täydellisen yksityisyyden takaamiseksi. Ilmainen, ei rajoituksia ja erittäin turvallinen.",,,"190
190",2,true
21,https://createmy-qr.com/uk/skaner-shtrih-kodiv-bezkoshtovniy-generator-qr-kodiv-onlayn,"Безкоштовний онлайн-сканер штрих-кодів - сканування UPC і EAN
Генератор QR-коду Сканер штрих-кодів – безкоштовний і користувацький | CreateMy-QR
Сканер штрих-кодів - Безкоштовний Генератор QR-кодів Онлайн - CreateMy-QR",text/html; charset=utf-8,false,200,0,0,"Перетворіть свої дані Сканер штрих-кодів на власний QR-код безпосередньо у своєму браузері. 100% обробка офлайн для повної конфіденційності. Безкоштовно, без обмежень і дуже безпечно.
Перетворіть свої дані Сканер штрих-кодів на власний QR-код безпосередньо у своєму браузері. 100% обробка офлайн для повної конфіденційності. Безкоштовно, без обмежень і дуже безпечно.
Скануйте штрих-коди онлайн безкоштовно за допомогою камери свого пристрою або завантажте зображення.Підтримує UPC, EAN, Code 128 тощо.100% конфіденційність і безпека.",,,"183
183
166",3,true
21,https://createmy-qr.com/hu/link-a-bioban-ingyenes-online-qr-kod-generator,"Link a Bioban QR-kód generátor - ingyenes és egyedi | CreateMy-QR
Link a Bioban - Ingyenes Online QR-kód Generátor - CreateMy-QR",text/html; charset=utf-8,false,200,0,0,"Alakítsa át Link a Bioban adatait egyéni QR-kóddá közvetlenül a böngészőjében. 100%-ban offline feldolgozva az abszolút adatvédelem érdekében. Ingyenes, korlátok nélkül és rendkívül biztonságos.
Alakítsa át Link a Bioban adatait egyéni QR-kóddá közvetlenül a böngészőjében. 100%-ban offline feldolgozva az abszolút adatvédelem érdekében. Ingyenes, korlátok nélkül és rendkívül biztonságos.",,,"194
194",2,true
21,https://createmy-qr.com/es/evento-generador-de-codigos-qr-gratis-online,"Generador de códigos QR Evento: gratuito y personalizado | CreateMy-QR
Evento - Generador de Códigos QR Gratis Online - CreateMy-QR",text/html; charset=utf-8,false,200,0,0,"Convierta sus datos de Evento en un código QR personalizado directamente en su navegador. 100% procesado fuera de línea para absoluta privacidad. Gratis, sin límites y muy seguro.
Convierta sus datos de Evento en un código QR personalizado directamente en su navegador. 100% procesado fuera de línea para absoluta privacidad. Gratis, sin límites y muy seguro.",,,"179
179",2,true
21,https://createmy-qr.com/no/x-twitter-gratis-qr-kode-generator-online,"X (Twitter) QR Code Generator - Gratis og tilpasset | CreateMy-QR
X (Twitter) - Gratis QR-kode Generator Online - CreateMy-QR",text/html; charset=utf-8,false,200,0,0,"Konverter X (Twitter)-dataene dine til en tilpasset QR-kode direkte i nettleseren din. 100 % behandlet offline for absolutt personvern. Gratis, ingen grenser og svært sikker.
Konverter X (Twitter)-dataene dine til en tilpasset QR-kode direkte i nettleseren din. 100 % behandlet offline for absolutt personvern. Gratis, ingen grenser og svært sikker.",,,"174
174",2,true
21,https://createmy-qr.com/ms/pautan-di-bio-penjana-kod-qr-percuma-dalam-talian,"Penjana Kod QR Pautan di Bio - Percuma & Tersuai | CreateMy-QR
Pautan di Bio - Penjana Kod QR Percuma Dalam Talian - CreateMy-QR",text/html; charset=utf-8,false,200,0,0,"Tukar data Pautan di Bio anda kepada kod QR tersuai terus dalam penyemak imbas anda. 100% diproses di luar talian untuk privasi mutlak. Percuma, tiada had dan sangat selamat.
Tukar data Pautan di Bio anda kepada kod QR tersuai terus dalam penyemak imbas anda. 100% diproses di luar talian untuk privasi mutlak. Percuma, tiada had dan sangat selamat.",,,"174
174",2,true
21,https://createmy-qr.com/tr/kullanim-durumlari,"Ücretsiz Çevrimiçi QR Kod Oluşturucu - CreateMy-QR (No Signup) | Kullanım Durumları
types.usecases QR Kod Oluşturucu - Ücretsiz ve Özel | CreateMy-QR
Kullanım Durumları | CreateMy-QR",text/html; charset=utf-8,false,200,0,0,"Learn more about CreateMy-QR use cases.
types.usecases verilerinizi doğrudan tarayıcınızda özel bir QR koduna dönüştürün. Mutlak gizlilik için %100 çevrimdışı işlenir. Ücretsiz, sınırsız ve son derece güvenli.",,,"39
169",2,true
21,https://createmy-qr.com/ru/raspolozhenie-besplatnyy-generator-qr-kodov-onlayn,"Расположение Генератор QR-кодов — бесплатный и настраиваемый | CreateMy-QR
Расположение - Бесплатный генератор QR-кодов онлайн - CreateMy-QR",text/html; charset=utf-8,false,200,0,0,"Преобразуйте данные Расположение в собственный QR-код прямо в браузере. 100% обработка в автономном режиме для абсолютной конфиденциальности. Бесплатно, без ограничений и очень безопасно.
Преобразуйте данные Расположение в собственный QR-код прямо в браузере. 100% обработка в автономном режиме для абсолютной конфиденциальности. Бесплатно, без ограничений и очень безопасно.",,,"187
187",2,true
21,https://createmy-qr.com/ro/telegram-generator-de-coduri-qr-gratuit-online,"Telegrama QR Code Generator - Gratuit și personalizat | CreateMy-QR
Telegrama - Generator de Coduri QR Gratuit Online - CreateMy-QR",text/html; charset=utf-8,false,200,0,0,"Transformați datele dvs. Telegrama într-un cod QR personalizat direct în browser. Procesat 100% offline pentru confidențialitate absolută. Gratuit, fără limite și foarte sigur.
Transformați datele dvs. Telegrama într-un cod QR personalizat direct în browser. Procesat 100% offline pentru confidențialitate absolută. Gratuit, fără limite și foarte sigur.",,,"176
176",2,true
21,https://createmy-qr.com/nl/google-forms-gratis-qr-code-generator-online,"Google-formulieren QR-codegenerator - gratis en aangepast | CreateMy-QR
Google-formulieren - Gratis QR Code Generator Online - CreateMy-QR",text/html; charset=utf-8,false,200,0,0,"Converteer uw Google-formulieren-gegevens rechtstreeks in uw browser naar een aangepaste QR-code. 100% offline verwerkt voor absolute privacy. Gratis, geen grenzen en zeer veilig.
Converteer uw Google-formulieren-gegevens rechtstreeks in uw browser naar een aangepaste QR-code. 100% offline verwerkt voor absolute privacy. Gratis, geen grenzen en zeer veilig.",,,"179
179",2,true
21,https://createmy-qr.com/ro/facebook-generator-de-coduri-qr-gratuit-online,"Facebook QR Code Generator - Gratuit și personalizat | CreateMy-QR
Facebook - Generator de Coduri QR Gratuit Online - CreateMy-QR",text/html; charset=utf-8,false,200,0,0,"Transformați datele dvs. Facebook într-un cod QR personalizat direct în browser. Procesat 100% offline pentru confidențialitate absolută. Gratuit, fără limite și foarte sigur.
Transformați datele dvs. Facebook într-un cod QR personalizat direct în browser. Procesat 100% offline pentru confidențialitate absolută. Gratuit, fără limite și foarte sigur.",,,"175
175",2,true
21,https://createmy-qr.com/ar/hlt-lstkhdm,"مولد رمز الاستجابة السريعة مجاني - CreateMy-QR (No Signup) | حالات الاستخدام
types.usecases QR Code Generator - مجاني ومخصص | CreateMy-QR
حالات الاستخدام | CreateMy-QR",text/html; charset=utf-8,false,200,0,0,"Learn more about CreateMy-QR use cases.
قم بتحويل بيانات types.usecases الخاصة بك إلى رمز QR مخصص مباشرةً في متصفحك. تمت معالجتها بنسبة 100% دون الاتصال بالإنترنت لتوفير الخصوصية المطلقة. مجاني، بلا حدود، وآمن للغاية.",,,"39
177",2,true
21,https://createmy-qr.com/ro/instrumente-de-comparare,"Generator de Coduri QR Gratuit Online - CreateMy-QR (No Signup) | Instrumente de comparare
types.compare QR Code Generator - Gratuit și personalizat | CreateMy-QR
Instrumente de comparare | CreateMy-QR",text/html; charset=utf-8,false,200,0,0,"Learn more about CreateMy-QR compare tools.
Transformați datele dvs. types.compare într-un cod QR personalizat direct în browser. Procesat 100% offline pentru confidențialitate absolută. Gratuit, fără limite și foarte sigur.",,,"43
180",2,true
21,https://createmy-qr.com/nl/google-review-gratis-qr-code-generator-online,"Google-recensie QR-codegenerator - gratis en aangepast | CreateMy-QR
Google-recensie - Gratis QR Code Generator Online - CreateMy-QR",text/html; charset=utf-8,false,200,0,0,"Converteer uw Google-recensie-gegevens rechtstreeks in uw browser naar een aangepaste QR-code. 100% offline verwerkt voor absolute privacy. Gratis, geen grenzen en zeer veilig.
Converteer uw Google-recensie-gegevens rechtstreeks in uw browser naar een aangepaste QR-code. 100% offline verwerkt voor absolute privacy. Gratis, geen grenzen en zeer veilig.",,,"176
176",2,true
21,https://createmy-qr.com/sv/url-link-gratis-qr-kod-generator-online,"Gratis QR-kod Generator Online - CreateMy-QR (No Signup) | CreateMy-QR
Gratis QR-kod Generator Online - CreateMy-QR (No Signup)",text/html; charset=utf-8,false,200,0,0,"Skapa QR-koder med Logotyp & Färg - Utan Registrering, Obegränsat. 100% privacy-safe, client-side generation without signup. Try CreateMy-QR today.
Konvertera dina URL/länk-data till en anpassad QR-kod direkt i din webbläsare. 100 % bearbetad offline för absolut integritet. Gratis, inga gränser och mycket säker.",,,"147
165",2,true
21,https://createmy-qr.com/cs/skener-carovych-kodu-zdarma-online-generator-qr-kodu,"Bezplatný skener čárových kódů online – skenování UPC a EAN
Skener čárových kódů generátor QR kódu – zdarma a na míru | CreateMy-QR
Skener čárových kódů - Zdarma Online Generátor QR Kódů - CreateMy-QR",text/html; charset=utf-8,false,200,0,0,"Převeďte svá data Skener čárových kódů na vlastní QR kód přímo ve vašem prohlížeči. 100% zpracováno offline pro absolutní soukromí. Zdarma, bez omezení a vysoce bezpečné.
Převeďte svá data Skener čárových kódů na vlastní QR kód přímo ve vašem prohlížeči. 100% zpracováno offline pro absolutní soukromí. Zdarma, bez omezení a vysoce bezpečné.
Naskenujte čárové kódy online zdarma pomocí fotoaparátu vašeho zařízení nebo nahrajte obrázek.Podporuje UPC, EAN, Code 128 a další.100% soukromé a bezpečné.",,,"170
170
156",3,true
21,https://createmy-qr.com/fr/video-generateur-de-code-qr-gratuit-en-ligne,"Générateur de code QR Vidéo - Gratuit et personnalisé | CreateMy-QR
Vidéo - Générateur de Code QR Gratuit en Ligne - CreateMy-QR",text/html; charset=utf-8,false,200,0,0,"Convertissez vos données Vidéo en un code QR personnalisé directement dans votre navigateur. 100 % traité hors ligne pour une confidentialité absolue. Gratuit, sans limites et hautement sécurisé.
Convertissez vos données Vidéo en un code QR personnalisé directement dans votre navigateur. 100 % traité hors ligne pour une confidentialité absolue. Gratuit, sans limites et hautement sécurisé.",,,"195
195",2,true
21,https://createmy-qr.com/th/x-thwitet-r-ekhruue-ngmuue-sraangkhiw-aarokhd-nailnfrii,"X (ทวิตเตอร์) เครื่องสร้างโค้ด QR - ฟรีและกำหนดเอง | CreateMy-QR
X (ทวิตเตอร์) - เครื่องมือสร้างคิวอาร์โค้ดออนไลน์ฟรี - CreateMy-QR",text/html; charset=utf-8,false,200,0,0,"แปลงข้อมูล X (ทวิตเตอร์) ของคุณให้เป็นโค้ด QR ที่กำหนดเองได้โดยตรงในเบราว์เซอร์ของคุณ ประมวลผลแบบออฟไลน์ 100% เพื่อความเป็นส่วนตัวอย่างแท้จริง ฟรี ไม่จำกัด และมีความปลอดภัยสูง
แปลงข้อมูล X (ทวิตเตอร์) ของคุณให้เป็นโค้ด QR ที่กำหนดเองได้โดยตรงในเบราว์เซอร์ของคุณ ประมวลผลแบบออฟไลน์ 100% เพื่อความเป็นส่วนตัวอย่างแท้จริง ฟรี ไม่จำกัด และมีความปลอดภัยสูง",,,"175
175",2,true
21,https://createmy-qr.com/el/google-review-dorean-dimioyrgia-qr-code-online,"Αναθεώρηση Google QR Code Generator - Δωρεάν & Προσαρμοσμένο | CreateMy-QR
Αναθεώρηση Google - Δωρεάν Δημιουργία QR Code Online - CreateMy-QR",text/html; charset=utf-8,false,200,0,0,"Μετατρέψτε τα δεδομένα σας Αναθεώρηση Google σε προσαρμοσμένο κωδικό QR απευθείας στο πρόγραμμα περιήγησής σας. 100% επεξεργασία εκτός σύνδεσης για απόλυτη προστασία της ιδιωτικής ζωής. Δωρεάν, χωρίς όρια και εξαιρετικά ασφαλές.
Μετατρέψτε τα δεδομένα σας Αναθεώρηση Google σε προσαρμοσμένο κωδικό QR απευθείας στο πρόγραμμα περιήγησής σας. 100% επεξεργασία εκτός σύνδεσης για απόλυτη προστασία της ιδιωτικής ζωής. Δωρεάν, χωρίς όρια και εξαιρετικά ασφαλές.",,,"228
228",2,true
21,https://createmy-qr.com/ru/sravnit-instrumenty,"Бесплатный генератор QR-кодов онлайн - CreateMy-QR (No Signup) | Сравнить инструменты
types.compare Генератор QR-кодов — бесплатный и настраиваемый | CreateMy-QR
Сравнить инструменты | CreateMy-QR",text/html; charset=utf-8,false,200,0,0,"Learn more about CreateMy-QR compare tools.
Преобразуйте данные types.compare в собственный QR-код прямо в браузере. 100% обработка в автономном режиме для абсолютной конфиденциальности. Бесплатно, без ограничений и очень безопасно.",,,"43
188",2,true
21,https://createmy-qr.com/pl/darmowy-generator-kodow-qr-online,"Darmowy generator kodów kreskowych online — twórz kody kreskowe 1D
Generator kodów QR types.barcode — bezpłatny i niestandardowy | CreateMy-QR
barcode - Darmowy Generator Kodów QR Online - CreateMy-QR",text/html; charset=utf-8,false,200,0,0,"Konwertuj dane barcode na niestandardowy kod QR bezpośrednio w przeglądarce. 100% przetwarzane w trybie offline, aby zapewnić całkowitą prywatność. Bezpłatnie, bez ograniczeń i bardzo bezpiecznie.
Konwertuj dane types.barcode na niestandardowy kod QR bezpośrednio w przeglądarce. 100% przetwarzane w trybie offline, aby zapewnić całkowitą prywatność. Bezpłatnie, bez ograniczeń i bardzo bezpiecznie.
Błyskawicznie generuj profesjonalne kody kreskowe 1D. Obsługa Code-128, UPC, EAN, ITF-14 i innych. Bezpłatny, bezpieczny i gotowy do pobrania w formacie PNG o wysokiej rozdzielczości.",,,"196
202
183",3,true
21,https://createmy-qr.com/el/youtube-dorean-dimioyrgia-qr-code-online,"YouTube QR Code Generator - Δωρεάν & Προσαρμοσμένο | CreateMy-QR
YouTube - Δωρεάν Δημιουργία QR Code Online - CreateMy-QR",text/html; charset=utf-8,false,200,0,0,"Μετατρέψτε τα δεδομένα σας YouTube σε προσαρμοσμένο κωδικό QR απευθείας στο πρόγραμμα περιήγησής σας. 100% επεξεργασία εκτός σύνδεσης για απόλυτη προστασία της ιδιωτικής ζωής. Δωρεάν, χωρίς όρια και εξαιρετικά ασφαλές.
Μετατρέψτε τα δεδομένα σας YouTube σε προσαρμοσμένο κωδικό QR απευθείας στο πρόγραμμα περιήγησής σας. 100% επεξεργασία εκτός σύνδεσης για απόλυτη προστασία της ιδιωτικής ζωής. Δωρεάν, χωρίς όρια και εξαιρετικά ασφαλές.",,,"218
218",2,true
21,https://createmy-qr.com/sv/tiktok-gratis-qr-kod-generator-online,"TikTok QR Code Generator - Gratis & anpassad | CreateMy-QR
TikTok - Gratis QR-kod Generator Online - CreateMy-QR",text/html; charset=utf-8,false,200,0,0,"Konvertera dina TikTok-data till en anpassad QR-kod direkt i din webbläsare. 100 % bearbetad offline för absolut integritet. Gratis, inga gränser och mycket säker.
Konvertera dina TikTok-data till en anpassad QR-kod direkt i din webbläsare. 100 % bearbetad offline för absolut integritet. Gratis, inga gränser och mycket säker.",,,"163
163",2,true
21,https://createmy-qr.com/fr/url-link-generateur-de-code-qr-gratuit-en-ligne,"Générateur de Code QR Gratuit en Ligne - CreateMy-QR (No Signup) | CreateMy-QR
Générateur de Code QR Gratuit en Ligne - CreateMy-QR (No Signup)",text/html; charset=utf-8,false,200,0,0,"Créez des codes QR avec logo et couleur - Sans inscription, Illimité. 100% privacy-safe, client-side generation without signup. Try CreateMy-QR today.
Convertissez vos données URL/Lien en un code QR personnalisé directement dans votre navigateur. 100 % traité hors ligne pour une confidentialité absolue. Gratuit, sans limites et hautement sécurisé.",,,"150
198",2,true
21,https://createmy-qr.com/tr/telefon-ucretsiz-cevrimici-qr-kod-olusturucu,"Telefon QR Kod Oluşturucu - Ücretsiz ve Özel | CreateMy-QR
Telefon - Ücretsiz Çevrimiçi QR Kod Oluşturucu - CreateMy-QR",text/html; charset=utf-8,false,200,0,0,"Telefon verilerinizi doğrudan tarayıcınızda özel bir QR koduna dönüştürün. Mutlak gizlilik için %100 çevrimdışı işlenir. Ücretsiz, sınırsız ve son derece güvenli.
Telefon verilerinizi doğrudan tarayıcınızda özel bir QR koduna dönüştürün. Mutlak gizlilik için %100 çevrimdışı işlenir. Ücretsiz, sınırsız ve son derece güvenli.",,,"162
162",2,true
21,https://createmy-qr.com/hu/whatsapp-ingyenes-online-qr-kod-generator,"WhatsApp QR-kód generátor - ingyenes és egyedi | CreateMy-QR
WhatsApp - Ingyenes Online QR-kód Generátor - CreateMy-QR",text/html; charset=utf-8,false,200,0,0,"Alakítsa át WhatsApp adatait egyéni QR-kóddá közvetlenül a böngészőjében. 100%-ban offline feldolgozva az abszolút adatvédelem érdekében. Ingyenes, korlátok nélkül és rendkívül biztonságos.
Alakítsa át WhatsApp adatait egyéni QR-kóddá közvetlenül a böngészőjében. 100%-ban offline feldolgozva az abszolút adatvédelem érdekében. Ingyenes, korlátok nélkül és rendkívül biztonságos.",,,"189
189",2,true
21,https://createmy-qr.com/it/facebook-generatore-di-codici-qr-gratis-online,"Generatore di codici QR Facebook - Gratuito e personalizzato | CreateMy-QR
Facebook - Generatore di Codici QR Gratis Online - CreateMy-QR",text/html; charset=utf-8,false,200,0,0,"Converti i tuoi dati Facebook in un codice QR personalizzato direttamente nel tuo browser. Elaborato offline al 100% per una privacy assoluta. Gratuito, senza limiti e altamente sicuro.
Converti i tuoi dati Facebook in un codice QR personalizzato direttamente nel tuo browser. Elaborato offline al 100% per una privacy assoluta. Gratuito, senza limiti e altamente sicuro.",,,"185
185",2,true
21,https://createmy-qr.com/pt/venmo-gerador-de-codigo-qr-gratis-online,"Gerador de código QR Venmo - gratuito e personalizado | CreateMy-QR
Venmo - Gerador de Código QR Grátis Online - CreateMy-QR",text/html; charset=utf-8,false,200,0,0,"Converta seus dados do Venmo em um código QR personalizado diretamente no seu navegador. 100% processado offline para privacidade absoluta. Gratuito, sem limites e altamente seguro.
Converta seus dados do Venmo em um código QR personalizado diretamente no seu navegador. 100% processado offline para privacidade absoluta. Gratuito, sem limites e altamente seguro.",,,"181
181",2,true
21,https://createmy-qr.com/ru/telefon-besplatnyy-generator-qr-kodov-onlayn,"Телефон Генератор QR-кодов — бесплатный и настраиваемый | CreateMy-QR
Телефон - Бесплатный генератор QR-кодов онлайн - CreateMy-QR",text/html; charset=utf-8,false,200,0,0,"Преобразуйте данные Телефон в собственный QR-код прямо в браузере. 100% обработка в автономном режиме для абсолютной конфиденциальности. Бесплатно, без ограничений и очень безопасно.
Преобразуйте данные Телефон в собственный QR-код прямо в браузере. 100% обработка в автономном режиме для абсолютной конфиденциальности. Бесплатно, без ограничений и очень безопасно.",,,"182
182",2,true
21,https://createmy-qr.com/hu/fajl-ingyenes-online-qr-kod-generator,"Fájl QR-kód generátor - ingyenes és egyedi | CreateMy-QR
Fájl - Ingyenes Online QR-kód Generátor - CreateMy-QR",text/html; charset=utf-8,false,200,0,0,"Alakítsa át Fájl adatait egyéni QR-kóddá közvetlenül a böngészőjében. 100%-ban offline feldolgozva az abszolút adatvédelem érdekében. Ingyenes, korlátok nélkül és rendkívül biztonságos.
Alakítsa át Fájl adatait egyéni QR-kóddá közvetlenül a böngészőjében. 100%-ban offline feldolgozva az abszolút adatvédelem érdekében. Ingyenes, korlátok nélkül és rendkívül biztonságos.",,,"185
185",2,true
21,https://createmy-qr.com/hu/kep-ingyenes-online-qr-kod-generator,"Kép QR-kód generátor - ingyenes és egyedi | CreateMy-QR
Kép - Ingyenes Online QR-kód Generátor - CreateMy-QR",text/html; charset=utf-8,false,200,0,0,"Alakítsa át Kép adatait egyéni QR-kóddá közvetlenül a böngészőjében. 100%-ban offline feldolgozva az abszolút adatvédelem érdekében. Ingyenes, korlátok nélkül és rendkívül biztonságos.
Alakítsa át Kép adatait egyéni QR-kóddá közvetlenül a böngészőjében. 100%-ban offline feldolgozva az abszolút adatvédelem érdekében. Ingyenes, korlátok nélkül és rendkívül biztonságos.",,,"184
184",2,true
21,https://createmy-qr.com/ms/100-harga-percuma,"Penjana Kod QR Percuma Dalam Talian - CreateMy-QR (No Signup) | 100% Harga Percuma
Penjana Kod QR types.pricing - Percuma & Tersuai | CreateMy-QR
100% Harga Percuma | CreateMy-QR",text/html; charset=utf-8,false,200,0,0,"Learn more about CreateMy-QR 100% free pricing.
Tukar data types.pricing anda kepada kod QR tersuai terus dalam penyemak imbas anda. 100% diproses di luar talian untuk privasi mutlak. Percuma, tiada had dan sangat selamat.",,,"47
174",2,true
21,https://createmy-qr.com/el/whatsapp-dorean-dimioyrgia-qr-code-online,"WhatsApp QR Code Generator - Δωρεάν & Προσαρμοσμένο | CreateMy-QR
WhatsApp - Δωρεάν Δημιουργία QR Code Online - CreateMy-QR",text/html; charset=utf-8,false,200,0,0,"Μετατρέψτε τα δεδομένα σας WhatsApp σε προσαρμοσμένο κωδικό QR απευθείας στο πρόγραμμα περιήγησής σας. 100% επεξεργασία εκτός σύνδεσης για απόλυτη προστασία της ιδιωτικής ζωής. Δωρεάν, χωρίς όρια και εξαιρετικά ασφαλές.
Μετατρέψτε τα δεδομένα σας WhatsApp σε προσαρμοσμένο κωδικό QR απευθείας στο πρόγραμμα περιήγησής σας. 100% επεξεργασία εκτός σύνδεσης για απόλυτη προστασία της ιδιωτικής ζωής. Δωρεάν, χωρίς όρια και εξαιρετικά ασφαλές.",,,"219
219",2,true
21,https://createmy-qr.com/ru/,"CreateMy-QR | Все Инструменты QR и Штрихкодов в Одном Месте
CreateMy-QR | Все Инструменты QR и Штрихкодов в Одном Месте
home - Бесплатный генератор QR-кодов онлайн - CreateMy-QR",text/html; charset=utf-8,false,200,0,1,"Преобразуйте данные home в собственный QR-код прямо в браузере. 100% обработка в автономном режиме для абсолютной конфиденциальности. Бесплатно, без ограничений и очень безопасно.
Создавайте 37 типов QR-кодов и штрихкодов бесплатно. Без регистрации. Мгновенная загрузка. 100% на стороне клиента, соответствие ISO/IEC 18004, на 30 языках.
Создавайте 37 типов QR-кодов и штрихкодов бесплатно. Без регистрации. Мгновенная загрузка. 100% на стороне клиента, соответствие ISO/IEC 18004, на 30 языках.",,,"179
157
157",3,true
21,https://createmy-qr.com/nl/locatie-gratis-qr-code-generator-online,"Locatie QR-codegenerator - gratis en aangepast | CreateMy-QR
Locatie - Gratis QR Code Generator Online - CreateMy-QR",text/html; charset=utf-8,false,200,0,0,"Converteer uw Locatie-gegevens rechtstreeks in uw browser naar een aangepaste QR-code. 100% offline verwerkt voor absolute privacy. Gratis, geen grenzen en zeer veilig.
Converteer uw Locatie-gegevens rechtstreeks in uw browser naar een aangepaste QR-code. 100% offline verwerkt voor absolute privacy. Gratis, geen grenzen en zeer veilig.",,,"168
168",2,true
21,https://createmy-qr.com/el/telegram-dorean-dimioyrgia-qr-code-online,"Τηλεγράφημα QR Code Generator - Δωρεάν & Προσαρμοσμένο | CreateMy-QR
Τηλεγράφημα - Δωρεάν Δημιουργία QR Code Online - CreateMy-QR",text/html; charset=utf-8,false,200,0,0,"Μετατρέψτε τα δεδομένα σας Τηλεγράφημα σε προσαρμοσμένο κωδικό QR απευθείας στο πρόγραμμα περιήγησής σας. 100% επεξεργασία εκτός σύνδεσης για απόλυτη προστασία της ιδιωτικής ζωής. Δωρεάν, χωρίς όρια και εξαιρετικά ασφαλές.
Μετατρέψτε τα δεδομένα σας Τηλεγράφημα σε προσαρμοσμένο κωδικό QR απευθείας στο πρόγραμμα περιήγησής σας. 100% επεξεργασία εκτός σύνδεσης για απόλυτη προστασία της ιδιωτικής ζωής. Δωρεάν, χωρίς όρια και εξαιρετικά ασφαλές.",,,"222
222",2,true
21,https://createmy-qr.com/fi/viivakoodinlukija-ilmainen-qr-koodigeneraattori-netissa,"Ilmainen viivakoodilukija verkossa - Skannaa UPC & EAN
Viivakoodinlukija QR-koodigeneraattori - ilmainen ja räätälöity | CreateMy-QR
Viivakoodinlukija - Ilmainen QR-koodigeneraattori Netissä - CreateMy-QR",text/html; charset=utf-8,false,200,0,0,"Muunna Viivakoodinlukija-tietosi mukautetuksi QR-koodiksi suoraan selaimessasi. 100 % käsitelty offline-tilassa täydellisen yksityisyyden takaamiseksi. Ilmainen, ei rajoituksia ja erittäin turvallinen.
Muunna Viivakoodinlukija-tietosi mukautetuksi QR-koodiksi suoraan selaimessasi. 100 % käsitelty offline-tilassa täydellisen yksityisyyden takaamiseksi. Ilmainen, ei rajoituksia ja erittäin turvallinen.
Skannaa viivakoodeja verkossa ilmaiseksi laitteesi kameralla tai lataa kuva.Tukee UPC-, EAN-, Code 128- ja muita koodeja.100% yksityinen ja turvallinen.",,,"201
201
152",3,true
21,https://createmy-qr.com/hi/ph-aail-muph-t-onnlaain-kyuuaar-kodd-jnrettr,"फ़ाइल QR कोड जेनरेटर - मुफ़्त और कस्टम | CreateMy-QR
फ़ाइल - मुफ़्त ऑनलाइन क्यूआर कोड जनरेटर - CreateMy-QR",text/html; charset=utf-8,false,200,0,0,"अपने फ़ाइल डेटा को सीधे अपने ब्राउज़र में एक कस्टम क्यूआर कोड में बदलें। पूर्ण गोपनीयता के लिए 100% ऑफ़लाइन संसाधित। निःशुल्क, कोई सीमा नहीं, और अत्यधिक सुरक्षित।
अपने फ़ाइल डेटा को सीधे अपने ब्राउज़र में एक कस्टम क्यूआर कोड में बदलें। पूर्ण गोपनीयता के लिए 100% ऑफ़लाइन संसाधित। निःशुल्क, कोई सीमा नहीं, और अत्यधिक सुरक्षित।",,,"162
162",2,true
21,https://createmy-qr.com/tl/spotify-libreng-online-qr-code-generator,"Spotify QR Code Generator - Libre at Custom | CreateMy-QR
Spotify - Libreng Online QR Code Generator - CreateMy-QR",text/html; charset=utf-8,false,200,0,0,"I-convert ang iyong Spotify data sa isang custom na QR code nang direkta sa iyong browser. 100% na naproseso offline para sa ganap na privacy. Libre, walang limitasyon, at lubos na secure.
I-convert ang iyong Spotify data sa isang custom na QR code nang direkta sa iyong browser. 100% na naproseso offline para sa ganap na privacy. Libre, walang limitasyon, at lubos na secure.",,,"188
188",2,true
21,https://createmy-qr.com/el/kratisi-dorean-dimioyrgia-qr-code-online,"Κράτηση QR Code Generator - Δωρεάν & Προσαρμοσμένο | CreateMy-QR
Κράτηση - Δωρεάν Δημιουργία QR Code Online - CreateMy-QR",text/html; charset=utf-8,false,200,0,0,"Μετατρέψτε τα δεδομένα σας Κράτηση σε προσαρμοσμένο κωδικό QR απευθείας στο πρόγραμμα περιήγησής σας. 100% επεξεργασία εκτός σύνδεσης για απόλυτη προστασία της ιδιωτικής ζωής. Δωρεάν, χωρίς όρια και εξαιρετικά ασφαλές.
Μετατρέψτε τα δεδομένα σας Κράτηση σε προσαρμοσμένο κωδικό QR απευθείας στο πρόγραμμα περιήγησής σας. 100% επεξεργασία εκτός σύνδεσης για απόλυτη προστασία της ιδιωτικής ζωής. Δωρεάν, χωρίς όρια και εξαιρετικά ασφαλές.",,,"218
218",2,true
21,https://createmy-qr.com/fi/snapchat-ilmainen-qr-koodigeneraattori-netissa,"Snapchat QR-koodigeneraattori - ilmainen ja räätälöity | CreateMy-QR
Snapchat - Ilmainen QR-koodigeneraattori Netissä - CreateMy-QR",text/html; charset=utf-8,false,200,0,0,"Muunna Snapchat-tietosi mukautetuksi QR-koodiksi suoraan selaimessasi. 100 % käsitelty offline-tilassa täydellisen yksityisyyden takaamiseksi. Ilmainen, ei rajoituksia ja erittäin turvallinen.
Muunna Snapchat-tietosi mukautetuksi QR-koodiksi suoraan selaimessasi. 100 % käsitelty offline-tilassa täydellisen yksityisyyden takaamiseksi. Ilmainen, ei rajoituksia ja erittäin turvallinen.",,,"192
192",2,true
21,https://createmy-qr.com/ro/spotify-generator-de-coduri-qr-gratuit-online,"Spotify QR Code Generator - Gratuit și personalizat | CreateMy-QR
Spotify - Generator de Coduri QR Gratuit Online - CreateMy-QR",text/html; charset=utf-8,false,200,0,0,"Transformați datele dvs. Spotify într-un cod QR personalizat direct în browser. Procesat 100% offline pentru confidențialitate absolută. Gratuit, fără limite și foarte sigur.
Transformați datele dvs. Spotify într-un cod QR personalizat direct în browser. Procesat 100% offline pentru confidențialitate absolută. Gratuit, fără limite și foarte sigur.",,,"174
174",2,true
21,https://createmy-qr.com/ms/facebook-penjana-kod-qr-percuma-dalam-talian,"Penjana Kod QR Facebook - Percuma & Tersuai | CreateMy-QR
Facebook - Penjana Kod QR Percuma Dalam Talian - CreateMy-QR",text/html; charset=utf-8,false,200,0,0,"Tukar data Facebook anda kepada kod QR tersuai terus dalam penyemak imbas anda. 100% diproses di luar talian untuk privasi mutlak. Percuma, tiada had dan sangat selamat.
Tukar data Facebook anda kepada kod QR tersuai terus dalam penyemak imbas anda. 100% diproses di luar talian untuk privasi mutlak. Percuma, tiada had dan sangat selamat.",,,"169
169",2,true
21,https://createmy-qr.com/ms/pdf-penjana-kod-qr-percuma-dalam-talian,"Penjana Kod QR PDF - Percuma & Tersuai | CreateMy-QR
PDF - Penjana Kod QR Percuma Dalam Talian - CreateMy-QR",text/html; charset=utf-8,false,200,0,0,"Tukar data PDF anda kepada kod QR tersuai terus dalam penyemak imbas anda. 100% diproses di luar talian untuk privasi mutlak. Percuma, tiada had dan sangat selamat.
Tukar data PDF anda kepada kod QR tersuai terus dalam penyemak imbas anda. 100% diproses di luar talian untuk privasi mutlak. Percuma, tiada had dan sangat selamat.",,,"164
164",2,true
21,https://createmy-qr.com/hi/amazon-muph-t-onnlaain-kyuuaar-kodd-jnrettr,"अमेज़न QR कोड जेनरेटर - मुफ़्त और कस्टम | CreateMy-QR
अमेज़न - मुफ़्त ऑनलाइन क्यूआर कोड जनरेटर - CreateMy-QR",text/html; charset=utf-8,false,200,0,0,"अपने अमेज़न डेटा को सीधे अपने ब्राउज़र में एक कस्टम क्यूआर कोड में बदलें। पूर्ण गोपनीयता के लिए 100% ऑफ़लाइन संसाधित। निःशुल्क, कोई सीमा नहीं, और अत्यधिक सुरक्षित।
अपने अमेज़न डेटा को सीधे अपने ब्राउज़र में एक कस्टम क्यूआर कोड में बदलें। पूर्ण गोपनीयता के लिए 100% ऑफ़लाइन संसाधित। निःशुल्क, कोई सीमा नहीं, और अत्यधिक सुरक्षित।",,,"163
163",2,true
21,https://createmy-qr.com/de/discord-kostenloser-qr-code-generator-online,"Zwietracht QR-Code-Generator – kostenlos und benutzerdefiniert | CreateMy-QR
Zwietracht - Kostenloser QR-Code Generator Online - CreateMy-QR",text/html; charset=utf-8,false,200,0,0,"Wandeln Sie Ihre Zwietracht-Daten direkt in Ihrem Browser in einen benutzerdefinierten QR-Code um. 100 % offline verarbeitet für absolute Privatsphäre. Kostenlos, ohne Grenzen und äußerst sicher.
Wandeln Sie Ihre Zwietracht-Daten direkt in Ihrem Browser in einen benutzerdefinierten QR-Code um. 100 % offline verarbeitet für absolute Privatsphäre. Kostenlos, ohne Grenzen und äußerst sicher.",,,"195
195",2,true
21,https://createmy-qr.com/ms/seni-bina-keselamatan,"Penjana Kod QR Percuma Dalam Talian - CreateMy-QR (No Signup) | Seni Bina Keselamatan
Penjana Kod QR types.security - Percuma & Tersuai | CreateMy-QR
Seni Bina Keselamatan | CreateMy-QR",text/html; charset=utf-8,false,200,0,0,"Learn more about CreateMy-QR security architecture.
Tukar data types.security anda kepada kod QR tersuai terus dalam penyemak imbas anda. 100% diproses di luar talian untuk privasi mutlak. Percuma, tiada had dan sangat selamat.",,,"51
175",2,true
21,https://createmy-qr.com/no/video-gratis-qr-kode-generator-online,"Video QR Code Generator - Gratis og tilpasset | CreateMy-QR
Video - Gratis QR-kode Generator Online - CreateMy-QR",text/html; charset=utf-8,false,200,0,0,"Konverter Video-dataene dine til en tilpasset QR-kode direkte i nettleseren din. 100 % behandlet offline for absolutt personvern. Gratis, ingen grenser og svært sikker.
Konverter Video-dataene dine til en tilpasset QR-kode direkte i nettleseren din. 100 % behandlet offline for absolutt personvern. Gratis, ingen grenser og svært sikker.",,,"168
168",2,true
21,https://createmy-qr.com/de/tiktok-kostenloser-qr-code-generator-online,"TikTok QR-Code-Generator – kostenlos und benutzerdefiniert | CreateMy-QR
TikTok - Kostenloser QR-Code Generator Online - CreateMy-QR",text/html; charset=utf-8,false,200,0,0,"Wandeln Sie Ihre TikTok-Daten direkt in Ihrem Browser in einen benutzerdefinierten QR-Code um. 100 % offline verarbeitet für absolute Privatsphäre. Kostenlos, ohne Grenzen und äußerst sicher.
Wandeln Sie Ihre TikTok-Daten direkt in Ihrem Browser in einen benutzerdefinierten QR-Code um. 100 % offline verarbeitet für absolute Privatsphäre. Kostenlos, ohne Grenzen und äußerst sicher.",,,"191
191",2,true
21,https://createmy-qr.com/ms/mengenai-kami,"Penjana Kod QR Percuma Dalam Talian - CreateMy-QR (No Signup) | Mengenai Kami
Penjana Kod QR types.about - Percuma & Tersuai | CreateMy-QR
Mengenai Kami | CreateMy-QR",text/html; charset=utf-8,false,200,0,0,"Learn more about CreateMy-QR about us.
Tukar data types.about anda kepada kod QR tersuai terus dalam penyemak imbas anda. 100% diproses di luar talian untuk privasi mutlak. Percuma, tiada had dan sangat selamat.",,,"38
172",2,true
21,https://createmy-qr.com/pt/telegram-gerador-de-codigo-qr-gratis-online,"Gerador de código QR Telegrama - gratuito e personalizado | CreateMy-QR
Telegrama - Gerador de Código QR Grátis Online - CreateMy-QR",text/html; charset=utf-8,false,200,0,0,"Converta seus dados do Telegrama em um código QR personalizado diretamente no seu navegador. 100% processado offline para privacidade absoluta. Gratuito, sem limites e altamente seguro.
Converta seus dados do Telegrama em um código QR personalizado diretamente no seu navegador. 100% processado offline para privacidade absoluta. Gratuito, sem limites e altamente seguro.",,,"185
185",2,true
21,https://createmy-qr.com/el/instagram-dorean-dimioyrgia-qr-code-online,"Instagram QR Code Generator - Δωρεάν & Προσαρμοσμένο | CreateMy-QR
Instagram - Δωρεάν Δημιουργία QR Code Online - CreateMy-QR",text/html; charset=utf-8,false,200,0,0,"Μετατρέψτε τα δεδομένα σας Instagram σε προσαρμοσμένο κωδικό QR απευθείας στο πρόγραμμα περιήγησής σας. 100% επεξεργασία εκτός σύνδεσης για απόλυτη προστασία της ιδιωτικής ζωής. Δωρεάν, χωρίς όρια και εξαιρετικά ασφαλές.
Μετατρέψτε τα δεδομένα σας Instagram σε προσαρμοσμένο κωδικό QR απευθείας στο πρόγραμμα περιήγησής σας. 100% επεξεργασία εκτός σύνδεσης για απόλυτη προστασία της ιδιωτικής ζωής. Δωρεάν, χωρίς όρια και εξαιρετικά ασφαλές.",,,"220
220",2,true
21,https://createmy-qr.com/ro/cazuri-de-utilizare,"Generator de Coduri QR Gratuit Online - CreateMy-QR (No Signup) | Cazuri de utilizare
types.usecases QR Code Generator - Gratuit și personalizat | CreateMy-QR
Cazuri de utilizare | CreateMy-QR",text/html; charset=utf-8,false,200,0,0,"Learn more about CreateMy-QR use cases.
Transformați datele dvs. types.usecases într-un cod QR personalizat direct în browser. Procesat 100% offline pentru confidențialitate absolută. Gratuit, fără limite și foarte sigur.",,,"39
181",2,true
21,https://createmy-qr.com/hu/youtube-ingyenes-online-qr-kod-generator,"YouTube QR-kód generátor - ingyenes és egyedi | CreateMy-QR
YouTube - Ingyenes Online QR-kód Generátor - CreateMy-QR",text/html; charset=utf-8,false,200,0,0,"Alakítsa át YouTube adatait egyéni QR-kóddá közvetlenül a böngészőjében. 100%-ban offline feldolgozva az abszolút adatvédelem érdekében. Ingyenes, korlátok nélkül és rendkívül biztonságos.
Alakítsa át YouTube adatait egyéni QR-kóddá közvetlenül a böngészőjében. 100%-ban offline feldolgozva az abszolút adatvédelem érdekében. Ingyenes, korlátok nélkül és rendkívül biztonságos.",,,"188
188",2,true
21,https://createmy-qr.com/no/paypal-gratis-qr-kode-generator-online,"PayPal QR Code Generator - Gratis og tilpasset | CreateMy-QR
PayPal - Gratis QR-kode Generator Online - CreateMy-QR",text/html; charset=utf-8,false,200,0,0,"Konverter PayPal-dataene dine til en tilpasset QR-kode direkte i nettleseren din. 100 % behandlet offline for absolutt personvern. Gratis, ingen grenser og svært sikker.
Konverter PayPal-dataene dine til en tilpasset QR-kode direkte i nettleseren din. 100 % behandlet offline for absolutt personvern. Gratis, ingen grenser og svært sikker.",,,"169
169",2,true
21,https://createmy-qr.com/pt/comparar-ferramentas,"Gerador de Código QR Grátis Online - CreateMy-QR (No Signup) | Comparar ferramentas
Gerador de código QR types.compare - gratuito e personalizado | CreateMy-QR
Comparar ferramentas | CreateMy-QR",text/html; charset=utf-8,false,200,0,0,"Learn more about CreateMy-QR compare tools.
Converta seus dados do types.compare em um código QR personalizado diretamente no seu navegador. 100% processado offline para privacidade absoluta. Gratuito, sem limites e altamente seguro.",,,"43
189",2,true
21,https://createmy-qr.com/sv/youtube-gratis-qr-kod-generator-online,"YouTube QR Code Generator - Gratis & anpassad | CreateMy-QR
YouTube - Gratis QR-kod Generator Online - CreateMy-QR",text/html; charset=utf-8,false,200,0,0,"Konvertera dina YouTube-data till en anpassad QR-kod direkt i din webbläsare. 100 % bearbetad offline för absolut integritet. Gratis, inga gränser och mycket säker.
Konvertera dina YouTube-data till en anpassad QR-kod direkt i din webbläsare. 100 % bearbetad offline för absolut integritet. Gratis, inga gränser och mycket säker.",,,"164
164",2,true
21,https://createmy-qr.com/es/audio-generador-de-codigos-qr-gratis-online,"Generador de códigos QR Audio: gratuito y personalizado | CreateMy-QR
Audio - Generador de Códigos QR Gratis Online - CreateMy-QR",text/html; charset=utf-8,false,200,0,0,"Convierta sus datos de Audio en un código QR personalizado directamente en su navegador. 100% procesado fuera de línea para absoluta privacidad. Gratis, sin límites y muy seguro.
Convierta sus datos de Audio en un código QR personalizado directamente en su navegador. 100% procesado fuera de línea para absoluta privacidad. Gratis, sin límites y muy seguro.",,,"178
178",2,true
21,https://createmy-qr.com/de/email-kostenloser-qr-code-generator-online,"E-Mail QR-Code-Generator – kostenlos und benutzerdefiniert | CreateMy-QR
E-Mail - Kostenloser QR-Code Generator Online - CreateMy-QR",text/html; charset=utf-8,false,200,0,0,"Wandeln Sie Ihre E-Mail-Daten direkt in Ihrem Browser in einen benutzerdefinierten QR-Code um. 100 % offline verarbeitet für absolute Privatsphäre. Kostenlos, ohne Grenzen und äußerst sicher.
Wandeln Sie Ihre E-Mail-Daten direkt in Ihrem Browser in einen benutzerdefinierten QR-Code um. 100 % offline verarbeitet für absolute Privatsphäre. Kostenlos, ohne Grenzen und äußerst sicher.",,,"191
191",2,true
21,https://createmy-qr.com/no/facebook-gratis-qr-kode-generator-online,"Facebook QR Code Generator - Gratis og tilpasset | CreateMy-QR
Facebook - Gratis QR-kode Generator Online - CreateMy-QR",text/html; charset=utf-8,false,200,0,0,"Konverter Facebook-dataene dine til en tilpasset QR-kode direkte i nettleseren din. 100 % behandlet offline for absolutt personvern. Gratis, ingen grenser og svært sikker.
Konverter Facebook-dataene dine til en tilpasset QR-kode direkte i nettleseren din. 100 % behandlet offline for absolutt personvern. Gratis, ingen grenser og svært sikker.",,,"171
171",2,true
21,https://createmy-qr.com/tl/kaganapan-libreng-online-qr-code-generator,"Kaganapan QR Code Generator - Libre at Custom | CreateMy-QR
Kaganapan - Libreng Online QR Code Generator - CreateMy-QR",text/html; charset=utf-8,false,200,0,0,"I-convert ang iyong Kaganapan data sa isang custom na QR code nang direkta sa iyong browser. 100% na naproseso offline para sa ganap na privacy. Libre, walang limitasyon, at lubos na secure.
I-convert ang iyong Kaganapan data sa isang custom na QR code nang direkta sa iyong browser. 100% na naproseso offline para sa ganap na privacy. Libre, walang limitasyon, at lubos na secure.",,,"190
190",2,true
21,https://createmy-qr.com/ms/wi-fi-penjana-kod-qr-percuma-dalam-talian,"Penjana Kod QR Wi-Fi - Percuma & Tersuai | CreateMy-QR
Wi-Fi - Penjana Kod QR Percuma Dalam Talian - CreateMy-QR",text/html; charset=utf-8,false,200,0,0,"Tukar data Wi-Fi anda kepada kod QR tersuai terus dalam penyemak imbas anda. 100% diproses di luar talian untuk privasi mutlak. Percuma, tiada had dan sangat selamat.
Tukar data Wi-Fi anda kepada kod QR tersuai terus dalam penyemak imbas anda. 100% diproses di luar talian untuk privasi mutlak. Percuma, tiada had dan sangat selamat.",,,"166
166",2,true
21,https://createmy-qr.com/it/paypal-generatore-di-codici-qr-gratis-online,"Generatore di codici QR PayPal - Gratuito e personalizzato | CreateMy-QR
PayPal - Generatore di Codici QR Gratis Online - CreateMy-QR",text/html; charset=utf-8,false,200,0,0,"Converti i tuoi dati PayPal in un codice QR personalizzato direttamente nel tuo browser. Elaborato offline al 100% per una privacy assoluta. Gratuito, senza limiti e altamente sicuro.
Converti i tuoi dati PayPal in un codice QR personalizzato direttamente nel tuo browser. Elaborato offline al 100% per una privacy assoluta. Gratuito, senza limiti e altamente sicuro.",,,"183
183",2,true
21,https://createmy-qr.com/hu/amazon-ingyenes-online-qr-kod-generator,"Amazon QR-kód generátor - ingyenes és egyedi | CreateMy-QR
Amazon - Ingyenes Online QR-kód Generátor - CreateMy-QR",text/html; charset=utf-8,false,200,0,0,"Alakítsa át Amazon adatait egyéni QR-kóddá közvetlenül a böngészőjében. 100%-ban offline feldolgozva az abszolút adatvédelem érdekében. Ingyenes, korlátok nélkül és rendkívül biztonságos.
Alakítsa át Amazon adatait egyéni QR-kóddá közvetlenül a böngészőjében. 100%-ban offline feldolgozva az abszolút adatvédelem érdekében. Ingyenes, korlátok nélkül és rendkívül biztonságos.",,,"187
187",2,true
21,https://createmy-qr.com/es/texto-generador-de-codigos-qr-gratis-online,"Generador de códigos QR Texto: gratuito y personalizado | CreateMy-QR
Texto - Generador de Códigos QR Gratis Online - CreateMy-QR",text/html; charset=utf-8,false,200,0,0,"Convierta sus datos de Texto en un código QR personalizado directamente en su navegador. 100% procesado fuera de línea para absoluta privacidad. Gratis, sin límites y muy seguro.
Convierta sus datos de Texto en un código QR personalizado directamente en su navegador. 100% procesado fuera de línea para absoluta privacidad. Gratis, sin límites y muy seguro.",,,"178
178",2,true
21,https://createmy-qr.com/tl/pag-book-libreng-online-qr-code-generator,"Pag-book QR Code Generator - Libre at Custom | CreateMy-QR
Pag-book - Libreng Online QR Code Generator - CreateMy-QR",text/html; charset=utf-8,false,200,0,0,"I-convert ang iyong Pag-book data sa isang custom na QR code nang direkta sa iyong browser. 100% na naproseso offline para sa ganap na privacy. Libre, walang limitasyon, at lubos na secure.
I-convert ang iyong Pag-book data sa isang custom na QR code nang direkta sa iyong browser. 100% na naproseso offline para sa ganap na privacy. Libre, walang limitasyon, at lubos na secure.",,,"189
189",2,true
21,https://createmy-qr.com/es/amazon-generador-de-codigos-qr-gratis-online,"Generador de códigos QR Amazonas: gratuito y personalizado | CreateMy-QR
Amazonas - Generador de Códigos QR Gratis Online - CreateMy-QR",text/html; charset=utf-8,false,200,0,0,"Convierta sus datos de Amazonas en un código QR personalizado directamente en su navegador. 100% procesado fuera de línea para absoluta privacidad. Gratis, sin límites y muy seguro.
Convierta sus datos de Amazonas en un código QR personalizado directamente en su navegador. 100% procesado fuera de línea para absoluta privacidad. Gratis, sin límites y muy seguro.",,,"181
181",2,true
21,https://createmy-qr.com/ru/venmo-besplatnyy-generator-qr-kodov-onlayn,"Венмо Генератор QR-кодов — бесплатный и настраиваемый | CreateMy-QR
Венмо - Бесплатный генератор QR-кодов онлайн - CreateMy-QR",text/html; charset=utf-8,false,200,0,0,"Преобразуйте данные Венмо в собственный QR-код прямо в браузере. 100% обработка в автономном режиме для абсолютной конфиденциальности. Бесплатно, без ограничений и очень безопасно.
Преобразуйте данные Венмо в собственный QR-код прямо в браузере. 100% обработка в автономном режиме для абсолютной конфиденциальности. Бесплатно, без ограничений и очень безопасно.",,,"180
180",2,true
21,https://createmy-qr.com/tl/use-cases,"Libreng Online QR Code Generator - CreateMy-QR (No Signup) | Use Cases
types.usecases QR Code Generator - Libre at Custom | CreateMy-QR
Use Cases | CreateMy-QR",text/html; charset=utf-8,false,200,0,0,"Learn more about CreateMy-QR use cases.
I-convert ang iyong types.usecases data sa isang custom na QR code nang direkta sa iyong browser. 100% na naproseso offline para sa ganap na privacy. Libre, walang limitasyon, at lubos na secure.",,,"39
195",2,true
21,https://createmy-qr.com/th/widiio-ekhruue-ngmuue-sraangkhiw-aarokhd-nailnfrii,"วิดีโอ เครื่องสร้างโค้ด QR - ฟรีและกำหนดเอง | CreateMy-QR
วิดีโอ - เครื่องมือสร้างคิวอาร์โค้ดออนไลน์ฟรี - CreateMy-QR",text/html; charset=utf-8,false,200,0,0,"แปลงข้อมูล วิดีโอ ของคุณให้เป็นโค้ด QR ที่กำหนดเองได้โดยตรงในเบราว์เซอร์ของคุณ ประมวลผลแบบออฟไลน์ 100% เพื่อความเป็นส่วนตัวอย่างแท้จริง ฟรี ไม่จำกัด และมีความปลอดภัยสูง
แปลงข้อมูล วิดีโอ ของคุณให้เป็นโค้ด QR ที่กำหนดเองได้โดยตรงในเบราว์เซอร์ของคุณ ประมวลผลแบบออฟไลน์ 100% เพื่อความเป็นส่วนตัวอย่างแท้จริง ฟรี ไม่จำกัด และมีความปลอดภัยสูง",,,"168
168",2,true
21,https://createmy-qr.com/fr/tiktok-generateur-de-code-qr-gratuit-en-ligne,"Générateur de code QR Tik Tok - Gratuit et personnalisé | CreateMy-QR
Tik Tok - Générateur de Code QR Gratuit en Ligne - CreateMy-QR",text/html; charset=utf-8,false,200,0,0,"Convertissez vos données Tik Tok en un code QR personnalisé directement dans votre navigateur. 100 % traité hors ligne pour une confidentialité absolue. Gratuit, sans limites et hautement sécurisé.
Convertissez vos données Tik Tok en un code QR personnalisé directement dans votre navigateur. 100 % traité hors ligne pour une confidentialité absolue. Gratuit, sans limites et hautement sécurisé.",,,"197
197",2,true
21,https://createmy-qr.com/el/crypto-dorean-dimioyrgia-qr-code-online,"Crypto QR Code Generator - Δωρεάν & Προσαρμοσμένο | CreateMy-QR
Crypto - Δωρεάν Δημιουργία QR Code Online - CreateMy-QR",text/html; charset=utf-8,false,200,0,0,"Μετατρέψτε τα δεδομένα σας Crypto σε προσαρμοσμένο κωδικό QR απευθείας στο πρόγραμμα περιήγησής σας. 100% επεξεργασία εκτός σύνδεσης για απόλυτη προστασία της ιδιωτικής ζωής. Δωρεάν, χωρίς όρια και εξαιρετικά ασφαλές.
Μετατρέψτε τα δεδομένα σας Crypto σε προσαρμοσμένο κωδικό QR απευθείας στο πρόγραμμα περιήγησής σας. 100% επεξεργασία εκτός σύνδεσης για απόλυτη προστασία της ιδιωτικής ζωής. Δωρεάν, χωρίς όρια και εξαιρετικά ασφαλές.",,,"217
217",2,true
21,https://createmy-qr.com/ms/acara-penjana-kod-qr-percuma-dalam-talian,"Penjana Kod QR Acara - Percuma & Tersuai | CreateMy-QR
Acara - Penjana Kod QR Percuma Dalam Talian - CreateMy-QR",text/html; charset=utf-8,false,200,0,0,"Tukar data Acara anda kepada kod QR tersuai terus dalam penyemak imbas anda. 100% diproses di luar talian untuk privasi mutlak. Percuma, tiada had dan sangat selamat.
Tukar data Acara anda kepada kod QR tersuai terus dalam penyemak imbas anda. 100% diproses di luar talian untuk privasi mutlak. Percuma, tiada had dan sangat selamat.",,,"166
166",2,true
21,https://createmy-qr.com/it/informativa-sulla-privacy,"Generatore di Codici QR Gratis Online - CreateMy-QR (No Signup) | Informativa sulla privacy
Generatore di codici QR types.privacy - Gratuito e personalizzato | CreateMy-QR
Informativa sulla privacy | CreateMy-QR",text/html; charset=utf-8,false,200,0,0,"Learn more about CreateMy-QR privacy policy.
Converti i tuoi dati types.privacy in un codice QR personalizzato direttamente nel tuo browser. Elaborato offline al 100% per una privacy assoluta. Gratuito, senza limiti e altamente sicuro.",,,"44
190",2,true
21,https://createmy-qr.com/fr/linkedin-generateur-de-code-qr-gratuit-en-ligne,"Générateur de code QR LinkedIn - Gratuit et personnalisé | CreateMy-QR
LinkedIn - Générateur de Code QR Gratuit en Ligne - CreateMy-QR",text/html; charset=utf-8,false,200,0,0,"Convertissez vos données LinkedIn en un code QR personnalisé directement dans votre navigateur. 100 % traité hors ligne pour une confidentialité absolue. Gratuit, sans limites et hautement sécurisé.
Convertissez vos données LinkedIn en un code QR personnalisé directement dans votre navigateur. 100 % traité hors ligne pour une confidentialité absolue. Gratuit, sans limites et hautement sécurisé.",,,"198
198",2,true
21,https://createmy-qr.com/pl/obslugiwane-jezyki,"Darmowy Generator Kodów QR Online - CreateMy-QR (No Signup) | Obsługiwane języki
Generator kodów QR types.languages — bezpłatny i niestandardowy | CreateMy-QR
Obsługiwane języki | CreateMy-QR",text/html; charset=utf-8,false,200,0,0,"Learn more about CreateMy-QR supported languages.
Konwertuj dane types.languages na niestandardowy kod QR bezpośrednio w przeglądarce. 100% przetwarzane w trybie offline, aby zapewnić całkowitą prywatność. Bezpłatnie, bez ograniczeń i bardzo bezpiecznie.",,,"49
204",2,true
21,https://createmy-qr.com/ru/telegram-besplatnyy-generator-qr-kodov-onlayn,"Телеграмма Генератор QR-кодов — бесплатный и настраиваемый | CreateMy-QR
Телеграмма - Бесплатный генератор QR-кодов онлайн - CreateMy-QR",text/html; charset=utf-8,false,200,0,0,"Преобразуйте данные Телеграмма в собственный QR-код прямо в браузере. 100% обработка в автономном режиме для абсолютной конфиденциальности. Бесплатно, без ограничений и очень безопасно.
Преобразуйте данные Телеграмма в собственный QR-код прямо в браузере. 100% обработка в автономном режиме для абсолютной конфиденциальности. Бесплатно, без ограничений и очень безопасно.",,,"185
185",2,true
21,https://createmy-qr.com/th/google-forms-ekhruue-ngmuue-sraangkhiw-aarokhd-nailnfrii,"Google ฟอร์ม เครื่องสร้างโค้ด QR - ฟรีและกำหนดเอง | CreateMy-QR
Google ฟอร์ม - เครื่องมือสร้างคิวอาร์โค้ดออนไลน์ฟรี - CreateMy-QR",text/html; charset=utf-8,false,200,0,0,"แปลงข้อมูล Google ฟอร์ม ของคุณให้เป็นโค้ด QR ที่กำหนดเองได้โดยตรงในเบราว์เซอร์ของคุณ ประมวลผลแบบออฟไลน์ 100% เพื่อความเป็นส่วนตัวอย่างแท้จริง ฟรี ไม่จำกัด และมีความปลอดภัยสูง
แปลงข้อมูล Google ฟอร์ม ของคุณให้เป็นโค้ด QR ที่กำหนดเองได้โดยตรงในเบราว์เซอร์ของคุณ ประมวลผลแบบออฟไลน์ 100% เพื่อความเป็นส่วนตัวอย่างแท้จริง ฟรี ไม่จำกัด และมีความปลอดภัยสูง",,,"174
174",2,true
21,https://createmy-qr.com/es/instagram-generador-de-codigos-qr-gratis-online,"Generador de códigos QR Instagram: gratuito y personalizado | CreateMy-QR
Instagram - Generador de Códigos QR Gratis Online - CreateMy-QR",text/html; charset=utf-8,false,200,0,0,"Convierta sus datos de Instagram en un código QR personalizado directamente en su navegador. 100% procesado fuera de línea para absoluta privacidad. Gratis, sin límites y muy seguro.
Convierta sus datos de Instagram en un código QR personalizado directamente en su navegador. 100% procesado fuera de línea para absoluta privacidad. Gratis, sin límites y muy seguro.",,,"182
182",2,true
21,https://createmy-qr.com/es/x-twitter-generador-de-codigos-qr-gratis-online,"Generador de códigos QR X (Twitter): gratuito y personalizado | CreateMy-QR
X (Twitter) - Generador de Códigos QR Gratis Online - CreateMy-QR",text/html; charset=utf-8,false,200,0,0,"Convierta sus datos de X (Twitter) en un código QR personalizado directamente en su navegador. 100% procesado fuera de línea para absoluta privacidad. Gratis, sin límites y muy seguro.
Convierta sus datos de X (Twitter) en un código QR personalizado directamente en su navegador. 100% procesado fuera de línea para absoluta privacidad. Gratis, sin límites y muy seguro.",,,"184
184",2,true
21,https://createmy-qr.com/tl/,"CreateMy-QR | Lahat ng QR at Barcode Mga Tool sa Isang Lugar
CreateMy-QR | Lahat ng QR at Barcode Mga Tool sa Isang Lugar
home - Libreng Online QR Code Generator - CreateMy-QR",text/html; charset=utf-8,false,200,0,1,"I-convert ang iyong home data sa isang custom na QR code nang direkta sa iyong browser. 100% na naproseso offline para sa ganap na privacy. Libre, walang limitasyon, at lubos na secure.
Bumuo ng 37 uri ng QR code at barcode nang libre.Walang signup.Instant download.100% client-side, ISO/IEC 18004-compliant, available sa 30 wika.
Bumuo ng 37 uri ng QR code at barcode nang libre.Walang signup.Instant download.100% client-side, ISO/IEC 18004-compliant, available sa 30 wika.",,,"185
144
144",3,true
21,https://createmy-qr.com/nl/facebook-gratis-qr-code-generator-online,"Facebook QR-codegenerator - gratis en aangepast | CreateMy-QR
Facebook - Gratis QR Code Generator Online - CreateMy-QR",text/html; charset=utf-8,false,200,0,0,"Converteer uw Facebook-gegevens rechtstreeks in uw browser naar een aangepaste QR-code. 100% offline verwerkt voor absolute privacy. Gratis, geen grenzen en zeer veilig.
Converteer uw Facebook-gegevens rechtstreeks in uw browser naar een aangepaste QR-code. 100% offline verwerkt voor absolute privacy. Gratis, geen grenzen en zeer veilig.",,,"169
169",2,true
21,https://createmy-qr.com/da/booking-gratis-qr-kode-generator-online,"Booking QR Code Generator - Gratis og brugerdefineret | CreateMy-QR
Booking - Gratis QR Kode Generator Online - CreateMy-QR",text/html; charset=utf-8,false,200,0,0,"Konverter dine Booking-data til en tilpasset QR-kode direkte i din browser. 100 % behandlet offline for absolut privatliv. Gratis, ingen grænser og meget sikker.
Konverter dine Booking-data til en tilpasset QR-kode direkte i din browser. 100 % behandlet offline for absolut privatliv. Gratis, ingen grænser og meget sikker.",,,"161
161",2,true
21,https://createmy-qr.com/ro/generator-de-coduri-qr-gratuit-online-2,"Scaner online gratuit de coduri QR - Scanează QR instantaneu
types.scanqr QR Code Generator - Gratuit și personalizat | CreateMy-QR
scanqr - Generator de Coduri QR Gratuit Online - CreateMy-QR",text/html; charset=utf-8,false,200,0,0,"Transformați datele dvs. scanqr într-un cod QR personalizat direct în browser. Procesat 100% offline pentru confidențialitate absolută. Gratuit, fără limite și foarte sigur.
Transformați datele dvs. types.scanqr într-un cod QR personalizat direct în browser. Procesat 100% offline pentru confidențialitate absolută. Gratuit, fără limite și foarte sigur.
Scanează instantaneu codurile QR folosind camera foto sau încărcând o imagine. Procesare 100% sigură, privată și la nivelul clientului.",,,"173
179
135",3,true
21,https://createmy-qr.com/es/vcard-generador-de-codigos-qr-gratis-online,"Generador de códigos QR vCard: gratuito y personalizado | CreateMy-QR
vCard - Generador de Códigos QR Gratis Online - CreateMy-QR",text/html; charset=utf-8,false,200,0,0,"Convierta sus datos de vCard en un código QR personalizado directamente en su navegador. 100% procesado fuera de línea para absoluta privacidad. Gratis, sin límites y muy seguro.
Convierta sus datos de vCard en un código QR personalizado directamente en su navegador. 100% procesado fuera de línea para absoluta privacidad. Gratis, sin límites y muy seguro.",,,"178
178",2,true
21,https://createmy-qr.com/nl/geluid-gratis-qr-code-generator-online,"Geluid QR-codegenerator - gratis en aangepast | CreateMy-QR
Geluid - Gratis QR Code Generator Online - CreateMy-QR",text/html; charset=utf-8,false,200,0,0,"Converteer uw Geluid-gegevens rechtstreeks in uw browser naar een aangepaste QR-code. 100% offline verwerkt voor absolute privacy. Gratis, geen grenzen en zeer veilig.
Converteer uw Geluid-gegevens rechtstreeks in uw browser naar een aangepaste QR-code. 100% offline verwerkt voor absolute privacy. Gratis, geen grenzen en zeer veilig.",,,"167
167",2,true
21,https://createmy-qr.com/uk/facebook-bezkoshtovniy-generator-qr-kodiv-onlayn,"Генератор QR-коду Facebook – безкоштовний і користувацький | CreateMy-QR
Facebook - Безкоштовний Генератор QR-кодів Онлайн - CreateMy-QR",text/html; charset=utf-8,false,200,0,0,"Перетворіть свої дані Facebook на власний QR-код безпосередньо у своєму браузері. 100% обробка офлайн для повної конфіденційності. Безкоштовно, без обмежень і дуже безпечно.
Перетворіть свої дані Facebook на власний QR-код безпосередньо у своєму браузері. 100% обробка офлайн для повної конфіденційності. Безкоштовно, без обмежень і дуже безпечно.",,,"173
173",2,true
21,https://createmy-qr.com/nl/amazon-gratis-qr-code-generator-online,"Amazone QR-codegenerator - gratis en aangepast | CreateMy-QR
Amazone - Gratis QR Code Generator Online - CreateMy-QR",text/html; charset=utf-8,false,200,0,0,"Converteer uw Amazone-gegevens rechtstreeks in uw browser naar een aangepaste QR-code. 100% offline verwerkt voor absolute privacy. Gratis, geen grenzen en zeer veilig.
Converteer uw Amazone-gegevens rechtstreeks in uw browser naar een aangepaste QR-code. 100% offline verwerkt voor absolute privacy. Gratis, geen grenzen en zeer veilig.",,,"168
168",2,true
21,https://createmy-qr.com/ms/bandingkan-alat,"Penjana Kod QR Percuma Dalam Talian - CreateMy-QR (No Signup) | Bandingkan Alat
Penjana Kod QR types.compare - Percuma & Tersuai | CreateMy-QR
Bandingkan Alat | CreateMy-QR",text/html; charset=utf-8,false,200,0,0,"Learn more about CreateMy-QR compare tools.
Tukar data types.compare anda kepada kod QR tersuai terus dalam penyemak imbas anda. 100% diproses di luar talian untuk privasi mutlak. Percuma, tiada had dan sangat selamat.",,,"43
174",2,true
21,https://createmy-qr.com/tl/link-sa-bio-libreng-online-qr-code-generator,"Link sa Bio QR Code Generator - Libre at Custom | CreateMy-QR
Link sa Bio - Libreng Online QR Code Generator - CreateMy-QR",text/html; charset=utf-8,false,200,0,0,"I-convert ang iyong Link sa Bio data sa isang custom na QR code nang direkta sa iyong browser. 100% na naproseso offline para sa ganap na privacy. Libre, walang limitasyon, at lubos na secure.
I-convert ang iyong Link sa Bio data sa isang custom na QR code nang direkta sa iyong browser. 100% na naproseso offline para sa ganap na privacy. Libre, walang limitasyon, at lubos na secure.",,,"192
192",2,true
21,https://createmy-qr.com/pt/video-gerador-de-codigo-qr-gratis-online,"Gerador de código QR Vídeo - gratuito e personalizado | CreateMy-QR
Vídeo - Gerador de Código QR Grátis Online - CreateMy-QR",text/html; charset=utf-8,false,200,0,0,"Converta seus dados do Vídeo em um código QR personalizado diretamente no seu navegador. 100% processado offline para privacidade absoluta. Gratuito, sem limites e altamente seguro.
Converta seus dados do Vídeo em um código QR personalizado diretamente no seu navegador. 100% processado offline para privacidade absoluta. Gratuito, sem limites e altamente seguro.",,,"181
181",2,true
21,https://createmy-qr.com/ms/crypto-penjana-kod-qr-percuma-dalam-talian,"Penjana Kod QR Kripto - Percuma & Tersuai | CreateMy-QR
Kripto - Penjana Kod QR Percuma Dalam Talian - CreateMy-QR",text/html; charset=utf-8,false,200,0,0,"Tukar data Kripto anda kepada kod QR tersuai terus dalam penyemak imbas anda. 100% diproses di luar talian untuk privasi mutlak. Percuma, tiada had dan sangat selamat.
Tukar data Kripto anda kepada kod QR tersuai terus dalam penyemak imbas anda. 100% diproses di luar talian untuk privasi mutlak. Percuma, tiada had dan sangat selamat.",,,"167
167",2,true
21,https://createmy-qr.com/no/vilkar-for-bruk,"Gratis QR-kode Generator Online - CreateMy-QR (No Signup) | Vilkår for bruk
types.terms QR Code Generator - Gratis og tilpasset | CreateMy-QR
Vilkår for bruk | CreateMy-QR",text/html; charset=utf-8,false,200,0,0,"Learn more about CreateMy-QR terms of service.
Konverter types.terms-dataene dine til en tilpasset QR-kode direkte i nettleseren din. 100 % behandlet offline for absolutt personvern. Gratis, ingen grenser og svært sikker.",,,"46
174",2,true
21,https://createmy-qr.com/tr/paypal-ucretsiz-cevrimici-qr-kod-olusturucu,"PayPal QR Kod Oluşturucu - Ücretsiz ve Özel | CreateMy-QR
PayPal - Ücretsiz Çevrimiçi QR Kod Oluşturucu - CreateMy-QR",text/html; charset=utf-8,false,200,0,0,"PayPal verilerinizi doğrudan tarayıcınızda özel bir QR koduna dönüştürün. Mutlak gizlilik için %100 çevrimdışı işlenir. Ücretsiz, sınırsız ve son derece güvenli.
PayPal verilerinizi doğrudan tarayıcınızda özel bir QR koduna dönüştürün. Mutlak gizlilik için %100 çevrimdışı işlenir. Ücretsiz, sınırsız ve son derece güvenli.",,,"161
161",2,true
21,https://createmy-qr.com/it/google-forms-generatore-di-codici-qr-gratis-online,"Generatore di codici QR Moduli Google - Gratuito e personalizzato | CreateMy-QR
Moduli Google - Generatore di Codici QR Gratis Online - CreateMy-QR",text/html; charset=utf-8,false,200,0,0,"Converti i tuoi dati Moduli Google in un codice QR personalizzato direttamente nel tuo browser. Elaborato offline al 100% per una privacy assoluta. Gratuito, senza limiti e altamente sicuro.
Converti i tuoi dati Moduli Google in un codice QR personalizzato direttamente nel tuo browser. Elaborato offline al 100% per una privacy assoluta. Gratuito, senza limiti e altamente sicuro.",,,"190
190",2,true
21,https://createmy-qr.com/hu/hang-ingyenes-online-qr-kod-generator,"Hang QR-kód generátor - ingyenes és egyedi | CreateMy-QR
Hang - Ingyenes Online QR-kód Generátor - CreateMy-QR",text/html; charset=utf-8,false,200,0,0,"Alakítsa át Hang adatait egyéni QR-kóddá közvetlenül a böngészőjében. 100%-ban offline feldolgozva az abszolút adatvédelem érdekében. Ingyenes, korlátok nélkül és rendkívül biztonságos.
Alakítsa át Hang adatait egyéni QR-kóddá közvetlenül a böngészőjében. 100%-ban offline feldolgozva az abszolút adatvédelem érdekében. Ingyenes, korlátok nélkül és rendkívül biztonságos.",,,"185
185",2,true
21,https://createmy-qr.com/th/ruupphaaph-ekhruue-ngmuue-sraangkhiw-aarokhd-nailnfrii,"รูปภาพ เครื่องสร้างโค้ด QR - ฟรีและกำหนดเอง | CreateMy-QR
รูปภาพ - เครื่องมือสร้างคิวอาร์โค้ดออนไลน์ฟรี - CreateMy-QR",text/html; charset=utf-8,false,200,0,0,"แปลงข้อมูล รูปภาพ ของคุณให้เป็นโค้ด QR ที่กำหนดเองได้โดยตรงในเบราว์เซอร์ของคุณ ประมวลผลแบบออฟไลน์ 100% เพื่อความเป็นส่วนตัวอย่างแท้จริง ฟรี ไม่จำกัด และมีความปลอดภัยสูง
แปลงข้อมูล รูปภาพ ของคุณให้เป็นโค้ด QR ที่กำหนดเองได้โดยตรงในเบราว์เซอร์ของคุณ ประมวลผลแบบออฟไลน์ 100% เพื่อความเป็นส่วนตัวอย่างแท้จริง ฟรี ไม่จำกัด และมีความปลอดภัยสูง",,,"168
168",2,true
21,https://createmy-qr.com/vi/vi-tri-tao-ma-qr-mien-phi-truc-tuyen,"Trình tạo mã QR Vị trí - Miễn phí & Tùy chỉnh | CreateMy-QR
Vị trí - Tạo Mã QR Miễn Phí Trực Tuyến - CreateMy-QR",text/html; charset=utf-8,false,200,0,0,"Chuyển đổi dữ liệu Vị trí của bạn thành mã QR tùy chỉnh trực tiếp trong trình duyệt của bạn. 100% được xử lý ngoại tuyến để đảm bảo quyền riêng tư tuyệt đối. Miễn phí, không giới hạn và có tính bảo mật cao.
Chuyển đổi dữ liệu Vị trí của bạn thành mã QR tùy chỉnh trực tiếp trong trình duyệt của bạn. 100% được xử lý ngoại tuyến để đảm bảo quyền riêng tư tuyệt đối. Miễn phí, không giới hạn và có tính bảo mật cao.",,,"206
206",2,true
21,https://createmy-qr.com/de/tools-vergleichen,"Kostenloser QR-Code Generator Online - CreateMy-QR (No Signup) | Tools vergleichen
types.compare QR-Code-Generator – kostenlos und benutzerdefiniert | CreateMy-QR
Tools vergleichen | CreateMy-QR",text/html; charset=utf-8,false,200,0,0,"Learn more about CreateMy-QR compare tools.
Wandeln Sie Ihre types.compare-Daten direkt in Ihrem Browser in einen benutzerdefinierten QR-Code um. 100 % offline verarbeitet für absolute Privatsphäre. Kostenlos, ohne Grenzen und äußerst sicher.",,,"43
198",2,true
21,https://createmy-qr.com/no/sms-gratis-qr-kode-generator-online,"SMS QR Code Generator - Gratis og tilpasset | CreateMy-QR
SMS - Gratis QR-kode Generator Online - CreateMy-QR",text/html; charset=utf-8,false,200,0,0,"Konverter SMS-dataene dine til en tilpasset QR-kode direkte i nettleseren din. 100 % behandlet offline for absolutt personvern. Gratis, ingen grenser og svært sikker.
Konverter SMS-dataene dine til en tilpasset QR-kode direkte i nettleseren din. 100 % behandlet offline for absolutt personvern. Gratis, ingen grenser og svært sikker.",,,"166
166",2,true
21,https://createmy-qr.com/el/ypostirizomenes-glosses,"Δωρεάν Δημιουργία QR Code Online - CreateMy-QR (No Signup) | Υποστηριζόμενες γλώσσες
types.languages QR Code Generator - Δωρεάν & Προσαρμοσμένο | CreateMy-QR
Υποστηριζόμενες γλώσσες | CreateMy-QR",text/html; charset=utf-8,false,200,0,0,"Learn more about CreateMy-QR supported languages.
Μετατρέψτε τα δεδομένα σας types.languages σε προσαρμοσμένο κωδικό QR απευθείας στο πρόγραμμα περιήγησής σας. 100% επεξεργασία εκτός σύνδεσης για απόλυτη προστασία της ιδιωτικής ζωής. Δωρεάν, χωρίς όρια και εξαιρετικά ασφαλές.",,,"49
226",2,true
21,https://createmy-qr.com/tr/telegram-ucretsiz-cevrimici-qr-kod-olusturucu,"Telgraf QR Kod Oluşturucu - Ücretsiz ve Özel | CreateMy-QR
Telgraf - Ücretsiz Çevrimiçi QR Kod Oluşturucu - CreateMy-QR",text/html; charset=utf-8,false,200,0,0,"Telgraf verilerinizi doğrudan tarayıcınızda özel bir QR koduna dönüştürün. Mutlak gizlilik için %100 çevrimdışı işlenir. Ücretsiz, sınırsız ve son derece güvenli.
Telgraf verilerinizi doğrudan tarayıcınızda özel bir QR koduna dönüştürün. Mutlak gizlilik için %100 çevrimdışı işlenir. Ücretsiz, sınırsız ve son derece güvenli.",,,"162
162",2,true
21,https://createmy-qr.com/hu/tamogatott-nyelvek,"Ingyenes Online QR-kód Generátor - CreateMy-QR (No Signup) | Támogatott nyelvek
types.languages QR-kód generátor - ingyenes és egyedi | CreateMy-QR
Támogatott nyelvek | CreateMy-QR",text/html; charset=utf-8,false,200,0,0,"Learn more about CreateMy-QR supported languages.
Alakítsa át types.languages adatait egyéni QR-kóddá közvetlenül a böngészőjében. 100%-ban offline feldolgozva az abszolút adatvédelem érdekében. Ingyenes, korlátok nélkül és rendkívül biztonságos.",,,"49
196",2,true
21,https://createmy-qr.com/tl/snapchat-libreng-online-qr-code-generator,"Snapchat QR Code Generator - Libre at Custom | CreateMy-QR
Snapchat - Libreng Online QR Code Generator - CreateMy-QR",text/html; charset=utf-8,false,200,0,0,"I-convert ang iyong Snapchat data sa isang custom na QR code nang direkta sa iyong browser. 100% na naproseso offline para sa ganap na privacy. Libre, walang limitasyon, at lubos na secure.
I-convert ang iyong Snapchat data sa isang custom na QR code nang direkta sa iyong browser. 100% na naproseso offline para sa ganap na privacy. Libre, walang limitasyon, at lubos na secure.",,,"189
189",2,true
21,https://createmy-qr.com/es/generador-de-codigos-qr-gratis-online,"Generador de códigos de barras gratuito en línea: cree códigos de barras 1D
Generador de códigos QR types.barcode: gratuito y personalizado | CreateMy-QR
barcode - Generador de Códigos QR Gratis Online - CreateMy-QR",text/html; charset=utf-8,false,200,0,0,"Convierta sus datos de barcode en un código QR personalizado directamente en su navegador. 100% procesado fuera de línea para absoluta privacidad. Gratis, sin límites y muy seguro.
Convierta sus datos de types.barcode en un código QR personalizado directamente en su navegador. 100% procesado fuera de línea para absoluta privacidad. Gratis, sin límites y muy seguro.
Genere códigos de barras 1D profesionales al instante. Soporte para Code-128, UPC, EAN, ITF-14 y más. Gratis, seguro y listo para descargar en PNG de alta resolución.",,,"180
186
166",3,true
21,https://createmy-qr.com/tr/tiktok-ucretsiz-cevrimici-qr-kod-olusturucu,"TikTok QR Kod Oluşturucu - Ücretsiz ve Özel | CreateMy-QR
TikTok - Ücretsiz Çevrimiçi QR Kod Oluşturucu - CreateMy-QR",text/html; charset=utf-8,false,200,0,0,"TikTok verilerinizi doğrudan tarayıcınızda özel bir QR koduna dönüştürün. Mutlak gizlilik için %100 çevrimdışı işlenir. Ücretsiz, sınırsız ve son derece güvenli.
TikTok verilerinizi doğrudan tarayıcınızda özel bir QR koduna dönüştürün. Mutlak gizlilik için %100 çevrimdışı işlenir. Ücretsiz, sınırsız ve son derece güvenli.",,,"161
161",2,true
21,https://createmy-qr.com/it/evento-generatore-di-codici-qr-gratis-online,"Generatore di codici QR Evento - Gratuito e personalizzato | CreateMy-QR
Evento - Generatore di Codici QR Gratis Online - CreateMy-QR",text/html; charset=utf-8,false,200,0,0,"Converti i tuoi dati Evento in un codice QR personalizzato direttamente nel tuo browser. Elaborato offline al 100% per una privacy assoluta. Gratuito, senza limiti e altamente sicuro.
Converti i tuoi dati Evento in un codice QR personalizzato direttamente nel tuo browser. Elaborato offline al 100% per una privacy assoluta. Gratuito, senza limiti e altamente sicuro.",,,"183
183",2,true
21,https://createmy-qr.com/tr/baglanti-bio-da-ucretsiz-cevrimici-qr-kod-olusturucu,"Bağlantı Bio'da QR Kod Oluşturucu - Ücretsiz ve Özel | CreateMy-QR
Bağlantı Bio'da - Ücretsiz Çevrimiçi QR Kod Oluşturucu - CreateMy-QR",text/html; charset=utf-8,false,200,0,0,"Bağlantı Bio'da verilerinizi doğrudan tarayıcınızda özel bir QR koduna dönüştürün. Mutlak gizlilik için %100 çevrimdışı işlenir. Ücretsiz, sınırsız ve son derece güvenli.
Bağlantı Bio'da verilerinizi doğrudan tarayıcınızda özel bir QR koduna dönüştürün. Mutlak gizlilik için %100 çevrimdışı işlenir. Ücretsiz, sınırsız ve son derece güvenli.",,,"170
170",2,true
21,https://createmy-qr.com/it/video-generatore-di-codici-qr-gratis-online,"Generatore di codici QR Video - Gratuito e personalizzato | CreateMy-QR
Video - Generatore di Codici QR Gratis Online - CreateMy-QR",text/html; charset=utf-8,false,200,0,0,"Converti i tuoi dati Video in un codice QR personalizzato direttamente nel tuo browser. Elaborato offline al 100% per una privacy assoluta. Gratuito, senza limiti e altamente sicuro.
Converti i tuoi dati Video in un codice QR personalizzato direttamente nel tuo browser. Elaborato offline al 100% per una privacy assoluta. Gratuito, senza limiti e altamente sicuro.",,,"182
182",2,true
21,https://createmy-qr.com/fi/google-forms-ilmainen-qr-koodigeneraattori-netissa,"Google Forms QR-koodigeneraattori - ilmainen ja räätälöity | CreateMy-QR
Google Forms - Ilmainen QR-koodigeneraattori Netissä - CreateMy-QR",text/html; charset=utf-8,false,200,0,0,"Muunna Google Forms-tietosi mukautetuksi QR-koodiksi suoraan selaimessasi. 100 % käsitelty offline-tilassa täydellisen yksityisyyden takaamiseksi. Ilmainen, ei rajoituksia ja erittäin turvallinen.
Muunna Google Forms-tietosi mukautetuksi QR-koodiksi suoraan selaimessasi. 100 % käsitelty offline-tilassa täydellisen yksityisyyden takaamiseksi. Ilmainen, ei rajoituksia ja erittäin turvallinen.",,,"196
196",2,true
21,https://createmy-qr.com/no/bilde-gratis-qr-kode-generator-online,"Bilde QR Code Generator - Gratis og tilpasset | CreateMy-QR
Bilde - Gratis QR-kode Generator Online - CreateMy-QR",text/html; charset=utf-8,false,200,0,0,"Konverter Bilde-dataene dine til en tilpasset QR-kode direkte i nettleseren din. 100 % behandlet offline for absolutt personvern. Gratis, ingen grenser og svært sikker.
Konverter Bilde-dataene dine til en tilpasset QR-kode direkte i nettleseren din. 100 % behandlet offline for absolutt personvern. Gratis, ingen grenser og svært sikker.",,,"168
168",2,true
21,https://createmy-qr.com/es/email-generador-de-codigos-qr-gratis-online,"Generador de códigos QR Correo electrónico: gratuito y personalizado | CreateMy-QR
Correo electrónico - Generador de Códigos QR Gratis Online - CreateMy-QR",text/html; charset=utf-8,false,200,0,0,"Convierta sus datos de Correo electrónico en un código QR personalizado directamente en su navegador. 100% procesado fuera de línea para absoluta privacidad. Gratis, sin límites y muy seguro.
Convierta sus datos de Correo electrónico en un código QR personalizado directamente en su navegador. 100% procesado fuera de línea para absoluta privacidad. Gratis, sin límites y muy seguro.",,,"191
191",2,true
21,https://createmy-qr.com/th/google-review-ekhruue-ngmuue-sraangkhiw-aarokhd-nailnfrii,"รีวิวของ Google เครื่องสร้างโค้ด QR - ฟรีและกำหนดเอง | CreateMy-QR
รีวิวของ Google - เครื่องมือสร้างคิวอาร์โค้ดออนไลน์ฟรี - CreateMy-QR",text/html; charset=utf-8,false,200,0,0,"แปลงข้อมูล รีวิวของ Google ของคุณให้เป็นโค้ด QR ที่กำหนดเองได้โดยตรงในเบราว์เซอร์ของคุณ ประมวลผลแบบออฟไลน์ 100% เพื่อความเป็นส่วนตัวอย่างแท้จริง ฟรี ไม่จำกัด และมีความปลอดภัยสูง
แปลงข้อมูล รีวิวของ Google ของคุณให้เป็นโค้ด QR ที่กำหนดเองได้โดยตรงในเบราว์เซอร์ของคุณ ประมวลผลแบบออฟไลน์ 100% เพื่อความเป็นส่วนตัวอย่างแท้จริง ฟรี ไม่จำกัด และมีความปลอดภัยสูง",,,"177
177",2,true
21,https://createmy-qr.com/hi/url-link-muph-t-onnlaain-kyuuaar-kodd-jnrettr,"मुफ़्त ऑनलाइन क्यूआर कोड जनरेटर - CreateMy-QR (No Signup) | CreateMy-QR
मुफ़्त ऑनलाइन क्यूआर कोड जनरेटर - CreateMy-QR (No Signup)",text/html; charset=utf-8,false,200,0,0,"लोगो और रंग के साथ क्यूआर कोड बनाएं - कोई साइनअप नहीं, असीमित मुफ़्त. 100% privacy-safe, client-side generation without signup. Try CreateMy-QR today.
अपने यूआरएल/लिंक डेटा को सीधे अपने ब्राउज़र में एक कस्टम क्यूआर कोड में बदलें। पूर्ण गोपनीयता के लिए 100% ऑफ़लाइन संसाधित। निःशुल्क, कोई सीमा नहीं, और अत्यधिक सुरक्षित।",,,"150
168",2,true
21,https://createmy-qr.com/th/snapchat-ekhruue-ngmuue-sraangkhiw-aarokhd-nailnfrii,"สแนปแชท เครื่องสร้างโค้ด QR - ฟรีและกำหนดเอง | CreateMy-QR
สแนปแชท - เครื่องมือสร้างคิวอาร์โค้ดออนไลน์ฟรี - CreateMy-QR",text/html; charset=utf-8,false,200,0,0,"แปลงข้อมูล สแนปแชท ของคุณให้เป็นโค้ด QR ที่กำหนดเองได้โดยตรงในเบราว์เซอร์ของคุณ ประมวลผลแบบออฟไลน์ 100% เพื่อความเป็นส่วนตัวอย่างแท้จริง ฟรี ไม่จำกัด และมีความปลอดภัยสูง
แปลงข้อมูล สแนปแชท ของคุณให้เป็นโค้ด QR ที่กำหนดเองได้โดยตรงในเบราว์เซอร์ของคุณ ประมวลผลแบบออฟไลน์ 100% เพื่อความเป็นส่วนตัวอย่างแท้จริง ฟรี ไม่จำกัด และมีความปลอดภัยสูง",,,"169
169",2,true
21,https://createmy-qr.com/ru/podderzhivaemye-yazyki,"Бесплатный генератор QR-кодов онлайн - CreateMy-QR (No Signup) | Поддерживаемые языки
types.languages Генератор QR-кодов — бесплатный и настраиваемый | CreateMy-QR
Поддерживаемые языки | CreateMy-QR",text/html; charset=utf-8,false,200,0,0,"Learn more about CreateMy-QR supported languages.
Преобразуйте данные types.languages в собственный QR-код прямо в браузере. 100% обработка в автономном режиме для абсолютной конфиденциальности. Бесплатно, без ограничений и очень безопасно.",,,"49
190",2,true
21,https://createmy-qr.com/no/wi-fi-gratis-qr-kode-generator-online,"Wi-Fi QR Code Generator - Gratis og tilpasset | CreateMy-QR
Wi-Fi - Gratis QR-kode Generator Online - CreateMy-QR",text/html; charset=utf-8,false,200,0,0,"Konverter Wi-Fi-dataene dine til en tilpasset QR-kode direkte i nettleseren din. 100 % behandlet offline for absolutt personvern. Gratis, ingen grenser og svært sikker.
Konverter Wi-Fi-dataene dine til en tilpasset QR-kode direkte i nettleseren din. 100 % behandlet offline for absolutt personvern. Gratis, ingen grenser og svært sikker.",,,"168
168",2,true
21,https://createmy-qr.com/bn/kes-bybhaar-krun,"ফ্রি অনলাইন কিউআর কোড জেনারেটর - CreateMy-QR (No Signup) | কেস ব্যবহার করুন
types.usecases QR কোড জেনারেটর - বিনামূল্যে এবং কাস্টম | CreateMy-QR
কেস ব্যবহার করুন | CreateMy-QR",text/html; charset=utf-8,false,200,0,0,"Learn more about CreateMy-QR use cases.
আপনার ব্রাউজারে সরাসরি একটি কাস্টম QR কোডে আপনার types.usecases ডেটা রূপান্তর করুন। সম্পূর্ণ গোপনীয়তার জন্য 100% অফলাইনে প্রক্রিয়া করা হয়েছে। বিনামূল্যে, কোন সীমা নেই, এবং অত্যন্ত নিরাপদ।",,,"39
190",2,true
21,https://createmy-qr.com/cs/podminky-sluzby,"Zdarma Online Generátor QR Kódů - CreateMy-QR (No Signup) | Podmínky služby
types.terms generátor QR kódu – zdarma a na míru | CreateMy-QR
Podmínky služby | CreateMy-QR",text/html; charset=utf-8,false,200,0,0,"Learn more about CreateMy-QR terms of service.
Převeďte svá data types.terms na vlastní QR kód přímo ve vašem prohlížeči. 100% zpracováno offline pro absolutní soukromí. Zdarma, bez omezení a vysoce bezpečné.",,,"46
161",2,true
21,https://createmy-qr.com/de/facebook-kostenloser-qr-code-generator-online,"Facebook QR-Code-Generator – kostenlos und benutzerdefiniert | CreateMy-QR
Facebook - Kostenloser QR-Code Generator Online - CreateMy-QR",text/html; charset=utf-8,false,200,0,0,"Wandeln Sie Ihre Facebook-Daten direkt in Ihrem Browser in einen benutzerdefinierten QR-Code um. 100 % offline verarbeitet für absolute Privatsphäre. Kostenlos, ohne Grenzen und äußerst sicher.
Wandeln Sie Ihre Facebook-Daten direkt in Ihrem Browser in einen benutzerdefinierten QR-Code um. 100 % offline verarbeitet für absolute Privatsphäre. Kostenlos, ohne Grenzen und äußerst sicher.",,,"193
193",2,true
21,https://createmy-qr.com/hu/google-forms-ingyenes-online-qr-kod-generator,"Google Forms QR-kód generátor - ingyenes és egyedi | CreateMy-QR
Google Forms - Ingyenes Online QR-kód Generátor - CreateMy-QR",text/html; charset=utf-8,false,200,0,0,"Alakítsa át Google Forms adatait egyéni QR-kóddá közvetlenül a böngészőjében. 100%-ban offline feldolgozva az abszolút adatvédelem érdekében. Ingyenes, korlátok nélkül és rendkívül biztonságos.
Alakítsa át Google Forms adatait egyéni QR-kóddá közvetlenül a böngészőjében. 100%-ban offline feldolgozva az abszolút adatvédelem érdekében. Ingyenes, korlátok nélkül és rendkívül biztonságos.",,,"193
193",2,true
21,https://createmy-qr.com/it/prenotazione-generatore-di-codici-qr-gratis-online,"Generatore di codici QR Prenotazione - Gratuito e personalizzato | CreateMy-QR
Prenotazione - Generatore di Codici QR Gratis Online - CreateMy-QR",text/html; charset=utf-8,false,200,0,0,"Converti i tuoi dati Prenotazione in un codice QR personalizzato direttamente nel tuo browser. Elaborato offline al 100% per una privacy assoluta. Gratuito, senza limiti e altamente sicuro.
Converti i tuoi dati Prenotazione in un codice QR personalizzato direttamente nel tuo browser. Elaborato offline al 100% per una privacy assoluta. Gratuito, senza limiti e altamente sicuro.",,,"189
189",2,true
21,https://createmy-qr.com/ru/wi-fi-besplatnyy-generator-qr-kodov-onlayn,"Wi-Fi Генератор QR-кодов — бесплатный и настраиваемый | CreateMy-QR
Wi-Fi - Бесплатный генератор QR-кодов онлайн - CreateMy-QR",text/html; charset=utf-8,false,200,0,0,"Преобразуйте данные Wi-Fi в собственный QR-код прямо в браузере. 100% обработка в автономном режиме для абсолютной конфиденциальности. Бесплатно, без ограничений и очень безопасно.
Преобразуйте данные Wi-Fi в собственный QR-код прямо в браузере. 100% обработка в автономном режиме для абсолютной конфиденциальности. Бесплатно, без ограничений и очень безопасно.",,,"180
180",2,true
21,https://createmy-qr.com/ms/google-review-penjana-kod-qr-percuma-dalam-talian,"Penjana Kod QR Ulasan Google - Percuma & Tersuai | CreateMy-QR
Ulasan Google - Penjana Kod QR Percuma Dalam Talian - CreateMy-QR",text/html; charset=utf-8,false,200,0,0,"Tukar data Ulasan Google anda kepada kod QR tersuai terus dalam penyemak imbas anda. 100% diproses di luar talian untuk privasi mutlak. Percuma, tiada had dan sangat selamat.
Tukar data Ulasan Google anda kepada kod QR tersuai terus dalam penyemak imbas anda. 100% diproses di luar talian untuk privasi mutlak. Percuma, tiada had dan sangat selamat.",,,"174
174",2,true
21,https://createmy-qr.com/hi/tiktok-muph-t-onnlaain-kyuuaar-kodd-jnrettr,"टिकटॉक QR कोड जेनरेटर - मुफ़्त और कस्टम | CreateMy-QR
टिकटॉक - मुफ़्त ऑनलाइन क्यूआर कोड जनरेटर - CreateMy-QR",text/html; charset=utf-8,false,200,0,0,"अपने टिकटॉक डेटा को सीधे अपने ब्राउज़र में एक कस्टम क्यूआर कोड में बदलें। पूर्ण गोपनीयता के लिए 100% ऑफ़लाइन संसाधित। निःशुल्क, कोई सीमा नहीं, और अत्यधिक सुरक्षित।
अपने टिकटॉक डेटा को सीधे अपने ब्राउज़र में एक कस्टम क्यूआर कोड में बदलें। पूर्ण गोपनीयता के लिए 100% ऑफ़लाइन संसाधित। निःशुल्क, कोई सीमा नहीं, और अत्यधिक सुरक्षित।",,,"163
163",2,true
21,https://createmy-qr.com/ar/wi-fi-mwld-rmz-lstjb-lsryaa-mjny,"واي فاي QR Code Generator - مجاني ومخصص | CreateMy-QR
واي فاي - مولد رمز الاستجابة السريعة مجاني - CreateMy-QR",text/html; charset=utf-8,false,200,0,0,"قم بتحويل بيانات واي فاي الخاصة بك إلى رمز QR مخصص مباشرةً في متصفحك. تمت معالجتها بنسبة 100% دون الاتصال بالإنترنت لتوفير الخصوصية المطلقة. مجاني، بلا حدود، وآمن للغاية.
قم بتحويل بيانات واي فاي الخاصة بك إلى رمز QR مخصص مباشرةً في متصفحك. تمت معالجتها بنسبة 100% دون الاتصال بالإنترنت لتوفير الخصوصية المطلقة. مجاني، بلا حدود، وآمن للغاية.",,,"170
170",2,true
21,https://createmy-qr.com/uk/pdf-bezkoshtovniy-generator-qr-kodiv-onlayn,"Генератор QR-коду PDF – безкоштовний і користувацький | CreateMy-QR
PDF - Безкоштовний Генератор QR-кодів Онлайн - CreateMy-QR",text/html; charset=utf-8,false,200,0,0,"Перетворіть свої дані PDF на власний QR-код безпосередньо у своєму браузері. 100% обробка офлайн для повної конфіденційності. Безкоштовно, без обмежень і дуже безпечно.
Перетворіть свої дані PDF на власний QR-код безпосередньо у своєму браузері. 100% обробка офлайн для повної конфіденційності. Безкоштовно, без обмежень і дуже безпечно.",,,"168
168",2,true
21,https://createmy-qr.com/el/app-store-dorean-dimioyrgia-qr-code-online,"App Store QR Code Generator - Δωρεάν & Προσαρμοσμένο | CreateMy-QR
App Store - Δωρεάν Δημιουργία QR Code Online - CreateMy-QR",text/html; charset=utf-8,false,200,0,0,"Μετατρέψτε τα δεδομένα σας App Store σε προσαρμοσμένο κωδικό QR απευθείας στο πρόγραμμα περιήγησής σας. 100% επεξεργασία εκτός σύνδεσης για απόλυτη προστασία της ιδιωτικής ζωής. Δωρεάν, χωρίς όρια και εξαιρετικά ασφαλές.
Μετατρέψτε τα δεδομένα σας App Store σε προσαρμοσμένο κωδικό QR απευθείας στο πρόγραμμα περιήγησής σας. 100% επεξεργασία εκτός σύνδεσης για απόλυτη προστασία της ιδιωτικής ζωής. Δωρεάν, χωρίς όρια και εξαιρετικά ασφαλές.",,,"220
220",2,true
21,https://createmy-qr.com/hi/wi-fi-muph-t-onnlaain-kyuuaar-kodd-jnrettr,"वाई-फ़ाई QR कोड जेनरेटर - मुफ़्त और कस्टम | CreateMy-QR
वाई-फ़ाई - मुफ़्त ऑनलाइन क्यूआर कोड जनरेटर - CreateMy-QR",text/html; charset=utf-8,false,200,0,0,"अपने वाई-फ़ाई डेटा को सीधे अपने ब्राउज़र में एक कस्टम क्यूआर कोड में बदलें। पूर्ण गोपनीयता के लिए 100% ऑफ़लाइन संसाधित। निःशुल्क, कोई सीमा नहीं, और अत्यधिक सुरक्षित।
अपने वाई-फ़ाई डेटा को सीधे अपने ब्राउज़र में एक कस्टम क्यूआर कोड में बदलें। पूर्ण गोपनीयता के लिए 100% ऑफ़लाइन संसाधित। निःशुल्क, कोई सीमा नहीं, और अत्यधिक सुरक्षित।",,,"165
165",2,true
21,https://createmy-qr.com/pl/wydarzenie-darmowy-generator-kodow-qr-online,"Generator kodów QR Wydarzenie — bezpłatny i niestandardowy | CreateMy-QR
Wydarzenie - Darmowy Generator Kodów QR Online - CreateMy-QR",text/html; charset=utf-8,false,200,0,0,"Konwertuj dane Wydarzenie na niestandardowy kod QR bezpośrednio w przeglądarce. 100% przetwarzane w trybie offline, aby zapewnić całkowitą prywatność. Bezpłatnie, bez ograniczeń i bardzo bezpiecznie.
Konwertuj dane Wydarzenie na niestandardowy kod QR bezpośrednio w przeglądarce. 100% przetwarzane w trybie offline, aby zapewnić całkowitą prywatność. Bezpłatnie, bez ograniczeń i bardzo bezpiecznie.",,,"199
199",2,true
21,https://createmy-qr.com/pt/snapchat-gerador-de-codigo-qr-gratis-online,"Gerador de código QR Snapchat - gratuito e personalizado | CreateMy-QR
Snapchat - Gerador de Código QR Grátis Online - CreateMy-QR",text/html; charset=utf-8,false,200,0,0,"Converta seus dados do Snapchat em um código QR personalizado diretamente no seu navegador. 100% processado offline para privacidade absoluta. Gratuito, sem limites e altamente seguro.
Converta seus dados do Snapchat em um código QR personalizado diretamente no seu navegador. 100% processado offline para privacidade absoluta. Gratuito, sem limites e altamente seguro.",,,"184
184",2,true
21,https://createmy-qr.com/de/app-store-kostenloser-qr-code-generator-online,"App Store QR-Code-Generator – kostenlos und benutzerdefiniert | CreateMy-QR
App Store - Kostenloser QR-Code Generator Online - CreateMy-QR",text/html; charset=utf-8,false,200,0,0,"Wandeln Sie Ihre App Store-Daten direkt in Ihrem Browser in einen benutzerdefinierten QR-Code um. 100 % offline verarbeitet für absolute Privatsphäre. Kostenlos, ohne Grenzen und äußerst sicher.
Wandeln Sie Ihre App Store-Daten direkt in Ihrem Browser in einen benutzerdefinierten QR-Code um. 100 % offline verarbeitet für absolute Privatsphäre. Kostenlos, ohne Grenzen und äußerst sicher.",,,"194
194",2,true
21,https://createmy-qr.com/ro/tiktok-generator-de-coduri-qr-gratuit-online,"TikTok QR Code Generator - Gratuit și personalizat | CreateMy-QR
TikTok - Generator de Coduri QR Gratuit Online - CreateMy-QR",text/html; charset=utf-8,false,200,0,0,"Transformați datele dvs. TikTok într-un cod QR personalizat direct în browser. Procesat 100% offline pentru confidențialitate absolută. Gratuit, fără limite și foarte sigur.
Transformați datele dvs. TikTok într-un cod QR personalizat direct în browser. Procesat 100% offline pentru confidențialitate absolută. Gratuit, fără limite și foarte sigur.",,,"173
173",2,true
21,https://createmy-qr.com/fr/emplacement-generateur-de-code-qr-gratuit-en-ligne,"Générateur de code QR Emplacement - Gratuit et personnalisé | CreateMy-QR
Emplacement - Générateur de Code QR Gratuit en Ligne - CreateMy-QR",text/html; charset=utf-8,false,200,0,0,"Convertissez vos données Emplacement en un code QR personnalisé directement dans votre navigateur. 100 % traité hors ligne pour une confidentialité absolue. Gratuit, sans limites et hautement sécurisé.
Convertissez vos données Emplacement en un code QR personnalisé directement dans votre navigateur. 100 % traité hors ligne pour une confidentialité absolue. Gratuit, sans limites et hautement sécurisé.",,,"201
201",2,true
21,https://createmy-qr.com/pl/venmo-darmowy-generator-kodow-qr-online,"Generator kodów QR Venmo — bezpłatny i niestandardowy | CreateMy-QR
Venmo - Darmowy Generator Kodów QR Online - CreateMy-QR",text/html; charset=utf-8,false,200,0,0,"Konwertuj dane Venmo na niestandardowy kod QR bezpośrednio w przeglądarce. 100% przetwarzane w trybie offline, aby zapewnić całkowitą prywatność. Bezpłatnie, bez ograniczeń i bardzo bezpiecznie.
Konwertuj dane Venmo na niestandardowy kod QR bezpośrednio w przeglądarce. 100% przetwarzane w trybie offline, aby zapewnić całkowitą prywatność. Bezpłatnie, bez ograniczeń i bardzo bezpiecznie.",,,"194
194",2,true
21,https://createmy-qr.com/ro/crypto-generator-de-coduri-qr-gratuit-online,"Crypto QR Code Generator - Gratuit și personalizat | CreateMy-QR
Crypto - Generator de Coduri QR Gratuit Online - CreateMy-QR",text/html; charset=utf-8,false,200,0,0,"Transformați datele dvs. Crypto într-un cod QR personalizat direct în browser. Procesat 100% offline pentru confidențialitate absolută. Gratuit, fără limite și foarte sigur.
Transformați datele dvs. Crypto într-un cod QR personalizat direct în browser. Procesat 100% offline pentru confidențialitate absolută. Gratuit, fără limite și foarte sigur.",,,"173
173",2,true
21,https://createmy-qr.com/tr/etkinlik-ucretsiz-cevrimici-qr-kod-olusturucu,"Etkinlik QR Kod Oluşturucu - Ücretsiz ve Özel | CreateMy-QR
Etkinlik - Ücretsiz Çevrimiçi QR Kod Oluşturucu - CreateMy-QR",text/html; charset=utf-8,false,200,0,0,"Etkinlik verilerinizi doğrudan tarayıcınızda özel bir QR koduna dönüştürün. Mutlak gizlilik için %100 çevrimdışı işlenir. Ücretsiz, sınırsız ve son derece güvenli.
Etkinlik verilerinizi doğrudan tarayıcınızda özel bir QR koduna dönüştürün. Mutlak gizlilik için %100 çevrimdışı işlenir. Ücretsiz, sınırsız ve son derece güvenli.",,,"163
163",2,true
21,https://createmy-qr.com/ar/saar-mjny-100,"مولد رمز الاستجابة السريعة مجاني - CreateMy-QR (No Signup) | أسعار مجانية 100%
types.pricing QR Code Generator - مجاني ومخصص | CreateMy-QR
أسعار مجانية 100% | CreateMy-QR",text/html; charset=utf-8,false,200,0,0,"Learn more about CreateMy-QR 100% free pricing.
قم بتحويل بيانات types.pricing الخاصة بك إلى رمز QR مخصص مباشرةً في متصفحك. تمت معالجتها بنسبة 100% دون الاتصال بالإنترنت لتوفير الخصوصية المطلقة. مجاني، بلا حدود، وآمن للغاية.",,,"47
176",2,true
21,https://createmy-qr.com/ms/imej-penjana-kod-qr-percuma-dalam-talian,"Penjana Kod QR Imej - Percuma & Tersuai | CreateMy-QR
Imej - Penjana Kod QR Percuma Dalam Talian - CreateMy-QR",text/html; charset=utf-8,false,200,0,0,"Tukar data Imej anda kepada kod QR tersuai terus dalam penyemak imbas anda. 100% diproses di luar talian untuk privasi mutlak. Percuma, tiada had dan sangat selamat.
Tukar data Imej anda kepada kod QR tersuai terus dalam penyemak imbas anda. 100% diproses di luar talian untuk privasi mutlak. Percuma, tiada had dan sangat selamat.",,,"165
165",2,true
21,https://createmy-qr.com/sv/wi-fi-gratis-qr-kod-generator-online,"Wi-Fi QR Code Generator - Gratis & anpassad | CreateMy-QR
Wi-Fi - Gratis QR-kod Generator Online - CreateMy-QR",text/html; charset=utf-8,false,200,0,0,"Konvertera dina Wi-Fi-data till en anpassad QR-kod direkt i din webbläsare. 100 % bearbetad offline för absolut integritet. Gratis, inga gränser och mycket säker.
Konvertera dina Wi-Fi-data till en anpassad QR-kod direkt i din webbläsare. 100 % bearbetad offline för absolut integritet. Gratis, inga gränser och mycket säker.",,,"162
162",2,true
21,https://createmy-qr.com/cs/,"CreateMy-QR | Všechny QR a čárové kódy Nástroje na jednom místě
CreateMy-QR | Všechny QR a čárové kódy Nástroje na jednom místě
home - Zdarma Online Generátor QR Kódů - CreateMy-QR",text/html; charset=utf-8,false,200,0,1,"Převeďte svá data home na vlastní QR kód přímo ve vašem prohlížeči. 100% zpracováno offline pro absolutní soukromí. Zdarma, bez omezení a vysoce bezpečné.
Vygenerujte si zdarma 37 typů QR kódů a čárových kódů.Žádná registrace.Okamžité stažení.100% na straně klienta, v souladu s ISO/IEC 18004, k dispozici ve 30 jazycích.
Vygenerujte si zdarma 37 typů QR kódů a čárových kódů.Žádná registrace.Okamžité stažení.100% na straně klienta, v souladu s ISO/IEC 18004, k dispozici ve 30 jazycích.",,,"154
166
166",3,true
21,https://createmy-qr.com/uk/discord-bezkoshtovniy-generator-qr-kodiv-onlayn,"Генератор QR-коду Розлад – безкоштовний і користувацький | CreateMy-QR
Розлад - Безкоштовний Генератор QR-кодів Онлайн - CreateMy-QR",text/html; charset=utf-8,false,200,0,0,"Перетворіть свої дані Розлад на власний QR-код безпосередньо у своєму браузері. 100% обробка офлайн для повної конфіденційності. Безкоштовно, без обмежень і дуже безпечно.
Перетворіть свої дані Розлад на власний QR-код безпосередньо у своєму браузері. 100% обробка офлайн для повної конфіденційності. Безкоштовно, без обмежень і дуже безпечно.",,,"171
171",2,true
21,https://createmy-qr.com/it/x-twitter-generatore-di-codici-qr-gratis-online,"Generatore di codici QR X (Twitter) - Gratuito e personalizzato | CreateMy-QR
X (Twitter) - Generatore di Codici QR Gratis Online - CreateMy-QR",text/html; charset=utf-8,false,200,0,0,"Converti i tuoi dati X (Twitter) in un codice QR personalizzato direttamente nel tuo browser. Elaborato offline al 100% per una privacy assoluta. Gratuito, senza limiti e altamente sicuro.
Converti i tuoi dati X (Twitter) in un codice QR personalizzato direttamente nel tuo browser. Elaborato offline al 100% per una privacy assoluta. Gratuito, senza limiti e altamente sicuro.",,,"188
188",2,true
21,https://createmy-qr.com/de/vcard-kostenloser-qr-code-generator-online,"vCard QR-Code-Generator – kostenlos und benutzerdefiniert | CreateMy-QR
vCard - Kostenloser QR-Code Generator Online - CreateMy-QR",text/html; charset=utf-8,false,200,0,0,"Wandeln Sie Ihre vCard-Daten direkt in Ihrem Browser in einen benutzerdefinierten QR-Code um. 100 % offline verarbeitet für absolute Privatsphäre. Kostenlos, ohne Grenzen und äußerst sicher.
Wandeln Sie Ihre vCard-Daten direkt in Ihrem Browser in einen benutzerdefinierten QR-Code um. 100 % offline verarbeitet für absolute Privatsphäre. Kostenlos, ohne Grenzen und äußerst sicher.",,,"190
190",2,true
21,https://createmy-qr.com/sv/plats-gratis-qr-kod-generator-online,"Plats QR Code Generator - Gratis & anpassad | CreateMy-QR
Plats - Gratis QR-kod Generator Online - CreateMy-QR",text/html; charset=utf-8,false,200,0,0,"Konvertera dina Plats-data till en anpassad QR-kod direkt i din webbläsare. 100 % bearbetad offline för absolut integritet. Gratis, inga gränser och mycket säker.
Konvertera dina Plats-data till en anpassad QR-kod direkt i din webbläsare. 100 % bearbetad offline för absolut integritet. Gratis, inga gränser och mycket säker.",,,"162
162",2,true
21,https://createmy-qr.com/vi/cong-cu-so-sanh,"Tạo Mã QR Miễn Phí Trực Tuyến - CreateMy-QR (No Signup) | Công cụ so sánh
Trình tạo mã QR types.compare - Miễn phí & Tùy chỉnh | CreateMy-QR
Công cụ so sánh | CreateMy-QR",text/html; charset=utf-8,false,200,0,0,"Learn more about CreateMy-QR compare tools.
Chuyển đổi dữ liệu types.compare của bạn thành mã QR tùy chỉnh trực tiếp trong trình duyệt của bạn. 100% được xử lý ngoại tuyến để đảm bảo quyền riêng tư tuyệt đối. Miễn phí, không giới hạn và có tính bảo mật cao.",,,"43
213",2,true
21,https://createmy-qr.com/es/telegram-generador-de-codigos-qr-gratis-online,"Generador de códigos QR Telegrama: gratuito y personalizado | CreateMy-QR
Telegrama - Generador de Códigos QR Gratis Online - CreateMy-QR",text/html; charset=utf-8,false,200,0,0,"Convierta sus datos de Telegrama en un código QR personalizado directamente en su navegador. 100% procesado fuera de línea para absoluta privacidad. Gratis, sin límites y muy seguro.
Convierta sus datos de Telegrama en un código QR personalizado directamente en su navegador. 100% procesado fuera de línea para absoluta privacidad. Gratis, sin límites y muy seguro.",,,"182
182",2,true
21,https://createmy-qr.com/bn/sms-phri-anlaain-kiuaar-kodd-jenaarettr,"SMS QR কোড জেনারেটর - বিনামূল্যে এবং কাস্টম | CreateMy-QR
SMS - ফ্রি অনলাইন কিউআর কোড জেনারেটর - CreateMy-QR",text/html; charset=utf-8,false,200,0,0,"আপনার ব্রাউজারে সরাসরি একটি কাস্টম QR কোডে আপনার SMS ডেটা রূপান্তর করুন। সম্পূর্ণ গোপনীয়তার জন্য 100% অফলাইনে প্রক্রিয়া করা হয়েছে। বিনামূল্যে, কোন সীমা নেই, এবং অত্যন্ত নিরাপদ।
আপনার ব্রাউজারে সরাসরি একটি কাস্টম QR কোডে আপনার SMS ডেটা রূপান্তর করুন। সম্পূর্ণ গোপনীয়তার জন্য 100% অফলাইনে প্রক্রিয়া করা হয়েছে। বিনামূল্যে, কোন সীমা নেই, এবং অত্যন্ত নিরাপদ।",,,"179
179",2,true
21,https://createmy-qr.com/el/tiktok-dorean-dimioyrgia-qr-code-online,"TikTok QR Code Generator - Δωρεάν & Προσαρμοσμένο | CreateMy-QR
TikTok - Δωρεάν Δημιουργία QR Code Online - CreateMy-QR",text/html; charset=utf-8,false,200,0,0,"Μετατρέψτε τα δεδομένα σας TikTok σε προσαρμοσμένο κωδικό QR απευθείας στο πρόγραμμα περιήγησής σας. 100% επεξεργασία εκτός σύνδεσης για απόλυτη προστασία της ιδιωτικής ζωής. Δωρεάν, χωρίς όρια και εξαιρετικά ασφαλές.
Μετατρέψτε τα δεδομένα σας TikTok σε προσαρμοσμένο κωδικό QR απευθείας στο πρόγραμμα περιήγησής σας. 100% επεξεργασία εκτός σύνδεσης για απόλυτη προστασία της ιδιωτικής ζωής. Δωρεάν, χωρίς όρια και εξαιρετικά ασφαλές.",,,"217
217",2,true
21,https://createmy-qr.com/th/,"CreateMy-QR | QR และบาร์โค้ดทั้งหมด เครื่องมือในที่เดียว
CreateMy-QR | QR และบาร์โค้ดทั้งหมด เครื่องมือในที่เดียว
home - เครื่องมือสร้างคิวอาร์โค้ดออนไลน์ฟรี - CreateMy-QR",text/html; charset=utf-8,false,200,0,1,"แปลงข้อมูล home ของคุณให้เป็นโค้ด QR ที่กำหนดเองได้โดยตรงในเบราว์เซอร์ของคุณ ประมวลผลแบบออฟไลน์ 100% เพื่อความเป็นส่วนตัวอย่างแท้จริง ฟรี ไม่จำกัด และมีความปลอดภัยสูง
สร้างรหัส QR และบาร์โค้ด 37 ประเภทฟรีไม่มีการลงทะเบียนดาวน์โหลดทันทีฝั่งไคลเอ็นต์ 100% เป็นไปตามมาตรฐาน ISO/IEC 18004 ให้บริการใน 30 ภาษา
สร้างรหัส QR และบาร์โค้ด 37 ประเภทฟรีไม่มีการลงทะเบียนดาวน์โหลดทันทีฝั่งไคลเอ็นต์ 100% เป็นไปตามมาตรฐาน ISO/IEC 18004 ให้บริการใน 30 ภาษา",,,"166
137
137",3,true
21,https://createmy-qr.com/tr/whatsapp-ucretsiz-cevrimici-qr-kod-olusturucu,"WhatsApp QR Kod Oluşturucu - Ücretsiz ve Özel | CreateMy-QR
WhatsApp - Ücretsiz Çevrimiçi QR Kod Oluşturucu - CreateMy-QR",text/html; charset=utf-8,false,200,0,0,"WhatsApp verilerinizi doğrudan tarayıcınızda özel bir QR koduna dönüştürün. Mutlak gizlilik için %100 çevrimdışı işlenir. Ücretsiz, sınırsız ve son derece güvenli.
WhatsApp verilerinizi doğrudan tarayıcınızda özel bir QR koduna dönüştürün. Mutlak gizlilik için %100 çevrimdışı işlenir. Ücretsiz, sınırsız ve son derece güvenli.",,,"163
163",2,true
21,https://createmy-qr.com/nl/gratis-qr-code-generator-online,"Gratis barcodegenerator online - Maak 1D-streepjescodes
types.barcode QR-codegenerator - gratis en aangepast | CreateMy-QR
barcode - Gratis QR Code Generator Online - CreateMy-QR",text/html; charset=utf-8,false,200,0,0,"Converteer uw barcode-gegevens rechtstreeks in uw browser naar een aangepaste QR-code. 100% offline verwerkt voor absolute privacy. Gratis, geen grenzen en zeer veilig.
Converteer uw types.barcode-gegevens rechtstreeks in uw browser naar een aangepaste QR-code. 100% offline verwerkt voor absolute privacy. Gratis, geen grenzen en zeer veilig.
Genereer direct professionele 1D-barcodes. Ondersteuning voor Code-128, UPC, EAN, ITF-14 en meer. Gratis, veilig en klaar om te downloaden in PNG met hoge resolutie.",,,"168
174
165",3,true
21,https://createmy-qr.com/pl/darmowy-generator-kodow-qr-online-2,"Bezpłatny skaner kodów QR online — natychmiastowe skanowanie kodów QR
Generator kodów QR types.scanqr — bezpłatny i niestandardowy | CreateMy-QR
scanqr - Darmowy Generator Kodów QR Online - CreateMy-QR",text/html; charset=utf-8,false,200,0,0,"Konwertuj dane scanqr na niestandardowy kod QR bezpośrednio w przeglądarce. 100% przetwarzane w trybie offline, aby zapewnić całkowitą prywatność. Bezpłatnie, bez ograniczeń i bardzo bezpiecznie.
Konwertuj dane types.scanqr na niestandardowy kod QR bezpośrednio w przeglądarce. 100% przetwarzane w trybie offline, aby zapewnić całkowitą prywatność. Bezpłatnie, bez ograniczeń i bardzo bezpiecznie.
Natychmiast skanuj kody QR za pomocą aparatu lub przesyłając obraz. 100% bezpieczne, prywatne przetwarzanie po stronie klienta.",,,"195
201
127",3,true
21,https://createmy-qr.com/el/tilefono-dorean-dimioyrgia-qr-code-online,"Τηλέφωνο QR Code Generator - Δωρεάν & Προσαρμοσμένο | CreateMy-QR
Τηλέφωνο - Δωρεάν Δημιουργία QR Code Online - CreateMy-QR",text/html; charset=utf-8,false,200,0,0,"Μετατρέψτε τα δεδομένα σας Τηλέφωνο σε προσαρμοσμένο κωδικό QR απευθείας στο πρόγραμμα περιήγησής σας. 100% επεξεργασία εκτός σύνδεσης για απόλυτη προστασία της ιδιωτικής ζωής. Δωρεάν, χωρίς όρια και εξαιρετικά ασφαλές.
Μετατρέψτε τα δεδομένα σας Τηλέφωνο σε προσαρμοσμένο κωδικό QR απευθείας στο πρόγραμμα περιήγησής σας. 100% επεξεργασία εκτός σύνδεσης για απόλυτη προστασία της ιδιωτικής ζωής. Δωρεάν, χωρίς όρια και εξαιρετικά ασφαλές.",,,"219
219",2,true
21,https://createmy-qr.com/fr/lecteur-de-codes-a-barres-generateur-de-code-qr-gratuit-en-ligne,"Scanner de codes-barres gratuit en ligne - Scannez UPC et EAN
Générateur de code QR Lecteur de codes à barres - Gratuit et personnalisé | CreateMy-QR
Lecteur de codes à barres - Générateur de Code QR Gratuit en Ligne - CreateMy-QR",text/html; charset=utf-8,false,200,0,0,"Convertissez vos données Lecteur de codes à barres en un code QR personnalisé directement dans votre navigateur. 100 % traité hors ligne pour une confidentialité absolue. Gratuit, sans limites et hautement sécurisé.
Convertissez vos données Lecteur de codes à barres en un code QR personnalisé directement dans votre navigateur. 100 % traité hors ligne pour une confidentialité absolue. Gratuit, sans limites et hautement sécurisé.
Scannez gratuitement les codes-barres en ligne à l'aide de l'appareil photo de votre appareil ou téléchargez une image.Prend en charge UPC, EAN, Code 128 et plus.100% privé et sécurisé.",,,"215
215
185",3,true
21,https://createmy-qr.com/bn/prissebaar-shrtaablii,"ফ্রি অনলাইন কিউআর কোড জেনারেটর - CreateMy-QR (No Signup) | পরিষেবার শর্তাবলী
types.terms QR কোড জেনারেটর - বিনামূল্যে এবং কাস্টম | CreateMy-QR
পরিষেবার শর্তাবলী | CreateMy-QR",text/html; charset=utf-8,false,200,0,0,"Learn more about CreateMy-QR terms of service.
আপনার ব্রাউজারে সরাসরি একটি কাস্টম QR কোডে আপনার types.terms ডেটা রূপান্তর করুন। সম্পূর্ণ গোপনীয়তার জন্য 100% অফলাইনে প্রক্রিয়া করা হয়েছে। বিনামূল্যে, কোন সীমা নেই, এবং অত্যন্ত নিরাপদ।",,,"46
187",2,true
21,https://createmy-qr.com/tr/guvenlik-mimarisi,"Ücretsiz Çevrimiçi QR Kod Oluşturucu - CreateMy-QR (No Signup) | Güvenlik Mimarisi
types.security QR Kod Oluşturucu - Ücretsiz ve Özel | CreateMy-QR
Güvenlik Mimarisi | CreateMy-QR",text/html; charset=utf-8,false,200,0,0,"Learn more about CreateMy-QR security architecture.
types.security verilerinizi doğrudan tarayıcınızda özel bir QR koduna dönüştürün. Mutlak gizlilik için %100 çevrimdışı işlenir. Ücretsiz, sınırsız ve son derece güvenli.",,,"51
169",2,true
21,https://createmy-qr.com/tl/whatsapp-libreng-online-qr-code-generator,"WhatsApp QR Code Generator - Libre at Custom | CreateMy-QR
WhatsApp - Libreng Online QR Code Generator - CreateMy-QR",text/html; charset=utf-8,false,200,0,0,"I-convert ang iyong WhatsApp data sa isang custom na QR code nang direkta sa iyong browser. 100% na naproseso offline para sa ganap na privacy. Libre, walang limitasyon, at lubos na secure.
I-convert ang iyong WhatsApp data sa isang custom na QR code nang direkta sa iyong browser. 100% na naproseso offline para sa ganap na privacy. Libre, walang limitasyon, at lubos na secure.",,,"189
189",2,true
21,https://createmy-qr.com/fi/ilmainen-qr-koodigeneraattori-netissa-2,"Ilmainen QR-koodinlukija verkossa - Skannaa QR-koodi heti
types.scanqr QR-koodigeneraattori - ilmainen ja räätälöity | CreateMy-QR
scanqr - Ilmainen QR-koodigeneraattori Netissä - CreateMy-QR",text/html; charset=utf-8,false,200,0,0,"Muunna scanqr-tietosi mukautetuksi QR-koodiksi suoraan selaimessasi. 100 % käsitelty offline-tilassa täydellisen yksityisyyden takaamiseksi. Ilmainen, ei rajoituksia ja erittäin turvallinen.
Muunna types.scanqr-tietosi mukautetuksi QR-koodiksi suoraan selaimessasi. 100 % käsitelty offline-tilassa täydellisen yksityisyyden takaamiseksi. Ilmainen, ei rajoituksia ja erittäin turvallinen.
Skannaa QR-koodit välittömästi kamerallasi tai lataamalla kuva. 100 % turvallinen, yksityinen ja asiakaspuolen käsittely.",,,"190
196
121",3,true
21,https://createmy-qr.com/it/pdf-generatore-di-codici-qr-gratis-online,"Generatore di codici QR PDF - Gratuito e personalizzato | CreateMy-QR
PDF - Generatore di Codici QR Gratis Online - CreateMy-QR",text/html; charset=utf-8,false,200,0,0,"Converti i tuoi dati PDF in un codice QR personalizzato direttamente nel tuo browser. Elaborato offline al 100% per una privacy assoluta. Gratuito, senza limiti e altamente sicuro.
Converti i tuoi dati PDF in un codice QR personalizzato direttamente nel tuo browser. Elaborato offline al 100% per una privacy assoluta. Gratuito, senza limiti e altamente sicuro.",,,"180
180",2,true
21,https://createmy-qr.com/no/,"CreateMy-QR | Alle QR og strekkoder Verktøy på ett sted
CreateMy-QR | Alle QR og strekkoder Verktøy på ett sted
home - Gratis QR-kode Generator Online - CreateMy-QR",text/html; charset=utf-8,false,200,0,1,"Konverter home-dataene dine til en tilpasset QR-kode direkte i nettleseren din. 100 % behandlet offline for absolutt personvern. Gratis, ingen grenser og svært sikker.
Generer 37 typer QR-koder og strekkoder gratis.Ingen påmelding.Øyeblikkelig nedlasting.100 % klientside, ISO/IEC 18004-kompatibel, tilgjengelig på 30 språk.
Generer 37 typer QR-koder og strekkoder gratis.Ingen påmelding.Øyeblikkelig nedlasting.100 % klientside, ISO/IEC 18004-kompatibel, tilgjengelig på 30 språk.",,,"167
156
156",3,true
21,https://createmy-qr.com/de/google-forms-kostenloser-qr-code-generator-online,"Google-Formulare QR-Code-Generator – kostenlos und benutzerdefiniert | CreateMy-QR
Google-Formulare - Kostenloser QR-Code Generator Online - CreateMy-QR",text/html; charset=utf-8,false,200,0,0,"Wandeln Sie Ihre Google-Formulare-Daten direkt in Ihrem Browser in einen benutzerdefinierten QR-Code um. 100 % offline verarbeitet für absolute Privatsphäre. Kostenlos, ohne Grenzen und äußerst sicher.
Wandeln Sie Ihre Google-Formulare-Daten direkt in Ihrem Browser in einen benutzerdefinierten QR-Code um. 100 % offline verarbeitet für absolute Privatsphäre. Kostenlos, ohne Grenzen und äußerst sicher.",,,"201
201",2,true
21,https://createmy-qr.com/pt/spotify-gerador-de-codigo-qr-gratis-online,"Gerador de código QR Spotify - gratuito e personalizado | CreateMy-QR
Spotify - Gerador de Código QR Grátis Online - CreateMy-QR",text/html; charset=utf-8,false,200,0,0,"Converta seus dados do Spotify em um código QR personalizado diretamente no seu navegador. 100% processado offline para privacidade absoluta. Gratuito, sem limites e altamente seguro.
Converta seus dados do Spotify em um código QR personalizado diretamente no seu navegador. 100% processado offline para privacidade absoluta. Gratuito, sem limites e altamente seguro.",,,"183
183",2,true
21,https://createmy-qr.com/fr/architecture-de-securite,"Générateur de Code QR Gratuit en Ligne - CreateMy-QR (No Signup) | Architecture de sécurité
Générateur de code QR types.security - Gratuit et personnalisé | CreateMy-QR
Architecture de sécurité | CreateMy-QR",text/html; charset=utf-8,false,200,0,0,"Learn more about CreateMy-QR security architecture.
Convertissez vos données types.security en un code QR personnalisé directement dans votre navigateur. 100 % traité hors ligne pour une confidentialité absolue. Gratuit, sans limites et hautement sécurisé.",,,"51
204",2,true
21,https://createmy-qr.com/pt/url-link-gerador-de-codigo-qr-gratis-online,"Gerador de Código QR Grátis Online - CreateMy-QR (No Signup) | CreateMy-QR
Gerador de Código QR Grátis Online - CreateMy-QR (No Signup)",text/html; charset=utf-8,false,200,0,0,"Crie Códigos QR com Logotipo e Cor - Sem Registro, Ilimitado. 100% privacy-safe, client-side generation without signup. Try CreateMy-QR today.
Converta seus dados do URL/Link em um código QR personalizado diretamente no seu navegador. 100% processado offline para privacidade absoluta. Gratuito, sem limites e altamente seguro.",,,"142
184",2,true
21,https://createmy-qr.com/tl/audio-libreng-online-qr-code-generator,"Audio QR Code Generator - Libre at Custom | CreateMy-QR
Audio - Libreng Online QR Code Generator - CreateMy-QR",text/html; charset=utf-8,false,200,0,0,"I-convert ang iyong Audio data sa isang custom na QR code nang direkta sa iyong browser. 100% na naproseso offline para sa ganap na privacy. Libre, walang limitasyon, at lubos na secure.
I-convert ang iyong Audio data sa isang custom na QR code nang direkta sa iyong browser. 100% na naproseso offline para sa ganap na privacy. Libre, walang limitasyon, at lubos na secure.",,,"186
186",2,true
21,https://createmy-qr.com/vi/tao-ma-qr-mien-phi-truc-tuyen-2,"Máy quét mã QR trực tuyến miễn phí - Quét QR ngay lập tức
Trình tạo mã QR types.scanqr - Miễn phí & Tùy chỉnh | CreateMy-QR
scanqr - Tạo Mã QR Miễn Phí Trực Tuyến - CreateMy-QR",text/html; charset=utf-8,false,200,0,0,"Chuyển đổi dữ liệu scanqr của bạn thành mã QR tùy chỉnh trực tiếp trong trình duyệt của bạn. 100% được xử lý ngoại tuyến để đảm bảo quyền riêng tư tuyệt đối. Miễn phí, không giới hạn và có tính bảo mật cao.
Chuyển đổi dữ liệu types.scanqr của bạn thành mã QR tùy chỉnh trực tiếp trong trình duyệt của bạn. 100% được xử lý ngoại tuyến để đảm bảo quyền riêng tư tuyệt đối. Miễn phí, không giới hạn và có tính bảo mật cao.
Quét mã QR ngay lập tức bằng máy ảnh của bạn hoặc bằng cách tải hình ảnh lên. Xử lý 100% an toàn, riêng tư và phía khách hàng.",,,"206
212
126",3,true
21,https://createmy-qr.com/el/url-link-dorean-dimioyrgia-qr-code-online,"Δωρεάν Δημιουργία QR Code Online - CreateMy-QR (No Signup) | CreateMy-QR
Δωρεάν Δημιουργία QR Code Online - CreateMy-QR (No Signup)",text/html; charset=utf-8,false,200,0,0,"Φτιάξτε QR Code με Λογότυπο & Χρώμα - Χωρίς Εγγραφή, Απεριόριστα. 100% privacy-safe, client-side generation without signup. Try CreateMy-QR today.
Μετατρέψτε τα δεδομένα σας URL / Σύνδεσμος σε προσαρμοσμένο κωδικό QR απευθείας στο πρόγραμμα περιήγησής σας. 100% επεξεργασία εκτός σύνδεσης για απόλυτη προστασία της ιδιωτικής ζωής. Δωρεάν, χωρίς όρια και εξαιρετικά ασφαλές.",,,"146
226",2,true
21,https://createmy-qr.com/nl/email-gratis-qr-code-generator-online,"E-mail QR-codegenerator - gratis en aangepast | CreateMy-QR
E-mail - Gratis QR Code Generator Online - CreateMy-QR",text/html; charset=utf-8,false,200,0,0,"Converteer uw E-mail-gegevens rechtstreeks in uw browser naar een aangepaste QR-code. 100% offline verwerkt voor absolute privacy. Gratis, geen grenzen en zeer veilig.
Converteer uw E-mail-gegevens rechtstreeks in uw browser naar een aangepaste QR-code. 100% offline verwerkt voor absolute privacy. Gratis, geen grenzen en zeer veilig.",,,"167
167",2,true
21,https://createmy-qr.com/es/comparar-herramientas,"Generador de Códigos QR Gratis Online - CreateMy-QR (No Signup) | Comparar herramientas
Generador de códigos QR types.compare: gratuito y personalizado | CreateMy-QR
Comparar herramientas | CreateMy-QR",text/html; charset=utf-8,false,200,0,0,"Learn more about CreateMy-QR compare tools.
Convierta sus datos de types.compare en un código QR personalizado directamente en su navegador. 100% procesado fuera de línea para absoluta privacidad. Gratis, sin límites y muy seguro.",,,"43
186",2,true
21,https://createmy-qr.com/sv/linkedin-gratis-qr-kod-generator-online,"LinkedIn QR Code Generator - Gratis & anpassad | CreateMy-QR
LinkedIn - Gratis QR-kod Generator Online - CreateMy-QR",text/html; charset=utf-8,false,200,0,0,"Konvertera dina LinkedIn-data till en anpassad QR-kod direkt i din webbläsare. 100 % bearbetad offline för absolut integritet. Gratis, inga gränser och mycket säker.
Konvertera dina LinkedIn-data till en anpassad QR-kod direkt i din webbläsare. 100 % bearbetad offline för absolut integritet. Gratis, inga gränser och mycket säker.",,,"165
165",2,true
21,https://createmy-qr.com/ro/generator-de-coduri-qr-gratuit-online-3,"Free Barcode Scanner Online - Scan UPC & EAN
Barcode Scanner QR Code Generator - Gratuit și personalizat | CreateMy-QR
scanbarcode - Generator de Coduri QR Gratuit Online - CreateMy-QR",text/html; charset=utf-8,false,200,0,0,"Transformați datele dvs. scanbarcode într-un cod QR personalizat direct în browser. Procesat 100% offline pentru confidențialitate absolută. Gratuit, fără limite și foarte sigur.
Transformați datele dvs. Barcode Scanner într-un cod QR personalizat direct în browser. Procesat 100% offline pentru confidențialitate absolută. Gratuit, fără limite și foarte sigur.
Scan barcodes online for free using your device's camera or upload an image. Supports UPC, EAN, Code 128 and more. 100% private and secure.",,,"178
182
139",3,true
21,https://createmy-qr.com/tl/barcode-scanner-libreng-online-qr-code-generator,"Libreng Barcode Scanner Online - I-scan ang UPC at EAN
Barcode Scanner QR Code Generator - Libre at Custom | CreateMy-QR
Barcode Scanner - Libreng Online QR Code Generator - CreateMy-QR",text/html; charset=utf-8,false,200,0,0,"I-convert ang iyong Barcode Scanner data sa isang custom na QR code nang direkta sa iyong browser. 100% na naproseso offline para sa ganap na privacy. Libre, walang limitasyon, at lubos na secure.
I-convert ang iyong Barcode Scanner data sa isang custom na QR code nang direkta sa iyong browser. 100% na naproseso offline para sa ganap na privacy. Libre, walang limitasyon, at lubos na secure.
I-scan ang mga barcode online nang libre gamit ang camera ng iyong device o mag-upload ng larawan.Sinusuportahan ang UPC, EAN, Code 128 at higit pa.100% pribado at ligtas.",,,"196
196
171",3,true
21,https://createmy-qr.com/bn/gopniiy-taa-niiti,"ফ্রি অনলাইন কিউআর কোড জেনারেটর - CreateMy-QR (No Signup) | গোপনীয়তা নীতি
types.privacy QR কোড জেনারেটর - বিনামূল্যে এবং কাস্টম | CreateMy-QR
গোপনীয়তা নীতি | CreateMy-QR",text/html; charset=utf-8,false,200,0,0,"Learn more about CreateMy-QR privacy policy.
আপনার ব্রাউজারে সরাসরি একটি কাস্টম QR কোডে আপনার types.privacy ডেটা রূপান্তর করুন। সম্পূর্ণ গোপনীয়তার জন্য 100% অফলাইনে প্রক্রিয়া করা হয়েছে। বিনামূল্যে, কোন সীমা নেই, এবং অত্যন্ত নিরাপদ।",,,"44
189",2,true
21,https://createmy-qr.com/no/tekst-gratis-qr-kode-generator-online,"Tekst QR Code Generator - Gratis og tilpasset | CreateMy-QR
Tekst - Gratis QR-kode Generator Online - CreateMy-QR",text/html; charset=utf-8,false,200,0,0,"Konverter Tekst-dataene dine til en tilpasset QR-kode direkte i nettleseren din. 100 % behandlet offline for absolutt personvern. Gratis, ingen grenser og svært sikker.
Konverter Tekst-dataene dine til en tilpasset QR-kode direkte i nettleseren din. 100 % behandlet offline for absolutt personvern. Gratis, ingen grenser og svært sikker.",,,"168
168",2,true
21,https://createmy-qr.com/it/audio-generatore-di-codici-qr-gratis-online,"Generatore di codici QR Audio - Gratuito e personalizzato | CreateMy-QR
Audio - Generatore di Codici QR Gratis Online - CreateMy-QR",text/html; charset=utf-8,false,200,0,0,"Converti i tuoi dati Audio in un codice QR personalizzato direttamente nel tuo browser. Elaborato offline al 100% per una privacy assoluta. Gratuito, senza limiti e altamente sicuro.
Converti i tuoi dati Audio in un codice QR personalizzato direttamente nel tuo browser. Elaborato offline al 100% per una privacy assoluta. Gratuito, senza limiti e altamente sicuro.",,,"182
182",2,true
21,https://createmy-qr.com/pl/pdf-darmowy-generator-kodow-qr-online,"Generator kodów QR PDF — bezpłatny i niestandardowy | CreateMy-QR
PDF - Darmowy Generator Kodów QR Online - CreateMy-QR",text/html; charset=utf-8,false,200,0,0,"Konwertuj dane PDF na niestandardowy kod QR bezpośrednio w przeglądarce. 100% przetwarzane w trybie offline, aby zapewnić całkowitą prywatność. Bezpłatnie, bez ograniczeń i bardzo bezpiecznie.
Konwertuj dane PDF na niestandardowy kod QR bezpośrednio w przeglądarce. 100% przetwarzane w trybie offline, aby zapewnić całkowitą prywatność. Bezpłatnie, bez ograniczeń i bardzo bezpiecznie.",,,"192
192",2,true
21,https://createmy-qr.com/th/pdf-ekhruue-ngmuue-sraangkhiw-aarokhd-nailnfrii,"PDF เครื่องสร้างโค้ด QR - ฟรีและกำหนดเอง | CreateMy-QR
PDF - เครื่องมือสร้างคิวอาร์โค้ดออนไลน์ฟรี - CreateMy-QR",text/html; charset=utf-8,false,200,0,0,"แปลงข้อมูล PDF ของคุณให้เป็นโค้ด QR ที่กำหนดเองได้โดยตรงในเบราว์เซอร์ของคุณ ประมวลผลแบบออฟไลน์ 100% เพื่อความเป็นส่วนตัวอย่างแท้จริง ฟรี ไม่จำกัด และมีความปลอดภัยสูง
แปลงข้อมูล PDF ของคุณให้เป็นโค้ด QR ที่กำหนดเองได้โดยตรงในเบราว์เซอร์ของคุณ ประมวลผลแบบออฟไลน์ 100% เพื่อความเป็นส่วนตัวอย่างแท้จริง ฟรี ไม่จำกัด และมีความปลอดภัยสูง",,,"165
165",2,true
21,https://createmy-qr.com/cs/google-forms-zdarma-online-generator-qr-kodu,"Formuláře Google generátor QR kódu – zdarma a na míru | CreateMy-QR
Formuláře Google - Zdarma Online Generátor QR Kódů - CreateMy-QR",text/html; charset=utf-8,false,200,0,0,"Převeďte svá data Formuláře Google na vlastní QR kód přímo ve vašem prohlížeči. 100% zpracováno offline pro absolutní soukromí. Zdarma, bez omezení a vysoce bezpečné.
Převeďte svá data Formuláře Google na vlastní QR kód přímo ve vašem prohlížeči. 100% zpracováno offline pro absolutní soukromí. Zdarma, bez omezení a vysoce bezpečné.",,,"166
166",2,true
21,https://createmy-qr.com/ro/locatia-generator-de-coduri-qr-gratuit-online,"Locația QR Code Generator - Gratuit și personalizat | CreateMy-QR
Locația - Generator de Coduri QR Gratuit Online - CreateMy-QR",text/html; charset=utf-8,false,200,0,0,"Transformați datele dvs. Locația într-un cod QR personalizat direct în browser. Procesat 100% offline pentru confidențialitate absolută. Gratuit, fără limite și foarte sigur.
Transformați datele dvs. Locația într-un cod QR personalizat direct în browser. Procesat 100% offline pentru confidențialitate absolută. Gratuit, fără limite și foarte sigur.",,,"174
174",2,true
21,https://createmy-qr.com/ar/spotify-mwld-rmz-lstjb-lsryaa-mjny,"سبوتيفي QR Code Generator - مجاني ومخصص | CreateMy-QR
سبوتيفي - مولد رمز الاستجابة السريعة مجاني - CreateMy-QR",text/html; charset=utf-8,false,200,0,0,"قم بتحويل بيانات سبوتيفي الخاصة بك إلى رمز QR مخصص مباشرةً في متصفحك. تمت معالجتها بنسبة 100% دون الاتصال بالإنترنت لتوفير الخصوصية المطلقة. مجاني، بلا حدود، وآمن للغاية.
قم بتحويل بيانات سبوتيفي الخاصة بك إلى رمز QR مخصص مباشرةً في متصفحك. تمت معالجتها بنسبة 100% دون الاتصال بالإنترنت لتوفير الخصوصية المطلقة. مجاني، بلا حدود، وآمن للغاية.",,,"170
170",2,true
21,https://createmy-qr.com/no/discord-gratis-qr-kode-generator-online,"Discord QR Code Generator - Gratis og tilpasset | CreateMy-QR
Discord - Gratis QR-kode Generator Online - CreateMy-QR",text/html; charset=utf-8,false,200,0,0,"Konverter Discord-dataene dine til en tilpasset QR-kode direkte i nettleseren din. 100 % behandlet offline for absolutt personvern. Gratis, ingen grenser og svært sikker.
Konverter Discord-dataene dine til en tilpasset QR-kode direkte i nettleseren din. 100 % behandlet offline for absolutt personvern. Gratis, ingen grenser og svært sikker.",,,"170
170",2,true
21,https://createmy-qr.com/sv/gratis-qr-kod-generator-online-2,"Gratis QR-kodskanner online - Skanna QR direkt
types.scanqr QR Code Generator - Gratis & anpassad | CreateMy-QR
scanqr - Gratis QR-kod Generator Online - CreateMy-QR",text/html; charset=utf-8,false,200,0,0,"Konvertera dina scanqr-data till en anpassad QR-kod direkt i din webbläsare. 100 % bearbetad offline för absolut integritet. Gratis, inga gränser och mycket säker.
Konvertera dina types.scanqr-data till en anpassad QR-kod direkt i din webbläsare. 100 % bearbetad offline för absolut integritet. Gratis, inga gränser och mycket säker.
Skanna QR-koder direkt med din kamera eller genom att ladda upp en bild. 100 % säker, privat bearbetning och bearbetning på klientsidan.",,,"163
169
136",3,true
21,https://createmy-qr.com/hi/telegram-muph-t-onnlaain-kyuuaar-kodd-jnrettr,"टेलीग्राम QR कोड जेनरेटर - मुफ़्त और कस्टम | CreateMy-QR
टेलीग्राम - मुफ़्त ऑनलाइन क्यूआर कोड जनरेटर - CreateMy-QR",text/html; charset=utf-8,false,200,0,0,"अपने टेलीग्राम डेटा को सीधे अपने ब्राउज़र में एक कस्टम क्यूआर कोड में बदलें। पूर्ण गोपनीयता के लिए 100% ऑफ़लाइन संसाधित। निःशुल्क, कोई सीमा नहीं, और अत्यधिक सुरक्षित।
अपने टेलीग्राम डेटा को सीधे अपने ब्राउज़र में एक कस्टम क्यूआर कोड में बदलें। पूर्ण गोपनीयता के लिए 100% ऑफ़लाइन संसाधित। निःशुल्क, कोई सीमा नहीं, और अत्यधिक सुरक्षित।",,,"166
166",2,true
21,https://createmy-qr.com/ms/video-penjana-kod-qr-percuma-dalam-talian,"Penjana Kod QR Video - Percuma & Tersuai | CreateMy-QR
Video - Penjana Kod QR Percuma Dalam Talian - CreateMy-QR",text/html; charset=utf-8,false,200,0,0,"Tukar data Video anda kepada kod QR tersuai terus dalam penyemak imbas anda. 100% diproses di luar talian untuk privasi mutlak. Percuma, tiada had dan sangat selamat.
Tukar data Video anda kepada kod QR tersuai terus dalam penyemak imbas anda. 100% diproses di luar talian untuk privasi mutlak. Percuma, tiada had dan sangat selamat.",,,"166
166",2,true
21,https://createmy-qr.com/tr/instagram-ucretsiz-cevrimici-qr-kod-olusturucu,"instagram QR Kod Oluşturucu - Ücretsiz ve Özel | CreateMy-QR
instagram - Ücretsiz Çevrimiçi QR Kod Oluşturucu - CreateMy-QR",text/html; charset=utf-8,false,200,0,0,"instagram verilerinizi doğrudan tarayıcınızda özel bir QR koduna dönüştürün. Mutlak gizlilik için %100 çevrimdışı işlenir. Ücretsiz, sınırsız ve son derece güvenli.
instagram verilerinizi doğrudan tarayıcınızda özel bir QR koduna dönüştürün. Mutlak gizlilik için %100 çevrimdışı işlenir. Ücretsiz, sınırsız ve son derece güvenli.",,,"164
164",2,true
21,https://createmy-qr.com/pl/warunki-swiadczenia-uslug,"Darmowy Generator Kodów QR Online - CreateMy-QR (No Signup) | Warunki świadczenia usług
Generator kodów QR types.terms — bezpłatny i niestandardowy | CreateMy-QR
Warunki świadczenia usług | CreateMy-QR",text/html; charset=utf-8,false,200,0,0,"Learn more about CreateMy-QR terms of service.
Konwertuj dane types.terms na niestandardowy kod QR bezpośrednio w przeglądarce. 100% przetwarzane w trybie offline, aby zapewnić całkowitą prywatność. Bezpłatnie, bez ograniczeń i bardzo bezpiecznie.",,,"46
200",2,true
21,https://createmy-qr.com/uk/instrumenti-porivnyannya,"Безкоштовний Генератор QR-кодів Онлайн - CreateMy-QR (No Signup) | Інструменти порівняння
Генератор QR-коду types.compare – безкоштовний і користувацький | CreateMy-QR
Інструменти порівняння | CreateMy-QR",text/html; charset=utf-8,false,200,0,0,"Learn more about CreateMy-QR compare tools.
Перетворіть свої дані types.compare на власний QR-код безпосередньо у своєму браузері. 100% обробка офлайн для повної конфіденційності. Безкоштовно, без обмежень і дуже безпечно.",,,"43
178",2,true
21,https://createmy-qr.com/th/telegram-ekhruue-ngmuue-sraangkhiw-aarokhd-nailnfrii,"โทรเลข เครื่องสร้างโค้ด QR - ฟรีและกำหนดเอง | CreateMy-QR
โทรเลข - เครื่องมือสร้างคิวอาร์โค้ดออนไลน์ฟรี - CreateMy-QR",text/html; charset=utf-8,false,200,0,0,"แปลงข้อมูล โทรเลข ของคุณให้เป็นโค้ด QR ที่กำหนดเองได้โดยตรงในเบราว์เซอร์ของคุณ ประมวลผลแบบออฟไลน์ 100% เพื่อความเป็นส่วนตัวอย่างแท้จริง ฟรี ไม่จำกัด และมีความปลอดภัยสูง
แปลงข้อมูล โทรเลข ของคุณให้เป็นโค้ด QR ที่กำหนดเองได้โดยตรงในเบราว์เซอร์ของคุณ ประมวลผลแบบออฟไลน์ 100% เพื่อความเป็นส่วนตัวอย่างแท้จริง ฟรี ไม่จำกัด และมีความปลอดภัยสูง",,,"168
168",2,true
21,https://createmy-qr.com/el/arheio-dorean-dimioyrgia-qr-code-online,"Αρχείο QR Code Generator - Δωρεάν & Προσαρμοσμένο | CreateMy-QR
Αρχείο - Δωρεάν Δημιουργία QR Code Online - CreateMy-QR",text/html; charset=utf-8,false,200,0,0,"Μετατρέψτε τα δεδομένα σας Αρχείο σε προσαρμοσμένο κωδικό QR απευθείας στο πρόγραμμα περιήγησής σας. 100% επεξεργασία εκτός σύνδεσης για απόλυτη προστασία της ιδιωτικής ζωής. Δωρεάν, χωρίς όρια και εξαιρετικά ασφαλές.
Μετατρέψτε τα δεδομένα σας Αρχείο σε προσαρμοσμένο κωδικό QR απευθείας στο πρόγραμμα περιήγησής σας. 100% επεξεργασία εκτός σύνδεσης για απόλυτη προστασία της ιδιωτικής ζωής. Δωρεάν, χωρίς όρια και εξαιρετικά ασφαλές.",,,"217
217",2,true
21,https://createmy-qr.com/fr/amazon-generateur-de-code-qr-gratuit-en-ligne,"Générateur de code QR Amazone - Gratuit et personnalisé | CreateMy-QR
Amazone - Générateur de Code QR Gratuit en Ligne - CreateMy-QR",text/html; charset=utf-8,false,200,0,0,"Convertissez vos données Amazone en un code QR personnalisé directement dans votre navigateur. 100 % traité hors ligne pour une confidentialité absolue. Gratuit, sans limites et hautement sécurisé.
Convertissez vos données Amazone en un code QR personnalisé directement dans votre navigateur. 100 % traité hors ligne pour une confidentialité absolue. Gratuit, sans limites et hautement sécurisé.",,,"197
197",2,true
21,https://createmy-qr.com/da/servicevilkar,"Gratis QR Kode Generator Online - CreateMy-QR (No Signup) | Servicevilkår
types.terms QR Code Generator - Gratis og brugerdefineret | CreateMy-QR
Servicevilkår | CreateMy-QR",text/html; charset=utf-8,false,200,0,0,"Learn more about CreateMy-QR terms of service.
Konverter dine types.terms-data til en tilpasset QR-kode direkte i din browser. 100 % behandlet offline for absolut privatliv. Gratis, ingen grænser og meget sikker.",,,"46
165",2,true
21,https://createmy-qr.com/hi/paypal-muph-t-onnlaain-kyuuaar-kodd-jnrettr,"पेपैल QR कोड जेनरेटर - मुफ़्त और कस्टम | CreateMy-QR
पेपैल - मुफ़्त ऑनलाइन क्यूआर कोड जनरेटर - CreateMy-QR",text/html; charset=utf-8,false,200,0,0,"अपने पेपैल डेटा को सीधे अपने ब्राउज़र में एक कस्टम क्यूआर कोड में बदलें। पूर्ण गोपनीयता के लिए 100% ऑफ़लाइन संसाधित। निःशुल्क, कोई सीमा नहीं, और अत्यधिक सुरक्षित।
अपने पेपैल डेटा को सीधे अपने ब्राउज़र में एक कस्टम क्यूआर कोड में बदलें। पूर्ण गोपनीयता के लिए 100% ऑफ़लाइन संसाधित। निःशुल्क, कोई सीमा नहीं, और अत्यधिक सुरक्षित।",,,"162
162",2,true
21,https://createmy-qr.com/fi/meista,"Ilmainen QR-koodigeneraattori Netissä - CreateMy-QR (No Signup) | Meistä
types.about QR-koodigeneraattori - ilmainen ja räätälöity | CreateMy-QR
Meistä | CreateMy-QR",text/html; charset=utf-8,false,200,0,0,"Learn more about CreateMy-QR about us.
Muunna types.about-tietosi mukautetuksi QR-koodiksi suoraan selaimessasi. 100 % käsitelty offline-tilassa täydellisen yksityisyyden takaamiseksi. Ilmainen, ei rajoituksia ja erittäin turvallinen.",,,"38
195",2,true
21,https://createmy-qr.com/tl/file-libreng-online-qr-code-generator,"File QR Code Generator - Libre at Custom | CreateMy-QR
File - Libreng Online QR Code Generator - CreateMy-QR",text/html; charset=utf-8,false,200,0,0,"I-convert ang iyong File data sa isang custom na QR code nang direkta sa iyong browser. 100% na naproseso offline para sa ganap na privacy. Libre, walang limitasyon, at lubos na secure.
I-convert ang iyong File data sa isang custom na QR code nang direkta sa iyong browser. 100% na naproseso offline para sa ganap na privacy. Libre, walang limitasyon, at lubos na secure.",,,"185
185",2,true
21,https://createmy-qr.com/fr/a-propos-de-nous,"Générateur de Code QR Gratuit en Ligne - CreateMy-QR (No Signup) | À propos de nous
Générateur de code QR types.about - Gratuit et personnalisé | CreateMy-QR
À propos de nous | CreateMy-QR",text/html; charset=utf-8,false,200,0,0,"Learn more about CreateMy-QR about us.
Convertissez vos données types.about en un code QR personnalisé directement dans votre navigateur. 100 % traité hors ligne pour une confidentialité absolue. Gratuit, sans limites et hautement sécurisé.",,,"38
201",2,true
21,https://createmy-qr.com/nl/afbeelding-gratis-qr-code-generator-online,"Afbeelding QR-codegenerator - gratis en aangepast | CreateMy-QR
Afbeelding - Gratis QR Code Generator Online - CreateMy-QR",text/html; charset=utf-8,false,200,0,0,"Converteer uw Afbeelding-gegevens rechtstreeks in uw browser naar een aangepaste QR-code. 100% offline verwerkt voor absolute privacy. Gratis, geen grenzen en zeer veilig.
Converteer uw Afbeelding-gegevens rechtstreeks in uw browser naar een aangepaste QR-code. 100% offline verwerkt voor absolute privacy. Gratis, geen grenzen en zeer veilig.",,,"171
171",2,true
21,https://createmy-qr.com/el/snapchat-dorean-dimioyrgia-qr-code-online,"Snapchat QR Code Generator - Δωρεάν & Προσαρμοσμένο | CreateMy-QR
Snapchat - Δωρεάν Δημιουργία QR Code Online - CreateMy-QR",text/html; charset=utf-8,false,200,0,0,"Μετατρέψτε τα δεδομένα σας Snapchat σε προσαρμοσμένο κωδικό QR απευθείας στο πρόγραμμα περιήγησής σας. 100% επεξεργασία εκτός σύνδεσης για απόλυτη προστασία της ιδιωτικής ζωής. Δωρεάν, χωρίς όρια και εξαιρετικά ασφαλές.
Μετατρέψτε τα δεδομένα σας Snapchat σε προσαρμοσμένο κωδικό QR απευθείας στο πρόγραμμα περιήγησής σας. 100% επεξεργασία εκτός σύνδεσης για απόλυτη προστασία της ιδιωτικής ζωής. Δωρεάν, χωρίς όρια και εξαιρετικά ασφαλές.",,,"219
219",2,true
21,https://createmy-qr.com/fr/tarif-100-gratuit,"Générateur de Code QR Gratuit en Ligne - CreateMy-QR (No Signup) | Tarif 100% gratuit
Générateur de code QR types.pricing - Gratuit et personnalisé | CreateMy-QR
Tarif 100% gratuit | CreateMy-QR",text/html; charset=utf-8,false,200,0,0,"Learn more about CreateMy-QR 100% free pricing.
Convertissez vos données types.pricing en un code QR personnalisé directement dans votre navigateur. 100 % traité hors ligne pour une confidentialité absolue. Gratuit, sans limites et hautement sécurisé.",,,"47
203",2,true
21,https://createmy-qr.com/el/periptoseis-hrisis,"Δωρεάν Δημιουργία QR Code Online - CreateMy-QR (No Signup) | Περιπτώσεις χρήσης
types.usecases QR Code Generator - Δωρεάν & Προσαρμοσμένο | CreateMy-QR
Περιπτώσεις χρήσης | CreateMy-QR",text/html; charset=utf-8,false,200,0,0,"Learn more about CreateMy-QR use cases.
Μετατρέψτε τα δεδομένα σας types.usecases σε προσαρμοσμένο κωδικό QR απευθείας στο πρόγραμμα περιήγησής σας. 100% επεξεργασία εκτός σύνδεσης για απόλυτη προστασία της ιδιωτικής ζωής. Δωρεάν, χωρίς όρια και εξαιρετικά ασφαλές.",,,"39
225",2,true
21,https://createmy-qr.com/hi/sevaa-kii-shrten,"मुफ़्त ऑनलाइन क्यूआर कोड जनरेटर - CreateMy-QR (No Signup) | सेवा की शर्तें
types.terms QR कोड जेनरेटर - मुफ़्त और कस्टम | CreateMy-QR
सेवा की शर्तें | CreateMy-QR",text/html; charset=utf-8,false,200,0,0,"Learn more about CreateMy-QR terms of service.
अपने types.terms डेटा को सीधे अपने ब्राउज़र में एक कस्टम क्यूआर कोड में बदलें। पूर्ण गोपनीयता के लिए 100% ऑफ़लाइन संसाधित। निःशुल्क, कोई सीमा नहीं, और अत्यधिक सुरक्षित।",,,"46
168",2,true
21,https://createmy-qr.com/ro/link-in-bio-generator-de-coduri-qr-gratuit-online,"Link in Bio QR Code Generator - Gratuit și personalizat | CreateMy-QR
Link in Bio - Generator de Coduri QR Gratuit Online - CreateMy-QR",text/html; charset=utf-8,false,200,0,0,"Transformați datele dvs. Link in Bio într-un cod QR personalizat direct în browser. Procesat 100% offline pentru confidențialitate absolută. Gratuit, fără limite și foarte sigur.
Transformați datele dvs. Link in Bio într-un cod QR personalizat direct în browser. Procesat 100% offline pentru confidențialitate absolută. Gratuit, fără limite și foarte sigur.",,,"178
178",2,true
21,https://createmy-qr.com/sv/100-gratis-prissattning,"Gratis QR-kod Generator Online - CreateMy-QR (No Signup) | 100 % gratis prissättning
types.pricing QR Code Generator - Gratis & anpassad | CreateMy-QR
100 % gratis prissättning | CreateMy-QR",text/html; charset=utf-8,false,200,0,0,"Learn more about CreateMy-QR 100% free pricing.
Konvertera dina types.pricing-data till en anpassad QR-kod direkt i din webbläsare. 100 % bearbetad offline för absolut integritet. Gratis, inga gränser och mycket säker.",,,"47
170",2,true
21,https://createmy-qr.com/th/facebook-ekhruue-ngmuue-sraangkhiw-aarokhd-nailnfrii,"เฟสบุ๊ค เครื่องสร้างโค้ด QR - ฟรีและกำหนดเอง | CreateMy-QR
เฟสบุ๊ค - เครื่องมือสร้างคิวอาร์โค้ดออนไลน์ฟรี - CreateMy-QR",text/html; charset=utf-8,false,200,0,0,"แปลงข้อมูล เฟสบุ๊ค ของคุณให้เป็นโค้ด QR ที่กำหนดเองได้โดยตรงในเบราว์เซอร์ของคุณ ประมวลผลแบบออฟไลน์ 100% เพื่อความเป็นส่วนตัวอย่างแท้จริง ฟรี ไม่จำกัด และมีความปลอดภัยสูง
แปลงข้อมูล เฟสบุ๊ค ของคุณให้เป็นโค้ด QR ที่กำหนดเองได้โดยตรงในเบราว์เซอร์ของคุณ ประมวลผลแบบออฟไลน์ 100% เพื่อความเป็นส่วนตัวอย่างแท้จริง ฟรี ไม่จำกัด และมีความปลอดภัยสูง",,,"169
169",2,true
21,https://createmy-qr.com/sv/sekretesspolicy,"Gratis QR-kod Generator Online - CreateMy-QR (No Signup) | Sekretesspolicy
types.privacy QR Code Generator - Gratis & anpassad | CreateMy-QR
Sekretesspolicy | CreateMy-QR",text/html; charset=utf-8,false,200,0,0,"Learn more about CreateMy-QR privacy policy.
Konvertera dina types.privacy-data till en anpassad QR-kod direkt i din webbläsare. 100 % bearbetad offline för absolut integritet. Gratis, inga gränser och mycket säker.",,,"44
170",2,true
21,https://createmy-qr.com/fr/email-generateur-de-code-qr-gratuit-en-ligne,"Générateur de code QR Courriel - Gratuit et personnalisé | CreateMy-QR
Courriel - Générateur de Code QR Gratuit en Ligne - CreateMy-QR",text/html; charset=utf-8,false,200,0,0,"Convertissez vos données Courriel en un code QR personnalisé directement dans votre navigateur. 100 % traité hors ligne pour une confidentialité absolue. Gratuit, sans limites et hautement sécurisé.
Convertissez vos données Courriel en un code QR personnalisé directement dans votre navigateur. 100 % traité hors ligne pour une confidentialité absolue. Gratuit, sans limites et hautement sécurisé.",,,"198
198",2,true
21,https://createmy-qr.com/fi/spotify-ilmainen-qr-koodigeneraattori-netissa,"Spotify QR-koodigeneraattori - ilmainen ja räätälöity | CreateMy-QR
Spotify - Ilmainen QR-koodigeneraattori Netissä - CreateMy-QR",text/html; charset=utf-8,false,200,0,0,"Muunna Spotify-tietosi mukautetuksi QR-koodiksi suoraan selaimessasi. 100 % käsitelty offline-tilassa täydellisen yksityisyyden takaamiseksi. Ilmainen, ei rajoituksia ja erittäin turvallinen.
Muunna Spotify-tietosi mukautetuksi QR-koodiksi suoraan selaimessasi. 100 % käsitelty offline-tilassa täydellisen yksityisyyden takaamiseksi. Ilmainen, ei rajoituksia ja erittäin turvallinen.",,,"191
191",2,true
21,https://createmy-qr.com/no/spotify-gratis-qr-kode-generator-online,"Spotify QR Code Generator - Gratis og tilpasset | CreateMy-QR
Spotify - Gratis QR-kode Generator Online - CreateMy-QR",text/html; charset=utf-8,false,200,0,0,"Konverter Spotify-dataene dine til en tilpasset QR-kode direkte i nettleseren din. 100 % behandlet offline for absolutt personvern. Gratis, ingen grenser og svært sikker.
Konverter Spotify-dataene dine til en tilpasset QR-kode direkte i nettleseren din. 100 % behandlet offline for absolutt personvern. Gratis, ingen grenser og svært sikker.",,,"170
170",2,true
21,https://createmy-qr.com/tl/video-libreng-online-qr-code-generator,"Video QR Code Generator - Libre at Custom | CreateMy-QR
Video - Libreng Online QR Code Generator - CreateMy-QR",text/html; charset=utf-8,false,200,0,0,"I-convert ang iyong Video data sa isang custom na QR code nang direkta sa iyong browser. 100% na naproseso offline para sa ganap na privacy. Libre, walang limitasyon, at lubos na secure.
I-convert ang iyong Video data sa isang custom na QR code nang direkta sa iyong browser. 100% na naproseso offline para sa ganap na privacy. Libre, walang limitasyon, at lubos na secure.",,,"186
186",2,true
21,https://createmy-qr.com/fr/,"CreateMy-QR | Tous les Outils QR & Code-Barres en Un Seul Endroit
CreateMy-QR | Tous les Outils QR & Code-Barres en Un Seul Endroit
home - Générateur de Code QR Gratuit en Ligne - CreateMy-QR",text/html; charset=utf-8,false,200,0,1,"Convertissez vos données home en un code QR personnalisé directement dans votre navigateur. 100 % traité hors ligne pour une confidentialité absolue. Gratuit, sans limites et hautement sécurisé.
Générez 37 types de QR codes et codes-barres gratuitement. Sans inscription. Téléchargement instantané. 100% côté client, conforme ISO/IEC 18004, en 30 langues.
Générez 37 types de QR codes et codes-barres gratuitement. Sans inscription. Téléchargement instantané. 100% côté client, conforme ISO/IEC 18004, en 30 langues.",,,"194
160
160",3,true
21,https://createmy-qr.com/hi/muph-t-onnlaain-kyuuaar-kodd-jnrettr,"निःशुल्क बारकोड जेनरेटर ऑनलाइन - 1डी बारकोड बनाएं
types.barcode QR कोड जेनरेटर - मुफ़्त और कस्टम | CreateMy-QR
barcode - मुफ़्त ऑनलाइन क्यूआर कोड जनरेटर - CreateMy-QR",text/html; charset=utf-8,false,200,0,0,"अपने barcode डेटा को सीधे अपने ब्राउज़र में एक कस्टम क्यूआर कोड में बदलें। पूर्ण गोपनीयता के लिए 100% ऑफ़लाइन संसाधित। निःशुल्क, कोई सीमा नहीं, और अत्यधिक सुरक्षित।
अपने types.barcode डेटा को सीधे अपने ब्राउज़र में एक कस्टम क्यूआर कोड में बदलें। पूर्ण गोपनीयता के लिए 100% ऑफ़लाइन संसाधित। निःशुल्क, कोई सीमा नहीं, और अत्यधिक सुरक्षित।
तुरंत पेशेवर 1डी बारकोड जेनरेट करें। कोड-128, यूपीसी, ईएएन, आईटीएफ-14, और बहुत कुछ के लिए समर्थन। निःशुल्क, सुरक्षित और उच्च-रिज़ॉल्यूशन पीएनजी में डाउनलोड करने के लिए तैयार।",,,"164
170
174",3,true
21,https://createmy-qr.com/fi/email-ilmainen-qr-koodigeneraattori-netissa,"Sähköposti QR-koodigeneraattori - ilmainen ja räätälöity | CreateMy-QR
Sähköposti - Ilmainen QR-koodigeneraattori Netissä - CreateMy-QR",text/html; charset=utf-8,false,200,0,0,"Muunna Sähköposti-tietosi mukautetuksi QR-koodiksi suoraan selaimessasi. 100 % käsitelty offline-tilassa täydellisen yksityisyyden takaamiseksi. Ilmainen, ei rajoituksia ja erittäin turvallinen.
Muunna Sähköposti-tietosi mukautetuksi QR-koodiksi suoraan selaimessasi. 100 % käsitelty offline-tilassa täydellisen yksityisyyden takaamiseksi. Ilmainen, ei rajoituksia ja erittäin turvallinen.",,,"194
194",2,true
21,https://createmy-qr.com/sv/,"CreateMy-QR | Alla QR & streckkoder Verktyg på ett ställe
CreateMy-QR | Alla QR & streckkoder Verktyg på ett ställe
home - Gratis QR-kod Generator Online - CreateMy-QR",text/html; charset=utf-8,false,200,0,1,"Konvertera dina home-data till en anpassad QR-kod direkt i din webbläsare. 100 % bearbetad offline för absolut integritet. Gratis, inga gränser och mycket säker.
Generera 37 typer av QR-koder och streckkoder gratis. Ingen registrering. Omedelbar nedladdning. 100 % klientsida, ISO/IEC 18004-kompatibel, tillgänglig på 30 språk.
Generera 37 typer av QR-koder och streckkoder gratis. Ingen registrering. Omedelbar nedladdning. 100 % klientsida, ISO/IEC 18004-kompatibel, tillgänglig på 30 språk.",,,"161
165
165",3,true
21,https://createmy-qr.com/ar/pdf-mwld-rmz-lstjb-lsryaa-mjny,"قوات الدفاع الشعبي QR Code Generator - مجاني ومخصص | CreateMy-QR
قوات الدفاع الشعبي - مولد رمز الاستجابة السريعة مجاني - CreateMy-QR",text/html; charset=utf-8,false,200,0,0,"قم بتحويل بيانات قوات الدفاع الشعبي الخاصة بك إلى رمز QR مخصص مباشرةً في متصفحك. تمت معالجتها بنسبة 100% دون الاتصال بالإنترنت لتوفير الخصوصية المطلقة. مجاني، بلا حدود، وآمن للغاية.
قم بتحويل بيانات قوات الدفاع الشعبي الخاصة بك إلى رمز QR مخصص مباشرةً في متصفحك. تمت معالجتها بنسبة 100% دون الاتصال بالإنترنت لتوفير الخصوصية المطلقة. مجاني، بلا حدود، وآمن للغاية.",,,"181
181",2,true
21,https://createmy-qr.com/pl/tiktok-darmowy-generator-kodow-qr-online,"Generator kodów QR TikTok — bezpłatny i niestandardowy | CreateMy-QR
TikTok - Darmowy Generator Kodów QR Online - CreateMy-QR",text/html; charset=utf-8,false,200,0,0,"Konwertuj dane TikTok na niestandardowy kod QR bezpośrednio w przeglądarce. 100% przetwarzane w trybie offline, aby zapewnić całkowitą prywatność. Bezpłatnie, bez ograniczeń i bardzo bezpiecznie.
Konwertuj dane TikTok na niestandardowy kod QR bezpośrednio w przeglądarce. 100% przetwarzane w trybie offline, aby zapewnić całkowitą prywatność. Bezpłatnie, bez ograniczeń i bardzo bezpiecznie.",,,"195
195",2,true
21,https://createmy-qr.com/tr/hizmet-sartlari,"Ücretsiz Çevrimiçi QR Kod Oluşturucu - CreateMy-QR (No Signup) | Hizmet Şartları
types.terms QR Kod Oluşturucu - Ücretsiz ve Özel | CreateMy-QR
Hizmet Şartları | CreateMy-QR",text/html; charset=utf-8,false,200,0,0,"Learn more about CreateMy-QR terms of service.
types.terms verilerinizi doğrudan tarayıcınızda özel bir QR koduna dönüştürün. Mutlak gizlilik için %100 çevrimdışı işlenir. Ücretsiz, sınırsız ve son derece güvenli.",,,"46
166",2,true
21,https://createmy-qr.com/nl/,"CreateMy-QR | Alle QR & Barcode Tools op één Plek
CreateMy-QR | Alle QR & Barcode Tools op één Plek
home - Gratis QR Code Generator Online - CreateMy-QR",text/html; charset=utf-8,false,200,0,1,"Converteer uw home-gegevens rechtstreeks in uw browser naar een aangepaste QR-code. 100% offline verwerkt voor absolute privacy. Gratis, geen grenzen en zeer veilig.
Genereer 37 soorten QR-codes en barcodes gratis. Geen registratie. Direct downloaden. 100% clientzijdig, ISO/IEC 18004-conform, in 30 talen.
Genereer 37 soorten QR-codes en barcodes gratis. Geen registratie. Direct downloaden. 100% clientzijdig, ISO/IEC 18004-conform, in 30 talen.",,,"165
140
140",3,true
21,https://createmy-qr.com/sv/amazon-gratis-qr-kod-generator-online,"Amazon QR Code Generator - Gratis & anpassad | CreateMy-QR
Amazon - Gratis QR-kod Generator Online - CreateMy-QR",text/html; charset=utf-8,false,200,0,0,"Konvertera dina Amazon-data till en anpassad QR-kod direkt i din webbläsare. 100 % bearbetad offline för absolut integritet. Gratis, inga gränser och mycket säker.
Konvertera dina Amazon-data till en anpassad QR-kod direkt i din webbläsare. 100 % bearbetad offline för absolut integritet. Gratis, inga gränser och mycket säker.",,,"163
163",2,true
21,https://createmy-qr.com/th/esiiyng-ekhruue-ngmuue-sraangkhiw-aarokhd-nailnfrii,"เสียง เครื่องสร้างโค้ด QR - ฟรีและกำหนดเอง | CreateMy-QR
เสียง - เครื่องมือสร้างคิวอาร์โค้ดออนไลน์ฟรี - CreateMy-QR",text/html; charset=utf-8,false,200,0,0,"แปลงข้อมูล เสียง ของคุณให้เป็นโค้ด QR ที่กำหนดเองได้โดยตรงในเบราว์เซอร์ของคุณ ประมวลผลแบบออฟไลน์ 100% เพื่อความเป็นส่วนตัวอย่างแท้จริง ฟรี ไม่จำกัด และมีความปลอดภัยสูง
แปลงข้อมูล เสียง ของคุณให้เป็นโค้ด QR ที่กำหนดเองได้โดยตรงในเบราว์เซอร์ของคุณ ประมวลผลแบบออฟไลน์ 100% เพื่อความเป็นส่วนตัวอย่างแท้จริง ฟรี ไม่จำกัด และมีความปลอดภัยสูง",,,"167
167",2,true
21,https://createmy-qr.com/uk/wi-fi-bezkoshtovniy-generator-qr-kodiv-onlayn,"Генератор QR-коду Wi-Fi – безкоштовний і користувацький | CreateMy-QR
Wi-Fi - Безкоштовний Генератор QR-кодів Онлайн - CreateMy-QR",text/html; charset=utf-8,false,200,0,0,"Перетворіть свої дані Wi-Fi на власний QR-код безпосередньо у своєму браузері. 100% обробка офлайн для повної конфіденційності. Безкоштовно, без обмежень і дуже безпечно.
Перетворіть свої дані Wi-Fi на власний QR-код безпосередньо у своєму браузері. 100% обробка офлайн для повної конфіденційності. Безкоштовно, без обмежень і дуже безпечно.",,,"170
170",2,true
21,https://createmy-qr.com/tl/paghambingin-ang-mga-tool,"Libreng Online QR Code Generator - CreateMy-QR (No Signup) | Paghambingin ang Mga Tool
types.compare QR Code Generator - Libre at Custom | CreateMy-QR
Paghambingin ang Mga Tool | CreateMy-QR",text/html; charset=utf-8,false,200,0,0,"Learn more about CreateMy-QR compare tools.
I-convert ang iyong types.compare data sa isang custom na QR code nang direkta sa iyong browser. 100% na naproseso offline para sa ganap na privacy. Libre, walang limitasyon, at lubos na secure.",,,"43
194",2,true
21,https://createmy-qr.com/uk/vipadki-vikoristannya,"Безкоштовний Генератор QR-кодів Онлайн - CreateMy-QR (No Signup) | Випадки використання
Генератор QR-коду types.usecases – безкоштовний і користувацький | CreateMy-QR
Випадки використання | CreateMy-QR",text/html; charset=utf-8,false,200,0,0,"Learn more about CreateMy-QR use cases.
Перетворіть свої дані types.usecases на власний QR-код безпосередньо у своєму браузері. 100% обробка офлайн для повної конфіденційності. Безкоштовно, без обмежень і дуже безпечно.",,,"39
179",2,true
21,https://createmy-qr.com/fr/comparer-les-outils,"Générateur de Code QR Gratuit en Ligne - CreateMy-QR (No Signup) | Comparer les outils
Générateur de code QR types.compare - Gratuit et personnalisé | CreateMy-QR
Comparer les outils | CreateMy-QR",text/html; charset=utf-8,false,200,0,0,"Learn more about CreateMy-QR compare tools.
Convertissez vos données types.compare en un code QR personnalisé directement dans votre navigateur. 100 % traité hors ligne pour une confidentialité absolue. Gratuit, sans limites et hautement sécurisé.",,,"43
203",2,true
21,https://createmy-qr.com/hi/surkssaa-vaastuklaa,"मुफ़्त ऑनलाइन क्यूआर कोड जनरेटर - CreateMy-QR (No Signup) | सुरक्षा वास्तुकला
types.security QR कोड जेनरेटर - मुफ़्त और कस्टम | CreateMy-QR
सुरक्षा वास्तुकला | CreateMy-QR",text/html; charset=utf-8,false,200,0,0,"Learn more about CreateMy-QR security architecture.
अपने types.security डेटा को सीधे अपने ब्राउज़र में एक कस्टम क्यूआर कोड में बदलें। पूर्ण गोपनीयता के लिए 100% ऑफ़लाइन संसाधित। निःशुल्क, कोई सीमा नहीं, और अत्यधिक सुरक्षित।",,,"51
171",2,true
21,https://createmy-qr.com/it/email-generatore-di-codici-qr-gratis-online,"Generatore di codici QR E-mail - Gratuito e personalizzato | CreateMy-QR
E-mail - Generatore di Codici QR Gratis Online - CreateMy-QR",text/html; charset=utf-8,false,200,0,0,"Converti i tuoi dati E-mail in un codice QR personalizzato direttamente nel tuo browser. Elaborato offline al 100% per una privacy assoluta. Gratuito, senza limiti e altamente sicuro.
Converti i tuoi dati E-mail in un codice QR personalizzato direttamente nel tuo browser. Elaborato offline al 100% per una privacy assoluta. Gratuito, senza limiti e altamente sicuro.",,,"183
183",2,true
21,https://createmy-qr.com/fi/crypto-ilmainen-qr-koodigeneraattori-netissa,"Krypto QR-koodigeneraattori - ilmainen ja räätälöity | CreateMy-QR
Krypto - Ilmainen QR-koodigeneraattori Netissä - CreateMy-QR",text/html; charset=utf-8,false,200,0,0,"Muunna Krypto-tietosi mukautetuksi QR-koodiksi suoraan selaimessasi. 100 % käsitelty offline-tilassa täydellisen yksityisyyden takaamiseksi. Ilmainen, ei rajoituksia ja erittäin turvallinen.
Muunna Krypto-tietosi mukautetuksi QR-koodiksi suoraan selaimessasi. 100 % käsitelty offline-tilassa täydellisen yksityisyyden takaamiseksi. Ilmainen, ei rajoituksia ja erittäin turvallinen.",,,"190
190",2,true
21,https://createmy-qr.com/nl/instagram-gratis-qr-code-generator-online,"Instagram QR-codegenerator - gratis en aangepast | CreateMy-QR
Instagram - Gratis QR Code Generator Online - CreateMy-QR",text/html; charset=utf-8,false,200,0,0,"Converteer uw Instagram-gegevens rechtstreeks in uw browser naar een aangepaste QR-code. 100% offline verwerkt voor absolute privacy. Gratis, geen grenzen en zeer veilig.
Converteer uw Instagram-gegevens rechtstreeks in uw browser naar een aangepaste QR-code. 100% offline verwerkt voor absolute privacy. Gratis, geen grenzen en zeer veilig.",,,"170
170",2,true
21,https://createmy-qr.com/hu/telegram-ingyenes-online-qr-kod-generator,"Távirat QR-kód generátor - ingyenes és egyedi | CreateMy-QR
Távirat - Ingyenes Online QR-kód Generátor - CreateMy-QR",text/html; charset=utf-8,false,200,0,0,"Alakítsa át Távirat adatait egyéni QR-kóddá közvetlenül a böngészőjében. 100%-ban offline feldolgozva az abszolút adatvédelem érdekében. Ingyenes, korlátok nélkül és rendkívül biztonságos.
Alakítsa át Távirat adatait egyéni QR-kóddá közvetlenül a böngészőjében. 100%-ban offline feldolgozva az abszolút adatvédelem érdekében. Ingyenes, korlátok nélkül és rendkívül biztonságos.",,,"188
188",2,true
21,https://createmy-qr.com/de/spotify-kostenloser-qr-code-generator-online,"Spotify QR-Code-Generator – kostenlos und benutzerdefiniert | CreateMy-QR
Spotify - Kostenloser QR-Code Generator Online - CreateMy-QR",text/html; charset=utf-8,false,200,0,0,"Wandeln Sie Ihre Spotify-Daten direkt in Ihrem Browser in einen benutzerdefinierten QR-Code um. 100 % offline verarbeitet für absolute Privatsphäre. Kostenlos, ohne Grenzen und äußerst sicher.
Wandeln Sie Ihre Spotify-Daten direkt in Ihrem Browser in einen benutzerdefinierten QR-Code um. 100 % offline verarbeitet für absolute Privatsphäre. Kostenlos, ohne Grenzen und äußerst sicher.",,,"192
192",2,true
21,https://createmy-qr.com/de/instagram-kostenloser-qr-code-generator-online,"Instagram QR-Code-Generator – kostenlos und benutzerdefiniert | CreateMy-QR
Instagram - Kostenloser QR-Code Generator Online - CreateMy-QR",text/html; charset=utf-8,false,200,0,0,"Wandeln Sie Ihre Instagram-Daten direkt in Ihrem Browser in einen benutzerdefinierten QR-Code um. 100 % offline verarbeitet für absolute Privatsphäre. Kostenlos, ohne Grenzen und äußerst sicher.
Wandeln Sie Ihre Instagram-Daten direkt in Ihrem Browser in einen benutzerdefinierten QR-Code um. 100 % offline verarbeitet für absolute Privatsphäre. Kostenlos, ohne Grenzen und äußerst sicher.",,,"194
194",2,true
21,https://createmy-qr.com/pt/reserva-gerador-de-codigo-qr-gratis-online,"Gerador de código QR Reserva - gratuito e personalizado | CreateMy-QR
Reserva - Gerador de Código QR Grátis Online - CreateMy-QR",text/html; charset=utf-8,false,200,0,0,"Converta seus dados do Reserva em um código QR personalizado diretamente no seu navegador. 100% processado offline para privacidade absoluta. Gratuito, sem limites e altamente seguro.
Converta seus dados do Reserva em um código QR personalizado diretamente no seu navegador. 100% processado offline para privacidade absoluta. Gratuito, sem limites e altamente seguro.",,,"183
183",2,true
21,https://createmy-qr.com/nl/telefoon-gratis-qr-code-generator-online,"Telefoon QR-codegenerator - gratis en aangepast | CreateMy-QR
Telefoon - Gratis QR Code Generator Online - CreateMy-QR",text/html; charset=utf-8,false,200,0,0,"Converteer uw Telefoon-gegevens rechtstreeks in uw browser naar een aangepaste QR-code. 100% offline verwerkt voor absolute privacy. Gratis, geen grenzen en zeer veilig.
Converteer uw Telefoon-gegevens rechtstreeks in uw browser naar een aangepaste QR-code. 100% offline verwerkt voor absolute privacy. Gratis, geen grenzen en zeer veilig.",,,"169
169",2,true
21,https://createmy-qr.com/tr/ucretsiz-cevrimici-qr-kod-olusturucu-2,"Ücretsiz Çevrimiçi QR Kod Tarayıcı - QR'yi Anında Tarayın
types.scanqr QR Kod Oluşturucu - Ücretsiz ve Özel | CreateMy-QR
scanqr - Ücretsiz Çevrimiçi QR Kod Oluşturucu - CreateMy-QR",text/html; charset=utf-8,false,200,0,0,"scanqr verilerinizi doğrudan tarayıcınızda özel bir QR koduna dönüştürün. Mutlak gizlilik için %100 çevrimdışı işlenir. Ücretsiz, sınırsız ve son derece güvenli.
types.scanqr verilerinizi doğrudan tarayıcınızda özel bir QR koduna dönüştürün. Mutlak gizlilik için %100 çevrimdışı işlenir. Ücretsiz, sınırsız ve son derece güvenli.
Kameranızı kullanarak veya bir resim yükleyerek QR kodlarını anında tarayın. %100 güvenli, özel ve istemci tarafında işleme.",,,"161
167
124",3,true
21,https://createmy-qr.com/ru/skaner-shtrih-koda-besplatnyy-generator-qr-kodov-onlayn,"Бесплатный онлайн-сканер штрих-кодов — сканирование UPC и EAN
Сканер штрих-кода Генератор QR-кодов — бесплатный и настраиваемый | CreateMy-QR
Сканер штрих-кода - Бесплатный генератор QR-кодов онлайн - CreateMy-QR",text/html; charset=utf-8,false,200,0,0,"Преобразуйте данные Сканер штрих-кода в собственный QR-код прямо в браузере. 100% обработка в автономном режиме для абсолютной конфиденциальности. Бесплатно, без ограничений и очень безопасно.
Преобразуйте данные Сканер штрих-кода в собственный QR-код прямо в браузере. 100% обработка в автономном режиме для абсолютной конфиденциальности. Бесплатно, без ограничений и очень безопасно.
Сканируйте штрих-коды онлайн бесплатно с помощью камеры вашего устройства или загрузите изображение.Поддерживает UPC, EAN, код 128 и другие.100% конфиденциальность и безопасность.",,,"192
192
179",3,true
21,https://createmy-qr.com/pt/linkedin-gerador-de-codigo-qr-gratis-online,"Gerador de código QR LinkedIn - gratuito e personalizado | CreateMy-QR
LinkedIn - Gerador de Código QR Grátis Online - CreateMy-QR",text/html; charset=utf-8,false,200,0,0,"Converta seus dados do LinkedIn em um código QR personalizado diretamente no seu navegador. 100% processado offline para privacidade absoluta. Gratuito, sem limites e altamente seguro.
Converta seus dados do LinkedIn em um código QR personalizado diretamente no seu navegador. 100% processado offline para privacidade absoluta. Gratuito, sem limites e altamente seguro.",,,"184
184",2,true
21,https://createmy-qr.com/fr/facebook-generateur-de-code-qr-gratuit-en-ligne,"Générateur de code QR Facebook - Gratuit et personnalisé | CreateMy-QR
Facebook - Générateur de Code QR Gratuit en Ligne - CreateMy-QR",text/html; charset=utf-8,false,200,0,0,"Convertissez vos données Facebook en un code QR personnalisé directement dans votre navigateur. 100 % traité hors ligne pour une confidentialité absolue. Gratuit, sans limites et hautement sécurisé.
Convertissez vos données Facebook en un code QR personnalisé directement dans votre navigateur. 100 % traité hors ligne pour une confidentialité absolue. Gratuit, sans limites et hautement sécurisé.",,,"198
198",2,true
21,https://createmy-qr.com/ro/pret-100-gratuit,"Generator de Coduri QR Gratuit Online - CreateMy-QR (No Signup) | Preț 100% gratuit
types.pricing QR Code Generator - Gratuit și personalizat | CreateMy-QR
Preț 100% gratuit | CreateMy-QR",text/html; charset=utf-8,false,200,0,0,"Learn more about CreateMy-QR 100% free pricing.
Transformați datele dvs. types.pricing într-un cod QR personalizat direct în browser. Procesat 100% offline pentru confidențialitate absolută. Gratuit, fără limite și foarte sigur.",,,"47
180",2,true
21,https://createmy-qr.com/cs/odkaz-v-biu-zdarma-online-generator-qr-kodu,"Odkaz v Biu generátor QR kódu – zdarma a na míru | CreateMy-QR
Odkaz v Biu - Zdarma Online Generátor QR Kódů - CreateMy-QR",text/html; charset=utf-8,false,200,0,0,"Převeďte svá data Odkaz v Biu na vlastní QR kód přímo ve vašem prohlížeči. 100% zpracováno offline pro absolutní soukromí. Zdarma, bez omezení a vysoce bezpečné.
Převeďte svá data Odkaz v Biu na vlastní QR kód přímo ve vašem prohlížeči. 100% zpracováno offline pro absolutní soukromí. Zdarma, bez omezení a vysoce bezpečné.",,,"161
161",2,true
21,https://createmy-qr.com/bn/phri-anlaain-kiuaar-kodd-jenaarettr,"বিনামূল্যে বারকোড জেনারেটর অনলাইন - 1D বারকোড তৈরি করুন
types.barcode QR কোড জেনারেটর - বিনামূল্যে এবং কাস্টম | CreateMy-QR
barcode - ফ্রি অনলাইন কিউআর কোড জেনারেটর - CreateMy-QR",text/html; charset=utf-8,false,200,0,0,"আপনার ব্রাউজারে সরাসরি একটি কাস্টম QR কোডে আপনার barcode ডেটা রূপান্তর করুন। সম্পূর্ণ গোপনীয়তার জন্য 100% অফলাইনে প্রক্রিয়া করা হয়েছে। বিনামূল্যে, কোন সীমা নেই, এবং অত্যন্ত নিরাপদ।
আপনার ব্রাউজারে সরাসরি একটি কাস্টম QR কোডে আপনার types.barcode ডেটা রূপান্তর করুন। সম্পূর্ণ গোপনীয়তার জন্য 100% অফলাইনে প্রক্রিয়া করা হয়েছে। বিনামূল্যে, কোন সীমা নেই, এবং অত্যন্ত নিরাপদ।
তাত্ক্ষণিকভাবে পেশাদার 1D বারকোড তৈরি করুন। কোড-128, UPC, EAN, ITF-14 এবং আরও অনেক কিছুর জন্য সমর্থন। বিনামূল্যে, নিরাপদ, এবং উচ্চ-রেজোলিউশন PNG তে ডাউনলোড করার জন্য প্রস্তুত৷",,,"183
189
175",3,true
21,https://createmy-qr.com/nl/linkedin-gratis-qr-code-generator-online,"LinkedIn QR-codegenerator - gratis en aangepast | CreateMy-QR
LinkedIn - Gratis QR Code Generator Online - CreateMy-QR",text/html; charset=utf-8,false,200,0,0,"Converteer uw LinkedIn-gegevens rechtstreeks in uw browser naar een aangepaste QR-code. 100% offline verwerkt voor absolute privacy. Gratis, geen grenzen en zeer veilig.
Converteer uw LinkedIn-gegevens rechtstreeks in uw browser naar een aangepaste QR-code. 100% offline verwerkt voor absolute privacy. Gratis, geen grenzen en zeer veilig.",,,"169
169",2,true
21,https://createmy-qr.com/da/app-store-gratis-qr-kode-generator-online,"App Store QR Code Generator - Gratis og brugerdefineret | CreateMy-QR
App Store - Gratis QR Kode Generator Online - CreateMy-QR",text/html; charset=utf-8,false,200,0,0,"Konverter dine App Store-data til en tilpasset QR-kode direkte i din browser. 100 % behandlet offline for absolut privatliv. Gratis, ingen grænser og meget sikker.
Konverter dine App Store-data til en tilpasset QR-kode direkte i din browser. 100 % behandlet offline for absolut privatliv. Gratis, ingen grænser og meget sikker.",,,"163
163",2,true
21,https://createmy-qr.com/nl/pdf-gratis-qr-code-generator-online,"Pdf QR-codegenerator - gratis en aangepast | CreateMy-QR
Pdf - Gratis QR Code Generator Online - CreateMy-QR",text/html; charset=utf-8,false,200,0,0,"Converteer uw Pdf-gegevens rechtstreeks in uw browser naar een aangepaste QR-code. 100% offline verwerkt voor absolute privacy. Gratis, geen grenzen en zeer veilig.
Converteer uw Pdf-gegevens rechtstreeks in uw browser naar een aangepaste QR-code. 100% offline verwerkt voor absolute privacy. Gratis, geen grenzen en zeer veilig.",,,"164
164",2,true
21,https://createmy-qr.com/hi/ph-on-muph-t-onnlaain-kyuuaar-kodd-jnrettr,"फ़ोन QR कोड जेनरेटर - मुफ़्त और कस्टम | CreateMy-QR
फ़ोन - मुफ़्त ऑनलाइन क्यूआर कोड जनरेटर - CreateMy-QR",text/html; charset=utf-8,false,200,0,0,"अपने फ़ोन डेटा को सीधे अपने ब्राउज़र में एक कस्टम क्यूआर कोड में बदलें। पूर्ण गोपनीयता के लिए 100% ऑफ़लाइन संसाधित। निःशुल्क, कोई सीमा नहीं, और अत्यधिक सुरक्षित।
अपने फ़ोन डेटा को सीधे अपने ब्राउज़र में एक कस्टम क्यूआर कोड में बदलें। पूर्ण गोपनीयता के लिए 100% ऑफ़लाइन संसाधित। निःशुल्क, कोई सीमा नहीं, और अत्यधिक सुरक्षित।",,,"161
161",2,true
21,https://createmy-qr.com/pt/pdf-gerador-de-codigo-qr-gratis-online,"Gerador de código QR PDF - gratuito e personalizado | CreateMy-QR
PDF - Gerador de Código QR Grátis Online - CreateMy-QR",text/html; charset=utf-8,false,200,0,0,"Converta seus dados do PDF em um código QR personalizado diretamente no seu navegador. 100% processado offline para privacidade absoluta. Gratuito, sem limites e altamente seguro.
Converta seus dados do PDF em um código QR personalizado diretamente no seu navegador. 100% processado offline para privacidade absoluta. Gratuito, sem limites e altamente seguro.",,,"179
179",2,true
21,https://createmy-qr.com/pt/localizacao-gerador-de-codigo-qr-gratis-online,"Gerador de código QR Localização - gratuito e personalizado | CreateMy-QR
Localização - Gerador de Código QR Grátis Online - CreateMy-QR",text/html; charset=utf-8,false,200,0,0,"Converta seus dados do Localização em um código QR personalizado diretamente no seu navegador. 100% processado offline para privacidade absoluta. Gratuito, sem limites e altamente seguro.
Converta seus dados do Localização em um código QR personalizado diretamente no seu navegador. 100% processado offline para privacidade absoluta. Gratuito, sem limites e altamente seguro.",,,"187
187",2,true
21,https://createmy-qr.com/th/ekhruue-ngmuue-sraangkhiw-aarokhd-nailnfrii-2,"เครื่องสแกนรหัส QR ออนไลน์ฟรี - สแกน QR ทันที
types.scanqr เครื่องสร้างโค้ด QR - ฟรีและกำหนดเอง | CreateMy-QR
scanqr - เครื่องมือสร้างคิวอาร์โค้ดออนไลน์ฟรี - CreateMy-QR",text/html; charset=utf-8,false,200,0,0,"แปลงข้อมูล scanqr ของคุณให้เป็นโค้ด QR ที่กำหนดเองได้โดยตรงในเบราว์เซอร์ของคุณ ประมวลผลแบบออฟไลน์ 100% เพื่อความเป็นส่วนตัวอย่างแท้จริง ฟรี ไม่จำกัด และมีความปลอดภัยสูง
แปลงข้อมูล types.scanqr ของคุณให้เป็นโค้ด QR ที่กำหนดเองได้โดยตรงในเบราว์เซอร์ของคุณ ประมวลผลแบบออฟไลน์ 100% เพื่อความเป็นส่วนตัวอย่างแท้จริง ฟรี ไม่จำกัด และมีความปลอดภัยสูง
สแกนรหัส QR ทันทีโดยใช้กล้องของคุณหรือโดยการอัพโหลดภาพ ปลอดภัย 100% เป็นส่วนตัว และประมวลผลฝั่งไคลเอ็นต์",,,"168
174
104",3,true
21,https://createmy-qr.com/ar/facebook-mwld-rmz-lstjb-lsryaa-mjny,"فيس بوك QR Code Generator - مجاني ومخصص | CreateMy-QR
فيس بوك - مولد رمز الاستجابة السريعة مجاني - CreateMy-QR",text/html; charset=utf-8,false,200,0,0,"قم بتحويل بيانات فيس بوك الخاصة بك إلى رمز QR مخصص مباشرةً في متصفحك. تمت معالجتها بنسبة 100% دون الاتصال بالإنترنت لتوفير الخصوصية المطلقة. مجاني، بلا حدود، وآمن للغاية.
قم بتحويل بيانات فيس بوك الخاصة بك إلى رمز QR مخصص مباشرةً في متصفحك. تمت معالجتها بنسبة 100% دون الاتصال بالإنترنت لتوفير الخصوصية المطلقة. مجاني، بلا حدود، وآمن للغاية.",,,"170
170",2,true
21,https://createmy-qr.com/ro/arhitectura-de-securitate,"Generator de Coduri QR Gratuit Online - CreateMy-QR (No Signup) | Arhitectura de securitate
types.security QR Code Generator - Gratuit și personalizat | CreateMy-QR
Arhitectura de securitate | CreateMy-QR",text/html; charset=utf-8,false,200,0,0,"Learn more about CreateMy-QR security architecture.
Transformați datele dvs. types.security într-un cod QR personalizat direct în browser. Procesat 100% offline pentru confidențialitate absolută. Gratuit, fără limite și foarte sigur.",,,"51
181",2,true
21,https://createmy-qr.com/es/archivo-generador-de-codigos-qr-gratis-online,"Generador de códigos QR Archivo: gratuito y personalizado | CreateMy-QR
Archivo - Generador de Códigos QR Gratis Online - CreateMy-QR",text/html; charset=utf-8,false,200,0,0,"Convierta sus datos de Archivo en un código QR personalizado directamente en su navegador. 100% procesado fuera de línea para absoluta privacidad. Gratis, sin límites y muy seguro.
Convierta sus datos de Archivo en un código QR personalizado directamente en su navegador. 100% procesado fuera de línea para absoluta privacidad. Gratis, sin límites y muy seguro.",,,"180
180",2,true
21,https://createmy-qr.com/ru/pdf-besplatnyy-generator-qr-kodov-onlayn,"PDF Генератор QR-кодов — бесплатный и настраиваемый | CreateMy-QR
PDF - Бесплатный генератор QR-кодов онлайн - CreateMy-QR",text/html; charset=utf-8,false,200,0,0,"Преобразуйте данные PDF в собственный QR-код прямо в браузере. 100% обработка в автономном режиме для абсолютной конфиденциальности. Бесплатно, без ограничений и очень безопасно.
Преобразуйте данные PDF в собственный QR-код прямо в браузере. 100% обработка в автономном режиме для абсолютной конфиденциальности. Бесплатно, без ограничений и очень безопасно.",,,"178
178",2,true
21,https://createmy-qr.com/fr/telegram-generateur-de-code-qr-gratuit-en-ligne,"Générateur de code QR Télégramme - Gratuit et personnalisé | CreateMy-QR
Télégramme - Générateur de Code QR Gratuit en Ligne - CreateMy-QR",text/html; charset=utf-8,false,200,0,0,"Convertissez vos données Télégramme en un code QR personnalisé directement dans votre navigateur. 100 % traité hors ligne pour une confidentialité absolue. Gratuit, sans limites et hautement sécurisé.
Convertissez vos données Télégramme en un code QR personnalisé directement dans votre navigateur. 100 % traité hors ligne pour une confidentialité absolue. Gratuit, sans limites et hautement sécurisé.",,,"200
200",2,true
21,https://createmy-qr.com/tr/hakkimizda,"Ücretsiz Çevrimiçi QR Kod Oluşturucu - CreateMy-QR (No Signup) | Hakkımızda
types.about QR Kod Oluşturucu - Ücretsiz ve Özel | CreateMy-QR
Hakkımızda | CreateMy-QR",text/html; charset=utf-8,false,200,0,0,"Learn more about CreateMy-QR about us.
types.about verilerinizi doğrudan tarayıcınızda özel bir QR koduna dönüştürün. Mutlak gizlilik için %100 çevrimdışı işlenir. Ücretsiz, sınırsız ve son derece güvenli.",,,"38
166",2,true
21,https://createmy-qr.com/da/discord-gratis-qr-kode-generator-online,"Discord QR Code Generator - Gratis og brugerdefineret | CreateMy-QR
Discord - Gratis QR Kode Generator Online - CreateMy-QR",text/html; charset=utf-8,false,200,0,0,"Konverter dine Discord-data til en tilpasset QR-kode direkte i din browser. 100 % behandlet offline for absolut privatliv. Gratis, ingen grænser og meget sikker.
Konverter dine Discord-data til en tilpasset QR-kode direkte i din browser. 100 % behandlet offline for absolut privatliv. Gratis, ingen grænser og meget sikker.",,,"161
161",2,true
21,https://createmy-qr.com/nl/bestand-gratis-qr-code-generator-online,"Bestand QR-codegenerator - gratis en aangepast | CreateMy-QR
Bestand - Gratis QR Code Generator Online - CreateMy-QR",text/html; charset=utf-8,false,200,0,0,"Converteer uw Bestand-gegevens rechtstreeks in uw browser naar een aangepaste QR-code. 100% offline verwerkt voor absolute privacy. Gratis, geen grenzen en zeer veilig.
Converteer uw Bestand-gegevens rechtstreeks in uw browser naar een aangepaste QR-code. 100% offline verwerkt voor absolute privacy. Gratis, geen grenzen en zeer veilig.",,,"168
168",2,true
21,https://createmy-qr.com/pt/facebook-gerador-de-codigo-qr-gratis-online,"Gerador de código QR Facebook - gratuito e personalizado | CreateMy-QR
Facebook - Gerador de Código QR Grátis Online - CreateMy-QR",text/html; charset=utf-8,false,200,0,0,"Converta seus dados do Facebook em um código QR personalizado diretamente no seu navegador. 100% processado offline para privacidade absoluta. Gratuito, sem limites e altamente seguro.
Converta seus dados do Facebook em um código QR personalizado diretamente no seu navegador. 100% processado offline para privacidade absoluta. Gratuito, sem limites e altamente seguro.",,,"184
184",2,true
21,https://createmy-qr.com/el/pdf-dorean-dimioyrgia-qr-code-online,"PDF QR Code Generator - Δωρεάν & Προσαρμοσμένο | CreateMy-QR
PDF - Δωρεάν Δημιουργία QR Code Online - CreateMy-QR",text/html; charset=utf-8,false,200,0,0,"Μετατρέψτε τα δεδομένα σας PDF σε προσαρμοσμένο κωδικό QR απευθείας στο πρόγραμμα περιήγησής σας. 100% επεξεργασία εκτός σύνδεσης για απόλυτη προστασία της ιδιωτικής ζωής. Δωρεάν, χωρίς όρια και εξαιρετικά ασφαλές.
Μετατρέψτε τα δεδομένα σας PDF σε προσαρμοσμένο κωδικό QR απευθείας στο πρόγραμμα περιήγησής σας. 100% επεξεργασία εκτός σύνδεσης για απόλυτη προστασία της ιδιωτικής ζωής. Δωρεάν, χωρίς όρια και εξαιρετικά ασφαλές.",,,"214
214",2,true
21,https://createmy-qr.com/no/pdf-gratis-qr-kode-generator-online,"PDF QR Code Generator - Gratis og tilpasset | CreateMy-QR
PDF - Gratis QR-kode Generator Online - CreateMy-QR",text/html; charset=utf-8,false,200,0,0,"Konverter PDF-dataene dine til en tilpasset QR-kode direkte i nettleseren din. 100 % behandlet offline for absolutt personvern. Gratis, ingen grenser og svært sikker.
Konverter PDF-dataene dine til en tilpasset QR-kode direkte i nettleseren din. 100 % behandlet offline for absolutt personvern. Gratis, ingen grenser og svært sikker.",,,"166
166",2,true
21,https://createmy-qr.com/ar/telegram-mwld-rmz-lstjb-lsryaa-mjny,"برقية QR Code Generator - مجاني ومخصص | CreateMy-QR
برقية - مولد رمز الاستجابة السريعة مجاني - CreateMy-QR",text/html; charset=utf-8,false,200,0,0,"قم بتحويل بيانات برقية الخاصة بك إلى رمز QR مخصص مباشرةً في متصفحك. تمت معالجتها بنسبة 100% دون الاتصال بالإنترنت لتوفير الخصوصية المطلقة. مجاني، بلا حدود، وآمن للغاية.
قم بتحويل بيانات برقية الخاصة بك إلى رمز QR مخصص مباشرةً في متصفحك. تمت معالجتها بنسبة 100% دون الاتصال بالإنترنت لتوفير الخصوصية المطلقة. مجاني، بلا حدود، وآمن للغاية.",,,"168
168",2,true
21,https://createmy-qr.com/nl/tiktok-gratis-qr-code-generator-online,"TikTok QR-codegenerator - gratis en aangepast | CreateMy-QR
TikTok - Gratis QR Code Generator Online - CreateMy-QR",text/html; charset=utf-8,false,200,0,0,"Converteer uw TikTok-gegevens rechtstreeks in uw browser naar een aangepaste QR-code. 100% offline verwerkt voor absolute privacy. Gratis, geen grenzen en zeer veilig.
Converteer uw TikTok-gegevens rechtstreeks in uw browser naar een aangepaste QR-code. 100% offline verwerkt voor absolute privacy. Gratis, geen grenzen en zeer veilig.",,,"167
167",2,true
21,https://createmy-qr.com/nl/gebruiksscenario-s,"Gratis QR Code Generator Online - CreateMy-QR (No Signup) | Gebruiksscenario's
types.usecases QR-codegenerator - gratis en aangepast | CreateMy-QR
Gebruiksscenario's | CreateMy-QR",text/html; charset=utf-8,false,200,0,0,"Learn more about CreateMy-QR use cases.
Converteer uw types.usecases-gegevens rechtstreeks in uw browser naar een aangepaste QR-code. 100% offline verwerkt voor absolute privacy. Gratis, geen grenzen en zeer veilig.",,,"39
175",2,true
21,https://createmy-qr.com/el/arhitektoniki-asfaleias,"Δωρεάν Δημιουργία QR Code Online - CreateMy-QR (No Signup) | Αρχιτεκτονική Ασφαλείας
types.security QR Code Generator - Δωρεάν & Προσαρμοσμένο | CreateMy-QR
Αρχιτεκτονική Ασφαλείας | CreateMy-QR",text/html; charset=utf-8,false,200,0,0,"Learn more about CreateMy-QR security architecture.
Μετατρέψτε τα δεδομένα σας types.security σε προσαρμοσμένο κωδικό QR απευθείας στο πρόγραμμα περιήγησής σας. 100% επεξεργασία εκτός σύνδεσης για απόλυτη προστασία της ιδιωτικής ζωής. Δωρεάν, χωρίς όρια και εξαιρετικά ασφαλές.",,,"51
225",2,true
21,https://createmy-qr.com/tl/100-libreng-pagpepresyo,"Libreng Online QR Code Generator - CreateMy-QR (No Signup) | 100% Libreng Pagpepresyo
types.pricing QR Code Generator - Libre at Custom | CreateMy-QR
100% Libreng Pagpepresyo | CreateMy-QR",text/html; charset=utf-8,false,200,0,0,"Learn more about CreateMy-QR 100% free pricing.
I-convert ang iyong types.pricing data sa isang custom na QR code nang direkta sa iyong browser. 100% na naproseso offline para sa ganap na privacy. Libre, walang limitasyon, at lubos na secure.",,,"47
194",2,true
21,https://createmy-qr.com/hi/facebook-muph-t-onnlaain-kyuuaar-kodd-jnrettr,"फेसबुक QR कोड जेनरेटर - मुफ़्त और कस्टम | CreateMy-QR
फेसबुक - मुफ़्त ऑनलाइन क्यूआर कोड जनरेटर - CreateMy-QR",text/html; charset=utf-8,false,200,0,0,"अपने फेसबुक डेटा को सीधे अपने ब्राउज़र में एक कस्टम क्यूआर कोड में बदलें। पूर्ण गोपनीयता के लिए 100% ऑफ़लाइन संसाधित। निःशुल्क, कोई सीमा नहीं, और अत्यधिक सुरक्षित।
अपने फेसबुक डेटा को सीधे अपने ब्राउज़र में एक कस्टम क्यूआर कोड में बदलें। पूर्ण गोपनीयता के लिए 100% ऑफ़लाइन संसाधित। निःशुल्क, कोई सीमा नहीं, और अत्यधिक सुरक्षित।",,,"163
163",2,true
21,https://createmy-qr.com/fi/tuetut-kielet,"Ilmainen QR-koodigeneraattori Netissä - CreateMy-QR (No Signup) | Tuetut kielet
types.languages QR-koodigeneraattori - ilmainen ja räätälöity | CreateMy-QR
Tuetut kielet | CreateMy-QR",text/html; charset=utf-8,false,200,0,0,"Learn more about CreateMy-QR supported languages.
Muunna types.languages-tietosi mukautetuksi QR-koodiksi suoraan selaimessasi. 100 % käsitelty offline-tilassa täydellisen yksityisyyden takaamiseksi. Ilmainen, ei rajoituksia ja erittäin turvallinen.",,,"49
199",2,true
21,https://createmy-qr.com/ro/amazon-generator-de-coduri-qr-gratuit-online,"Amazon QR Code Generator - Gratuit și personalizat | CreateMy-QR
Amazon - Generator de Coduri QR Gratuit Online - CreateMy-QR",text/html; charset=utf-8,false,200,0,0,"Transformați datele dvs. Amazon într-un cod QR personalizat direct în browser. Procesat 100% offline pentru confidențialitate absolută. Gratuit, fără limite și foarte sigur.
Transformați datele dvs. Amazon într-un cod QR personalizat direct în browser. Procesat 100% offline pentru confidențialitate absolută. Gratuit, fără limite și foarte sigur.",,,"173
173",2,true
21,https://createmy-qr.com/ms/sms-penjana-kod-qr-percuma-dalam-talian,"Penjana Kod QR SMS - Percuma & Tersuai | CreateMy-QR
SMS - Penjana Kod QR Percuma Dalam Talian - CreateMy-QR",text/html; charset=utf-8,false,200,0,0,"Tukar data SMS anda kepada kod QR tersuai terus dalam penyemak imbas anda. 100% diproses di luar talian untuk privasi mutlak. Percuma, tiada had dan sangat selamat.
Tukar data SMS anda kepada kod QR tersuai terus dalam penyemak imbas anda. 100% diproses di luar talian untuk privasi mutlak. Percuma, tiada had dan sangat selamat.",,,"164
164",2,true
21,https://createmy-qr.com/es/generador-de-codigos-qr-gratis-online-2,"Escáner de códigos QR gratuito en línea: escanee QR al instante
Generador de códigos QR types.scanqr: gratuito y personalizado | CreateMy-QR
scanqr - Generador de Códigos QR Gratis Online - CreateMy-QR",text/html; charset=utf-8,false,200,0,0,"Convierta sus datos de scanqr en un código QR personalizado directamente en su navegador. 100% procesado fuera de línea para absoluta privacidad. Gratis, sin límites y muy seguro.
Convierta sus datos de types.scanqr en un código QR personalizado directamente en su navegador. 100% procesado fuera de línea para absoluta privacidad. Gratis, sin límites y muy seguro.
Escanee códigos QR al instante usando su cámara o cargando una imagen. Procesamiento 100% seguro, privado y del lado del cliente.",,,"179
185
129",3,true
21,https://createmy-qr.com/fr/images-generateur-de-code-qr-gratuit-en-ligne,"Générateur de code QR Images - Gratuit et personnalisé | CreateMy-QR
Images - Générateur de Code QR Gratuit en Ligne - CreateMy-QR",text/html; charset=utf-8,false,200,0,0,"Convertissez vos données Images en un code QR personnalisé directement dans votre navigateur. 100 % traité hors ligne pour une confidentialité absolue. Gratuit, sans limites et hautement sécurisé.
Convertissez vos données Images en un code QR personnalisé directement dans votre navigateur. 100 % traité hors ligne pour une confidentialité absolue. Gratuit, sans limites et hautement sécurisé.",,,"196
196",2,true
21,https://createmy-qr.com/tl/pdf-libreng-online-qr-code-generator,"PDF QR Code Generator - Libre at Custom | CreateMy-QR
PDF - Libreng Online QR Code Generator - CreateMy-QR",text/html; charset=utf-8,false,200,0,0,"I-convert ang iyong PDF data sa isang custom na QR code nang direkta sa iyong browser. 100% na naproseso offline para sa ganap na privacy. Libre, walang limitasyon, at lubos na secure.
I-convert ang iyong PDF data sa isang custom na QR code nang direkta sa iyong browser. 100% na naproseso offline para sa ganap na privacy. Libre, walang limitasyon, at lubos na secure.",,,"184
184",2,true
21,https://createmy-qr.com/pl/przypadki-uzycia,"Darmowy Generator Kodów QR Online - CreateMy-QR (No Signup) | Przypadki użycia
Generator kodów QR types.usecases — bezpłatny i niestandardowy | CreateMy-QR
Przypadki użycia | CreateMy-QR",text/html; charset=utf-8,false,200,0,0,"Learn more about CreateMy-QR use cases.
Konwertuj dane types.usecases na niestandardowy kod QR bezpośrednio w przeglądarce. 100% przetwarzane w trybie offline, aby zapewnić całkowitą prywatność. Bezpłatnie, bez ograniczeń i bardzo bezpiecznie.",,,"39
203",2,true
21,https://createmy-qr.com/ar/crypto-mwld-rmz-lstjb-lsryaa-mjny,"التشفير QR Code Generator - مجاني ومخصص | CreateMy-QR
التشفير - مولد رمز الاستجابة السريعة مجاني - CreateMy-QR",text/html; charset=utf-8,false,200,0,0,"قم بتحويل بيانات التشفير الخاصة بك إلى رمز QR مخصص مباشرةً في متصفحك. تمت معالجتها بنسبة 100% دون الاتصال بالإنترنت لتوفير الخصوصية المطلقة. مجاني، بلا حدود، وآمن للغاية.
قم بتحويل بيانات التشفير الخاصة بك إلى رمز QR مخصص مباشرةً في متصفحك. تمت معالجتها بنسبة 100% دون الاتصال بالإنترنت لتوفير الخصوصية المطلقة. مجاني، بلا حدود، وآمن للغاية.",,,"170
170",2,true
21,https://createmy-qr.com/nl/tekst-gratis-qr-code-generator-online,"Tekst QR-codegenerator - gratis en aangepast | CreateMy-QR
Tekst - Gratis QR Code Generator Online - CreateMy-QR",text/html; charset=utf-8,false,200,0,0,"Converteer uw Tekst-gegevens rechtstreeks in uw browser naar een aangepaste QR-code. 100% offline verwerkt voor absolute privacy. Gratis, geen grenzen en zeer veilig.
Converteer uw Tekst-gegevens rechtstreeks in uw browser naar een aangepaste QR-code. 100% offline verwerkt voor absolute privacy. Gratis, geen grenzen en zeer veilig.",,,"166
166",2,true
21,https://createmy-qr.com/ms/dasar-privasi,"Penjana Kod QR Percuma Dalam Talian - CreateMy-QR (No Signup) | Dasar Privasi
Penjana Kod QR types.privacy - Percuma & Tersuai | CreateMy-QR
Dasar Privasi | CreateMy-QR",text/html; charset=utf-8,false,200,0,0,"Learn more about CreateMy-QR privacy policy.
Tukar data types.privacy anda kepada kod QR tersuai terus dalam penyemak imbas anda. 100% diproses di luar talian untuk privasi mutlak. Percuma, tiada had dan sangat selamat.",,,"44
174",2,true
21,https://createmy-qr.com/el/dorean-dimioyrgia-qr-code-online-2,"Δωρεάν σαρωτής κωδικών QR Online - Σάρωση QR άμεσα
types.scanqr QR Code Generator - Δωρεάν & Προσαρμοσμένο | CreateMy-QR
scanqr - Δωρεάν Δημιουργία QR Code Online - CreateMy-QR",text/html; charset=utf-8,false,200,0,0,"Μετατρέψτε τα δεδομένα σας scanqr σε προσαρμοσμένο κωδικό QR απευθείας στο πρόγραμμα περιήγησής σας. 100% επεξεργασία εκτός σύνδεσης για απόλυτη προστασία της ιδιωτικής ζωής. Δωρεάν, χωρίς όρια και εξαιρετικά ασφαλές.
Μετατρέψτε τα δεδομένα σας types.scanqr σε προσαρμοσμένο κωδικό QR απευθείας στο πρόγραμμα περιήγησής σας. 100% επεξεργασία εκτός σύνδεσης για απόλυτη προστασία της ιδιωτικής ζωής. Δωρεάν, χωρίς όρια και εξαιρετικά ασφαλές.
Σαρώστε τους κωδικούς QR άμεσα χρησιμοποιώντας την κάμερά σας ή ανεβάζοντας μια εικόνα. 100% ασφαλής, ιδιωτική επεξεργασία και επεξεργασία από την πλευρά του πελάτη.",,,"217
223
165",3,true
21,https://createmy-qr.com/hi/sthaan-muph-t-onnlaain-kyuuaar-kodd-jnrettr,"स्थान QR कोड जेनरेटर - मुफ़्त और कस्टम | CreateMy-QR
स्थान - मुफ़्त ऑनलाइन क्यूआर कोड जनरेटर - CreateMy-QR",text/html; charset=utf-8,false,200,0,0,"अपने स्थान डेटा को सीधे अपने ब्राउज़र में एक कस्टम क्यूआर कोड में बदलें। पूर्ण गोपनीयता के लिए 100% ऑफ़लाइन संसाधित। निःशुल्क, कोई सीमा नहीं, और अत्यधिक सुरक्षित।
अपने स्थान डेटा को सीधे अपने ब्राउज़र में एक कस्टम क्यूआर कोड में बदलें। पूर्ण गोपनीयता के लिए 100% ऑफ़लाइन संसाधित। निःशुल्क, कोई सीमा नहीं, और अत्यधिक सुरक्षित।",,,"162
162",2,true
21,https://createmy-qr.com/da/link-i-bio-gratis-qr-kode-generator-online,"Link i bio QR Code Generator - Gratis og brugerdefineret | CreateMy-QR
Link i bio - Gratis QR Kode Generator Online - CreateMy-QR",text/html; charset=utf-8,false,200,0,0,"Konverter dine Link i bio-data til en tilpasset QR-kode direkte i din browser. 100 % behandlet offline for absolut privatliv. Gratis, ingen grænser og meget sikker.
Konverter dine Link i bio-data til en tilpasset QR-kode direkte i din browser. 100 % behandlet offline for absolut privatliv. Gratis, ingen grænser og meget sikker.",,,"164
164",2,true
21,https://createmy-qr.com/hu/discord-ingyenes-online-qr-kod-generator,"Discord QR-kód generátor - ingyenes és egyedi | CreateMy-QR
Discord - Ingyenes Online QR-kód Generátor - CreateMy-QR",text/html; charset=utf-8,false,200,0,0,"Alakítsa át Discord adatait egyéni QR-kóddá közvetlenül a böngészőjében. 100%-ban offline feldolgozva az abszolút adatvédelem érdekében. Ingyenes, korlátok nélkül és rendkívül biztonságos.
Alakítsa át Discord adatait egyéni QR-kóddá közvetlenül a böngészőjében. 100%-ban offline feldolgozva az abszolút adatvédelem érdekében. Ingyenes, korlátok nélkül és rendkívül biztonságos.",,,"188
188",2,true
21,https://createmy-qr.com/ro/politica-de-confidentialitate,"Generator de Coduri QR Gratuit Online - CreateMy-QR (No Signup) | Politica de confidențialitate
types.privacy QR Code Generator - Gratuit și personalizat | CreateMy-QR
Politica de confidențialitate | CreateMy-QR",text/html; charset=utf-8,false,200,0,0,"Learn more about CreateMy-QR privacy policy.
Transformați datele dvs. types.privacy într-un cod QR personalizat direct în browser. Procesat 100% offline pentru confidențialitate absolută. Gratuit, fără limite și foarte sigur.",,,"44
180",2,true
21,https://createmy-qr.com/bn/paatthy-phri-anlaain-kiuaar-kodd-jenaarettr,"পাঠ্য QR কোড জেনারেটর - বিনামূল্যে এবং কাস্টম | CreateMy-QR
পাঠ্য - ফ্রি অনলাইন কিউআর কোড জেনারেটর - CreateMy-QR",text/html; charset=utf-8,false,200,0,0,"আপনার ব্রাউজারে সরাসরি একটি কাস্টম QR কোডে আপনার পাঠ্য ডেটা রূপান্তর করুন। সম্পূর্ণ গোপনীয়তার জন্য 100% অফলাইনে প্রক্রিয়া করা হয়েছে। বিনামূল্যে, কোন সীমা নেই, এবং অত্যন্ত নিরাপদ।
আপনার ব্রাউজারে সরাসরি একটি কাস্টম QR কোডে আপনার পাঠ্য ডেটা রূপান্তর করুন। সম্পূর্ণ গোপনীয়তার জন্য 100% অফলাইনে প্রক্রিয়া করা হয়েছে। বিনামূল্যে, কোন সীমা নেই, এবং অত্যন্ত নিরাপদ।",,,"181
181",2,true
21,https://createmy-qr.com/es/wi-fi-generador-de-codigos-qr-gratis-online,"Generador de códigos QR Wifi: gratuito y personalizado | CreateMy-QR
Wifi - Generador de Códigos QR Gratis Online - CreateMy-QR",text/html; charset=utf-8,false,200,0,0,"Convierta sus datos de Wifi en un código QR personalizado directamente en su navegador. 100% procesado fuera de línea para absoluta privacidad. Gratis, sin límites y muy seguro.
Convierta sus datos de Wifi en un código QR personalizado directamente en su navegador. 100% procesado fuera de línea para absoluta privacidad. Gratis, sin límites y muy seguro.",,,"177
177",2,true
21,https://createmy-qr.com/hi/smrthit-bhaassaaen,"मुफ़्त ऑनलाइन क्यूआर कोड जनरेटर - CreateMy-QR (No Signup) | समर्थित भाषाएँ
types.languages QR कोड जेनरेटर - मुफ़्त और कस्टम | CreateMy-QR
समर्थित भाषाएँ | CreateMy-QR",text/html; charset=utf-8,false,200,0,0,"Learn more about CreateMy-QR supported languages.
अपने types.languages डेटा को सीधे अपने ब्राउज़र में एक कस्टम क्यूआर कोड में बदलें। पूर्ण गोपनीयता के लिए 100% ऑफ़लाइन संसाधित। निःशुल्क, कोई सीमा नहीं, और अत्यधिक सुरक्षित।",,,"49
172",2,true
21,https://createmy-qr.com/tr/x-twitter-ucretsiz-cevrimici-qr-kod-olusturucu,"X (Twitter) QR Kod Oluşturucu - Ücretsiz ve Özel | CreateMy-QR
X (Twitter) - Ücretsiz Çevrimiçi QR Kod Oluşturucu - CreateMy-QR",text/html; charset=utf-8,false,200,0,0,"X (Twitter) verilerinizi doğrudan tarayıcınızda özel bir QR koduna dönüştürün. Mutlak gizlilik için %100 çevrimdışı işlenir. Ücretsiz, sınırsız ve son derece güvenli.
X (Twitter) verilerinizi doğrudan tarayıcınızda özel bir QR koduna dönüştürün. Mutlak gizlilik için %100 çevrimdışı işlenir. Ücretsiz, sınırsız ve son derece güvenli.",,,"166
166",2,true
21,https://createmy-qr.com/tl/tungkol-sa-amin,"Libreng Online QR Code Generator - CreateMy-QR (No Signup) | Tungkol sa Amin
types.about QR Code Generator - Libre at Custom | CreateMy-QR
Tungkol sa Amin | CreateMy-QR",text/html; charset=utf-8,false,200,0,0,"Learn more about CreateMy-QR about us.
I-convert ang iyong types.about data sa isang custom na QR code nang direkta sa iyong browser. 100% na naproseso offline para sa ganap na privacy. Libre, walang limitasyon, at lubos na secure.",,,"38
192",2,true
21,https://createmy-qr.com/nl/discord-gratis-qr-code-generator-online,"Onenigheid QR-codegenerator - gratis en aangepast | CreateMy-QR
Onenigheid - Gratis QR Code Generator Online - CreateMy-QR",text/html; charset=utf-8,false,200,0,0,"Converteer uw Onenigheid-gegevens rechtstreeks in uw browser naar een aangepaste QR-code. 100% offline verwerkt voor absolute privacy. Gratis, geen grenzen en zeer veilig.
Converteer uw Onenigheid-gegevens rechtstreeks in uw browser naar een aangepaste QR-code. 100% offline verwerkt voor absolute privacy. Gratis, geen grenzen en zeer veilig.",,,"171
171",2,true
21,https://createmy-qr.com/th/venmo-ekhruue-ngmuue-sraangkhiw-aarokhd-nailnfrii,"เวนโม เครื่องสร้างโค้ด QR - ฟรีและกำหนดเอง | CreateMy-QR
เวนโม - เครื่องมือสร้างคิวอาร์โค้ดออนไลน์ฟรี - CreateMy-QR",text/html; charset=utf-8,false,200,0,0,"แปลงข้อมูล เวนโม ของคุณให้เป็นโค้ด QR ที่กำหนดเองได้โดยตรงในเบราว์เซอร์ของคุณ ประมวลผลแบบออฟไลน์ 100% เพื่อความเป็นส่วนตัวอย่างแท้จริง ฟรี ไม่จำกัด และมีความปลอดภัยสูง
แปลงข้อมูล เวนโม ของคุณให้เป็นโค้ด QR ที่กำหนดเองได้โดยตรงในเบราว์เซอร์ของคุณ ประมวลผลแบบออฟไลน์ 100% เพื่อความเป็นส่วนตัวอย่างแท้จริง ฟรี ไม่จำกัด และมีความปลอดภัยสูง",,,"167
167",2,true
21,https://createmy-qr.com/tl/email-libreng-online-qr-code-generator,"Email QR Code Generator - Libre at Custom | CreateMy-QR
Email - Libreng Online QR Code Generator - CreateMy-QR",text/html; charset=utf-8,false,200,0,0,"I-convert ang iyong Email data sa isang custom na QR code nang direkta sa iyong browser. 100% na naproseso offline para sa ganap na privacy. Libre, walang limitasyon, at lubos na secure.
I-convert ang iyong Email data sa isang custom na QR code nang direkta sa iyong browser. 100% na naproseso offline para sa ganap na privacy. Libre, walang limitasyon, at lubos na secure.",,,"186
186",2,true
21,https://createmy-qr.com/ru/crypto-besplatnyy-generator-qr-kodov-onlayn,"Крипто Генератор QR-кодов — бесплатный и настраиваемый | CreateMy-QR
Крипто - Бесплатный генератор QR-кодов онлайн - CreateMy-QR",text/html; charset=utf-8,false,200,0,0,"Преобразуйте данные Крипто в собственный QR-код прямо в браузере. 100% обработка в автономном режиме для абсолютной конфиденциальности. Бесплатно, без ограничений и очень безопасно.
Преобразуйте данные Крипто в собственный QR-код прямо в браузере. 100% обработка в автономном режиме для абсолютной конфиденциальности. Бесплатно, без ограничений и очень безопасно.",,,"181
181",2,true
21,https://createmy-qr.com/nl/over-ons,"Gratis QR Code Generator Online - CreateMy-QR (No Signup) | Over ons
types.about QR-codegenerator - gratis en aangepast | CreateMy-QR
Over ons | CreateMy-QR",text/html; charset=utf-8,false,200,0,0,"Learn more about CreateMy-QR about us.
Converteer uw types.about-gegevens rechtstreeks in uw browser naar een aangepaste QR-code. 100% offline verwerkt voor absolute privacy. Gratis, geen grenzen en zeer veilig.",,,"38
172",2,true
21,https://createmy-qr.com/bn/pdf-phri-anlaain-kiuaar-kodd-jenaarettr,"পিডিএফ QR কোড জেনারেটর - বিনামূল্যে এবং কাস্টম | CreateMy-QR
পিডিএফ - ফ্রি অনলাইন কিউআর কোড জেনারেটর - CreateMy-QR",text/html; charset=utf-8,false,200,0,0,"আপনার ব্রাউজারে সরাসরি একটি কাস্টম QR কোডে আপনার পিডিএফ ডেটা রূপান্তর করুন। সম্পূর্ণ গোপনীয়তার জন্য 100% অফলাইনে প্রক্রিয়া করা হয়েছে। বিনামূল্যে, কোন সীমা নেই, এবং অত্যন্ত নিরাপদ।
আপনার ব্রাউজারে সরাসরি একটি কাস্টম QR কোডে আপনার পিডিএফ ডেটা রূপান্তর করুন। সম্পূর্ণ গোপনীয়তার জন্য 100% অফলাইনে প্রক্রিয়া করা হয়েছে। বিনামূল্যে, কোন সীমা নেই, এবং অত্যন্ত নিরাপদ।",,,"182
182",2,true
21,https://createmy-qr.com/pt/evento-gerador-de-codigo-qr-gratis-online,"Gerador de código QR Evento - gratuito e personalizado | CreateMy-QR
Evento - Gerador de Código QR Grátis Online - CreateMy-QR",text/html; charset=utf-8,false,200,0,0,"Converta seus dados do Evento em um código QR personalizado diretamente no seu navegador. 100% processado offline para privacidade absoluta. Gratuito, sem limites e altamente seguro.
Converta seus dados do Evento em um código QR personalizado diretamente no seu navegador. 100% processado offline para privacidade absoluta. Gratuito, sem limites e altamente seguro.",,,"182
182",2,true
21,https://createmy-qr.com/pt/sobre-nos,"Gerador de Código QR Grátis Online - CreateMy-QR (No Signup) | Sobre nós
Gerador de código QR types.about - gratuito e personalizado | CreateMy-QR
Sobre nós | CreateMy-QR",text/html; charset=utf-8,false,200,0,0,"Learn more about CreateMy-QR about us.
Converta seus dados do types.about em um código QR personalizado diretamente no seu navegador. 100% processado offline para privacidade absoluta. Gratuito, sem limites e altamente seguro.",,,"38
187",2,true
21,https://createmy-qr.com/uk/,"CreateMy-QR | Усі QR та штрих-коди Інструменти в одному місці
CreateMy-QR | Усі QR та штрих-коди Інструменти в одному місці
home - Безкоштовний Генератор QR-кодів Онлайн - CreateMy-QR",text/html; charset=utf-8,false,200,0,1,"Перетворіть свої дані home на власний QR-код безпосередньо у своєму браузері. 100% обробка офлайн для повної конфіденційності. Безкоштовно, без обмежень і дуже безпечно.
Згенеруйте 37 типів QR-кодів і штрих-кодів безкоштовно.Без реєстрації.Миттєве завантаження.100% клієнтська сторона, сумісна з ISO/IEC 18004, доступна 30 мовами.
Згенеруйте 37 типів QR-кодів і штрих-кодів безкоштовно.Без реєстрації.Миттєве завантаження.100% клієнтська сторона, сумісна з ISO/IEC 18004, доступна 30 мовами.",,,"169
160
160",3,true
21,https://createmy-qr.com/tr/amazon-ucretsiz-cevrimici-qr-kod-olusturucu,"Amazon QR Kod Oluşturucu - Ücretsiz ve Özel | CreateMy-QR
Amazon - Ücretsiz Çevrimiçi QR Kod Oluşturucu - CreateMy-QR",text/html; charset=utf-8,false,200,0,0,"Amazon verilerinizi doğrudan tarayıcınızda özel bir QR koduna dönüştürün. Mutlak gizlilik için %100 çevrimdışı işlenir. Ücretsiz, sınırsız ve son derece güvenli.
Amazon verilerinizi doğrudan tarayıcınızda özel bir QR koduna dönüştürün. Mutlak gizlilik için %100 çevrimdışı işlenir. Ücretsiz, sınırsız ve son derece güvenli.",,,"161
161",2,true
21,https://createmy-qr.com/it/casi-d-uso,"Generatore di Codici QR Gratis Online - CreateMy-QR (No Signup) | Casi d'uso
Generatore di codici QR types.usecases - Gratuito e personalizzato | CreateMy-QR
Casi d'uso | CreateMy-QR",text/html; charset=utf-8,false,200,0,0,"Learn more about CreateMy-QR use cases.
Converti i tuoi dati types.usecases in un codice QR personalizzato direttamente nel tuo browser. Elaborato offline al 100% per una privacy assoluta. Gratuito, senza limiti e altamente sicuro.",,,"39
191",2,true
21,https://createmy-qr.com/ms/vcard-penjana-kod-qr-percuma-dalam-talian,"Penjana Kod QR vCard - Percuma & Tersuai | CreateMy-QR
vCard - Penjana Kod QR Percuma Dalam Talian - CreateMy-QR",text/html; charset=utf-8,false,200,0,0,"Tukar data vCard anda kepada kod QR tersuai terus dalam penyemak imbas anda. 100% diproses di luar talian untuk privasi mutlak. Percuma, tiada had dan sangat selamat.
Tukar data vCard anda kepada kod QR tersuai terus dalam penyemak imbas anda. 100% diproses di luar talian untuk privasi mutlak. Percuma, tiada had dan sangat selamat.",,,"166
166",2,true
21,https://createmy-qr.com/de/url-link-kostenloser-qr-code-generator-online,"Kostenloser QR-Code Generator Online - CreateMy-QR (No Signup) | CreateMy-QR
Kostenloser QR-Code Generator Online - CreateMy-QR (No Signup)",text/html; charset=utf-8,false,200,0,0,"Erstellen Sie QR-Codes mit Logo & Farbe - Ohne Anmeldung, Unbegrenzt. 100% privacy-safe, client-side generation without signup. Try CreateMy-QR today.
Wandeln Sie Ihre URL/Link-Daten direkt in Ihrem Browser in einen benutzerdefinierten QR-Code um. 100 % offline verarbeitet für absolute Privatsphäre. Kostenlos, ohne Grenzen und äußerst sicher.",,,"150
193",2,true
21,https://createmy-qr.com/fr/generateur-de-code-qr-gratuit-en-ligne,"Générateur de codes-barres gratuit en ligne - Créez des codes-barres 1D
Générateur de code QR types.barcode - Gratuit et personnalisé | CreateMy-QR
barcode - Générateur de Code QR Gratuit en Ligne - CreateMy-QR",text/html; charset=utf-8,false,200,0,0,"Convertissez vos données barcode en un code QR personnalisé directement dans votre navigateur. 100 % traité hors ligne pour une confidentialité absolue. Gratuit, sans limites et hautement sécurisé.
Convertissez vos données types.barcode en un code QR personnalisé directement dans votre navigateur. 100 % traité hors ligne pour une confidentialité absolue. Gratuit, sans limites et hautement sécurisé.
Générez instantanément des codes-barres 1D professionnels. Prise en charge du Code-128, UPC, EAN, ITF-14 et plus encore. Gratuit, sécurisé et prêt à être téléchargé en PNG haute résolution.",,,"197
203
189",3,true
21,https://createmy-qr.com/nl/spotify-gratis-qr-code-generator-online,"Spotify QR-codegenerator - gratis en aangepast | CreateMy-QR
Spotify - Gratis QR Code Generator Online - CreateMy-QR",text/html; charset=utf-8,false,200,0,0,"Converteer uw Spotify-gegevens rechtstreeks in uw browser naar een aangepaste QR-code. 100% offline verwerkt voor absolute privacy. Gratis, geen grenzen en zeer veilig.
Converteer uw Spotify-gegevens rechtstreeks in uw browser naar een aangepaste QR-code. 100% offline verwerkt voor absolute privacy. Gratis, geen grenzen en zeer veilig.",,,"168
168",2,true
21,https://createmy-qr.com/ru/audio-besplatnyy-generator-qr-kodov-onlayn,"Аудио Генератор QR-кодов — бесплатный и настраиваемый | CreateMy-QR
Аудио - Бесплатный генератор QR-кодов онлайн - CreateMy-QR",text/html; charset=utf-8,false,200,0,0,"Преобразуйте данные Аудио в собственный QR-код прямо в браузере. 100% обработка в автономном режиме для абсолютной конфиденциальности. Бесплатно, без ограничений и очень безопасно.
Преобразуйте данные Аудио в собственный QR-код прямо в браузере. 100% обработка в автономном режиме для абсолютной конфиденциальности. Бесплатно, без ограничений и очень безопасно.",,,"180
180",2,true
21,https://createmy-qr.com/ms/google-forms-penjana-kod-qr-percuma-dalam-talian,"Penjana Kod QR Borang Google - Percuma & Tersuai | CreateMy-QR
Borang Google - Penjana Kod QR Percuma Dalam Talian - CreateMy-QR",text/html; charset=utf-8,false,200,0,0,"Tukar data Borang Google anda kepada kod QR tersuai terus dalam penyemak imbas anda. 100% diproses di luar talian untuk privasi mutlak. Percuma, tiada had dan sangat selamat.
Tukar data Borang Google anda kepada kod QR tersuai terus dalam penyemak imbas anda. 100% diproses di luar talian untuk privasi mutlak. Percuma, tiada had dan sangat selamat.",,,"174
174",2,true
21,https://createmy-qr.com/hi/100-nihshulk-muuly-nirdhaarnn,"मुफ़्त ऑनलाइन क्यूआर कोड जनरेटर - CreateMy-QR (No Signup) | 100% निःशुल्क मूल्य निर्धारण
types.pricing QR कोड जेनरेटर - मुफ़्त और कस्टम | CreateMy-QR
100% निःशुल्क मूल्य निर्धारण | CreateMy-QR",text/html; charset=utf-8,false,200,0,0,"Learn more about CreateMy-QR 100% free pricing.
अपने types.pricing डेटा को सीधे अपने ब्राउज़र में एक कस्टम क्यूआर कोड में बदलें। पूर्ण गोपनीयता के लिए 100% ऑफ़लाइन संसाधित। निःशुल्क, कोई सीमा नहीं, और अत्यधिक सुरक्षित।",,,"47
170",2,true
21,https://createmy-qr.com/nl/paypal-gratis-qr-code-generator-online,"PayPal QR-codegenerator - gratis en aangepast | CreateMy-QR
PayPal - Gratis QR Code Generator Online - CreateMy-QR",text/html; charset=utf-8,false,200,0,0,"Converteer uw PayPal-gegevens rechtstreeks in uw browser naar een aangepaste QR-code. 100% offline verwerkt voor absolute privacy. Gratis, geen grenzen en zeer veilig.
Converteer uw PayPal-gegevens rechtstreeks in uw browser naar een aangepaste QR-code. 100% offline verwerkt voor absolute privacy. Gratis, geen grenzen en zeer veilig.",,,"167
167",2,true
21,https://createmy-qr.com/vi/snapchat-tao-ma-qr-mien-phi-truc-tuyen,"Trình tạo mã QR Snapchat - Miễn phí & Tùy chỉnh | CreateMy-QR
Snapchat - Tạo Mã QR Miễn Phí Trực Tuyến - CreateMy-QR",text/html; charset=utf-8,false,200,0,0,"Chuyển đổi dữ liệu Snapchat của bạn thành mã QR tùy chỉnh trực tiếp trong trình duyệt của bạn. 100% được xử lý ngoại tuyến để đảm bảo quyền riêng tư tuyệt đối. Miễn phí, không giới hạn và có tính bảo mật cao.
Chuyển đổi dữ liệu Snapchat của bạn thành mã QR tùy chỉnh trực tiếp trong trình duyệt của bạn. 100% được xử lý ngoại tuyến để đảm bảo quyền riêng tư tuyệt đối. Miễn phí, không giới hạn và có tính bảo mật cao.",,,"208
208",2,true
21,https://createmy-qr.com/uk/fayl-bezkoshtovniy-generator-qr-kodiv-onlayn,"Генератор QR-коду Файл – безкоштовний і користувацький | CreateMy-QR
Файл - Безкоштовний Генератор QR-кодів Онлайн - CreateMy-QR",text/html; charset=utf-8,false,200,0,0,"Перетворіть свої дані Файл на власний QR-код безпосередньо у своєму браузері. 100% обробка офлайн для повної конфіденційності. Безкоштовно, без обмежень і дуже безпечно.
Перетворіть свої дані Файл на власний QR-код безпосередньо у своєму браузері. 100% обробка офлайн для повної конфіденційності. Безкоштовно, без обмежень і дуже безпечно.",,,"169
169",2,true
21,https://createmy-qr.com/sv/app-store-gratis-qr-kod-generator-online,"App Store QR Code Generator - Gratis & anpassad | CreateMy-QR
App Store - Gratis QR-kod Generator Online - CreateMy-QR",text/html; charset=utf-8,false,200,0,0,"Konvertera dina App Store-data till en anpassad QR-kod direkt i din webbläsare. 100 % bearbetad offline för absolut integritet. Gratis, inga gränser och mycket säker.
Konvertera dina App Store-data till en anpassad QR-kod direkt i din webbläsare. 100 % bearbetad offline för absolut integritet. Gratis, inga gränser och mycket säker.",,,"166
166",2,true
21,https://createmy-qr.com/ar/whatsapp-mwld-rmz-lstjb-lsryaa-mjny,"واتساب QR Code Generator - مجاني ومخصص | CreateMy-QR
واتساب - مولد رمز الاستجابة السريعة مجاني - CreateMy-QR",text/html; charset=utf-8,false,200,0,0,"قم بتحويل بيانات واتساب الخاصة بك إلى رمز QR مخصص مباشرةً في متصفحك. تمت معالجتها بنسبة 100% دون الاتصال بالإنترنت لتوفير الخصوصية المطلقة. مجاني، بلا حدود، وآمن للغاية.
قم بتحويل بيانات واتساب الخاصة بك إلى رمز QR مخصص مباشرةً في متصفحك. تمت معالجتها بنسبة 100% دون الاتصال بالإنترنت لتوفير الخصوصية المطلقة. مجاني، بلا حدود، وآمن للغاية.",,,"169
169",2,true
21,https://createmy-qr.com/bn/spotify-phri-anlaain-kiuaar-kodd-jenaarettr,"Spotify QR কোড জেনারেটর - বিনামূল্যে এবং কাস্টম | CreateMy-QR
Spotify - ফ্রি অনলাইন কিউআর কোড জেনারেটর - CreateMy-QR",text/html; charset=utf-8,false,200,0,0,"আপনার ব্রাউজারে সরাসরি একটি কাস্টম QR কোডে আপনার Spotify ডেটা রূপান্তর করুন। সম্পূর্ণ গোপনীয়তার জন্য 100% অফলাইনে প্রক্রিয়া করা হয়েছে। বিনামূল্যে, কোন সীমা নেই, এবং অত্যন্ত নিরাপদ।
আপনার ব্রাউজারে সরাসরি একটি কাস্টম QR কোডে আপনার Spotify ডেটা রূপান্তর করুন। সম্পূর্ণ গোপনীয়তার জন্য 100% অফলাইনে প্রক্রিয়া করা হয়েছে। বিনামূল্যে, কোন সীমা নেই, এবং অত্যন্ত নিরাপদ।",,,"183
183",2,true
21,https://createmy-qr.com/de/snapchat-kostenloser-qr-code-generator-online,"Snapchat QR-Code-Generator – kostenlos und benutzerdefiniert | CreateMy-QR
Snapchat - Kostenloser QR-Code Generator Online - CreateMy-QR",text/html; charset=utf-8,false,200,0,0,"Wandeln Sie Ihre Snapchat-Daten direkt in Ihrem Browser in einen benutzerdefinierten QR-Code um. 100 % offline verarbeitet für absolute Privatsphäre. Kostenlos, ohne Grenzen und äußerst sicher.
Wandeln Sie Ihre Snapchat-Daten direkt in Ihrem Browser in einen benutzerdefinierten QR-Code um. 100 % offline verarbeitet für absolute Privatsphäre. Kostenlos, ohne Grenzen und äußerst sicher.",,,"193
193",2,true
21,https://createmy-qr.com/ru/arhitektura-bezopasnosti,"Бесплатный генератор QR-кодов онлайн - CreateMy-QR (No Signup) | Архитектура безопасности
types.security Генератор QR-кодов — бесплатный и настраиваемый | CreateMy-QR
Архитектура безопасности | CreateMy-QR",text/html; charset=utf-8,false,200,0,0,"Learn more about CreateMy-QR security architecture.
Преобразуйте данные types.security в собственный QR-код прямо в браузере. 100% обработка в автономном режиме для абсолютной конфиденциальности. Бесплатно, без ограничений и очень безопасно.",,,"51
189",2,true
21,https://createmy-qr.com/no/crypto-gratis-qr-kode-generator-online,"Krypto QR Code Generator - Gratis og tilpasset | CreateMy-QR
Krypto - Gratis QR-kode Generator Online - CreateMy-QR",text/html; charset=utf-8,false,200,0,0,"Konverter Krypto-dataene dine til en tilpasset QR-kode direkte i nettleseren din. 100 % behandlet offline for absolutt personvern. Gratis, ingen grenser og svært sikker.
Konverter Krypto-dataene dine til en tilpasset QR-kode direkte i nettleseren din. 100 % behandlet offline for absolutt personvern. Gratis, ingen grenser og svært sikker.",,,"169
169",2,true
21,https://createmy-qr.com/ro/imagine-generator-de-coduri-qr-gratuit-online,"Imagine QR Code Generator - Gratuit și personalizat | CreateMy-QR
Imagine - Generator de Coduri QR Gratuit Online - CreateMy-QR",text/html; charset=utf-8,false,200,0,0,"Transformați datele dvs. Imagine într-un cod QR personalizat direct în browser. Procesat 100% offline pentru confidențialitate absolută. Gratuit, fără limite și foarte sigur.
Transformați datele dvs. Imagine într-un cod QR personalizat direct în browser. Procesat 100% offline pentru confidențialitate absolută. Gratuit, fără limite și foarte sigur.",,,"174
174",2,true
21,https://createmy-qr.com/hu/helyszin-ingyenes-online-qr-kod-generator,"Helyszín QR-kód generátor - ingyenes és egyedi | CreateMy-QR
Helyszín - Ingyenes Online QR-kód Generátor - CreateMy-QR",text/html; charset=utf-8,false,200,0,0,"Alakítsa át Helyszín adatait egyéni QR-kóddá közvetlenül a böngészőjében. 100%-ban offline feldolgozva az abszolút adatvédelem érdekében. Ingyenes, korlátok nélkül és rendkívül biztonságos.
Alakítsa át Helyszín adatait egyéni QR-kóddá közvetlenül a böngészőjében. 100%-ban offline feldolgozva az abszolút adatvédelem érdekében. Ingyenes, korlátok nélkül és rendkívül biztonságos.",,,"189
189",2,true
21,https://createmy-qr.com/tr/url-link-ucretsiz-cevrimici-qr-kod-olusturucu,"Ücretsiz Çevrimiçi QR Kod Oluşturucu - CreateMy-QR (No Signup) | CreateMy-QR
Ücretsiz Çevrimiçi QR Kod Oluşturucu - CreateMy-QR (No Signup)",text/html; charset=utf-8,false,200,0,0,"Logo ve Renkli QR Kodlar Üretin - Kayıt Yok, Sınırsız ve Bedava. 100% privacy-safe, client-side generation without signup. Try CreateMy-QR today.
URL / Bağlantı verilerinizi doğrudan tarayıcınızda özel bir QR koduna dönüştürün. Mutlak gizlilik için %100 çevrimdışı işlenir. Ücretsiz, sınırsız ve son derece güvenli.",,,"145
169",2,true
21,https://createmy-qr.com/nl/url-link-gratis-qr-code-generator-online,"Gratis QR Code Generator Online - CreateMy-QR (No Signup) | CreateMy-QR
Gratis QR Code Generator Online - CreateMy-QR (No Signup)",text/html; charset=utf-8,false,200,0,0,"Maak QR Codes met Logo & Kleur - Zonder Registratie, Onbeperkt. 100% privacy-safe, client-side generation without signup. Try CreateMy-QR today.
Converteer uw URL/link-gegevens rechtstreeks in uw browser naar een aangepaste QR-code. 100% offline verwerkt voor absolute privacy. Gratis, geen grenzen en zeer veilig.",,,"144
169",2,true
21,https://createmy-qr.com/el/amazon-dorean-dimioyrgia-qr-code-online,"Amazon QR Code Generator - Δωρεάν & Προσαρμοσμένο | CreateMy-QR
Amazon - Δωρεάν Δημιουργία QR Code Online - CreateMy-QR",text/html; charset=utf-8,false,200,0,0,"Μετατρέψτε τα δεδομένα σας Amazon σε προσαρμοσμένο κωδικό QR απευθείας στο πρόγραμμα περιήγησής σας. 100% επεξεργασία εκτός σύνδεσης για απόλυτη προστασία της ιδιωτικής ζωής. Δωρεάν, χωρίς όρια και εξαιρετικά ασφαλές.
Μετατρέψτε τα δεδομένα σας Amazon σε προσαρμοσμένο κωδικό QR απευθείας στο πρόγραμμα περιήγησής σας. 100% επεξεργασία εκτός σύνδεσης για απόλυτη προστασία της ιδιωτικής ζωής. Δωρεάν, χωρίς όρια και εξαιρετικά ασφαλές.",,,"217
217",2,true
21,https://createmy-qr.com/ms/x-twitter-penjana-kod-qr-percuma-dalam-talian,"Penjana Kod QR X (Twitter) - Percuma & Tersuai | CreateMy-QR
X (Twitter) - Penjana Kod QR Percuma Dalam Talian - CreateMy-QR",text/html; charset=utf-8,false,200,0,0,"Tukar data X (Twitter) anda kepada kod QR tersuai terus dalam penyemak imbas anda. 100% diproses di luar talian untuk privasi mutlak. Percuma, tiada had dan sangat selamat.
Tukar data X (Twitter) anda kepada kod QR tersuai terus dalam penyemak imbas anda. 100% diproses di luar talian untuk privasi mutlak. Percuma, tiada had dan sangat selamat.",,,"172
172",2,true
21,https://createmy-qr.com/vi/x-twitter-tao-ma-qr-mien-phi-truc-tuyen,"Trình tạo mã QR X (Twitter) - Miễn phí & Tùy chỉnh | CreateMy-QR
X (Twitter) - Tạo Mã QR Miễn Phí Trực Tuyến - CreateMy-QR",text/html; charset=utf-8,false,200,0,0,"Chuyển đổi dữ liệu X (Twitter) của bạn thành mã QR tùy chỉnh trực tiếp trong trình duyệt của bạn. 100% được xử lý ngoại tuyến để đảm bảo quyền riêng tư tuyệt đối. Miễn phí, không giới hạn và có tính bảo mật cao.
Chuyển đổi dữ liệu X (Twitter) của bạn thành mã QR tùy chỉnh trực tiếp trong trình duyệt của bạn. 100% được xử lý ngoại tuyến để đảm bảo quyền riêng tư tuyệt đối. Miễn phí, không giới hạn và có tính bảo mật cao.",,,"211
211",2,true
21,https://createmy-qr.com/it/prezzo-gratuito-al-100,"Generatore di Codici QR Gratis Online - CreateMy-QR (No Signup) | Prezzo gratuito al 100%
Generatore di codici QR types.pricing - Gratuito e personalizzato | CreateMy-QR
Prezzo gratuito al 100% | CreateMy-QR",text/html; charset=utf-8,false,200,0,0,"Learn more about CreateMy-QR 100% free pricing.
Converti i tuoi dati types.pricing in un codice QR personalizzato direttamente nel tuo browser. Elaborato offline al 100% per una privacy assoluta. Gratuito, senza limiti e altamente sicuro.",,,"47
190",2,true
21,https://createmy-qr.com/th/raakhaafrii-100,"เครื่องมือสร้างคิวอาร์โค้ดออนไลน์ฟรี - CreateMy-QR (No Signup) | ราคาฟรี 100%
types.pricing เครื่องสร้างโค้ด QR - ฟรีและกำหนดเอง | CreateMy-QR
ราคาฟรี 100% | CreateMy-QR",text/html; charset=utf-8,false,200,0,0,"Learn more about CreateMy-QR 100% free pricing.
แปลงข้อมูล types.pricing ของคุณให้เป็นโค้ด QR ที่กำหนดเองได้โดยตรงในเบราว์เซอร์ของคุณ ประมวลผลแบบออฟไลน์ 100% เพื่อความเป็นส่วนตัวอย่างแท้จริง ฟรี ไม่จำกัด และมีความปลอดภัยสูง",,,"47
175",2,true
21,https://createmy-qr.com/ms/tiktok-penjana-kod-qr-percuma-dalam-talian,"Penjana Kod QR TikTok - Percuma & Tersuai | CreateMy-QR
TikTok - Penjana Kod QR Percuma Dalam Talian - CreateMy-QR",text/html; charset=utf-8,false,200,0,0,"Tukar data TikTok anda kepada kod QR tersuai terus dalam penyemak imbas anda. 100% diproses di luar talian untuk privasi mutlak. Percuma, tiada had dan sangat selamat.
Tukar data TikTok anda kepada kod QR tersuai terus dalam penyemak imbas anda. 100% diproses di luar talian untuk privasi mutlak. Percuma, tiada had dan sangat selamat.",,,"167
167",2,true
21,https://createmy-qr.com/bn/telegram-phri-anlaain-kiuaar-kodd-jenaarettr,"টেলিগ্রাম QR কোড জেনারেটর - বিনামূল্যে এবং কাস্টম | CreateMy-QR
টেলিগ্রাম - ফ্রি অনলাইন কিউআর কোড জেনারেটর - CreateMy-QR",text/html; charset=utf-8,false,200,0,0,"আপনার ব্রাউজারে সরাসরি একটি কাস্টম QR কোডে আপনার টেলিগ্রাম ডেটা রূপান্তর করুন। সম্পূর্ণ গোপনীয়তার জন্য 100% অফলাইনে প্রক্রিয়া করা হয়েছে। বিনামূল্যে, কোন সীমা নেই, এবং অত্যন্ত নিরাপদ।
আপনার ব্রাউজারে সরাসরি একটি কাস্টম QR কোডে আপনার টেলিগ্রাম ডেটা রূপান্তর করুন। সম্পূর্ণ গোপনীয়তার জন্য 100% অফলাইনে প্রক্রিয়া করা হয়েছে। বিনামূল্যে, কোন সীমা নেই, এবং অত্যন্ত নিরাপদ।",,,"185
185",2,true
21,https://createmy-qr.com/fi/x-twitter-ilmainen-qr-koodigeneraattori-netissa,"X (Twitter) QR-koodigeneraattori - ilmainen ja räätälöity | CreateMy-QR
X (Twitter) - Ilmainen QR-koodigeneraattori Netissä - CreateMy-QR",text/html; charset=utf-8,false,200,0,0,"Muunna X (Twitter)-tietosi mukautetuksi QR-koodiksi suoraan selaimessasi. 100 % käsitelty offline-tilassa täydellisen yksityisyyden takaamiseksi. Ilmainen, ei rajoituksia ja erittäin turvallinen.
Muunna X (Twitter)-tietosi mukautetuksi QR-koodiksi suoraan selaimessasi. 100 % käsitelty offline-tilassa täydellisen yksityisyyden takaamiseksi. Ilmainen, ei rajoituksia ja erittäin turvallinen.",,,"195
195",2,true
21,https://createmy-qr.com/ar/youtube-mwld-rmz-lstjb-lsryaa-mjny,"يوتيوب QR Code Generator - مجاني ومخصص | CreateMy-QR
يوتيوب - مولد رمز الاستجابة السريعة مجاني - CreateMy-QR",text/html; charset=utf-8,false,200,0,0,"قم بتحويل بيانات يوتيوب الخاصة بك إلى رمز QR مخصص مباشرةً في متصفحك. تمت معالجتها بنسبة 100% دون الاتصال بالإنترنت لتوفير الخصوصية المطلقة. مجاني، بلا حدود، وآمن للغاية.
قم بتحويل بيانات يوتيوب الخاصة بك إلى رمز QR مخصص مباشرةً في متصفحك. تمت معالجتها بنسبة 100% دون الاتصال بالإنترنت لتوفير الخصوصية المطلقة. مجاني، بلا حدود، وآمن للغاية.",,,"169
169",2,true
21,https://createmy-qr.com/uk/roztashuvannya-bezkoshtovniy-generator-qr-kodiv-onlayn,"Генератор QR-коду Розташування – безкоштовний і користувацький | CreateMy-QR
Розташування - Безкоштовний Генератор QR-кодів Онлайн - CreateMy-QR",text/html; charset=utf-8,false,200,0,0,"Перетворіть свої дані Розташування на власний QR-код безпосередньо у своєму браузері. 100% обробка офлайн для повної конфіденційності. Безкоштовно, без обмежень і дуже безпечно.
Перетворіть свої дані Розташування на власний QR-код безпосередньо у своєму браузері. 100% обробка офлайн для повної конфіденційності. Безкоштовно, без обмежень і дуже безпечно.",,,"177
177",2,true
21,https://createmy-qr.com/hu/video-ingyenes-online-qr-kod-generator,"Videó QR-kód generátor - ingyenes és egyedi | CreateMy-QR
Videó - Ingyenes Online QR-kód Generátor - CreateMy-QR",text/html; charset=utf-8,false,200,0,0,"Alakítsa át Videó adatait egyéni QR-kóddá közvetlenül a böngészőjében. 100%-ban offline feldolgozva az abszolút adatvédelem érdekében. Ingyenes, korlátok nélkül és rendkívül biztonságos.
Alakítsa át Videó adatait egyéni QR-kóddá közvetlenül a böngészőjében. 100%-ban offline feldolgozva az abszolút adatvédelem érdekében. Ingyenes, korlátok nélkül és rendkívül biztonságos.",,,"186
186",2,true
21,https://createmy-qr.com/no/telegram-gratis-qr-kode-generator-online,"Telegram QR Code Generator - Gratis og tilpasset | CreateMy-QR
Telegram - Gratis QR-kode Generator Online - CreateMy-QR",text/html; charset=utf-8,false,200,0,0,"Konverter Telegram-dataene dine til en tilpasset QR-kode direkte i nettleseren din. 100 % behandlet offline for absolutt personvern. Gratis, ingen grenser og svært sikker.
Konverter Telegram-dataene dine til en tilpasset QR-kode direkte i nettleseren din. 100 % behandlet offline for absolutt personvern. Gratis, ingen grenser og svært sikker.",,,"171
171",2,true
20,https://createmy-qr.com/tl/scan-barcode,"Libreng Barcode Scanner Online - I-scan ang UPC at EAN
Libreng Online QR Code Generator - CreateMy-QR (No Signup) | CreateMy-QR
Scan Barcode Online",text/html; charset=utf-8,false,200,0,0,"Scan Barcodes directly from your browser.
I-convert ang iyong URL / Link data sa isang custom na QR code nang direkta sa iyong browser. 100% na naproseso offline para sa ganap na privacy. Libre, walang limitasyon, at lubos na secure.
I-scan ang mga barcode online nang libre gamit ang camera ng iyong device o mag-upload ng larawan.Sinusuportahan ang UPC, EAN, Code 128 at higit pa.100% pribado at ligtas.",,,"41
191
171",3,true
20,https://createmy-qr.com/sv/paypal-qr-kod-for-donationer,"PayPal QR-kod för ideella organisationer och donationer | CreateMy-QR
PayPal QR-kod för ideella organisationer och donationer | CreateMy-QR",text/html; charset=utf-8,false,200,0,0,"Gör insamlingen friktionsfri. Generera en PayPal QR-kod för att ta emot omedelbara donationer vid välgörenhetsevenemang, gudstjänster eller samhällssammankomster.
Gör insamlingen friktionsfri. Generera en PayPal QR-kod för att ta emot omedelbara donationer vid välgörenhetsevenemang, gudstjänster eller samhällssammankomster.",,,"162
162",2,true
20,https://createmy-qr.com/fr/barcode-generator,"Générateur de codes-barres gratuit en ligne - Créez des codes-barres 1D
Générateur de Code QR Gratuit en Ligne - CreateMy-QR (No Signup) | CreateMy-QR
Free Barcode Generator",text/html; charset=utf-8,false,200,0,0,"Generate barcodes instantly.
Convertissez vos données URL/Lien en un code QR personnalisé directement dans votre navigateur. 100 % traité hors ligne pour une confidentialité absolue. Gratuit, sans limites et hautement sécurisé.
Générez instantanément des codes-barres 1D professionnels. Prise en charge du Code-128, UPC, EAN, ITF-14 et plus encore. Gratuit, sécurisé et prêt à être téléchargé en PNG haute résolution.",,,"28
198
189",3,true
20,https://createmy-qr.com/cs/barcode-generator,"Bezplatný generátor čárových kódů online - Vytvořte 1D čárové kódy
Zdarma Online Generátor QR Kódů - CreateMy-QR (No Signup) | CreateMy-QR
Free Barcode Generator",text/html; charset=utf-8,false,200,0,0,"Generate barcodes instantly.
Převeďte svá data URL / odkaz na vlastní QR kód přímo ve vašem prohlížeči. 100% zpracováno offline pro absolutní soukromí. Zdarma, bez omezení a vysoce bezpečné.
Okamžitě generujte profesionální 1D čárové kódy. Podpora pro Code-128, UPC, EAN, ITF-14 a další. Zdarma, bezpečné a připravené ke stažení ve formátu PNG s vysokým rozlišením.",,,"28
161
174",3,true
20,https://createmy-qr.com/pl/scan-barcode,"Bezpłatny skaner kodów kreskowych online — skanuj kody UPC i EAN
Darmowy Generator Kodów QR Online - CreateMy-QR (No Signup) | CreateMy-QR
Scan Barcode Online",text/html; charset=utf-8,false,200,0,0,"Scan Barcodes directly from your browser.
Konwertuj dane Adres URL / Link na niestandardowy kod QR bezpośrednio w przeglądarce. 100% przetwarzane w trybie offline, aby zapewnić całkowitą prywatność. Bezpłatnie, bez ograniczeń i bardzo bezpiecznie.
Zeskanuj kody kreskowe online za darmo, używając aparatu w swoim urządzeniu lub prześlij obraz.Obsługuje UPC, EAN, Code 128 i więcej.100% prywatności i bezpieczeństwa.",,,"41
205
167",3,true
20,https://createmy-qr.com/nl/privacy,"Gratis QR Code Generator Online - CreateMy-QR (No Signup) | Privacybeleid
Gratis QR Code Generator Online - CreateMy-QR (No Signup) | CreateMy-QR
Privacy Policy - CreateMy-QR",text/html; charset=utf-8,false,200,0,0,"Read our privacy policy.
Converteer uw URL/link-gegevens rechtstreeks in uw browser naar een aangepaste QR-code. 100% offline verwerkt voor absolute privacy. Gratis, geen grenzen en zeer veilig.",,,"24
169",2,true
20,https://createmy-qr.com/fr/scan-qr,"Scanner de code QR gratuit en ligne - Scannez le QR instantanément
Générateur de Code QR Gratuit en Ligne - CreateMy-QR (No Signup) | CreateMy-QR
Scan QR Code Online",text/html; charset=utf-8,false,200,0,0,"Scan QR codes directly from your browser.
Convertissez vos données URL/Lien en un code QR personnalisé directement dans votre navigateur. 100 % traité hors ligne pour une confidentialité absolue. Gratuit, sans limites et hautement sécurisé.
Scannez instantanément les codes QR à l'aide de votre appareil photo ou en téléchargeant une image. Traitement 100 % sécurisé, privé et côté client.",,,"41
198
148",3,true
20,https://createmy-qr.com/vi/url-qr-code-e-ang-ky-ve-su-kien,"Mã QR URL cho vé sự kiện và đăng ký | CreateMy-QR
Mã QR URL cho vé sự kiện và đăng ký | CreateMy-QR",text/html; charset=utf-8,false,200,0,0,"Tăng cường số lượng người tham dự sự kiện bằng cách liên kết các tờ rơi truyền thống với trang bán vé kỹ thuật số của bạn. Tạo mã QR URL nhanh, miễn phí để đăng ký sự kiện.
Tăng cường số lượng người tham dự sự kiện bằng cách liên kết các tờ rơi truyền thống với trang bán vé kỹ thuật số của bạn. Tạo mã QR URL nhanh, miễn phí để đăng ký sự kiện.",,,"172
172",2,true
20,https://createmy-qr.com/ru/paypal-qr-code-for-donations,"QR-код PayPal для некоммерческих организаций и пожертвований | CreateMy-QR
QR-код PayPal для некоммерческих организаций и пожертвований | CreateMy-QR",text/html; charset=utf-8,false,200,0,0,"Сделайте сбор средств беспрепятственным. Создайте QR-код PayPal, чтобы мгновенно принимать пожертвования на благотворительных мероприятиях, церковных службах или общественных собраниях.
Сделайте сбор средств беспрепятственным. Создайте QR-код PayPal, чтобы мгновенно принимать пожертвования на благотворительных мероприятиях, церковных службах или общественных собраниях.",,,"185
185",2,true
20,https://createmy-qr.com/no/terms,"Gratis QR-kode Generator Online - CreateMy-QR (No Signup) | Vilkår for bruk
Gratis QR-kode Generator Online - CreateMy-QR (No Signup) | CreateMy-QR
Terms of Service - CreateMy-QR",text/html; charset=utf-8,false,200,0,0,"Read our terms of service.
Konverter URL / Link-dataene dine til en tilpasset QR-kode direkte i nettleseren din. 100 % behandlet offline for absolutt personvern. Gratis, ingen grenser og svært sikker.",,,"26
173",2,true
20,https://createmy-qr.com/pt/terms,"Gerador de Código QR Grátis Online - CreateMy-QR (No Signup) | Termos de Serviço
Gerador de Código QR Grátis Online - CreateMy-QR (No Signup) | CreateMy-QR
Terms of Service - CreateMy-QR",text/html; charset=utf-8,false,200,0,0,"Read our terms of service.
Converta seus dados do URL/Link em um código QR personalizado diretamente no seu navegador. 100% processado offline para privacidade absoluta. Gratuito, sem limites e altamente seguro.",,,"26
184",2,true
20,https://createmy-qr.com/ms/about,"Penjana Kod QR Percuma Dalam Talian - CreateMy-QR (No Signup) | Mengenai Kami
Penjana Kod QR Percuma Dalam Talian - CreateMy-QR (No Signup) | CreateMy-QR
About CreateMy-QR",text/html; charset=utf-8,false,200,0,0,"Learn more about CreateMy-QR.
Tukar data URL / Pautan anda kepada kod QR tersuai terus dalam penyemak imbas anda. 100% diproses di luar talian untuk privasi mutlak. Percuma, tiada had dan sangat selamat.",,,"29
173",2,true
20,https://createmy-qr.com/no/scan-qr,"Gratis QR-kodeskanner online - Skann QR umiddelbart
Gratis QR-kode Generator Online - CreateMy-QR (No Signup) | CreateMy-QR
Scan QR Code Online",text/html; charset=utf-8,false,200,0,0,"Scan QR codes directly from your browser.
Konverter URL / Link-dataene dine til en tilpasset QR-kode direkte i nettleseren din. 100 % behandlet offline for absolutt personvern. Gratis, ingen grenser og svært sikker.
Skann QR-koder umiddelbart ved å bruke kameraet ditt eller ved å laste opp et bilde. 100 % sikker, privat behandling og behandling på klientsiden.",,,"41
173
146",3,true
20,https://createmy-qr.com/de/whatsapp-qr-code-fur-den-kundensupport,"WhatsApp-QR-Code für den Kundensupport | CreateMy-QR
WhatsApp-QR-Code für den Kundensupport | CreateMy-QR",text/html; charset=utf-8,false,200,0,0,"Bieten Sie sofortigen Kundenservice. Generieren Sie einen WhatsApp-QR-Code, der einen direkten Chat mit Ihrem Support-Team öffnet, komplett mit einer vorausgefüllten Nachricht.
Bieten Sie sofortigen Kundenservice. Generieren Sie einen WhatsApp-QR-Code, der einen direkten Chat mit Ihrem Support-Team öffnet, komplett mit einer vorausgefüllten Nachricht.",,,"176
176",2,true
20,https://createmy-qr.com/sv/compare,"Gratis QR-kod Generator Online - CreateMy-QR (No Signup) | Jämför verktyg
Gratis QR-kod Generator Online - CreateMy-QR (No Signup) | CreateMy-QR
Compare Plans - CreateMy-QR",text/html; charset=utf-8,false,200,0,0,"Compare our free features.
Konvertera dina URL/länk-data till en anpassad QR-kod direkt i din webbläsare. 100 % bearbetad offline för absolut integritet. Gratis, inga gränser och mycket säker.",,,"26
165",2,true
20,https://createmy-qr.com/el/whatsapp-qr-code-for-customer-support,"WhatsApp QR Code για υποστήριξη πελατών | CreateMy-QR
WhatsApp QR Code για υποστήριξη πελατών | CreateMy-QR",text/html; charset=utf-8,false,200,0,0,"Παρέχετε άμεση εξυπηρέτηση πελατών. Δημιουργήστε έναν κωδικό QR WhatsApp που ανοίγει μια απευθείας συνομιλία με την ομάδα υποστήριξής σας, με ένα προσυμπληρωμένο μήνυμα.
Παρέχετε άμεση εξυπηρέτηση πελατών. Δημιουργήστε έναν κωδικό QR WhatsApp που ανοίγει μια απευθείας συνομιλία με την ομάδα υποστήριξής σας, με ένα προσυμπληρωμένο μήνυμα.",,,"169
169",2,true
20,https://createmy-qr.com/uk/scan-qr,"Безкоштовний онлайн-сканер QR-коду - миттєво скануйте QR-код
Безкоштовний Генератор QR-кодів Онлайн - CreateMy-QR (No Signup) | CreateMy-QR
Scan QR Code Online",text/html; charset=utf-8,false,200,0,0,"Scan QR codes directly from your browser.
Перетворіть свої дані URL / Посилання на власний QR-код безпосередньо у своєму браузері. 100% обробка офлайн для повної конфіденційності. Безкоштовно, без обмежень і дуже безпечно.
Миттєво скануйте QR-коди за допомогою камери або завантажуючи зображення. 100% безпечна, приватна обробка на стороні клієнта.",,,"41
180
125",3,true
20,https://createmy-qr.com/fi/privacy,"Ilmainen QR-koodigeneraattori Netissä - CreateMy-QR (No Signup) | Tietosuojakäytäntö
Ilmainen QR-koodigeneraattori Netissä - CreateMy-QR (No Signup) | CreateMy-QR
Privacy Policy - CreateMy-QR",text/html; charset=utf-8,false,200,0,0,"Read our privacy policy.
Muunna URL / linkki-tietosi mukautetuksi QR-koodiksi suoraan selaimessasi. 100 % käsitelty offline-tilassa täydellisen yksityisyyden takaamiseksi. Ilmainen, ei rajoituksia ja erittäin turvallinen.",,,"24
196",2,true
20,https://createmy-qr.com/pl/privacy,"Darmowy Generator Kodów QR Online - CreateMy-QR (No Signup) | Polityka prywatności
Darmowy Generator Kodów QR Online - CreateMy-QR (No Signup) | CreateMy-QR
Privacy Policy - CreateMy-QR",text/html; charset=utf-8,false,200,0,0,"Read our privacy policy.
Konwertuj dane Adres URL / Link na niestandardowy kod QR bezpośrednio w przeglądarce. 100% przetwarzane w trybie offline, aby zapewnić całkowitą prywatność. Bezpłatnie, bez ograniczeń i bardzo bezpiecznie.",,,"24
205",2,true
20,https://createmy-qr.com/fr/terms,"Générateur de Code QR Gratuit en Ligne - CreateMy-QR (No Signup) | Conditions d'utilisation
Générateur de Code QR Gratuit en Ligne - CreateMy-QR (No Signup) | CreateMy-QR
Terms of Service - CreateMy-QR",text/html; charset=utf-8,false,200,0,0,"Read our terms of service.
Convertissez vos données URL/Lien en un code QR personnalisé directement dans votre navigateur. 100 % traité hors ligne pour une confidentialité absolue. Gratuit, sans limites et hautement sécurisé.",,,"26
198",2,true
20,https://createmy-qr.com/ru/whatsapp-qr-code-for-customer-support,"QR-код WhatsApp для службы поддержки клиентов | CreateMy-QR
QR-код WhatsApp для службы поддержки клиентов | CreateMy-QR",text/html; charset=utf-8,false,200,0,0,"Обеспечьте мгновенное обслуживание клиентов. Создайте QR-код WhatsApp, который откроет прямой чат с вашей службой поддержки, дополненный предварительно заполненным сообщением.
Обеспечьте мгновенное обслуживание клиентов. Создайте QR-код WhatsApp, который откроет прямой чат с вашей службой поддержки, дополненный предварительно заполненным сообщением.",,,"175
175",2,true
20,https://createmy-qr.com/tr/scan-barcode,"Ücretsiz Çevrimiçi Barkod Tarayıcı - UPC ve EAN'yi tarayın
Ücretsiz Çevrimiçi QR Kod Oluşturucu - CreateMy-QR (No Signup) | CreateMy-QR
Scan Barcode Online",text/html; charset=utf-8,false,200,0,0,"Scan Barcodes directly from your browser.
URL / Bağlantı verilerinizi doğrudan tarayıcınızda özel bir QR koduna dönüştürün. Mutlak gizlilik için %100 çevrimdışı işlenir. Ücretsiz, sınırsız ve son derece güvenli.
Cihazınızın kamerasını kullanarak barkodları çevrimiçi olarak ücretsiz tarayın veya bir resim yükleyin.UPC, EAN, Code 128 ve daha fazlasını destekler.%100 özel ve güvenli.",,,"41
169
171",3,true
20,https://createmy-qr.com/fr/code-qr-youtube-pour-les-manuels-des-produits,"Code QR vidéo YouTube pour les manuels de produits | CreateMy-QR
Code QR vidéo YouTube pour les manuels de produits | CreateMy-QR",text/html; charset=utf-8,false,200,0,0,"Remplacez les manuels papier déroutants par des didacticiels vidéo. Créez un code QR YouTube pour fournir des instructions visuelles instantanées pour vos produits.
Remplacez les manuels papier déroutants par des didacticiels vidéo. Créez un code QR YouTube pour fournir des instructions visuelles instantanées pour vos produits.",,,"164
164",2,true
20,https://createmy-qr.com/hi/terms,"मुफ़्त ऑनलाइन क्यूआर कोड जनरेटर - CreateMy-QR (No Signup) | सेवा की शर्तें
मुफ़्त ऑनलाइन क्यूआर कोड जनरेटर - CreateMy-QR (No Signup) | CreateMy-QR
Terms of Service - CreateMy-QR",text/html; charset=utf-8,false,200,0,0,"Read our terms of service.
अपने यूआरएल/लिंक डेटा को सीधे अपने ब्राउज़र में एक कस्टम क्यूआर कोड में बदलें। पूर्ण गोपनीयता के लिए 100% ऑफ़लाइन संसाधित। निःशुल्क, कोई सीमा नहीं, और अत्यधिक सुरक्षित।",,,"26
168",2,true
20,https://createmy-qr.com/sv/terms,"Gratis QR-kod Generator Online - CreateMy-QR (No Signup) | Användarvillkor
Gratis QR-kod Generator Online - CreateMy-QR (No Signup) | CreateMy-QR
Terms of Service - CreateMy-QR",text/html; charset=utf-8,false,200,0,0,"Read our terms of service.
Konvertera dina URL/länk-data till en anpassad QR-kod direkt i din webbläsare. 100 % bearbetad offline för absolut integritet. Gratis, inga gränser och mycket säker.",,,"26
165",2,true
20,https://createmy-qr.com/tl/privacy,"Libreng Online QR Code Generator - CreateMy-QR (No Signup) | Patakaran sa Privacy
Libreng Online QR Code Generator - CreateMy-QR (No Signup) | CreateMy-QR
Privacy Policy - CreateMy-QR",text/html; charset=utf-8,false,200,0,0,"Read our privacy policy.
I-convert ang iyong URL / Link data sa isang custom na QR code nang direkta sa iyong browser. 100% na naproseso offline para sa ganap na privacy. Libre, walang limitasyon, at lubos na secure.",,,"24
191",2,true
20,https://createmy-qr.com/it/barcode-generator,"Generatore di codici a barre online gratuito - Crea codici a barre 1D
Generatore di Codici QR Gratis Online - CreateMy-QR (No Signup) | CreateMy-QR
Free Barcode Generator",text/html; charset=utf-8,false,200,0,0,"Generate barcodes instantly.
Converti i tuoi dati URL/collegamento in un codice QR personalizzato direttamente nel tuo browser. Elaborato offline al 100% per una privacy assoluta. Gratuito, senza limiti e altamente sicuro.
Genera istantaneamente codici a barre 1D professionali. Supporto per Code-128, UPC, EAN, ITF-14 e altro. Gratuito, sicuro e pronto per il download in PNG ad alta risoluzione.",,,"28
193
174",3,true
20,https://createmy-qr.com/fi/paypal-qr-koodi-lahjoituksia-varten,"PayPal QR-koodi voittoa tavoitteleville ja lahjoituksille | CreateMy-QR
PayPal QR-koodi voittoa tavoitteleville ja lahjoituksille | CreateMy-QR",text/html; charset=utf-8,false,200,0,0,"Tee varainhankinnasta kitkaton. Luo PayPal QR-koodi hyväksyäksesi välittömiä lahjoituksia hyväntekeväisyystapahtumissa, jumalanpalveluksissa tai yhteisötapaamisissa.
Tee varainhankinnasta kitkaton. Luo PayPal QR-koodi hyväksyäksesi välittömiä lahjoituksia hyväntekeväisyystapahtumissa, jumalanpalveluksissa tai yhteisötapaamisissa.",,,"165
165",2,true
20,https://createmy-qr.com/no/privacy,"Gratis QR-kode Generator Online - CreateMy-QR (No Signup) | Personvernerklæring
Gratis QR-kode Generator Online - CreateMy-QR (No Signup) | CreateMy-QR
Privacy Policy - CreateMy-QR",text/html; charset=utf-8,false,200,0,0,"Read our privacy policy.
Konverter URL / Link-dataene dine til en tilpasset QR-kode direkte i nettleseren din. 100 % behandlet offline for absolutt personvern. Gratis, ingen grenser og svært sikker.",,,"24
173",2,true
20,https://createmy-qr.com/nl/barcode-generator,"Gratis barcodegenerator online - Maak 1D-streepjescodes
Gratis QR Code Generator Online - CreateMy-QR (No Signup) | CreateMy-QR
Free Barcode Generator",text/html; charset=utf-8,false,200,0,0,"Generate barcodes instantly.
Converteer uw URL/link-gegevens rechtstreeks in uw browser naar een aangepaste QR-code. 100% offline verwerkt voor absolute privacy. Gratis, geen grenzen en zeer veilig.
Genereer direct professionele 1D-barcodes. Ondersteuning voor Code-128, UPC, EAN, ITF-14 en meer. Gratis, veilig en klaar om te downloaden in PNG met hoge resolutie.",,,"28
169
165",3,true
20,https://createmy-qr.com/pt/compare,"Gerador de Código QR Grátis Online - CreateMy-QR (No Signup) | Comparar ferramentas
Gerador de Código QR Grátis Online - CreateMy-QR (No Signup) | CreateMy-QR
Compare Plans - CreateMy-QR",text/html; charset=utf-8,false,200,0,0,"Compare our free features.
Converta seus dados do URL/Link em um código QR personalizado diretamente no seu navegador. 100% processado offline para privacidade absoluta. Gratuito, sem limites e altamente seguro.",,,"26
184",2,true
20,https://createmy-qr.com/pl/about,"Darmowy Generator Kodów QR Online - CreateMy-QR (No Signup) | O nas
Darmowy Generator Kodów QR Online - CreateMy-QR (No Signup) | CreateMy-QR
About CreateMy-QR",text/html; charset=utf-8,false,200,0,0,"Learn more about CreateMy-QR.
Konwertuj dane Adres URL / Link na niestandardowy kod QR bezpośrednio w przeglądarce. 100% przetwarzane w trybie offline, aby zapewnić całkowitą prywatność. Bezpłatnie, bez ograniczeń i bardzo bezpiecznie.",,,"29
205",2,true
20,https://createmy-qr.com/tr/bagslar-icin-paypal-qr-kodu,"Kâr Amacı Gütmeyen Kuruluşlar ve Bağışlar için PayPal QR Kodu | CreateMy-QR
Kâr Amacı Gütmeyen Kuruluşlar ve Bağışlar için PayPal QR Kodu | CreateMy-QR",text/html; charset=utf-8,false,200,0,0,"Bağış toplamayı sorunsuz hale getirin. Yardım etkinliklerinde, kilise ayinlerinde veya topluluk toplantılarında anında bağış kabul etmek için bir PayPal QR kodu oluşturun.
Bağış toplamayı sorunsuz hale getirin. Yardım etkinliklerinde, kilise ayinlerinde veya topluluk toplantılarında anında bağış kabul etmek için bir PayPal QR kodu oluşturun.",,,"171
171",2,true
20,https://createmy-qr.com/es/privacy,"Generador de Códigos QR Gratis Online - CreateMy-QR (No Signup) | Política de privacidad
Generador de Códigos QR Gratis Online - CreateMy-QR (No Signup) | CreateMy-QR
Privacy Policy - CreateMy-QR",text/html; charset=utf-8,false,200,0,0,"Read our privacy policy.
Convierta sus datos de URL/Enlace en un código QR personalizado directamente en su navegador. 100% procesado fuera de línea para absoluta privacidad. Gratis, sin límites y muy seguro.",,,"24
183",2,true
20,https://createmy-qr.com/ro/e-mail-cod-qr-pentru-inscrierea-la-newsletter,"Cod QR prin e-mail pentru înscrieri la buletine informative | CreateMy-QR
Cod QR prin e-mail pentru înscrieri la buletine informative | CreateMy-QR",text/html; charset=utf-8,false,200,0,0,"Creșteți-vă lista de e-mail din locații fizice. Generați un cod QR de e-mail care completează în prealabil o solicitare de abonare la lista dvs. de corespondență.
Creșteți-vă lista de e-mail din locații fizice. Generați un cod QR de e-mail care completează în prealabil o solicitare de abonare la lista dvs. de corespondență.",,,"162
162",2,true
20,https://createmy-qr.com/th/compare,"เครื่องมือสร้างคิวอาร์โค้ดออนไลน์ฟรี - CreateMy-QR (No Signup) | เปรียบเทียบเครื่องมือ
เครื่องมือสร้างคิวอาร์โค้ดออนไลน์ฟรี - CreateMy-QR (No Signup) | CreateMy-QR
Compare Plans - CreateMy-QR",text/html; charset=utf-8,false,200,0,0,"Compare our free features.
แปลงข้อมูล URL / ลิงค์ ของคุณให้เป็นโค้ด QR ที่กำหนดเองได้โดยตรงในเบราว์เซอร์ของคุณ ประมวลผลแบบออฟไลน์ 100% เพื่อความเป็นส่วนตัวอย่างแท้จริง ฟรี ไม่จำกัด และมีความปลอดภัยสูง",,,"26
173",2,true
20,https://createmy-qr.com/hu/barcode-generator,"Ingyenes vonalkódgenerátor online – 1D vonalkódok létrehozása
Ingyenes Online QR-kód Generátor - CreateMy-QR (No Signup) | CreateMy-QR
Free Barcode Generator",text/html; charset=utf-8,false,200,0,0,"Generate barcodes instantly.
Alakítsa át URL adatait egyéni QR-kóddá közvetlenül a böngészőjében. 100%-ban offline feldolgozva az abszolút adatvédelem érdekében. Ingyenes, korlátok nélkül és rendkívül biztonságos.
Azonnal generál professzionális 1D vonalkódokat. A Code-128, UPC, EAN, ITF-14 és egyebek támogatása. Ingyenes, biztonságos és letöltésre kész nagy felbontású PNG-ben.",,,"28
184
166",3,true
20,https://createmy-qr.com/de/wlan-qr-code-fur-cafe-hotel,"WLAN-QR-Code für Cafés und Hotels | CreateMy-QR
WLAN-QR-Code für Cafés und Hotels | CreateMy-QR",text/html; charset=utf-8,false,200,0,0,"Ermöglichen Sie Ihren Gästen, sich sofort mit Ihrem WLAN-Netzwerk zu verbinden, ohne Passwörter eingeben zu müssen. Generieren Sie einen kostenlosen WLAN-QR-Code für Ihr Café oder Hotel.
Ermöglichen Sie Ihren Gästen, sich sofort mit Ihrem WLAN-Netzwerk zu verbinden, ohne Passwörter eingeben zu müssen. Generieren Sie einen kostenlosen WLAN-QR-Code für Ihr Café oder Hotel.",,,"186
186",2,true
20,https://createmy-qr.com/it/compare,"Generatore di Codici QR Gratis Online - CreateMy-QR (No Signup) | Confronta strumenti
Generatore di Codici QR Gratis Online - CreateMy-QR (No Signup) | CreateMy-QR
Compare Plans - CreateMy-QR",text/html; charset=utf-8,false,200,0,0,"Compare our free features.
Converti i tuoi dati URL/collegamento in un codice QR personalizzato direttamente nel tuo browser. Elaborato offline al 100% per una privacy assoluta. Gratuito, senza limiti e altamente sicuro.",,,"26
193",2,true
20,https://createmy-qr.com/pt/e-mail-com-codigo-qr-para-inscricao-no-boletim-informativo,"Código QR por e-mail para inscrições em boletins informativos | CreateMy-QR
Código QR por e-mail para inscrições em boletins informativos | CreateMy-QR",text/html; charset=utf-8,false,200,0,0,"Aumente sua lista de e-mail a partir de locais físicos. Gere um código QR de e-mail que preencha previamente uma solicitação de assinatura para sua lista de e-mails.
Aumente sua lista de e-mail a partir de locais físicos. Gere um código QR de e-mail que preencha previamente uma solicitação de assinatura para sua lista de e-mails.",,,"165
165",2,true
20,https://createmy-qr.com/da/scan-qr,"Gratis QR-kodescanner online - Scan QR øjeblikkeligt
Gratis QR Kode Generator Online - CreateMy-QR (No Signup) | CreateMy-QR
Scan QR Code Online",text/html; charset=utf-8,false,200,0,0,"Scan QR codes directly from your browser.
Konverter dine URL / Link-data til en tilpasset QR-kode direkte i din browser. 100 % behandlet offline for absolut privatliv. Gratis, ingen grænser og meget sikker.
Scan QR-koder med det samme ved hjælp af dit kamera eller ved at uploade et billede. 100 % sikker, privat og klient-side behandling.",,,"41
164
132",3,true
20,https://createmy-qr.com/pt/scan-qr,"Scanner de código QR gratuito online - Digitalize QR instantaneamente
Gerador de Código QR Grátis Online - CreateMy-QR (No Signup) | CreateMy-QR
Scan QR Code Online",text/html; charset=utf-8,false,200,0,0,"Scan QR codes directly from your browser.
Converta seus dados do URL/Link em um código QR personalizado diretamente no seu navegador. 100% processado offline para privacidade absoluta. Gratuito, sem limites e altamente seguro.
Digitalize códigos QR instantaneamente usando sua câmera ou enviando uma imagem. Processamento 100% seguro, privado e do lado do cliente.",,,"41
184
137",3,true
20,https://createmy-qr.com/es/codigo-qr-de-youtube-para-manuales-de-productos,"Código QR de vídeo de YouTube para manuales de productos | CreateMy-QR
Código QR de vídeo de YouTube para manuales de productos | CreateMy-QR",text/html; charset=utf-8,false,200,0,0,"Reemplace los confusos manuales en papel con tutoriales en vídeo. Cree un código QR de YouTube para proporcionar instrucciones visuales instantáneas para sus productos.
Reemplace los confusos manuales en papel con tutoriales en vídeo. Cree un código QR de YouTube para proporcionar instrucciones visuales instantáneas para sus productos.",,,"168
168",2,true
20,https://createmy-qr.com/de/scan-barcode,"Kostenloser Barcode-Scanner online – Scannen Sie UPC und EAN
Kostenloser QR-Code Generator Online - CreateMy-QR (No Signup) | CreateMy-QR
Scan Barcode Online",text/html; charset=utf-8,false,200,0,0,"Scan Barcodes directly from your browser.
Wandeln Sie Ihre URL/Link-Daten direkt in Ihrem Browser in einen benutzerdefinierten QR-Code um. 100 % offline verarbeitet für absolute Privatsphäre. Kostenlos, ohne Grenzen und äußerst sicher.
Scannen Sie Barcodes kostenlos online mit der Kamera Ihres Geräts oder laden Sie ein Bild hoch.Unterstützt UPC, EAN, Code 128 und mehr.100 % privat und sicher.",,,"41
193
159",3,true
20,https://createmy-qr.com/nl/terms,"Gratis QR Code Generator Online - CreateMy-QR (No Signup) | Servicevoorwaarden
Gratis QR Code Generator Online - CreateMy-QR (No Signup) | CreateMy-QR
Terms of Service - CreateMy-QR",text/html; charset=utf-8,false,200,0,0,"Read our terms of service.
Converteer uw URL/link-gegevens rechtstreeks in uw browser naar een aangepaste QR-code. 100% offline verwerkt voor absolute privacy. Gratis, geen grenzen en zeer veilig.",,,"26
169",2,true
20,https://createmy-qr.com/ro/cod-qr-paypal-pentru-donatii,"Cod QR PayPal pentru organizații nonprofit și donații | CreateMy-QR
Cod QR PayPal pentru organizații nonprofit și donații | CreateMy-QR",text/html; charset=utf-8,false,200,0,0,"Faceți strângerea de fonduri fără fricțiuni. Generați un cod QR PayPal pentru a accepta donații instantanee la evenimente caritabile, slujbe bisericești sau adunări comunitare.
Faceți strângerea de fonduri fără fricțiuni. Generați un cod QR PayPal pentru a accepta donații instantanee la evenimente caritabile, slujbe bisericești sau adunări comunitare.",,,"176
176",2,true
20,https://createmy-qr.com/sv/scan-qr,"Gratis QR-kodskanner online - Skanna QR direkt
Gratis QR-kod Generator Online - CreateMy-QR (No Signup) | CreateMy-QR
Scan QR Code Online",text/html; charset=utf-8,false,200,0,0,"Scan QR codes directly from your browser.
Konvertera dina URL/länk-data till en anpassad QR-kod direkt i din webbläsare. 100 % bearbetad offline för absolut integritet. Gratis, inga gränser och mycket säker.
Skanna QR-koder direkt med din kamera eller genom att ladda upp en bild. 100 % säker, privat bearbetning och bearbetning på klientsidan.",,,"41
165
136",3,true
20,https://createmy-qr.com/sv/about,"Gratis QR-kod Generator Online - CreateMy-QR (No Signup) | Om oss
Gratis QR-kod Generator Online - CreateMy-QR (No Signup) | CreateMy-QR
About CreateMy-QR",text/html; charset=utf-8,false,200,0,0,"Learn more about CreateMy-QR.
Konvertera dina URL/länk-data till en anpassad QR-kod direkt i din webbläsare. 100 % bearbetad offline för absolut integritet. Gratis, inga gränser och mycket säker.",,,"29
165",2,true
20,https://createmy-qr.com/ar/privacy,"مولد رمز الاستجابة السريعة مجاني - CreateMy-QR (No Signup) | سياسة الخصوصية
مولد رمز الاستجابة السريعة مجاني - CreateMy-QR (No Signup) | CreateMy-QR
Privacy Policy - CreateMy-QR",text/html; charset=utf-8,false,200,0,0,"Read our privacy policy.
قم بتحويل بيانات عنوان URL / الرابط الخاصة بك إلى رمز QR مخصص مباشرةً في متصفحك. تمت معالجتها بنسبة 100% دون الاتصال بالإنترنت لتوفير الخصوصية المطلقة. مجاني، بلا حدود، وآمن للغاية.",,,"24
181",2,true
20,https://createmy-qr.com/ar/scan-barcode,"ماسح الباركود المجاني عبر الإنترنت - مسح UPC وEAN
مولد رمز الاستجابة السريعة مجاني - CreateMy-QR (No Signup) | CreateMy-QR
Scan Barcode Online",text/html; charset=utf-8,false,200,0,0,"Scan Barcodes directly from your browser.
قم بتحويل بيانات عنوان URL / الرابط الخاصة بك إلى رمز QR مخصص مباشرةً في متصفحك. تمت معالجتها بنسبة 100% دون الاتصال بالإنترنت لتوفير الخصوصية المطلقة. مجاني، بلا حدود، وآمن للغاية.
قم بمسح الرموز الشريطية ضوئيًا عبر الإنترنت مجانًا باستخدام كاميرا جهازك أو قم بتحميل صورة.يدعم UPC، EAN، رمز 128 وأكثر من ذلك.100% خاص وآمن.",,,"41
181
141",3,true
20,https://createmy-qr.com/es/about,"Generador de Códigos QR Gratis Online - CreateMy-QR (No Signup) | Sobre nosotros
Generador de Códigos QR Gratis Online - CreateMy-QR (No Signup) | CreateMy-QR
About CreateMy-QR",text/html; charset=utf-8,false,200,0,0,"Learn more about CreateMy-QR.
Convierta sus datos de URL/Enlace en un código QR personalizado directamente en su navegador. 100% procesado fuera de línea para absoluta privacidad. Gratis, sin límites y muy seguro.",,,"29
183",2,true
20,https://createmy-qr.com/pt/codigo-qr-da-loja-de-aplicativos-para-downloads-de-jogos,"Código QR da App Store para downloads de jogos para celular | CreateMy-QR
Código QR da App Store para downloads de jogos para celular | CreateMy-QR",text/html; charset=utf-8,false,200,0,0,"Impulsione instalações de aplicativos diretamente de publicidade fora de casa. Crie um código QR vinculado diretamente ao seu jogo na iOS App Store ou no Google Play.
Impulsione instalações de aplicativos diretamente de publicidade fora de casa. Crie um código QR vinculado diretamente ao seu jogo na iOS App Store ou no Google Play.",,,"166
166",2,true
20,https://createmy-qr.com/pl/scan-qr,"Bezpłatny skaner kodów QR online — natychmiastowe skanowanie kodów QR
Darmowy Generator Kodów QR Online - CreateMy-QR (No Signup) | CreateMy-QR
Scan QR Code Online",text/html; charset=utf-8,false,200,0,0,"Scan QR codes directly from your browser.
Konwertuj dane Adres URL / Link na niestandardowy kod QR bezpośrednio w przeglądarce. 100% przetwarzane w trybie offline, aby zapewnić całkowitą prywatność. Bezpłatnie, bez ograniczeń i bardzo bezpiecznie.
Natychmiast skanuj kody QR za pomocą aparatu lub przesyłając obraz. 100% bezpieczne, prywatne przetwarzanie po stronie klienta.",,,"41
205
127",3,true
20,https://createmy-qr.com/hi/privacy,"मुफ़्त ऑनलाइन क्यूआर कोड जनरेटर - CreateMy-QR (No Signup) | गोपनीयता नीति
मुफ़्त ऑनलाइन क्यूआर कोड जनरेटर - CreateMy-QR (No Signup) | CreateMy-QR
Privacy Policy - CreateMy-QR",text/html; charset=utf-8,false,200,0,0,"Read our privacy policy.
अपने यूआरएल/लिंक डेटा को सीधे अपने ब्राउज़र में एक कस्टम क्यूआर कोड में बदलें। पूर्ण गोपनीयता के लिए 100% ऑफ़लाइन संसाधित। निःशुल्क, कोई सीमा नहीं, और अत्यधिक सुरक्षित।",,,"24
168",2,true
20,https://createmy-qr.com/hu/privacy,"Ingyenes Online QR-kód Generátor - CreateMy-QR (No Signup) | Adatvédelmi szabályzat
Ingyenes Online QR-kód Generátor - CreateMy-QR (No Signup) | CreateMy-QR
Privacy Policy - CreateMy-QR",text/html; charset=utf-8,false,200,0,0,"Read our privacy policy.
Alakítsa át URL adatait egyéni QR-kóddá közvetlenül a böngészőjében. 100%-ban offline feldolgozva az abszolút adatvédelem érdekében. Ingyenes, korlátok nélkül és rendkívül biztonságos.",,,"24
184",2,true
20,https://createmy-qr.com/ro/terms,"Generator de Coduri QR Gratuit Online - CreateMy-QR (No Signup) | Termeni și condiții
Generator de Coduri QR Gratuit Online - CreateMy-QR (No Signup) | CreateMy-QR
Terms of Service - CreateMy-QR",text/html; charset=utf-8,false,200,0,0,"Read our terms of service.
Transformați datele dvs. URL / Link într-un cod QR personalizat direct în browser. Procesat 100% offline pentru confidențialitate absolută. Gratuit, fără limite și foarte sigur.",,,"26
177",2,true
20,https://createmy-qr.com/ro/compare,"Generator de Coduri QR Gratuit Online - CreateMy-QR (No Signup) | Instrumente de comparare
Generator de Coduri QR Gratuit Online - CreateMy-QR (No Signup) | CreateMy-QR
Compare Plans - CreateMy-QR",text/html; charset=utf-8,false,200,0,0,"Compare our free features.
Transformați datele dvs. URL / Link într-un cod QR personalizat direct în browser. Procesat 100% offline pentru confidențialitate absolută. Gratuit, fără limite și foarte sigur.",,,"26
177",2,true
20,https://createmy-qr.com/es/compare,"Generador de Códigos QR Gratis Online - CreateMy-QR (No Signup) | Comparar herramientas
Generador de Códigos QR Gratis Online - CreateMy-QR (No Signup) | CreateMy-QR
Compare Plans - CreateMy-QR",text/html; charset=utf-8,false,200,0,0,"Compare our free features.
Convierta sus datos de URL/Enlace en un código QR personalizado directamente en su navegador. 100% procesado fuera de línea para absoluta privacidad. Gratis, sin límites y muy seguro.",,,"26
183",2,true
20,https://createmy-qr.com/hi/barcode-generator,"निःशुल्क बारकोड जेनरेटर ऑनलाइन - 1डी बारकोड बनाएं
मुफ़्त ऑनलाइन क्यूआर कोड जनरेटर - CreateMy-QR (No Signup) | CreateMy-QR
Free Barcode Generator",text/html; charset=utf-8,false,200,0,0,"Generate barcodes instantly.
अपने यूआरएल/लिंक डेटा को सीधे अपने ब्राउज़र में एक कस्टम क्यूआर कोड में बदलें। पूर्ण गोपनीयता के लिए 100% ऑफ़लाइन संसाधित। निःशुल्क, कोई सीमा नहीं, और अत्यधिक सुरक्षित।
तुरंत पेशेवर 1डी बारकोड जेनरेट करें। कोड-128, यूपीसी, ईएएन, आईटीएफ-14, और बहुत कुछ के लिए समर्थन। निःशुल्क, सुरक्षित और उच्च-रिज़ॉल्यूशन पीएनजी में डाउनलोड करने के लिए तैयार।",,,"28
168
174",3,true
20,https://createmy-qr.com/it/codice-qr-url-per-la-registrazione-dei-biglietti-per-gli-eventi,"Codice QR URL per biglietti e registrazione per eventi | CreateMy-QR
Codice QR URL per biglietti e registrazione per eventi | CreateMy-QR",text/html; charset=utf-8,false,200,0,0,"Aumenta la partecipazione agli eventi collegando volantini fisici alla tua pagina di biglietteria digitale. Genera un codice QR URL veloce e gratuito per la registrazione dell'evento.
Aumenta la partecipazione agli eventi collegando volantini fisici alla tua pagina di biglietteria digitale. Genera un codice QR URL veloce e gratuito per la registrazione dell'evento.",,,"183
183",2,true
20,https://createmy-qr.com/ms/scan-barcode,"Pengimbas Kod Bar Percuma Dalam Talian - Imbas UPC & EAN
Penjana Kod QR Percuma Dalam Talian - CreateMy-QR (No Signup) | CreateMy-QR
Scan Barcode Online",text/html; charset=utf-8,false,200,0,0,"Scan Barcodes directly from your browser.
Tukar data URL / Pautan anda kepada kod QR tersuai terus dalam penyemak imbas anda. 100% diproses di luar talian untuk privasi mutlak. Percuma, tiada had dan sangat selamat.
Imbas kod bar dalam talian secara percuma menggunakan kamera peranti anda atau muat naik imej.Menyokong UPC, EAN, Kod 128 dan banyak lagi.100% peribadi dan selamat.",,,"41
173
164",3,true
20,https://createmy-qr.com/uk/compare,"Безкоштовний Генератор QR-кодів Онлайн - CreateMy-QR (No Signup) | Інструменти порівняння
Безкоштовний Генератор QR-кодів Онлайн - CreateMy-QR (No Signup) | CreateMy-QR
Compare Plans - CreateMy-QR",text/html; charset=utf-8,false,200,0,0,"Compare our free features.
Перетворіть свої дані URL / Посилання на власний QR-код безпосередньо у своєму браузері. 100% обробка офлайн для повної конфіденційності. Безкоштовно, без обмежень і дуже безпечно.",,,"26
180",2,true
20,https://createmy-qr.com/ro/privacy,"Generator de Coduri QR Gratuit Online - CreateMy-QR (No Signup) | Politica de confidențialitate
Generator de Coduri QR Gratuit Online - CreateMy-QR (No Signup) | CreateMy-QR
Privacy Policy - CreateMy-QR",text/html; charset=utf-8,false,200,0,0,"Read our privacy policy.
Transformați datele dvs. URL / Link într-un cod QR personalizat direct în browser. Procesat 100% offline pentru confidențialitate absolută. Gratuit, fără limite și foarte sigur.",,,"24
177",2,true
20,https://createmy-qr.com/da/scan-barcode,"Gratis stregkodescanner online - Scan UPC & EAN
Gratis QR Kode Generator Online - CreateMy-QR (No Signup) | CreateMy-QR
Scan Barcode Online",text/html; charset=utf-8,false,200,0,0,"Scan Barcodes directly from your browser.
Konverter dine URL / Link-data til en tilpasset QR-kode direkte i din browser. 100 % behandlet offline for absolut privatliv. Gratis, ingen grænser og meget sikker.
Scan stregkoder online gratis ved at bruge din enheds kamera eller upload et billede.Understøtter UPC, EAN, Code 128 og mere.100 % privat og sikkert.",,,"41
164
149",3,true
20,https://createmy-qr.com/hi/scan-barcode,"मुफ़्त बारकोड स्कैनर ऑनलाइन - यूपीसी और ईएएन स्कैन करें
मुफ़्त ऑनलाइन क्यूआर कोड जनरेटर - CreateMy-QR (No Signup) | CreateMy-QR
Scan Barcode Online",text/html; charset=utf-8,false,200,0,0,"Scan Barcodes directly from your browser.
अपने यूआरएल/लिंक डेटा को सीधे अपने ब्राउज़र में एक कस्टम क्यूआर कोड में बदलें। पूर्ण गोपनीयता के लिए 100% ऑफ़लाइन संसाधित। निःशुल्क, कोई सीमा नहीं, और अत्यधिक सुरक्षित।
अपने डिवाइस के कैमरे का उपयोग करके बारकोड को निःशुल्क ऑनलाइन स्कैन करें या एक छवि अपलोड करें।यूपीसी, ईएएन, कोड 128 और अधिक का समर्थन करता है।100% निजी और सुरक्षित।",,,"41
168
163",3,true
20,https://createmy-qr.com/tl/terms,"Libreng Online QR Code Generator - CreateMy-QR (No Signup) | Mga Tuntunin ng Serbisyo
Libreng Online QR Code Generator - CreateMy-QR (No Signup) | CreateMy-QR
Terms of Service - CreateMy-QR",text/html; charset=utf-8,false,200,0,0,"Read our terms of service.
I-convert ang iyong URL / Link data sa isang custom na QR code nang direkta sa iyong browser. 100% na naproseso offline para sa ganap na privacy. Libre, walang limitasyon, at lubos na secure.",,,"26
191",2,true
20,https://createmy-qr.com/ms/whatsapp-kod-qr-untuk-sokongan-pelanggan,"Kod QR WhatsApp untuk Sokongan Pelanggan | CreateMy-QR
Kod QR WhatsApp untuk Sokongan Pelanggan | CreateMy-QR",text/html; charset=utf-8,false,200,0,0,"Menyediakan perkhidmatan pelanggan segera. Hasilkan kod QR WhatsApp yang membuka sembang terus dengan pasukan sokongan anda, lengkap dengan mesej yang telah diisi sebelumnya.
Menyediakan perkhidmatan pelanggan segera. Hasilkan kod QR WhatsApp yang membuka sembang terus dengan pasukan sokongan anda, lengkap dengan mesej yang telah diisi sebelumnya.",,,"174
174",2,true
20,https://createmy-qr.com/hi/about,"मुफ़्त ऑनलाइन क्यूआर कोड जनरेटर - CreateMy-QR (No Signup) | हमारे बारे में
मुफ़्त ऑनलाइन क्यूआर कोड जनरेटर - CreateMy-QR (No Signup) | CreateMy-QR
About CreateMy-QR",text/html; charset=utf-8,false,200,0,0,"Learn more about CreateMy-QR.
अपने यूआरएल/लिंक डेटा को सीधे अपने ब्राउज़र में एक कस्टम क्यूआर कोड में बदलें। पूर्ण गोपनीयता के लिए 100% ऑफ़लाइन संसाधित। निःशुल्क, कोई सीमा नहीं, और अत्यधिक सुरक्षित।",,,"29
168",2,true
20,https://createmy-qr.com/ar/barcode-generator,"مولد باركود مجاني عبر الإنترنت - إنشاء باركود ثنائي الأبعاد
مولد رمز الاستجابة السريعة مجاني - CreateMy-QR (No Signup) | CreateMy-QR
Free Barcode Generator",text/html; charset=utf-8,false,200,0,0,"Generate barcodes instantly.
قم بتحويل بيانات عنوان URL / الرابط الخاصة بك إلى رمز QR مخصص مباشرةً في متصفحك. تمت معالجتها بنسبة 100% دون الاتصال بالإنترنت لتوفير الخصوصية المطلقة. مجاني، بلا حدود، وآمن للغاية.
قم بإنشاء رموز شريطية احترافية أحادية الأبعاد على الفور. دعم Code-128 وUPC وEAN وITF-14 والمزيد. مجاني وآمن وجاهز للتنزيل بصيغة PNG عالية الدقة.",,,"28
181
144",3,true
20,https://createmy-qr.com/cs/scan-qr,"Bezplatný skener QR kódů online – naskenujte QR okamžitě
Zdarma Online Generátor QR Kódů - CreateMy-QR (No Signup) | CreateMy-QR
Scan QR Code Online",text/html; charset=utf-8,false,200,0,0,"Scan QR codes directly from your browser.
Převeďte svá data URL / odkaz na vlastní QR kód přímo ve vašem prohlížeči. 100% zpracováno offline pro absolutní soukromí. Zdarma, bez omezení a vysoce bezpečné.
Naskenujte QR kódy okamžitě pomocí fotoaparátu nebo nahráním obrázku. 100% bezpečné, soukromé zpracování na straně klienta.",,,"41
161
123",3,true
20,https://createmy-qr.com/tl/about,"Libreng Online QR Code Generator - CreateMy-QR (No Signup) | Tungkol sa Amin
Libreng Online QR Code Generator - CreateMy-QR (No Signup) | CreateMy-QR
About CreateMy-QR",text/html; charset=utf-8,false,200,0,0,"Learn more about CreateMy-QR.
I-convert ang iyong URL / Link data sa isang custom na QR code nang direkta sa iyong browser. 100% na naproseso offline para sa ganap na privacy. Libre, walang limitasyon, at lubos na secure.",,,"29
191",2,true
20,https://createmy-qr.com/bn/scan-qr,"বিনামূল্যে QR কোড স্ক্যানার অনলাইন - অবিলম্বে QR স্ক্যান করুন
ফ্রি অনলাইন কিউআর কোড জেনারেটর - CreateMy-QR (No Signup) | CreateMy-QR
Scan QR Code Online",text/html; charset=utf-8,false,200,0,0,"Scan QR codes directly from your browser.
আপনার ব্রাউজারে সরাসরি একটি কাস্টম QR কোডে আপনার URL / লিঙ্ক ডেটা রূপান্তর করুন। সম্পূর্ণ গোপনীয়তার জন্য 100% অফলাইনে প্রক্রিয়া করা হয়েছে। বিনামূল্যে, কোন সীমা নেই, এবং অত্যন্ত নিরাপদ।
আপনার ক্যামেরা ব্যবহার করে বা একটি ছবি আপলোড করে অবিলম্বে QR কোড স্ক্যান করুন। 100% নিরাপদ, ব্যক্তিগত, এবং ক্লায়েন্ট-সাইড প্রক্রিয়াকরণ।",,,"41
187
137",3,true
20,https://createmy-qr.com/id/kode-qr-whatsapp-untuk-dukungan-pelanggan,"Kode QR WhatsApp untuk Dukungan Pelanggan | CreateMy-QR
Kode QR WhatsApp untuk Dukungan Pelanggan | CreateMy-QR",text/html; charset=utf-8,false,200,0,0,"Menyediakan layanan pelanggan instan. Hasilkan kode QR WhatsApp yang membuka obrolan langsung dengan tim dukungan Anda, lengkap dengan pesan yang sudah diisi sebelumnya.
Menyediakan layanan pelanggan instan. Hasilkan kode QR WhatsApp yang membuka obrolan langsung dengan tim dukungan Anda, lengkap dengan pesan yang sudah diisi sebelumnya.",,,"169
169",2,true
20,https://createmy-qr.com/hu/scan-barcode,"Free Barcode Scanner Online - Scan UPC & EAN
Ingyenes Online QR-kód Generátor - CreateMy-QR (No Signup) | CreateMy-QR
Scan Barcode Online",text/html; charset=utf-8,false,200,0,0,"Scan Barcodes directly from your browser.
Alakítsa át URL adatait egyéni QR-kóddá közvetlenül a böngészőjében. 100%-ban offline feldolgozva az abszolút adatvédelem érdekében. Ingyenes, korlátok nélkül és rendkívül biztonságos.
Scan barcodes online for free using your device's camera or upload an image. Supports UPC, EAN, Code 128 and more. 100% private and secure.",,,"41
184
139",3,true
20,https://createmy-qr.com/cs/url-qr-kod-pro-registraci-vstupenek-na-akci,"URL QR kód pro vstupenky na akce a registraci | CreateMy-QR
URL QR kód pro vstupenky na akce a registraci | CreateMy-QR",text/html; charset=utf-8,false,200,0,0,"Zvyšte návštěvnost akcí tím, že propojíte fyzické letáky s vaší digitální stránkou pro vstupenky. Vygenerujte rychlý, bezplatný URL QR kód pro registraci události.
Zvyšte návštěvnost akcí tím, že propojíte fyzické letáky s vaší digitální stránkou pro vstupenky. Vygenerujte rychlý, bezplatný URL QR kód pro registraci události.",,,"163
163",2,true
20,https://createmy-qr.com/da/paypal-qr-kode-til-donationer,"PayPal QR-kode til non-profit og donationer | CreateMy-QR
PayPal QR-kode til non-profit og donationer | CreateMy-QR",text/html; charset=utf-8,false,200,0,0,"Gør fundraising friktionsfri. Generer en PayPal QR-kode for at acceptere øjeblikkelige donationer ved velgørenhedsarrangementer, gudstjenester eller samfundssammenkomster.
Gør fundraising friktionsfri. Generer en PayPal QR-kode for at acceptere øjeblikkelige donationer ved velgørenhedsarrangementer, gudstjenester eller samfundssammenkomster.",,,"171
171",2,true
20,https://createmy-qr.com/tr/about,"Ücretsiz Çevrimiçi QR Kod Oluşturucu - CreateMy-QR (No Signup) | Hakkımızda
Ücretsiz Çevrimiçi QR Kod Oluşturucu - CreateMy-QR (No Signup) | CreateMy-QR
About CreateMy-QR",text/html; charset=utf-8,false,200,0,0,"Learn more about CreateMy-QR.
URL / Bağlantı verilerinizi doğrudan tarayıcınızda özel bir QR koduna dönüştürün. Mutlak gizlilik için %100 çevrimdışı işlenir. Ücretsiz, sınırsız ve son derece güvenli.",,,"29
169",2,true
20,https://createmy-qr.com/ru/email-qr-code-for-newsletter-signup,"QR-код электронной почты для подписки на рассылку новостей | CreateMy-QR
QR-код электронной почты для подписки на рассылку новостей | CreateMy-QR",text/html; charset=utf-8,false,200,0,0,"Расширяйте свой список адресов электронной почты из физических мест. Создайте QR-код электронной почты, который предварительно заполнит запрос на подписку на ваш список рассылки.
Расширяйте свой список адресов электронной почты из физических мест. Создайте QR-код электронной почты, который предварительно заполнит запрос на подписку на ваш список рассылки.",,,"178
178",2,true
20,https://createmy-qr.com/hu/scan-qr,"Ingyenes QR-kód olvasó online - QR-kód azonnali beolvasása
Ingyenes Online QR-kód Generátor - CreateMy-QR (No Signup) | CreateMy-QR
Scan QR Code Online",text/html; charset=utf-8,false,200,0,0,"Scan QR codes directly from your browser.
Alakítsa át URL adatait egyéni QR-kóddá közvetlenül a böngészőjében. 100%-ban offline feldolgozva az abszolút adatvédelem érdekében. Ingyenes, korlátok nélkül és rendkívül biztonságos.
A QR-kódok azonnali beolvasása kamerája vagy kép feltöltésével. 100%-ban biztonságos, privát és ügyféloldali feldolgozás.",,,"41
184
121",3,true
20,https://createmy-qr.com/bn/scan-barcode,"বিনামূল্যে বারকোড স্ক্যানার অনলাইন - UPC এবং EAN স্ক্যান করুন
ফ্রি অনলাইন কিউআর কোড জেনারেটর - CreateMy-QR (No Signup) | CreateMy-QR
Scan Barcode Online",text/html; charset=utf-8,false,200,0,0,"Scan Barcodes directly from your browser.
আপনার ব্রাউজারে সরাসরি একটি কাস্টম QR কোডে আপনার URL / লিঙ্ক ডেটা রূপান্তর করুন। সম্পূর্ণ গোপনীয়তার জন্য 100% অফলাইনে প্রক্রিয়া করা হয়েছে। বিনামূল্যে, কোন সীমা নেই, এবং অত্যন্ত নিরাপদ।
আপনার ডিভাইসের ক্যামেরা ব্যবহার করে বিনামূল্যে বারকোড অনলাইনে স্ক্যান করুন বা একটি ছবি আপলোড করুন।UPC, EAN, কোড 128 এবং আরও অনেক কিছু সমর্থন করে।100% ব্যক্তিগত এবং নিরাপদ।",,,"41
187
171",3,true
20,https://createmy-qr.com/nl/scan-qr,"Gratis QR-codescanner online - Scan QR direct
Gratis QR Code Generator Online - CreateMy-QR (No Signup) | CreateMy-QR
Scan QR Code Online",text/html; charset=utf-8,false,200,0,0,"Scan QR codes directly from your browser.
Converteer uw URL/link-gegevens rechtstreeks in uw browser naar een aangepaste QR-code. 100% offline verwerkt voor absolute privacy. Gratis, geen grenzen en zeer veilig.
Scan QR-codes direct met uw camera of door een afbeelding te uploaden. 100% veilige, privé- en clientverwerking.",,,"41
169
112",3,true
20,https://createmy-qr.com/el/privacy,"Δωρεάν Δημιουργία QR Code Online - CreateMy-QR (No Signup) | Πολιτική Απορρήτου
Δωρεάν Δημιουργία QR Code Online - CreateMy-QR (No Signup) | CreateMy-QR
Privacy Policy - CreateMy-QR",text/html; charset=utf-8,false,200,0,0,"Read our privacy policy.
Μετατρέψτε τα δεδομένα σας URL / Σύνδεσμος σε προσαρμοσμένο κωδικό QR απευθείας στο πρόγραμμα περιήγησής σας. 100% επεξεργασία εκτός σύνδεσης για απόλυτη προστασία της ιδιωτικής ζωής. Δωρεάν, χωρίς όρια και εξαιρετικά ασφαλές.",,,"24
226",2,true
20,https://createmy-qr.com/hu/paypal-qr-kod-adomanyokhoz,"PayPal QR-kód non-profit szervezetekhez és adományokhoz | CreateMy-QR
PayPal QR-kód non-profit szervezetekhez és adományokhoz | CreateMy-QR",text/html; charset=utf-8,false,200,0,0,"Tedd zökkenőmentessé az adománygyűjtést. Hozzon létre egy PayPal QR-kódot, amellyel azonnali adományokat fogadhat jótékonysági eseményeken, istentiszteleteken vagy közösségi összejöveteleken.
Tedd zökkenőmentessé az adománygyűjtést. Hozzon létre egy PayPal QR-kódot, amellyel azonnali adományokat fogadhat jótékonysági eseményeken, istentiszteleteken vagy közösségi összejöveteleken.",,,"191
191",2,true
20,https://createmy-qr.com/tl/barcode-generator,"Libreng Barcode Generator Online - Lumikha ng 1D Barcodes
Libreng Online QR Code Generator - CreateMy-QR (No Signup) | CreateMy-QR
Free Barcode Generator",text/html; charset=utf-8,false,200,0,0,"Generate barcodes instantly.
I-convert ang iyong URL / Link data sa isang custom na QR code nang direkta sa iyong browser. 100% na naproseso offline para sa ganap na privacy. Libre, walang limitasyon, at lubos na secure.
Bumuo ng mga propesyonal na 1D barcode kaagad. Suporta para sa Code-128, UPC, EAN, ITF-14, at higit pa. Libre, secure, at handang i-download sa high-res na PNG.",,,"28
191
160",3,true
20,https://createmy-qr.com/ro/cod-qr-whatsapp-pentru-asistenta-clienti,"Cod QR WhatsApp pentru asistență clienți | CreateMy-QR
Cod QR WhatsApp pentru asistență clienți | CreateMy-QR",text/html; charset=utf-8,false,200,0,0,"Oferiți servicii instant pentru clienți. Generați un cod QR WhatsApp care deschide un chat direct cu echipa dvs. de asistență, completat cu un mesaj precompletat.
Oferiți servicii instant pentru clienți. Generați un cod QR WhatsApp care deschide un chat direct cu echipa dvs. de asistență, completat cu un mesaj precompletat.",,,"162
162",2,true
20,https://createmy-qr.com/tl/scan-qr,"Libreng QR Code Scanner Online - I-scan ang QR Agad
Libreng Online QR Code Generator - CreateMy-QR (No Signup) | CreateMy-QR
Scan QR Code Online",text/html; charset=utf-8,false,200,0,0,"Scan QR codes directly from your browser.
I-convert ang iyong URL / Link data sa isang custom na QR code nang direkta sa iyong browser. 100% na naproseso offline para sa ganap na privacy. Libre, walang limitasyon, at lubos na secure.
I-scan kaagad ang mga QR code gamit ang iyong camera o sa pamamagitan ng pag-upload ng larawan. 100% secure, pribado, at pagpoproseso sa panig ng kliyente.",,,"41
191
155",3,true
20,https://createmy-qr.com/es/scan-barcode,"Escáner de códigos de barras gratuito en línea: escanee UPC y EAN
Generador de Códigos QR Gratis Online - CreateMy-QR (No Signup) | CreateMy-QR
Scan Barcode Online",text/html; charset=utf-8,false,200,0,0,"Scan Barcodes directly from your browser.
Convierta sus datos de URL/Enlace en un código QR personalizado directamente en su navegador. 100% procesado fuera de línea para absoluta privacidad. Gratis, sin límites y muy seguro.
Escanee códigos de barras en línea de forma gratuita usando la cámara de su dispositivo o cargue una imagen.Admite UPC, EAN, Código 128 y más.100% privado y seguro.",,,"41
183
164",3,true
20,https://createmy-qr.com/es/codigo-qr-url-para-registro-de-entradas-para-eventos,"Código QR URL para entradas y registro de eventos | CreateMy-QR
Código QR URL para entradas y registro de eventos | CreateMy-QR",text/html; charset=utf-8,false,200,0,0,"Aumente la asistencia a eventos vinculando folletos físicos a su página de venta de entradas digitales. Genere un código QR URL rápido y gratuito para el registro de eventos.
Aumente la asistencia a eventos vinculando folletos físicos a su página de venta de entradas digitales. Genere un código QR URL rápido y gratuito para el registro de eventos.",,,"174
174",2,true
20,https://createmy-qr.com/ru/url-qr-code-for-event-tickets-registration,"URL-адрес QR-кода для билетов на мероприятия и регистрации | CreateMy-QR
URL-адрес QR-кода для билетов на мероприятия и регистрации | CreateMy-QR",text/html; charset=utf-8,false,200,0,0,"Повысьте посещаемость мероприятий, связав физические флаеры со страницей цифровых билетов. Создайте быстрый и бесплатный URL-QR-код для регистрации на мероприятии.
Повысьте посещаемость мероприятий, связав физические флаеры со страницей цифровых билетов. Создайте быстрый и бесплатный URL-QR-код для регистрации на мероприятии.",,,"163
163",2,true
20,https://createmy-qr.com/cs/scan-barcode,"Bezplatný skener čárových kódů online – skenování UPC a EAN
Zdarma Online Generátor QR Kódů - CreateMy-QR (No Signup) | CreateMy-QR
Scan Barcode Online",text/html; charset=utf-8,false,200,0,0,"Scan Barcodes directly from your browser.
Převeďte svá data URL / odkaz na vlastní QR kód přímo ve vašem prohlížeči. 100% zpracováno offline pro absolutní soukromí. Zdarma, bez omezení a vysoce bezpečné.
Naskenujte čárové kódy online zdarma pomocí fotoaparátu vašeho zařízení nebo nahrajte obrázek.Podporuje UPC, EAN, Code 128 a další.100% soukromé a bezpečné.",,,"41
161
156",3,true
20,https://createmy-qr.com/ms/scan-qr,"Pengimbas Kod QR Percuma Dalam Talian - Imbas QR Serta-merta
Penjana Kod QR Percuma Dalam Talian - CreateMy-QR (No Signup) | CreateMy-QR
Scan QR Code Online",text/html; charset=utf-8,false,200,0,0,"Scan QR codes directly from your browser.
Tukar data URL / Pautan anda kepada kod QR tersuai terus dalam penyemak imbas anda. 100% diproses di luar talian untuk privasi mutlak. Percuma, tiada had dan sangat selamat.
Imbas kod QR serta-merta menggunakan kamera anda atau dengan memuat naik imej. Pemprosesan 100% selamat, peribadi dan pihak pelanggan.",,,"41
173
134",3,true
20,https://createmy-qr.com/de/scan-qr,"Kostenloser QR-Code-Scanner online – QR sofort scannen
Kostenloser QR-Code Generator Online - CreateMy-QR (No Signup) | CreateMy-QR
Scan QR Code Online",text/html; charset=utf-8,false,200,0,0,"Scan QR codes directly from your browser.
Wandeln Sie Ihre URL/Link-Daten direkt in Ihrem Browser in einen benutzerdefinierten QR-Code um. 100 % offline verarbeitet für absolute Privatsphäre. Kostenlos, ohne Grenzen und äußerst sicher.
Scannen Sie QR-Codes sofort mit Ihrer Kamera oder indem Sie ein Bild hochladen. 100 % sichere, private und clientseitige Verarbeitung.",,,"41
193
134",3,true
20,https://createmy-qr.com/ru/about,"Бесплатный генератор QR-кодов онлайн - CreateMy-QR (No Signup) | О нас
Бесплатный генератор QR-кодов онлайн - CreateMy-QR (No Signup) | CreateMy-QR
About CreateMy-QR",text/html; charset=utf-8,false,200,0,0,"Learn more about CreateMy-QR.
Преобразуйте данные URL/ссылка в собственный QR-код прямо в браузере. 100% обработка в автономном режиме для абсолютной конфиденциальности. Бесплатно, без ограничений и очень безопасно.",,,"29
185",2,true
20,https://createmy-qr.com/es/scan-qr,"Escáner de códigos QR gratuito en línea: escanee QR al instante
Generador de Códigos QR Gratis Online - CreateMy-QR (No Signup) | CreateMy-QR
Scan QR Code Online",text/html; charset=utf-8,false,200,0,0,"Scan QR codes directly from your browser.
Convierta sus datos de URL/Enlace en un código QR personalizado directamente en su navegador. 100% procesado fuera de línea para absoluta privacidad. Gratis, sin límites y muy seguro.
Escanee códigos QR al instante usando su cámara o cargando una imagen. Procesamiento 100% seguro, privado y del lado del cliente.",,,"41
183
129",3,true
20,https://createmy-qr.com/it/terms,"Generatore di Codici QR Gratis Online - CreateMy-QR (No Signup) | Termini di servizio
Generatore di Codici QR Gratis Online - CreateMy-QR (No Signup) | CreateMy-QR
Terms of Service - CreateMy-QR",text/html; charset=utf-8,false,200,0,0,"Read our terms of service.
Converti i tuoi dati URL/collegamento in un codice QR personalizzato direttamente nel tuo browser. Elaborato offline al 100% per una privacy assoluta. Gratuito, senza limiti e altamente sicuro.",,,"26
193",2,true
20,https://createmy-qr.com/fi/terms,"Ilmainen QR-koodigeneraattori Netissä - CreateMy-QR (No Signup) | Palveluehdot
Ilmainen QR-koodigeneraattori Netissä - CreateMy-QR (No Signup) | CreateMy-QR
Terms of Service - CreateMy-QR",text/html; charset=utf-8,false,200,0,0,"Read our terms of service.
Muunna URL / linkki-tietosi mukautetuksi QR-koodiksi suoraan selaimessasi. 100 % käsitelty offline-tilassa täydellisen yksityisyyden takaamiseksi. Ilmainen, ei rajoituksia ja erittäin turvallinen.",,,"26
196",2,true
20,https://createmy-qr.com/th/about,"เครื่องมือสร้างคิวอาร์โค้ดออนไลน์ฟรี - CreateMy-QR (No Signup) | เกี่ยวกับเรา
เครื่องมือสร้างคิวอาร์โค้ดออนไลน์ฟรี - CreateMy-QR (No Signup) | CreateMy-QR
About CreateMy-QR",text/html; charset=utf-8,false,200,0,0,"Learn more about CreateMy-QR.
แปลงข้อมูล URL / ลิงค์ ของคุณให้เป็นโค้ด QR ที่กำหนดเองได้โดยตรงในเบราว์เซอร์ของคุณ ประมวลผลแบบออฟไลน์ 100% เพื่อความเป็นส่วนตัวอย่างแท้จริง ฟรี ไม่จำกัด และมีความปลอดภัยสูง",,,"29
173",2,true
20,https://createmy-qr.com/id/barcode-generator,"Generator Barcode Online Gratis - Membuat Barcode 1D
Generator QR Code Gratis Online - CreateMy-QR (No Signup) | CreateMy-QR
Free Barcode Generator",text/html; charset=utf-8,false,200,0,0,"Generate barcodes instantly.
Ubah data URL / Tautan Anda menjadi QR code kustom langsung di browser. 100% diproses offline untuk privasi absolut. Gratis, tanpa batas, dan sangat aman.
Hasilkan kode batang 1D profesional secara instan. Dukungan untuk Kode-128, UPC, EAN, ITF-14, dan banyak lagi. Gratis, aman, dan siap diunduh dalam format PNG resolusi tinggi.",,,"28
154
175",3,true
20,https://createmy-qr.com/pt/codigo-qr-do-paypal-para-doacoes,"Código QR do PayPal para organizações sem fins lucrativos e doações | CreateMy-QR
Código QR do PayPal para organizações sem fins lucrativos e doações | CreateMy-QR",text/html; charset=utf-8,false,200,0,0,"Torne a arrecadação de fundos fácil. Gere um código QR do PayPal para aceitar doações instantâneas em eventos de caridade, serviços religiosos ou reuniões comunitárias.
Torne a arrecadação de fundos fácil. Gere um código QR do PayPal para aceitar doações instantâneas em eventos de caridade, serviços religiosos ou reuniões comunitárias.",,,"168
168",2,true
20,https://createmy-qr.com/fi/barcode-generator,"Ilmainen viivakoodigeneraattori verkossa - Luo 1D-viivakoodeja
Ilmainen QR-koodigeneraattori Netissä - CreateMy-QR (No Signup) | CreateMy-QR
Free Barcode Generator",text/html; charset=utf-8,false,200,0,0,"Generate barcodes instantly.
Muunna URL / linkki-tietosi mukautetuksi QR-koodiksi suoraan selaimessasi. 100 % käsitelty offline-tilassa täydellisen yksityisyyden takaamiseksi. Ilmainen, ei rajoituksia ja erittäin turvallinen.
Luo ammattimaisia ​​1D-viivakoodeja välittömästi. Tuki Code-128:lle, UPC:lle, EAN:lle, ITF-14:lle ja muille. Ilmainen, turvallinen ja valmis ladattavaksi korkearesoluutioisena PNG-muodossa.",,,"28
196
189",3,true
20,https://createmy-qr.com/uk/about,"Безкоштовний Генератор QR-кодів Онлайн - CreateMy-QR (No Signup) | Про нас
Безкоштовний Генератор QR-кодів Онлайн - CreateMy-QR (No Signup) | CreateMy-QR
About CreateMy-QR",text/html; charset=utf-8,false,200,0,0,"Learn more about CreateMy-QR.
Перетворіть свої дані URL / Посилання на власний QR-код безпосередньо у своєму браузері. 100% обробка офлайн для повної конфіденційності. Безкоштовно, без обмежень і дуже безпечно.",,,"29
180",2,true
20,https://createmy-qr.com/bn/youtube-qr-code-for-product-manuals,"পণ্য ম্যানুয়াল জন্য YouTube ভিডিও QR কোড | CreateMy-QR
পণ্য ম্যানুয়াল জন্য YouTube ভিডিও QR কোড | CreateMy-QR",text/html; charset=utf-8,false,200,0,0,"ভিডিও টিউটোরিয়াল দিয়ে বিভ্রান্তিকর কাগজ ম্যানুয়াল প্রতিস্থাপন করুন। আপনার পণ্যগুলির জন্য তাত্ক্ষণিক ভিজ্যুয়াল নির্দেশাবলী প্রদান করতে একটি YouTube QR কোড তৈরি করুন৷
ভিডিও টিউটোরিয়াল দিয়ে বিভ্রান্তিকর কাগজ ম্যানুয়াল প্রতিস্থাপন করুন। আপনার পণ্যগুলির জন্য তাত্ক্ষণিক ভিজ্যুয়াল নির্দেশাবলী প্রদান করতে একটি YouTube QR কোড তৈরি করুন৷",,,"168
168",2,true
20,https://createmy-qr.com/de/barcode-generator,"Kostenloser Online-Barcode-Generator – Erstellen Sie 1D-Barcodes
Kostenloser QR-Code Generator Online - CreateMy-QR (No Signup) | CreateMy-QR
Free Barcode Generator",text/html; charset=utf-8,false,200,0,0,"Generate barcodes instantly.
Wandeln Sie Ihre URL/Link-Daten direkt in Ihrem Browser in einen benutzerdefinierten QR-Code um. 100 % offline verarbeitet für absolute Privatsphäre. Kostenlos, ohne Grenzen und äußerst sicher.
Generieren Sie sofort professionelle 1D-Barcodes. Unterstützung für Code-128, UPC, EAN, ITF-14 und mehr. Kostenlos, sicher und bereit zum Download in hochauflösendem PNG.",,,"28
193
170",3,true
20,https://createmy-qr.com/fr/privacy,"Générateur de Code QR Gratuit en Ligne - CreateMy-QR (No Signup) | Politique de confidentialité
Générateur de Code QR Gratuit en Ligne - CreateMy-QR (No Signup) | CreateMy-QR
Privacy Policy - CreateMy-QR",text/html; charset=utf-8,false,200,0,0,"Read our privacy policy.
Convertissez vos données URL/Lien en un code QR personnalisé directement dans votre navigateur. 100 % traité hors ligne pour une confidentialité absolue. Gratuit, sans limites et hautement sécurisé.",,,"24
198",2,true
20,https://createmy-qr.com/ms/terms,"Penjana Kod QR Percuma Dalam Talian - CreateMy-QR (No Signup) | Syarat Perkhidmatan
Penjana Kod QR Percuma Dalam Talian - CreateMy-QR (No Signup) | CreateMy-QR
Terms of Service - CreateMy-QR",text/html; charset=utf-8,false,200,0,0,"Read our terms of service.
Tukar data URL / Pautan anda kepada kod QR tersuai terus dalam penyemak imbas anda. 100% diproses di luar talian untuk privasi mutlak. Percuma, tiada had dan sangat selamat.",,,"26
173",2,true
20,https://createmy-qr.com/nl/about,"Gratis QR Code Generator Online - CreateMy-QR (No Signup) | Over ons
Gratis QR Code Generator Online - CreateMy-QR (No Signup) | CreateMy-QR
About CreateMy-QR",text/html; charset=utf-8,false,200,0,0,"Learn more about CreateMy-QR.
Converteer uw URL/link-gegevens rechtstreeks in uw browser naar een aangepaste QR-code. 100% offline verwerkt voor absolute privacy. Gratis, geen grenzen en zeer veilig.",,,"29
169",2,true
20,https://createmy-qr.com/es/terms,"Generador de Códigos QR Gratis Online - CreateMy-QR (No Signup) | Términos de servicio
Generador de Códigos QR Gratis Online - CreateMy-QR (No Signup) | CreateMy-QR
Terms of Service - CreateMy-QR",text/html; charset=utf-8,false,200,0,0,"Read our terms of service.
Convierta sus datos de URL/Enlace en un código QR personalizado directamente en su navegador. 100% procesado fuera de línea para absoluta privacidad. Gratis, sin límites y muy seguro.",,,"26
183",2,true
20,https://createmy-qr.com/uk/privacy,"Безкоштовний Генератор QR-кодів Онлайн - CreateMy-QR (No Signup) | Політика конфіденційності
Безкоштовний Генератор QR-кодів Онлайн - CreateMy-QR (No Signup) | CreateMy-QR
Privacy Policy - CreateMy-QR",text/html; charset=utf-8,false,200,0,0,"Read our privacy policy.
Перетворіть свої дані URL / Посилання на власний QR-код безпосередньо у своєму браузері. 100% обробка офлайн для повної конфіденційності. Безкоштовно, без обмежень і дуже безпечно.",,,"24
180",2,true
20,https://createmy-qr.com/fi/compare,"Ilmainen QR-koodigeneraattori Netissä - CreateMy-QR (No Signup) | Vertaa työkaluja
Ilmainen QR-koodigeneraattori Netissä - CreateMy-QR (No Signup) | CreateMy-QR
Compare Plans - CreateMy-QR",text/html; charset=utf-8,false,200,0,0,"Compare our free features.
Muunna URL / linkki-tietosi mukautetuksi QR-koodiksi suoraan selaimessasi. 100 % käsitelty offline-tilassa täydellisen yksityisyyden takaamiseksi. Ilmainen, ei rajoituksia ja erittäin turvallinen.",,,"26
196",2,true
20,https://createmy-qr.com/tr/scan-qr,"Ücretsiz Çevrimiçi QR Kod Tarayıcı - QR'yi Anında Tarayın
Ücretsiz Çevrimiçi QR Kod Oluşturucu - CreateMy-QR (No Signup) | CreateMy-QR
Scan QR Code Online",text/html; charset=utf-8,false,200,0,0,"Scan QR codes directly from your browser.
URL / Bağlantı verilerinizi doğrudan tarayıcınızda özel bir QR koduna dönüştürün. Mutlak gizlilik için %100 çevrimdışı işlenir. Ücretsiz, sınırsız ve son derece güvenli.
Kameranızı kullanarak veya bir resim yükleyerek QR kodlarını anında tarayın. %100 güvenli, özel ve istemci tarafında işleme.",,,"41
169
124",3,true
20,https://createmy-qr.com/pt/codigo-qr-url-para-registro-de-ingressos-para-eventos,"URL QR Code para ingressos e registro de eventos | CreateMy-QR
URL QR Code para ingressos e registro de eventos | CreateMy-QR",text/html; charset=utf-8,false,200,0,0,"Aumente a participação em eventos vinculando folhetos físicos à sua página de ingressos digitais. Gere um código QR de URL rápido e gratuito para registro de eventos.
Aumente a participação em eventos vinculando folhetos físicos à sua página de ingressos digitais. Gere um código QR de URL rápido e gratuito para registro de eventos.",,,"166
166",2,true
20,https://createmy-qr.com/it/scan-barcode,"Scanner di codici a barre online gratuito: scansiona UPC e EAN
Generatore di Codici QR Gratis Online - CreateMy-QR (No Signup) | CreateMy-QR
Scan Barcode Online",text/html; charset=utf-8,false,200,0,0,"Scan Barcodes directly from your browser.
Converti i tuoi dati URL/collegamento in un codice QR personalizzato direttamente nel tuo browser. Elaborato offline al 100% per una privacy assoluta. Gratuito, senza limiti e altamente sicuro.
Scansiona i codici a barre online gratuitamente utilizzando la fotocamera del tuo dispositivo o carica un'immagine.Supporta UPC, EAN, Codice 128 e altro.100% privato e sicuro.",,,"41
193
175",3,true
20,https://createmy-qr.com/el/about,"Δωρεάν Δημιουργία QR Code Online - CreateMy-QR (No Signup) | Σχετικά με εμάς
Δωρεάν Δημιουργία QR Code Online - CreateMy-QR (No Signup) | CreateMy-QR
About CreateMy-QR",text/html; charset=utf-8,false,200,0,0,"Learn more about CreateMy-QR.
Μετατρέψτε τα δεδομένα σας URL / Σύνδεσμος σε προσαρμοσμένο κωδικό QR απευθείας στο πρόγραμμα περιήγησής σας. 100% επεξεργασία εκτός σύνδεσης για απόλυτη προστασία της ιδιωτικής ζωής. Δωρεάν, χωρίς όρια και εξαιρετικά ασφαλές.",,,"29
226",2,true
20,https://createmy-qr.com/el/google-review-qr-code-for-local-business,"Αναθεώρηση Google QR Code για τοπικές επιχειρήσεις | CreateMy-QR
Αναθεώρηση Google QR Code για τοπικές επιχειρήσεις | CreateMy-QR",text/html; charset=utf-8,false,200,0,0,"Εκτοξεύστε στα ύψη το τοπικό σας SEO κάνοντας αβίαστο για τους πελάτες να αφήσουν μια βαθμολογία 5 αστέρων. Δημιουργήστε έναν δωρεάν κωδικό QR για το Google Review.
Εκτοξεύστε στα ύψη το τοπικό σας SEO κάνοντας αβίαστο για τους πελάτες να αφήσουν μια βαθμολογία 5 αστέρων. Δημιουργήστε έναν δωρεάν κωδικό QR για το Google Review.",,,"164
164",2,true
20,https://createmy-qr.com/uk/url-qr-code-for-event-tickets-registration,"URL QR-код для квитків на події та реєстрації | CreateMy-QR
URL QR-код для квитків на події та реєстрації | CreateMy-QR",text/html; charset=utf-8,false,200,0,0,"Збільште відвідуваність заходів, зв’язавши фізичні листівки зі своєю цифровою сторінкою продажу квитків. Згенеруйте швидкий безкоштовний QR-код URL-адреси для реєстрації на подію.
Збільште відвідуваність заходів, зв’язавши фізичні листівки зі своєю цифровою сторінкою продажу квитків. Згенеруйте швидкий безкоштовний QR-код URL-адреси для реєстрації на подію.",,,"179
179",2,true
20,https://createmy-qr.com/th/scan-qr,"เครื่องสแกนรหัส QR ออนไลน์ฟรี - สแกน QR ทันที
เครื่องมือสร้างคิวอาร์โค้ดออนไลน์ฟรี - CreateMy-QR (No Signup) | CreateMy-QR
Scan QR Code Online",text/html; charset=utf-8,false,200,0,0,"Scan QR codes directly from your browser.
แปลงข้อมูล URL / ลิงค์ ของคุณให้เป็นโค้ด QR ที่กำหนดเองได้โดยตรงในเบราว์เซอร์ของคุณ ประมวลผลแบบออฟไลน์ 100% เพื่อความเป็นส่วนตัวอย่างแท้จริง ฟรี ไม่จำกัด และมีความปลอดภัยสูง
สแกนรหัส QR ทันทีโดยใช้กล้องของคุณหรือโดยการอัพโหลดภาพ ปลอดภัย 100% เป็นส่วนตัว และประมวลผลฝั่งไคลเอ็นต์",,,"41
173
104",3,true
20,https://createmy-qr.com/fr/envoyer-le-code-qr-par-e-mail-pour-linscription-a-la-newsletter,"Envoyer le code QR par e-mail pour les inscriptions à la newsletter | CreateMy-QR
Envoyer le code QR par e-mail pour les inscriptions à la newsletter | CreateMy-QR",text/html; charset=utf-8,false,200,0,0,"Développez votre liste de diffusion à partir d’emplacements physiques. Générez un code QR Email qui pré-remplit une demande d'abonnement à votre liste de diffusion.
Développez votre liste de diffusion à partir d’emplacements physiques. Générez un code QR Email qui pré-remplit une demande d'abonnement à votre liste de diffusion.",,,"164
164",2,true
20,https://createmy-qr.com/es/codigo-qr-de-whatsapp-para-atencion-al-cliente,"Código QR de WhatsApp para atención al cliente | CreateMy-QR
Código QR de WhatsApp para atención al cliente | CreateMy-QR",text/html; charset=utf-8,false,200,0,0,"Proporcionar servicio al cliente instantáneo. Genere un código QR de WhatsApp que abre un chat directo con su equipo de soporte, completo con un mensaje precargado.
Proporcionar servicio al cliente instantáneo. Genere un código QR de WhatsApp que abre un chat directo con su equipo de soporte, completo con un mensaje precargado.",,,"164
164",2,true
20,https://createmy-qr.com/es/envie-un-codigo-qr-por-correo-electronico-para-suscribirse-al-boletin,"Código QR por correo electrónico para suscribirse al boletín | CreateMy-QR
Código QR por correo electrónico para suscribirse al boletín | CreateMy-QR",text/html; charset=utf-8,false,200,0,0,"Haga crecer su lista de correo electrónico desde ubicaciones físicas. Genere un código QR de correo electrónico que complete previamente una solicitud de suscripción a su lista de correo.
Haga crecer su lista de correo electrónico desde ubicaciones físicas. Genere un código QR de correo electrónico que complete previamente una solicitud de suscripción a su lista de correo.",,,"187
187",2,true
20,https://createmy-qr.com/th/scan-barcode,"เครื่องสแกนบาร์โค้ดออนไลน์ฟรี - สแกน UPC และ EAN
เครื่องมือสร้างคิวอาร์โค้ดออนไลน์ฟรี - CreateMy-QR (No Signup) | CreateMy-QR
Scan Barcode Online",text/html; charset=utf-8,false,200,0,0,"Scan Barcodes directly from your browser.
แปลงข้อมูล URL / ลิงค์ ของคุณให้เป็นโค้ด QR ที่กำหนดเองได้โดยตรงในเบราว์เซอร์ของคุณ ประมวลผลแบบออฟไลน์ 100% เพื่อความเป็นส่วนตัวอย่างแท้จริง ฟรี ไม่จำกัด และมีความปลอดภัยสูง
สแกนบาร์โค้ดออนไลน์ได้ฟรีโดยใช้กล้องของอุปกรณ์หรืออัปโหลดภาพรองรับ UPC, EAN, รหัส 128 และอื่นๆเป็นส่วนตัวและปลอดภัย 100%",,,"41
173
120",3,true
20,https://createmy-qr.com/ms/barcode-generator,"Penjana Kod Bar Percuma Dalam Talian - Cipta Kod Bar 1D
Penjana Kod QR Percuma Dalam Talian - CreateMy-QR (No Signup) | CreateMy-QR
Free Barcode Generator",text/html; charset=utf-8,false,200,0,0,"Generate barcodes instantly.
Tukar data URL / Pautan anda kepada kod QR tersuai terus dalam penyemak imbas anda. 100% diproses di luar talian untuk privasi mutlak. Percuma, tiada had dan sangat selamat.
Hasilkan kod bar 1D profesional serta-merta. Sokongan untuk Kod-128, UPC, EAN, ITF-14 dan banyak lagi. Percuma, selamat dan sedia untuk dimuat turun dalam PNG resolusi tinggi.",,,"28
173
175",3,true
20,https://createmy-qr.com/de/terms,"Kostenloser QR-Code Generator Online - CreateMy-QR (No Signup) | Nutzungsbedingungen
Kostenloser QR-Code Generator Online - CreateMy-QR (No Signup) | CreateMy-QR
Terms of Service - CreateMy-QR",text/html; charset=utf-8,false,200,0,0,"Read our terms of service.
Wandeln Sie Ihre URL/Link-Daten direkt in Ihrem Browser in einen benutzerdefinierten QR-Code um. 100 % offline verarbeitet für absolute Privatsphäre. Kostenlos, ohne Grenzen und äußerst sicher.",,,"26
193",2,true
20,https://createmy-qr.com/ro/scan-qr,"Scaner online gratuit de coduri QR - Scanează QR instantaneu
Generator de Coduri QR Gratuit Online - CreateMy-QR (No Signup) | CreateMy-QR
Scan QR Code Online",text/html; charset=utf-8,false,200,0,0,"Scan QR codes directly from your browser.
Transformați datele dvs. URL / Link într-un cod QR personalizat direct în browser. Procesat 100% offline pentru confidențialitate absolută. Gratuit, fără limite și foarte sigur.
Scanează instantaneu codurile QR folosind camera foto sau încărcând o imagine. Procesare 100% sigură, privată și la nivelul clientului.",,,"41
177
135",3,true
20,https://createmy-qr.com/ro/barcode-generator,"Generator online gratuit de coduri de bare - Creați coduri de bare 1D
Generator de Coduri QR Gratuit Online - CreateMy-QR (No Signup) | CreateMy-QR
Free Barcode Generator",text/html; charset=utf-8,false,200,0,0,"Generate barcodes instantly.
Transformați datele dvs. URL / Link într-un cod QR personalizat direct în browser. Procesat 100% offline pentru confidențialitate absolută. Gratuit, fără limite și foarte sigur.
Generați instantaneu coduri de bare profesionale 1D. Suport pentru Code-128, UPC, EAN, ITF-14 și multe altele. Gratuit, sigur și gata de descărcat în PNG de înaltă rezoluție.",,,"28
177
174",3,true
20,https://createmy-qr.com/ms/privacy,"Penjana Kod QR Percuma Dalam Talian - CreateMy-QR (No Signup) | Dasar Privasi
Penjana Kod QR Percuma Dalam Talian - CreateMy-QR (No Signup) | CreateMy-QR
Privacy Policy - CreateMy-QR",text/html; charset=utf-8,false,200,0,0,"Read our privacy policy.
Tukar data URL / Pautan anda kepada kod QR tersuai terus dalam penyemak imbas anda. 100% diproses di luar talian untuk privasi mutlak. Percuma, tiada had dan sangat selamat.",,,"24
173",2,true
20,https://createmy-qr.com/es/barcode-generator,"Generador de códigos de barras gratuito en línea: cree códigos de barras 1D
Generador de Códigos QR Gratis Online - CreateMy-QR (No Signup) | CreateMy-QR
Free Barcode Generator",text/html; charset=utf-8,false,200,0,0,"Generate barcodes instantly.
Convierta sus datos de URL/Enlace en un código QR personalizado directamente en su navegador. 100% procesado fuera de línea para absoluta privacidad. Gratis, sin límites y muy seguro.
Genere códigos de barras 1D profesionales al instante. Soporte para Code-128, UPC, EAN, ITF-14 y más. Gratis, seguro y listo para descargar en PNG de alta resolución.",,,"28
183
166",3,true
20,https://createmy-qr.com/bn/whatsapp-qr-code-for-customer-support,"গ্রাহক সহায়তার জন্য WhatsApp QR কোড | CreateMy-QR
গ্রাহক সহায়তার জন্য WhatsApp QR কোড | CreateMy-QR",text/html; charset=utf-8,false,200,0,0,"তাত্ক্ষণিক গ্রাহক সেবা প্রদান. একটি হোয়াটসঅ্যাপ QR কোড তৈরি করুন যা আপনার সমর্থন দলের সাথে একটি সরাসরি চ্যাট খুলবে, একটি পূর্ব-পূর্ণ বার্তা দিয়ে সম্পূর্ণ করুন৷
তাত্ক্ষণিক গ্রাহক সেবা প্রদান. একটি হোয়াটসঅ্যাপ QR কোড তৈরি করুন যা আপনার সমর্থন দলের সাথে একটি সরাসরি চ্যাট খুলবে, একটি পূর্ব-পূর্ণ বার্তা দিয়ে সম্পূর্ণ করুন৷",,,"161
161",2,true
20,https://createmy-qr.com/da/terms,"Gratis QR Kode Generator Online - CreateMy-QR (No Signup) | Servicevilkår
Gratis QR Kode Generator Online - CreateMy-QR (No Signup) | CreateMy-QR
Terms of Service - CreateMy-QR",text/html; charset=utf-8,false,200,0,0,"Read our terms of service.
Konverter dine URL / Link-data til en tilpasset QR-kode direkte i din browser. 100 % behandlet offline for absolut privatliv. Gratis, ingen grænser og meget sikker.",,,"26
164",2,true
20,https://createmy-qr.com/fi/scan-qr,"Ilmainen QR-koodinlukija verkossa - Skannaa QR-koodi heti
Ilmainen QR-koodigeneraattori Netissä - CreateMy-QR (No Signup) | CreateMy-QR
Scan QR Code Online",text/html; charset=utf-8,false,200,0,0,"Scan QR codes directly from your browser.
Muunna URL / linkki-tietosi mukautetuksi QR-koodiksi suoraan selaimessasi. 100 % käsitelty offline-tilassa täydellisen yksityisyyden takaamiseksi. Ilmainen, ei rajoituksia ja erittäin turvallinen.
Skannaa QR-koodit välittömästi kamerallasi tai lataamalla kuva. 100 % turvallinen, yksityinen ja asiakaspuolen käsittely.",,,"41
196
121",3,true
20,https://createmy-qr.com/nl/paypal-qr-code-voor-donaties,"PayPal QR-code voor non-profitorganisaties en donaties | CreateMy-QR
PayPal QR-code voor non-profitorganisaties en donaties | CreateMy-QR",text/html; charset=utf-8,false,200,0,0,"Maak fondsenwerving probleemloos. Genereer een PayPal QR-code om directe donaties te accepteren bij liefdadigheidsevenementen, kerkdiensten of gemeenschapsbijeenkomsten.
Maak fondsenwerving probleemloos. Genereer een PayPal QR-code om directe donaties te accepteren bij liefdadigheidsevenementen, kerkdiensten of gemeenschapsbijeenkomsten.",,,"169
169",2,true
20,https://createmy-qr.com/fi/url-qr-koodi-tapahtumalippujen-rekisterointia-varten,"URL QR-koodi tapahtumalippuja ja ilmoittautumista varten | CreateMy-QR
URL QR-koodi tapahtumalippuja ja ilmoittautumista varten | CreateMy-QR",text/html; charset=utf-8,false,200,0,0,"Lisää tapahtumaan osallistumista linkittämällä fyysiset lentolehtiset digitaaliselle lippusivullesi. Luo nopea, ilmainen URL-QR-koodi tapahtuman rekisteröintiä varten.
Lisää tapahtumaan osallistumista linkittämällä fyysiset lentolehtiset digitaaliselle lippusivullesi. Luo nopea, ilmainen URL-QR-koodi tapahtuman rekisteröintiä varten.",,,"167
167",2,true
20,https://createmy-qr.com/th/privacy,"เครื่องมือสร้างคิวอาร์โค้ดออนไลน์ฟรี - CreateMy-QR (No Signup) | นโยบายความเป็นส่วนตัว
เครื่องมือสร้างคิวอาร์โค้ดออนไลน์ฟรี - CreateMy-QR (No Signup) | CreateMy-QR
Privacy Policy - CreateMy-QR",text/html; charset=utf-8,false,200,0,0,"Read our privacy policy.
แปลงข้อมูล URL / ลิงค์ ของคุณให้เป็นโค้ด QR ที่กำหนดเองได้โดยตรงในเบราว์เซอร์ของคุณ ประมวลผลแบบออฟไลน์ 100% เพื่อความเป็นส่วนตัวอย่างแท้จริง ฟรี ไม่จำกัด และมีความปลอดภัยสูง",,,"24
173",2,true
20,https://createmy-qr.com/ar/about,"مولد رمز الاستجابة السريعة مجاني - CreateMy-QR (No Signup) | من نحن
مولد رمز الاستجابة السريعة مجاني - CreateMy-QR (No Signup) | CreateMy-QR
About CreateMy-QR",text/html; charset=utf-8,false,200,0,0,"Learn more about CreateMy-QR.
قم بتحويل بيانات عنوان URL / الرابط الخاصة بك إلى رمز QR مخصص مباشرةً في متصفحك. تمت معالجتها بنسبة 100% دون الاتصال بالإنترنت لتوفير الخصوصية المطلقة. مجاني، بلا حدود، وآمن للغاية.",,,"29
181",2,true
20,https://createmy-qr.com/fr/code-qr-paypal-pour-les-dons,"Code QR PayPal pour les organisations à but non lucratif et les dons | CreateMy-QR
Code QR PayPal pour les organisations à but non lucratif et les dons | CreateMy-QR",text/html; charset=utf-8,false,200,0,0,"Facilitez la collecte de fonds. Générez un code QR PayPal pour accepter des dons instantanés lors d'événements caritatifs, de services religieux ou de rassemblements communautaires.
Facilitez la collecte de fonds. Générez un code QR PayPal pour accepter des dons instantanés lors d'événements caritatifs, de services religieux ou de rassemblements communautaires.",,,"181
181",2,true
20,https://createmy-qr.com/el/compare,"Δωρεάν Δημιουργία QR Code Online - CreateMy-QR (No Signup) | Εργαλεία σύγκρισης
Δωρεάν Δημιουργία QR Code Online - CreateMy-QR (No Signup) | CreateMy-QR
Compare Plans - CreateMy-QR",text/html; charset=utf-8,false,200,0,0,"Compare our free features.
Μετατρέψτε τα δεδομένα σας URL / Σύνδεσμος σε προσαρμοσμένο κωδικό QR απευθείας στο πρόγραμμα περιήγησής σας. 100% επεξεργασία εκτός σύνδεσης για απόλυτη προστασία της ιδιωτικής ζωής. Δωρεάν, χωρίς όρια και εξαιρετικά ασφαλές.",,,"26
226",2,true
20,https://createmy-qr.com/no/compare,"Gratis QR-kode Generator Online - CreateMy-QR (No Signup) | Sammenlign verktøy
Gratis QR-kode Generator Online - CreateMy-QR (No Signup) | CreateMy-QR
Compare Plans - CreateMy-QR",text/html; charset=utf-8,false,200,0,0,"Compare our free features.
Konverter URL / Link-dataene dine til en tilpasset QR-kode direkte i nettleseren din. 100 % behandlet offline for absolutt personvern. Gratis, ingen grenser og svært sikker.",,,"26
173",2,true
20,https://createmy-qr.com/no/about,"Gratis QR-kode Generator Online - CreateMy-QR (No Signup) | Om oss
Gratis QR-kode Generator Online - CreateMy-QR (No Signup) | CreateMy-QR
About CreateMy-QR",text/html; charset=utf-8,false,200,0,0,"Learn more about CreateMy-QR.
Konverter URL / Link-dataene dine til en tilpasset QR-kode direkte i nettleseren din. 100 % behandlet offline for absolutt personvern. Gratis, ingen grenser og svært sikker.",,,"29
173",2,true
20,https://createmy-qr.com/hi/compare,"मुफ़्त ऑनलाइन क्यूआर कोड जनरेटर - CreateMy-QR (No Signup) | टूल्स की तुलना करें
मुफ़्त ऑनलाइन क्यूआर कोड जनरेटर - CreateMy-QR (No Signup) | CreateMy-QR
Compare Plans - CreateMy-QR",text/html; charset=utf-8,false,200,0,0,"Compare our free features.
अपने यूआरएल/लिंक डेटा को सीधे अपने ब्राउज़र में एक कस्टम क्यूआर कोड में बदलें। पूर्ण गोपनीयता के लिए 100% ऑफ़लाइन संसाधित। निःशुल्क, कोई सीमा नहीं, और अत्यधिक सुरक्षित।",,,"26
168",2,true
20,https://createmy-qr.com/cs/about,"Zdarma Online Generátor QR Kódů - CreateMy-QR (No Signup) | O nás
Zdarma Online Generátor QR Kódů - CreateMy-QR (No Signup) | CreateMy-QR
About CreateMy-QR",text/html; charset=utf-8,false,200,0,0,"Learn more about CreateMy-QR.
Převeďte svá data URL / odkaz na vlastní QR kód přímo ve vašem prohlížeči. 100% zpracováno offline pro absolutní soukromí. Zdarma, bez omezení a vysoce bezpečné.",,,"29
161",2,true
20,https://createmy-qr.com/pl/kod-qr-whatsapp-do-obsugi-klienta,"Kod QR WhatsApp do obsługi klienta | CreateMy-QR
Kod QR WhatsApp do obsługi klienta | CreateMy-QR",text/html; charset=utf-8,false,200,0,0,"Zapewnij natychmiastową obsługę klienta. Wygeneruj kod QR WhatsApp, który otworzy bezpośredni czat z zespołem pomocy technicznej wraz ze wstępnie wypełnioną wiadomością.
Zapewnij natychmiastową obsługę klienta. Wygeneruj kod QR WhatsApp, który otworzy bezpośredni czat z zespołem pomocy technicznej wraz ze wstępnie wypełnioną wiadomością.",,,"169
169",2,true
20,https://createmy-qr.com/vi/compare,"Tạo Mã QR Miễn Phí Trực Tuyến - CreateMy-QR (No Signup) | Công cụ so sánh
Tạo Mã QR Miễn Phí Trực Tuyến - CreateMy-QR (No Signup) | CreateMy-QR
Compare Plans - CreateMy-QR",text/html; charset=utf-8,false,200,0,0,"Compare our free features.
Chuyển đổi dữ liệu URL / Liên kết của bạn thành mã QR tùy chỉnh trực tiếp trong trình duyệt của bạn. 100% được xử lý ngoại tuyến để đảm bảo quyền riêng tư tuyệt đối. Miễn phí, không giới hạn và có tính bảo mật cao.",,,"26
214",2,true
20,https://createmy-qr.com/uk/scan-barcode,"Безкоштовний онлайн-сканер штрих-кодів - сканування UPC і EAN
Безкоштовний Генератор QR-кодів Онлайн - CreateMy-QR (No Signup) | CreateMy-QR
Scan Barcode Online",text/html; charset=utf-8,false,200,0,0,"Scan Barcodes directly from your browser.
Перетворіть свої дані URL / Посилання на власний QR-код безпосередньо у своєму браузері. 100% обробка офлайн для повної конфіденційності. Безкоштовно, без обмежень і дуже безпечно.
Скануйте штрих-коди онлайн безкоштовно за допомогою камери свого пристрою або завантажте зображення.Підтримує UPC, EAN, Code 128 тощо.100% конфіденційність і безпека.",,,"41
180
166",3,true
20,https://createmy-qr.com/pt/codigo-qr-do-whatsapp-para-suporte-ao-cliente,"Código QR do WhatsApp para suporte ao cliente | CreateMy-QR
Código QR do WhatsApp para suporte ao cliente | CreateMy-QR",text/html; charset=utf-8,false,200,0,0,"Forneça atendimento instantâneo ao cliente. Gere um código QR do WhatsApp que abre um chat direto com sua equipe de suporte, completo com uma mensagem pré-preenchida.
Forneça atendimento instantâneo ao cliente. Gere um código QR do WhatsApp que abre um chat direto com sua equipe de suporte, completo com uma mensagem pré-preenchida.",,,"166
166",2,true
20,https://createmy-qr.com/hu/terms,"Ingyenes Online QR-kód Generátor - CreateMy-QR (No Signup) | Szolgáltatási feltételek
Ingyenes Online QR-kód Generátor - CreateMy-QR (No Signup) | CreateMy-QR
Terms of Service - CreateMy-QR",text/html; charset=utf-8,false,200,0,0,"Read our terms of service.
Alakítsa át URL adatait egyéni QR-kóddá közvetlenül a böngészőjében. 100%-ban offline feldolgozva az abszolút adatvédelem érdekében. Ingyenes, korlátok nélkül és rendkívül biztonságos.",,,"26
184",2,true
20,https://createmy-qr.com/de/youtube-qr-code-fur-produkthandbucher,"YouTube-Video-QR-Code für Produkthandbücher | CreateMy-QR
YouTube-Video-QR-Code für Produkthandbücher | CreateMy-QR",text/html; charset=utf-8,false,200,0,0,"Ersetzen Sie verwirrende Papierhandbücher durch Video-Tutorials. Erstellen Sie einen YouTube-QR-Code, um sofort visuelle Anweisungen für Ihre Produkte bereitzustellen.
Ersetzen Sie verwirrende Papierhandbücher durch Video-Tutorials. Erstellen Sie einen YouTube-QR-Code, um sofort visuelle Anweisungen für Ihre Produkte bereitzustellen.",,,"167
167",2,true
20,https://createmy-qr.com/vi/scan-barcode,"Máy quét mã vạch trực tuyến miễn phí - Quét UPC & EAN
Tạo Mã QR Miễn Phí Trực Tuyến - CreateMy-QR (No Signup) | CreateMy-QR
Scan Barcode Online",text/html; charset=utf-8,false,200,0,0,"Scan Barcodes directly from your browser.
Chuyển đổi dữ liệu URL / Liên kết của bạn thành mã QR tùy chỉnh trực tiếp trong trình duyệt của bạn. 100% được xử lý ngoại tuyến để đảm bảo quyền riêng tư tuyệt đối. Miễn phí, không giới hạn và có tính bảo mật cao.
Quét mã vạch trực tuyến miễn phí bằng máy ảnh của thiết bị hoặc tải hình ảnh lên.Hỗ trợ UPC, EAN, Mã 128 và hơn thế nữa.100% riêng tư và an toàn.",,,"41
214
145",3,true
20,https://createmy-qr.com/cs/compare,"Zdarma Online Generátor QR Kódů - CreateMy-QR (No Signup) | Nástroje pro porovnání
Zdarma Online Generátor QR Kódů - CreateMy-QR (No Signup) | CreateMy-QR
Compare Plans - CreateMy-QR",text/html; charset=utf-8,false,200,0,0,"Compare our free features.
Převeďte svá data URL / odkaz na vlastní QR kód přímo ve vašem prohlížeči. 100% zpracováno offline pro absolutní soukromí. Zdarma, bez omezení a vysoce bezpečné.",,,"26
161",2,true
20,https://createmy-qr.com/fr/url-code-qr-pour-linscription-des-billets-devenement,"URL QR Code pour les billets d'événements et l'inscription | CreateMy-QR
URL QR Code pour les billets d'événements et l'inscription | CreateMy-QR",text/html; charset=utf-8,false,200,0,0,"Augmentez la fréquentation des événements en reliant les dépliants physiques à votre page de billetterie numérique. Générez un code QR URL rapide et gratuit pour l'inscription à un événement.
Augmentez la fréquentation des événements en reliant les dépliants physiques à votre page de billetterie numérique. Générez un code QR URL rapide et gratuit pour l'inscription à un événement.",,,"191
191",2,true
20,https://createmy-qr.com/vi/terms,"Tạo Mã QR Miễn Phí Trực Tuyến - CreateMy-QR (No Signup) | Điều khoản dịch vụ
Tạo Mã QR Miễn Phí Trực Tuyến - CreateMy-QR (No Signup) | CreateMy-QR
Terms of Service - CreateMy-QR",text/html; charset=utf-8,false,200,0,0,"Read our terms of service.
Chuyển đổi dữ liệu URL / Liên kết của bạn thành mã QR tùy chỉnh trực tiếp trong trình duyệt của bạn. 100% được xử lý ngoại tuyến để đảm bảo quyền riêng tư tuyệt đối. Miễn phí, không giới hạn và có tính bảo mật cao.",,,"26
214",2,true
20,https://createmy-qr.com/it/about,"Generatore di Codici QR Gratis Online - CreateMy-QR (No Signup) | Chi siamo
Generatore di Codici QR Gratis Online - CreateMy-QR (No Signup) | CreateMy-QR
About CreateMy-QR",text/html; charset=utf-8,false,200,0,0,"Learn more about CreateMy-QR.
Converti i tuoi dati URL/collegamento in un codice QR personalizzato direttamente nel tuo browser. Elaborato offline al 100% per una privacy assoluta. Gratuito, senza limiti e altamente sicuro.",,,"29
193",2,true
20,https://createmy-qr.com/ro/cod-qr-url-pentru-inregistrarea-biletelor-la-eveniment,"Cod QR URL pentru bilete la eveniment și înregistrare | CreateMy-QR
Cod QR URL pentru bilete la eveniment și înregistrare | CreateMy-QR",text/html; charset=utf-8,false,200,0,0,"Sporiți participarea la eveniment prin conectarea fluturașilor fizici la pagina dvs. digitală de bilete. Generați un cod QR URL rapid și gratuit pentru înregistrarea evenimentului.
Sporiți participarea la eveniment prin conectarea fluturașilor fizici la pagina dvs. digitală de bilete. Generați un cod QR URL rapid și gratuit pentru înregistrarea evenimentului.",,,"180
180",2,true
20,https://createmy-qr.com/ru/scan-barcode,"Бесплатный онлайн-сканер штрих-кодов — сканирование UPC и EAN
Бесплатный генератор QR-кодов онлайн - CreateMy-QR (No Signup) | CreateMy-QR
Scan Barcode Online",text/html; charset=utf-8,false,200,0,0,"Scan Barcodes directly from your browser.
Преобразуйте данные URL/ссылка в собственный QR-код прямо в браузере. 100% обработка в автономном режиме для абсолютной конфиденциальности. Бесплатно, без ограничений и очень безопасно.
Сканируйте штрих-коды онлайн бесплатно с помощью камеры вашего устройства или загрузите изображение.Поддерживает UPC, EAN, код 128 и другие.100% конфиденциальность и безопасность.",,,"41
185
179",3,true
20,https://createmy-qr.com/fi/about,"Ilmainen QR-koodigeneraattori Netissä - CreateMy-QR (No Signup) | Meistä
Ilmainen QR-koodigeneraattori Netissä - CreateMy-QR (No Signup) | CreateMy-QR
About CreateMy-QR",text/html; charset=utf-8,false,200,0,0,"Learn more about CreateMy-QR.
Muunna URL / linkki-tietosi mukautetuksi QR-koodiksi suoraan selaimessasi. 100 % käsitelty offline-tilassa täydellisen yksityisyyden takaamiseksi. Ilmainen, ei rajoituksia ja erittäin turvallinen.",,,"29
196",2,true
20,https://createmy-qr.com/de/compare,"Kostenloser QR-Code Generator Online - CreateMy-QR (No Signup) | Tools vergleichen
Kostenloser QR-Code Generator Online - CreateMy-QR (No Signup) | CreateMy-QR
Compare Plans - CreateMy-QR",text/html; charset=utf-8,false,200,0,0,"Compare our free features.
Wandeln Sie Ihre URL/Link-Daten direkt in Ihrem Browser in einen benutzerdefinierten QR-Code um. 100 % offline verarbeitet für absolute Privatsphäre. Kostenlos, ohne Grenzen und äußerst sicher.",,,"26
193",2,true
20,https://createmy-qr.com/de/url-qr-code-fur-die-registrierung-von-veranstaltungstickets,"URL-QR-Code für Veranstaltungstickets und Registrierung | CreateMy-QR
URL-QR-Code für Veranstaltungstickets und Registrierung | CreateMy-QR",text/html; charset=utf-8,false,200,0,0,"Steigern Sie die Teilnahme an Veranstaltungen, indem Sie physische Flyer mit Ihrer digitalen Ticketseite verknüpfen. Generieren Sie einen schnellen, kostenlosen URL-QR-Code für die Veranstaltungsregistrierung.
Steigern Sie die Teilnahme an Veranstaltungen, indem Sie physische Flyer mit Ihrer digitalen Ticketseite verknüpfen. Generieren Sie einen schnellen, kostenlosen URL-QR-Code für die Veranstaltungsregistrierung.",,,"209
209",2,true
20,https://createmy-qr.com/pl/terms,"Darmowy Generator Kodów QR Online - CreateMy-QR (No Signup) | Warunki świadczenia usług
Darmowy Generator Kodów QR Online - CreateMy-QR (No Signup) | CreateMy-QR
Terms of Service - CreateMy-QR",text/html; charset=utf-8,false,200,0,0,"Read our terms of service.
Konwertuj dane Adres URL / Link na niestandardowy kod QR bezpośrednio w przeglądarce. 100% przetwarzane w trybie offline, aby zapewnić całkowitą prywatność. Bezpłatnie, bez ograniczeń i bardzo bezpiecznie.",,,"26
205",2,true
20,https://createmy-qr.com/vi/privacy,"Tạo Mã QR Miễn Phí Trực Tuyến - CreateMy-QR (No Signup) | Chính sách bảo mật
Tạo Mã QR Miễn Phí Trực Tuyến - CreateMy-QR (No Signup) | CreateMy-QR
Privacy Policy - CreateMy-QR",text/html; charset=utf-8,false,200,0,0,"Read our privacy policy.
Chuyển đổi dữ liệu URL / Liên kết của bạn thành mã QR tùy chỉnh trực tiếp trong trình duyệt của bạn. 100% được xử lý ngoại tuyến để đảm bảo quyền riêng tư tuyệt đối. Miễn phí, không giới hạn và có tính bảo mật cao.",,,"24
214",2,true
20,https://createmy-qr.com/pl/url-kod-qr-do-rejestracji-biletow-na-wydarzenie,"Kod QR URL dla biletów na wydarzenia i rejestracji | CreateMy-QR
Kod QR URL dla biletów na wydarzenia i rejestracji | CreateMy-QR",text/html; charset=utf-8,false,200,0,0,"Zwiększ frekwencję na wydarzeniach, łącząc fizyczne ulotki ze swoją cyfrową stroną z biletami. Wygeneruj szybki, bezpłatny kod QR URL do rejestracji na wydarzenie.
Zwiększ frekwencję na wydarzeniach, łącząc fizyczne ulotki ze swoją cyfrową stroną z biletami. Wygeneruj szybki, bezpłatny kod QR URL do rejestracji na wydarzenie.",,,"163
163",2,true
20,https://createmy-qr.com/nl/scan-barcode,"Gratis barcodescanner online - Scan UPC en EAN
Gratis QR Code Generator Online - CreateMy-QR (No Signup) | CreateMy-QR
Scan Barcode Online",text/html; charset=utf-8,false,200,0,0,"Scan Barcodes directly from your browser.
Converteer uw URL/link-gegevens rechtstreeks in uw browser naar een aangepaste QR-code. 100% offline verwerkt voor absolute privacy. Gratis, geen grenzen en zeer veilig.
Scan streepjescodes gratis online met de camera van uw apparaat of upload een afbeelding.Ondersteunt UPC, EAN, Code 128 en meer.100% privé en veilig.",,,"41
169
149",3,true
20,https://createmy-qr.com/ru/app-store-qr-code-for-game-downloads,"QR-код App Store для загрузки мобильных игр | CreateMy-QR
QR-код App Store для загрузки мобильных игр | CreateMy-QR",text/html; charset=utf-8,false,200,0,0,"Приложение Drive устанавливается непосредственно из наружной рекламы. Создайте QR-код, который будет ссылаться непосредственно на вашу игру в iOS App Store или Google Play.
Приложение Drive устанавливается непосредственно из наружной рекламы. Создайте QR-код, который будет ссылаться непосредственно на вашу игру в iOS App Store или Google Play.",,,"172
172",2,true
20,https://createmy-qr.com/vi/barcode-generator,"Trình tạo mã vạch trực tuyến miễn phí - Tạo mã vạch 1D
Tạo Mã QR Miễn Phí Trực Tuyến - CreateMy-QR (No Signup) | CreateMy-QR
Free Barcode Generator",text/html; charset=utf-8,false,200,0,0,"Generate barcodes instantly.
Chuyển đổi dữ liệu URL / Liên kết của bạn thành mã QR tùy chỉnh trực tiếp trong trình duyệt của bạn. 100% được xử lý ngoại tuyến để đảm bảo quyền riêng tư tuyệt đối. Miễn phí, không giới hạn và có tính bảo mật cao.
Tạo mã vạch 1D chuyên nghiệp ngay lập tức. Hỗ trợ Code-128, UPC, EAN, ITF-14, v.v. Miễn phí, an toàn và sẵn sàng tải xuống ở định dạng PNG có độ phân giải cao.",,,"28
214
159",3,true
20,https://createmy-qr.com/pl/kod-qr-sklepu-z-aplikacjami-do-pobierania-gier,"Kod QR App Store do pobierania gier na urządzenia mobilne | CreateMy-QR
Kod QR App Store do pobierania gier na urządzenia mobilne | CreateMy-QR",text/html; charset=utf-8,false,200,0,0,"Zwiększ liczbę instalacji aplikacji bezpośrednio z reklam zewnętrznych. Utwórz kod QR prowadzący bezpośrednio do Twojej gry w sklepie iOS App Store lub Google Play.
Zwiększ liczbę instalacji aplikacji bezpośrednio z reklam zewnętrznych. Utwórz kod QR prowadzący bezpośrednio do Twojej gry w sklepie iOS App Store lub Google Play.",,,"164
164",2,true
20,https://createmy-qr.com/vi/about,"Tạo Mã QR Miễn Phí Trực Tuyến - CreateMy-QR (No Signup) | Về chúng tôi
Tạo Mã QR Miễn Phí Trực Tuyến - CreateMy-QR (No Signup) | CreateMy-QR
About CreateMy-QR",text/html; charset=utf-8,false,200,0,0,"Learn more about CreateMy-QR.
Chuyển đổi dữ liệu URL / Liên kết của bạn thành mã QR tùy chỉnh trực tiếp trong trình duyệt của bạn. 100% được xử lý ngoại tuyến để đảm bảo quyền riêng tư tuyệt đối. Miễn phí, không giới hạn và có tính bảo mật cao.",,,"29
214",2,true
20,https://createmy-qr.com/sv/barcode-generator,"Gratis streckkodsgenerator online - Skapa 1D streckkoder
Gratis QR-kod Generator Online - CreateMy-QR (No Signup) | CreateMy-QR
Free Barcode Generator",text/html; charset=utf-8,false,200,0,0,"Generate barcodes instantly.
Konvertera dina URL/länk-data till en anpassad QR-kod direkt i din webbläsare. 100 % bearbetad offline för absolut integritet. Gratis, inga gränser och mycket säker.
Generera professionella 1D-streckkoder direkt. Stöd för Code-128, UPC, EAN, ITF-14 och mer. Gratis, säker och redo att laddas ner i högupplöst PNG.",,,"28
165
147",3,true
20,https://createmy-qr.com/da/about,"Gratis QR Kode Generator Online - CreateMy-QR (No Signup) | Om os
Gratis QR Kode Generator Online - CreateMy-QR (No Signup) | CreateMy-QR
About CreateMy-QR",text/html; charset=utf-8,false,200,0,0,"Learn more about CreateMy-QR.
Konverter dine URL / Link-data til en tilpasset QR-kode direkte i din browser. 100 % behandlet offline for absolut privatliv. Gratis, ingen grænser og meget sikker.",,,"29
164",2,true
20,https://createmy-qr.com/hi/scan-qr,"निःशुल्क क्यूआर कोड स्कैनर ऑनलाइन - तुरंत क्यूआर स्कैन करें
मुफ़्त ऑनलाइन क्यूआर कोड जनरेटर - CreateMy-QR (No Signup) | CreateMy-QR
Scan QR Code Online",text/html; charset=utf-8,false,200,0,0,"Scan QR codes directly from your browser.
अपने यूआरएल/लिंक डेटा को सीधे अपने ब्राउज़र में एक कस्टम क्यूआर कोड में बदलें। पूर्ण गोपनीयता के लिए 100% ऑफ़लाइन संसाधित। निःशुल्क, कोई सीमा नहीं, और अत्यधिक सुरक्षित।
अपने कैमरे का उपयोग करके या छवि अपलोड करके तुरंत क्यूआर कोड स्कैन करें। 100% सुरक्षित, निजी और क्लाइंट-साइड प्रोसेसिंग।",,,"41
168
119",3,true
20,https://createmy-qr.com/cs/terms,"Zdarma Online Generátor QR Kódů - CreateMy-QR (No Signup) | Podmínky služby
Zdarma Online Generátor QR Kódů - CreateMy-QR (No Signup) | CreateMy-QR
Terms of Service - CreateMy-QR",text/html; charset=utf-8,false,200,0,0,"Read our terms of service.
Převeďte svá data URL / odkaz na vlastní QR kód přímo ve vašem prohlížeči. 100% zpracováno offline pro absolutní soukromí. Zdarma, bez omezení a vysoce bezpečné.",,,"26
161",2,true
20,https://createmy-qr.com/ar/scan-qr,"ماسح رمز QR المجاني عبر الإنترنت - مسح QR على الفور
مولد رمز الاستجابة السريعة مجاني - CreateMy-QR (No Signup) | CreateMy-QR
Scan QR Code Online",text/html; charset=utf-8,false,200,0,0,"Scan QR codes directly from your browser.
قم بتحويل بيانات عنوان URL / الرابط الخاصة بك إلى رمز QR مخصص مباشرةً في متصفحك. تمت معالجتها بنسبة 100% دون الاتصال بالإنترنت لتوفير الخصوصية المطلقة. مجاني، بلا حدود، وآمن للغاية.
قم بمسح رموز QR على الفور باستخدام الكاميرا أو عن طريق تحميل صورة. معالجة آمنة وخاصة من جانب العميل بنسبة 100%.",,,"41
181
111",3,true
20,https://createmy-qr.com/hu/about,"Ingyenes Online QR-kód Generátor - CreateMy-QR (No Signup) | Rólunk
Ingyenes Online QR-kód Generátor - CreateMy-QR (No Signup) | CreateMy-QR
About CreateMy-QR",text/html; charset=utf-8,false,200,0,0,"Learn more about CreateMy-QR.
Alakítsa át URL adatait egyéni QR-kóddá közvetlenül a böngészőjében. 100%-ban offline feldolgozva az abszolút adatvédelem érdekében. Ingyenes, korlátok nélkül és rendkívül biztonságos.",,,"29
184",2,true
20,https://createmy-qr.com/ro/about,"Generator de Coduri QR Gratuit Online - CreateMy-QR (No Signup) | Despre noi
Generator de Coduri QR Gratuit Online - CreateMy-QR (No Signup) | CreateMy-QR
About CreateMy-QR",text/html; charset=utf-8,false,200,0,0,"Learn more about CreateMy-QR.
Transformați datele dvs. URL / Link într-un cod QR personalizat direct în browser. Procesat 100% offline pentru confidențialitate absolută. Gratuit, fără limite și foarte sigur.",,,"29
177",2,true
20,https://createmy-qr.com/th/terms,"เครื่องมือสร้างคิวอาร์โค้ดออนไลน์ฟรี - CreateMy-QR (No Signup) | ข้อกำหนดในการให้บริการ
เครื่องมือสร้างคิวอาร์โค้ดออนไลน์ฟรี - CreateMy-QR (No Signup) | CreateMy-QR
Terms of Service - CreateMy-QR",text/html; charset=utf-8,false,200,0,0,"Read our terms of service.
แปลงข้อมูล URL / ลิงค์ ของคุณให้เป็นโค้ด QR ที่กำหนดเองได้โดยตรงในเบราว์เซอร์ของคุณ ประมวลผลแบบออฟไลน์ 100% เพื่อความเป็นส่วนตัวอย่างแท้จริง ฟรี ไม่จำกัด และมีความปลอดภัยสูง",,,"26
173",2,true
20,https://createmy-qr.com/pl/kod-qr-wi-fi-dla-kawiarni-hotelowej,"Kod QR Wi-Fi dla kawiarni i hoteli | CreateMy-QR
Kod QR Wi-Fi dla kawiarni i hoteli | CreateMy-QR",text/html; charset=utf-8,false,200,0,0,"Pozwól swoim gościom natychmiastowo połączyć się z Twoją siecią Wi-Fi, bez konieczności wpisywania haseł. Wygeneruj bezpłatny kod QR Wi-Fi dla swojej kawiarni lub hotelu.
Pozwól swoim gościom natychmiastowo połączyć się z Twoją siecią Wi-Fi, bez konieczności wpisywania haseł. Wygeneruj bezpłatny kod QR Wi-Fi dla swojej kawiarni lub hotelu.",,,"170
170",2,true
20,https://createmy-qr.com/ru/compare,"Бесплатный генератор QR-кодов онлайн - CreateMy-QR (No Signup) | Сравнить инструменты
Бесплатный генератор QR-кодов онлайн - CreateMy-QR (No Signup) | CreateMy-QR
Compare Plans - CreateMy-QR",text/html; charset=utf-8,false,200,0,0,"Compare our free features.
Преобразуйте данные URL/ссылка в собственный QR-код прямо в браузере. 100% обработка в автономном режиме для абсолютной конфиденциальности. Бесплатно, без ограничений и очень безопасно.",,,"26
185",2,true
20,https://createmy-qr.com/pl/kod-qr-paypal-dla-darowizn,"Kod QR PayPal dla organizacji non-profit i darowizn | CreateMy-QR
Kod QR PayPal dla organizacji non-profit i darowizn | CreateMy-QR",text/html; charset=utf-8,false,200,0,0,"Spraw, aby zbieranie funduszy przebiegało bezproblemowo. Wygeneruj kod QR PayPal, aby przyjmować natychmiastowe datki podczas wydarzeń charytatywnych, nabożeństw lub zgromadzeń społecznych.
Spraw, aby zbieranie funduszy przebiegało bezproblemowo. Wygeneruj kod QR PayPal, aby przyjmować natychmiastowe datki podczas wydarzeń charytatywnych, nabożeństw lub zgromadzeń społecznych.",,,"189
189",2,true
20,https://createmy-qr.com/bn/about,"ফ্রি অনলাইন কিউআর কোড জেনারেটর - CreateMy-QR (No Signup) | আমাদের সম্পর্কে
ফ্রি অনলাইন কিউআর কোড জেনারেটর - CreateMy-QR (No Signup) | CreateMy-QR
About CreateMy-QR",text/html; charset=utf-8,false,200,0,0,"Learn more about CreateMy-QR.
আপনার ব্রাউজারে সরাসরি একটি কাস্টম QR কোডে আপনার URL / লিঙ্ক ডেটা রূপান্তর করুন। সম্পূর্ণ গোপনীয়তার জন্য 100% অফলাইনে প্রক্রিয়া করা হয়েছে। বিনামূল্যে, কোন সীমা নেই, এবং অত্যন্ত নিরাপদ।",,,"29
187",2,true
20,https://createmy-qr.com/id/scan-barcode,"Pemindai Kode Batang Online Gratis - Pindai UPC & EAN
Generator QR Code Gratis Online - CreateMy-QR (No Signup) | CreateMy-QR
Scan Barcode Online",text/html; charset=utf-8,false,200,0,0,"Scan Barcodes directly from your browser.
Ubah data URL / Tautan Anda menjadi QR code kustom langsung di browser. 100% diproses offline untuk privasi absolut. Gratis, tanpa batas, dan sangat aman.
Pindai kode batang secara online secara gratis menggunakan kamera perangkat Anda atau unggah gambar.Mendukung UPC, EAN, Kode 128 dan banyak lagi.100% pribadi dan aman.",,,"41
154
167",3,true
20,https://createmy-qr.com/da/barcode-generator,"Gratis stregkodegenerator online - Opret 1D stregkoder
Gratis QR Kode Generator Online - CreateMy-QR (No Signup) | CreateMy-QR
Free Barcode Generator",text/html; charset=utf-8,false,200,0,0,"Generate barcodes instantly.
Konverter dine URL / Link-data til en tilpasset QR-kode direkte i din browser. 100 % behandlet offline for absolut privatliv. Gratis, ingen grænser og meget sikker.
Generer professionelle 1D-stregkoder med det samme. Understøttelse af Code-128, UPC, EAN, ITF-14 og mere. Gratis, sikker og klar til download i højopløselig PNG.",,,"28
164
161",3,true
20,https://createmy-qr.com/ru/scan-qr,"Бесплатный онлайн-сканер QR-кода — мгновенное сканирование QR-кода
Бесплатный генератор QR-кодов онлайн - CreateMy-QR (No Signup) | CreateMy-QR
Scan QR Code Online",text/html; charset=utf-8,false,200,0,0,"Scan QR codes directly from your browser.
Преобразуйте данные URL/ссылка в собственный QR-код прямо в браузере. 100% обработка в автономном режиме для абсолютной конфиденциальности. Бесплатно, без ограничений и очень безопасно.
Мгновенно сканируйте QR-коды с помощью камеры или загрузив изображение. 100% безопасная, конфиденциальная обработка на стороне клиента.",,,"41
185
135",3,true
20,https://createmy-qr.com/pt/privacy,"Gerador de Código QR Grátis Online - CreateMy-QR (No Signup) | Política de Privacidade
Gerador de Código QR Grátis Online - CreateMy-QR (No Signup) | CreateMy-QR
Privacy Policy - CreateMy-QR",text/html; charset=utf-8,false,200,0,0,"Read our privacy policy.
Converta seus dados do URL/Link em um código QR personalizado diretamente no seu navegador. 100% processado offline para privacidade absoluta. Gratuito, sem limites e altamente seguro.",,,"24
184",2,true
20,https://createmy-qr.com/ar/compare,"مولد رمز الاستجابة السريعة مجاني - CreateMy-QR (No Signup) | أدوات المقارنة
مولد رمز الاستجابة السريعة مجاني - CreateMy-QR (No Signup) | CreateMy-QR
Compare Plans - CreateMy-QR",text/html; charset=utf-8,false,200,0,0,"Compare our free features.
قم بتحويل بيانات عنوان URL / الرابط الخاصة بك إلى رمز QR مخصص مباشرةً في متصفحك. تمت معالجتها بنسبة 100% دون الاتصال بالإنترنت لتوفير الخصوصية المطلقة. مجاني، بلا حدود، وآمن للغاية.",,,"26
181",2,true
20,https://createmy-qr.com/pl/compare,"Darmowy Generator Kodów QR Online - CreateMy-QR (No Signup) | Porównaj narzędzia
Darmowy Generator Kodów QR Online - CreateMy-QR (No Signup) | CreateMy-QR
Compare Plans - CreateMy-QR",text/html; charset=utf-8,false,200,0,0,"Compare our free features.
Konwertuj dane Adres URL / Link na niestandardowy kod QR bezpośrednio w przeglądarce. 100% przetwarzane w trybie offline, aby zapewnić całkowitą prywatność. Bezpłatnie, bez ograniczeń i bardzo bezpiecznie.",,,"26
205",2,true
20,https://createmy-qr.com/bn/compare,"ফ্রি অনলাইন কিউআর কোড জেনারেটর - CreateMy-QR (No Signup) | টুল তুলনা করুন
ফ্রি অনলাইন কিউআর কোড জেনারেটর - CreateMy-QR (No Signup) | CreateMy-QR
Compare Plans - CreateMy-QR",text/html; charset=utf-8,false,200,0,0,"Compare our free features.
আপনার ব্রাউজারে সরাসরি একটি কাস্টম QR কোডে আপনার URL / লিঙ্ক ডেটা রূপান্তর করুন। সম্পূর্ণ গোপনীয়তার জন্য 100% অফলাইনে প্রক্রিয়া করা হয়েছে। বিনামূল্যে, কোন সীমা নেই, এবং অত্যন্ত নিরাপদ।",,,"26
187",2,true
20,https://createmy-qr.com/fr/about,"Générateur de Code QR Gratuit en Ligne - CreateMy-QR (No Signup) | À propos de nous
Générateur de Code QR Gratuit en Ligne - CreateMy-QR (No Signup) | CreateMy-QR
About CreateMy-QR",text/html; charset=utf-8,false,200,0,0,"Learn more about CreateMy-QR.
Convertissez vos données URL/Lien en un code QR personnalisé directement dans votre navigateur. 100 % traité hors ligne pour une confidentialité absolue. Gratuit, sans limites et hautement sécurisé.",,,"29
198",2,true
20,https://createmy-qr.com/bn/terms,"ফ্রি অনলাইন কিউআর কোড জেনারেটর - CreateMy-QR (No Signup) | পরিষেবার শর্তাবলী
ফ্রি অনলাইন কিউআর কোড জেনারেটর - CreateMy-QR (No Signup) | CreateMy-QR
Terms of Service - CreateMy-QR",text/html; charset=utf-8,false,200,0,0,"Read our terms of service.
আপনার ব্রাউজারে সরাসরি একটি কাস্টম QR কোডে আপনার URL / লিঙ্ক ডেটা রূপান্তর করুন। সম্পূর্ণ গোপনীয়তার জন্য 100% অফলাইনে প্রক্রিয়া করা হয়েছে। বিনামূল্যে, কোন সীমা নেই, এবং অত্যন্ত নিরাপদ।",,,"26
187",2,true
20,https://createmy-qr.com/ro/scan-barcode,"Free Barcode Scanner Online - Scan UPC & EAN
Generator de Coduri QR Gratuit Online - CreateMy-QR (No Signup) | CreateMy-QR
Scan Barcode Online",text/html; charset=utf-8,false,200,0,0,"Scan Barcodes directly from your browser.
Transformați datele dvs. URL / Link într-un cod QR personalizat direct în browser. Procesat 100% offline pentru confidențialitate absolută. Gratuit, fără limite și foarte sigur.
Scan barcodes online for free using your device's camera or upload an image. Supports UPC, EAN, Code 128 and more. 100% private and secure.",,,"41
177
139",3,true
20,https://createmy-qr.com/de/paypal-qr-code-fur-spenden,"PayPal-QR-Code für gemeinnützige Organisationen und Spenden | CreateMy-QR
PayPal-QR-Code für gemeinnützige Organisationen und Spenden | CreateMy-QR",text/html; charset=utf-8,false,200,0,0,"Machen Sie das Sammeln von Spenden reibungslos. Generieren Sie einen PayPal-QR-Code, um Sofortspenden bei Wohltätigkeitsveranstaltungen, Gottesdiensten oder Gemeindeversammlungen anzunehmen.
Machen Sie das Sammeln von Spenden reibungslos. Generieren Sie einen PayPal-QR-Code, um Sofortspenden bei Wohltätigkeitsveranstaltungen, Gottesdiensten oder Gemeindeversammlungen anzunehmen.",,,"190
190",2,true
20,https://createmy-qr.com/uk/barcode-generator,"Безкоштовний онлайн-генератор штрих-кодів - створюйте одновимірні штрих-коди
Безкоштовний Генератор QR-кодів Онлайн - CreateMy-QR (No Signup) | CreateMy-QR
Free Barcode Generator",text/html; charset=utf-8,false,200,0,0,"Generate barcodes instantly.
Перетворіть свої дані URL / Посилання на власний QR-код безпосередньо у своєму браузері. 100% обробка офлайн для повної конфіденційності. Безкоштовно, без обмежень і дуже безпечно.
Миттєво створюйте професійні одновимірні штрих-коди. Підтримка Code-128, UPC, EAN, ITF-14 тощо. Безкоштовний, безпечний і готовий для завантаження у форматі PNG високої роздільної здатності.",,,"28
180
190",3,true
20,https://createmy-qr.com/fr/compare,"Générateur de Code QR Gratuit en Ligne - CreateMy-QR (No Signup) | Comparer les outils
Générateur de Code QR Gratuit en Ligne - CreateMy-QR (No Signup) | CreateMy-QR
Compare Plans - CreateMy-QR",text/html; charset=utf-8,false,200,0,0,"Compare our free features.
Convertissez vos données URL/Lien en un code QR personnalisé directement dans votre navigateur. 100 % traité hors ligne pour une confidentialité absolue. Gratuit, sans limites et hautement sécurisé.",,,"26
198",2,true
20,https://createmy-qr.com/nl/compare,"Gratis QR Code Generator Online - CreateMy-QR (No Signup) | Hulpmiddelen vergelijken
Gratis QR Code Generator Online - CreateMy-QR (No Signup) | CreateMy-QR
Compare Plans - CreateMy-QR",text/html; charset=utf-8,false,200,0,0,"Compare our free features.
Converteer uw URL/link-gegevens rechtstreeks in uw browser naar een aangepaste QR-code. 100% offline verwerkt voor absolute privacy. Gratis, geen grenzen en zeer veilig.",,,"26
169",2,true
20,https://createmy-qr.com/el/youtube-qr-code-for-product-manuals,"Κωδικός QR βίντεο YouTube για εγχειρίδια προϊόντων | CreateMy-QR
Κωδικός QR βίντεο YouTube για εγχειρίδια προϊόντων | CreateMy-QR",text/html; charset=utf-8,false,200,0,0,"Αντικαταστήστε τα μπερδεμένα εγχειρίδια χαρτιού με εκπαιδευτικά βίντεο. Δημιουργήστε έναν κωδικό QR YouTube για να παρέχετε άμεσες οπτικές οδηγίες για τα προϊόντα σας.
Αντικαταστήστε τα μπερδεμένα εγχειρίδια χαρτιού με εκπαιδευτικά βίντεο. Δημιουργήστε έναν κωδικό QR YouTube για να παρέχετε άμεσες οπτικές οδηγίες για τα προϊόντα σας.",,,"167
167",2,true
20,https://createmy-qr.com/tr/barcode-generator,"Ücretsiz Çevrimiçi Barkod Oluşturucu - 1D Barkodlar Oluşturun
Ücretsiz Çevrimiçi QR Kod Oluşturucu - CreateMy-QR (No Signup) | CreateMy-QR
Free Barcode Generator",text/html; charset=utf-8,false,200,0,0,"Generate barcodes instantly.
URL / Bağlantı verilerinizi doğrudan tarayıcınızda özel bir QR koduna dönüştürün. Mutlak gizlilik için %100 çevrimdışı işlenir. Ücretsiz, sınırsız ve son derece güvenli.
Anında profesyonel 1D barkodlar oluşturun. Code-128, UPC, EAN, ITF-14 ve daha fazlası için destek. Ücretsiz, güvenli ve yüksek çözünürlüklü PNG formatında indirmeye hazır.",,,"28
169
171",3,true
20,https://createmy-qr.com/el/wifi-qr-code-for-cafe-hotel,"WiFi QR Code για καφετέριες και ξενοδοχεία | CreateMy-QR
WiFi QR Code για καφετέριες και ξενοδοχεία | CreateMy-QR",text/html; charset=utf-8,false,200,0,0,"Αφήστε τους καλεσμένους σας να συνδεθούν στο δίκτυο WiFi σας αμέσως χωρίς να πληκτρολογήσετε κωδικούς πρόσβασης. Δημιουργήστε έναν δωρεάν κωδικό WiFi QR για το καφέ ή το ξενοδοχείο σας.
Αφήστε τους καλεσμένους σας να συνδεθούν στο δίκτυο WiFi σας αμέσως χωρίς να πληκτρολογήσετε κωδικούς πρόσβασης. Δημιουργήστε έναν δωρεάν κωδικό WiFi QR για το καφέ ή το ξενοδοχείο σας.",,,"185
185",2,true
20,https://createmy-qr.com/de/about,"Kostenloser QR-Code Generator Online - CreateMy-QR (No Signup) | Über uns
Kostenloser QR-Code Generator Online - CreateMy-QR (No Signup) | CreateMy-QR
About CreateMy-QR",text/html; charset=utf-8,false,200,0,0,"Learn more about CreateMy-QR.
Wandeln Sie Ihre URL/Link-Daten direkt in Ihrem Browser in einen benutzerdefinierten QR-Code um. 100 % offline verarbeitet für absolute Privatsphäre. Kostenlos, ohne Grenzen und äußerst sicher.",,,"29
193",2,true
20,https://createmy-qr.com/el/url-qr-code-for-event-tickets-registration,"URL QR Code για εισιτήρια εκδηλώσεων και εγγραφές | CreateMy-QR
URL QR Code για εισιτήρια εκδηλώσεων και εγγραφές | CreateMy-QR",text/html; charset=utf-8,false,200,0,0,"Ενισχύστε τη συμμετοχή σε εκδηλώσεις συνδέοντας φυσικά φυλλάδια με τη σελίδα ψηφιακών εισιτηρίων σας. Δημιουργήστε έναν γρήγορο, δωρεάν κωδικό URL QR για εγγραφή εκδήλωσης.
Ενισχύστε τη συμμετοχή σε εκδηλώσεις συνδέοντας φυσικά φυλλάδια με τη σελίδα ψηφιακών εισιτηρίων σας. Δημιουργήστε έναν γρήγορο, δωρεάν κωδικό URL QR για εγγραφή εκδήλωσης.",,,"172
172",2,true
20,https://createmy-qr.com/th/barcode-generator,"เครื่องสร้างบาร์โค้ดออนไลน์ฟรี - สร้างบาร์โค้ด 1D
เครื่องมือสร้างคิวอาร์โค้ดออนไลน์ฟรี - CreateMy-QR (No Signup) | CreateMy-QR
Free Barcode Generator",text/html; charset=utf-8,false,200,0,0,"Generate barcodes instantly.
แปลงข้อมูล URL / ลิงค์ ของคุณให้เป็นโค้ด QR ที่กำหนดเองได้โดยตรงในเบราว์เซอร์ของคุณ ประมวลผลแบบออฟไลน์ 100% เพื่อความเป็นส่วนตัวอย่างแท้จริง ฟรี ไม่จำกัด และมีความปลอดภัยสูง
สร้างบาร์โค้ด 1D ระดับมืออาชีพได้ทันที รองรับ Code-128, UPC, EAN, ITF-14 และอื่นๆ ฟรี ปลอดภัย และพร้อมดาวน์โหลดในรูปแบบ PNG ความละเอียดสูง",,,"28
173
138",3,true
20,https://createmy-qr.com/sv/privacy,"Gratis QR-kod Generator Online - CreateMy-QR (No Signup) | Sekretesspolicy
Gratis QR-kod Generator Online - CreateMy-QR (No Signup) | CreateMy-QR
Privacy Policy - CreateMy-QR",text/html; charset=utf-8,false,200,0,0,"Read our privacy policy.
Konvertera dina URL/länk-data till en anpassad QR-kod direkt i din webbläsare. 100 % bearbetad offline för absolut integritet. Gratis, inga gränser och mycket säker.",,,"24
165",2,true
20,https://createmy-qr.com/de/e-mail-qr-code-fur-die-newsletter-anmeldung,"E-Mail-QR-Code für Newsletter-Anmeldungen | CreateMy-QR
E-Mail-QR-Code für Newsletter-Anmeldungen | CreateMy-QR",text/html; charset=utf-8,false,200,0,0,"Erweitern Sie Ihre E-Mail-Liste von physischen Standorten aus. Generieren Sie einen E-Mail-QR-Code, der eine Abonnementanfrage für Ihre Mailingliste vorab ausfüllt.
Erweitern Sie Ihre E-Mail-Liste von physischen Standorten aus. Generieren Sie einen E-Mail-QR-Code, der eine Abonnementanfrage für Ihre Mailingliste vorab ausfüllt.",,,"164
164",2,true
20,https://createmy-qr.com/tr/privacy,"Ücretsiz Çevrimiçi QR Kod Oluşturucu - CreateMy-QR (No Signup) | Gizlilik Politikası
Ücretsiz Çevrimiçi QR Kod Oluşturucu - CreateMy-QR (No Signup) | CreateMy-QR
Privacy Policy - CreateMy-QR",text/html; charset=utf-8,false,200,0,0,"Read our privacy policy.
URL / Bağlantı verilerinizi doğrudan tarayıcınızda özel bir QR koduna dönüştürün. Mutlak gizlilik için %100 çevrimdışı işlenir. Ücretsiz, sınırsız ve son derece güvenli.",,,"24
169",2,true
20,https://createmy-qr.com/pt/barcode-generator,"Gerador de código de barras online gratuito - Crie códigos de barras 1D
Gerador de Código QR Grátis Online - CreateMy-QR (No Signup) | CreateMy-QR
Free Barcode Generator",text/html; charset=utf-8,false,200,0,0,"Generate barcodes instantly.
Converta seus dados do URL/Link em um código QR personalizado diretamente no seu navegador. 100% processado offline para privacidade absoluta. Gratuito, sem limites e altamente seguro.
Gere códigos de barras 1D profissionais instantaneamente. Suporte para Code-128, UPC, EAN, ITF-14 e muito mais. Gratuito, seguro e pronto para download em PNG de alta resolução.",,,"28
184
177",3,true
20,https://createmy-qr.com/it/codice-qr-paypal-per-le-donazioni,"Codice QR PayPal per organizzazioni no-profit e donazioni | CreateMy-QR
Codice QR PayPal per organizzazioni no-profit e donazioni | CreateMy-QR",text/html; charset=utf-8,false,200,0,0,"Rendi la raccolta fondi senza attriti. Genera un codice QR PayPal per accettare donazioni istantanee in occasione di eventi di beneficenza, servizi religiosi o riunioni della comunità.
Rendi la raccolta fondi senza attriti. Genera un codice QR PayPal per accettare donazioni istantanee in occasione di eventi di beneficenza, servizi religiosi o riunioni della comunità.",,,"184
184",2,true
20,https://createmy-qr.com/fi/scan-barcode,"Ilmainen viivakoodilukija verkossa - Skannaa UPC & EAN
Ilmainen QR-koodigeneraattori Netissä - CreateMy-QR (No Signup) | CreateMy-QR
Scan Barcode Online",text/html; charset=utf-8,false,200,0,0,"Scan Barcodes directly from your browser.
Muunna URL / linkki-tietosi mukautetuksi QR-koodiksi suoraan selaimessasi. 100 % käsitelty offline-tilassa täydellisen yksityisyyden takaamiseksi. Ilmainen, ei rajoituksia ja erittäin turvallinen.
Skannaa viivakoodeja verkossa ilmaiseksi laitteesi kameralla tai lataa kuva.Tukee UPC-, EAN-, Code 128- ja muita koodeja.100% yksityinen ja turvallinen.",,,"41
196
152",3,true
20,https://createmy-qr.com/pt/about,"Gerador de Código QR Grátis Online - CreateMy-QR (No Signup) | Sobre nós
Gerador de Código QR Grátis Online - CreateMy-QR (No Signup) | CreateMy-QR
About CreateMy-QR",text/html; charset=utf-8,false,200,0,0,"Learn more about CreateMy-QR.
Converta seus dados do URL/Link em um código QR personalizado diretamente no seu navegador. 100% processado offline para privacidade absoluta. Gratuito, sem limites e altamente seguro.",,,"29
184",2,true
20,https://createmy-qr.com/no/barcode-generator,"Gratis strekkodegenerator online - Lag 1D strekkoder
Gratis QR-kode Generator Online - CreateMy-QR (No Signup) | CreateMy-QR
Free Barcode Generator",text/html; charset=utf-8,false,200,0,0,"Generate barcodes instantly.
Konverter URL / Link-dataene dine til en tilpasset QR-kode direkte i nettleseren din. 100 % behandlet offline for absolutt personvern. Gratis, ingen grenser og svært sikker.
Generer profesjonelle 1D-strekkoder umiddelbart. Støtte for Code-128, UPC, EAN, ITF-14 og mer. Gratis, sikker og klar til nedlasting i høyoppløselig PNG.",,,"28
173
153",3,true
20,https://createmy-qr.com/it/codice-qr-whatsapp-per-lassistenza-clienti,"Codice QR WhatsApp per l'assistenza clienti | CreateMy-QR
Codice QR WhatsApp per l'assistenza clienti | CreateMy-QR",text/html; charset=utf-8,false,200,0,0,"Fornire un servizio clienti immediato. Genera un codice QR WhatsApp che apre una chat diretta con il tuo team di supporto, completa di un messaggio precompilato.
Fornire un servizio clienti immediato. Genera un codice QR WhatsApp che apre una chat diretta con il tuo team di supporto, completa di un messaggio precompilato.",,,"161
161",2,true
20,https://createmy-qr.com/nl/url-qr-code-voor-registratie-van-evenemententickets,"URL QR-code voor evenementtickets en registratie | CreateMy-QR
URL QR-code voor evenementtickets en registratie | CreateMy-QR",text/html; charset=utf-8,false,200,0,0,"Verhoog de bezoekersaantallen bij evenementen door fysieke flyers aan uw digitale ticketpagina te koppelen. Genereer een snelle, gratis URL-QR-code voor evenementregistratie.
Verhoog de bezoekersaantallen bij evenementen door fysieke flyers aan uw digitale ticketpagina te koppelen. Genereer een snelle, gratis URL-QR-code voor evenementregistratie.",,,"174
174",2,true
20,https://createmy-qr.com/da/compare,"Gratis QR Kode Generator Online - CreateMy-QR (No Signup) | Sammenlign værktøjer
Gratis QR Kode Generator Online - CreateMy-QR (No Signup) | CreateMy-QR
Compare Plans - CreateMy-QR",text/html; charset=utf-8,false,200,0,0,"Compare our free features.
Konverter dine URL / Link-data til en tilpasset QR-kode direkte i din browser. 100 % behandlet offline for absolut privatliv. Gratis, ingen grænser og meget sikker.",,,"26
164",2,true
20,https://createmy-qr.com/el/terms,"Δωρεάν Δημιουργία QR Code Online - CreateMy-QR (No Signup) | Όροι Παροχής Υπηρεσιών
Δωρεάν Δημιουργία QR Code Online - CreateMy-QR (No Signup) | CreateMy-QR
Terms of Service - CreateMy-QR",text/html; charset=utf-8,false,200,0,0,"Read our terms of service.
Μετατρέψτε τα δεδομένα σας URL / Σύνδεσμος σε προσαρμοσμένο κωδικό QR απευθείας στο πρόγραμμα περιήγησής σας. 100% επεξεργασία εκτός σύνδεσης για απόλυτη προστασία της ιδιωτικής ζωής. Δωρεάν, χωρίς όρια και εξαιρετικά ασφαλές.",,,"26
226",2,true
20,https://createmy-qr.com/bn/barcode-generator,"বিনামূল্যে বারকোড জেনারেটর অনলাইন - 1D বারকোড তৈরি করুন
ফ্রি অনলাইন কিউআর কোড জেনারেটর - CreateMy-QR (No Signup) | CreateMy-QR
Free Barcode Generator",text/html; charset=utf-8,false,200,0,0,"Generate barcodes instantly.
আপনার ব্রাউজারে সরাসরি একটি কাস্টম QR কোডে আপনার URL / লিঙ্ক ডেটা রূপান্তর করুন। সম্পূর্ণ গোপনীয়তার জন্য 100% অফলাইনে প্রক্রিয়া করা হয়েছে। বিনামূল্যে, কোন সীমা নেই, এবং অত্যন্ত নিরাপদ।
তাত্ক্ষণিকভাবে পেশাদার 1D বারকোড তৈরি করুন। কোড-128, UPC, EAN, ITF-14 এবং আরও অনেক কিছুর জন্য সমর্থন। বিনামূল্যে, নিরাপদ, এবং উচ্চ-রেজোলিউশন PNG তে ডাউনলোড করার জন্য প্রস্তুত৷",,,"28
187
175",3,true
20,https://createmy-qr.com/el/app-store-qr-code-for-game-downloads,"Κωδικός QR App Store για λήψεις παιχνιδιών για κινητά | CreateMy-QR
Κωδικός QR App Store για λήψεις παιχνιδιών για κινητά | CreateMy-QR",text/html; charset=utf-8,false,200,0,0,"Αύξηση εγκαταστάσεων εφαρμογών απευθείας από διαφημίσεις εκτός σπιτιού. Δημιουργήστε έναν κωδικό QR που συνδέεται απευθείας με το παιχνίδι σας στο iOS App Store ή στο Google Play.
Αύξηση εγκαταστάσεων εφαρμογών απευθείας από διαφημίσεις εκτός σπιτιού. Δημιουργήστε έναν κωδικό QR που συνδέεται απευθείας με το παιχνίδι σας στο iOS App Store ή στο Google Play.",,,"179
179",2,true
20,https://createmy-qr.com/sv/scan-barcode,"Gratis streckkodsläsare online - Skanna UPC & EAN
Gratis QR-kod Generator Online - CreateMy-QR (No Signup) | CreateMy-QR
Scan Barcode Online",text/html; charset=utf-8,false,200,0,0,"Scan Barcodes directly from your browser.
Konvertera dina URL/länk-data till en anpassad QR-kod direkt i din webbläsare. 100 % bearbetad offline för absolut integritet. Gratis, inga gränser och mycket säker.
Skanna streckkoder online gratis med enhetens kamera eller ladda upp en bild.Stöder UPC, EAN, Code 128 och mer.100 % privat och säkert.",,,"41
165
135",3,true
20,https://createmy-qr.com/nl/google-review-qr-code-voor-lokaal-bedrijf,"Google Review QR-code voor lokale bedrijven | CreateMy-QR
Google Review QR-code voor lokale bedrijven | CreateMy-QR",text/html; charset=utf-8,false,200,0,0,"Geef uw lokale SEO een boost door het voor klanten moeiteloos te maken om een ​​beoordeling van 5 sterren achter te laten. Maak een gratis QR-code voor Google Review.
Geef uw lokale SEO een boost door het voor klanten moeiteloos te maken om een ​​beoordeling van 5 sterren achter te laten. Maak een gratis QR-code voor Google Review.",,,"166
166",2,true
20,https://createmy-qr.com/tl/compare,"Libreng Online QR Code Generator - CreateMy-QR (No Signup) | Paghambingin ang Mga Tool
Libreng Online QR Code Generator - CreateMy-QR (No Signup) | CreateMy-QR
Compare Plans - CreateMy-QR",text/html; charset=utf-8,false,200,0,0,"Compare our free features.
I-convert ang iyong URL / Link data sa isang custom na QR code nang direkta sa iyong browser. 100% na naproseso offline para sa ganap na privacy. Libre, walang limitasyon, at lubos na secure.",,,"26
191",2,true
20,https://createmy-qr.com/it/codice-qr-dellapp-store-per-il-download-dei-giochi,"Codice QR dell'App Store per i download di giochi per dispositivi mobili | CreateMy-QR
Codice QR dell'App Store per i download di giochi per dispositivi mobili | CreateMy-QR",text/html; charset=utf-8,false,200,0,0,"Aumenta le installazioni di app direttamente dalla pubblicità esterna. Crea un codice QR che colleghi direttamente al tuo gioco sull'App Store iOS o su Google Play.
Aumenta le installazioni di app direttamente dalla pubblicità esterna. Crea un codice QR che colleghi direttamente al tuo gioco sull'App Store iOS o su Google Play.",,,"164
164",2,true
20,https://createmy-qr.com/de/google-rezensions-qr-code-fur-lokale-unternehmen,"Google Review QR-Code für lokale Unternehmen | CreateMy-QR
Google Review QR-Code für lokale Unternehmen | CreateMy-QR",text/html; charset=utf-8,false,200,0,0,"Steigern Sie Ihre lokale SEO, indem Sie es Ihren Kunden leicht machen, eine 5-Sterne-Bewertung abzugeben. Erstellen Sie einen kostenlosen Google-Bewertungs-QR-Code.
Steigern Sie Ihre lokale SEO, indem Sie es Ihren Kunden leicht machen, eine 5-Sterne-Bewertung abzugeben. Erstellen Sie einen kostenlosen Google-Bewertungs-QR-Code.",,,"164
164",2,true
20,https://createmy-qr.com/no/paypal-qr-kode-for-donasjoner,"PayPal QR-kode for ideelle organisasjoner og donasjoner | CreateMy-QR
PayPal QR-kode for ideelle organisasjoner og donasjoner | CreateMy-QR",text/html; charset=utf-8,false,200,0,0,"Gjør pengeinnsamling friksjonsfri. Generer en PayPal QR-kode for å akseptere øyeblikkelige donasjoner ved veldedighetsarrangementer, gudstjenester eller fellesskapssamlinger.
Gjør pengeinnsamling friksjonsfri. Generer en PayPal QR-kode for å akseptere øyeblikkelige donasjoner ved veldedighetsarrangementer, gudstjenester eller fellesskapssamlinger.",,,"174
174",2,true
20,https://createmy-qr.com/fr/code-qr-whatsapp-pour-le-support-client,"Code QR WhatsApp pour le support client | CreateMy-QR
Code QR WhatsApp pour le support client | CreateMy-QR",text/html; charset=utf-8,false,200,0,0,"Fournissez un service client instantané. Générez un code QR WhatsApp qui ouvre une discussion directe avec votre équipe d'assistance, complétée par un message pré-rempli.
Fournissez un service client instantané. Générez un code QR WhatsApp qui ouvre une discussion directe avec votre équipe d'assistance, complétée par un message pré-rempli.",,,"170
170",2,true
20,https://createmy-qr.com/da/privacy,"Gratis QR Kode Generator Online - CreateMy-QR (No Signup) | Privatlivspolitik
Gratis QR Kode Generator Online - CreateMy-QR (No Signup) | CreateMy-QR
Privacy Policy - CreateMy-QR",text/html; charset=utf-8,false,200,0,0,"Read our privacy policy.
Konverter dine URL / Link-data til en tilpasset QR-kode direkte i din browser. 100 % behandlet offline for absolut privatliv. Gratis, ingen grænser og meget sikker.",,,"24
164",2,true
20,https://createmy-qr.com/el/scan-barcode,"Δωρεάν Online Scanner Barcode - Σάρωση UPC & EAN
Δωρεάν Δημιουργία QR Code Online - CreateMy-QR (No Signup) | CreateMy-QR
Scan Barcode Online",text/html; charset=utf-8,false,200,0,0,"Scan Barcodes directly from your browser.
Μετατρέψτε τα δεδομένα σας URL / Σύνδεσμος σε προσαρμοσμένο κωδικό QR απευθείας στο πρόγραμμα περιήγησής σας. 100% επεξεργασία εκτός σύνδεσης για απόλυτη προστασία της ιδιωτικής ζωής. Δωρεάν, χωρίς όρια και εξαιρετικά ασφαλές.
Σαρώστε γραμμικούς κώδικες στο διαδίκτυο δωρεάν χρησιμοποιώντας την κάμερα της συσκευής σας ή ανεβάστε μια εικόνα.Υποστηρίζει UPC, EAN, Code 128 και άλλα.100% ιδιωτικό και ασφαλές.",,,"41
226
180",3,true
20,https://createmy-qr.com/hu/google-ertekeles-qr-kod-a-helyi-vallalkozasok-szamara,"Google Review QR-kód helyi vállalkozások számára | CreateMy-QR
Google Review QR-kód helyi vállalkozások számára | CreateMy-QR",text/html; charset=utf-8,false,200,0,0,"Az egekbe szökkentheti a helyi keresőoptimalizálást azáltal, hogy az ügyfelek könnyedén meghagyhatják az 5 csillagos értékelést. Hozzon létre egy ingyenes Google Review QR-kódot.
Az egekbe szökkentheti a helyi keresőoptimalizálást azáltal, hogy az ügyfelek könnyedén meghagyhatják az 5 csillagos értékelést. Hozzon létre egy ingyenes Google Review QR-kódot.",,,"178
178",2,true
20,https://createmy-qr.com/el/scan-qr,"Δωρεάν σαρωτής κωδικών QR Online - Σάρωση QR άμεσα
Δωρεάν Δημιουργία QR Code Online - CreateMy-QR (No Signup) | CreateMy-QR
Scan QR Code Online",text/html; charset=utf-8,false,200,0,0,"Scan QR codes directly from your browser.
Μετατρέψτε τα δεδομένα σας URL / Σύνδεσμος σε προσαρμοσμένο κωδικό QR απευθείας στο πρόγραμμα περιήγησής σας. 100% επεξεργασία εκτός σύνδεσης για απόλυτη προστασία της ιδιωτικής ζωής. Δωρεάν, χωρίς όρια και εξαιρετικά ασφαλές.
Σαρώστε τους κωδικούς QR άμεσα χρησιμοποιώντας την κάμερά σας ή ανεβάζοντας μια εικόνα. 100% ασφαλής, ιδιωτική επεξεργασία και επεξεργασία από την πλευρά του πελάτη.",,,"41
226
165",3,true
20,https://createmy-qr.com/ru/barcode-generator,"Бесплатный онлайн-генератор штрих-кодов — создание 1D-штрих-кодов
Бесплатный генератор QR-кодов онлайн - CreateMy-QR (No Signup) | CreateMy-QR
Free Barcode Generator",text/html; charset=utf-8,false,200,0,0,"Generate barcodes instantly.
Преобразуйте данные URL/ссылка в собственный QR-код прямо в браузере. 100% обработка в автономном режиме для абсолютной конфиденциальности. Бесплатно, без ограничений и очень безопасно.
Мгновенно создавайте профессиональные 1D-штрихкоды. Поддержка Code-128, UPC, EAN, ITF-14 и других. Бесплатно, безопасно и готово к загрузке в формате PNG в высоком разрешении.",,,"28
185
175",3,true
20,https://createmy-qr.com/es/codigo-qr-de-paypal-para-donaciones,"Código QR de PayPal para organizaciones sin fines de lucro y donaciones | CreateMy-QR
Código QR de PayPal para organizaciones sin fines de lucro y donaciones | CreateMy-QR",text/html; charset=utf-8,false,200,0,0,"Haga que la recaudación de fondos sea sencilla. Genere un código QR de PayPal para aceptar donaciones instantáneas en eventos de caridad, servicios religiosos o reuniones comunitarias.
Haga que la recaudación de fondos sea sencilla. Genere un código QR de PayPal para aceptar donaciones instantáneas en eventos de caridad, servicios religiosos o reuniones comunitarias.",,,"184
184",2,true
20,https://createmy-qr.com/bn/privacy,"ফ্রি অনলাইন কিউআর কোড জেনারেটর - CreateMy-QR (No Signup) | গোপনীয়তা নীতি
ফ্রি অনলাইন কিউআর কোড জেনারেটর - CreateMy-QR (No Signup) | CreateMy-QR
Privacy Policy - CreateMy-QR",text/html; charset=utf-8,false,200,0,0,"Read our privacy policy.
আপনার ব্রাউজারে সরাসরি একটি কাস্টম QR কোডে আপনার URL / লিঙ্ক ডেটা রূপান্তর করুন। সম্পূর্ণ গোপনীয়তার জন্য 100% অফলাইনে প্রক্রিয়া করা হয়েছে। বিনামূল্যে, কোন সীমা নেই, এবং অত্যন্ত নিরাপদ।",,,"24
187",2,true
20,https://createmy-qr.com/cs/privacy,"Zdarma Online Generátor QR Kódů - CreateMy-QR (No Signup) | Zásady ochrany osobních údajů
Zdarma Online Generátor QR Kódů - CreateMy-QR (No Signup) | CreateMy-QR
Privacy Policy - CreateMy-QR",text/html; charset=utf-8,false,200,0,0,"Read our privacy policy.
Převeďte svá data URL / odkaz na vlastní QR kód přímo ve vašem prohlížeči. 100% zpracováno offline pro absolutní soukromí. Zdarma, bez omezení a vysoce bezpečné.",,,"24
161",2,true
20,https://createmy-qr.com/el/barcode-generator,"Δωρεάν Online Generator Barcode - Δημιουργήστε γραμμωτούς κώδικες 1D
Δωρεάν Δημιουργία QR Code Online - CreateMy-QR (No Signup) | CreateMy-QR
Free Barcode Generator",text/html; charset=utf-8,false,200,0,0,"Generate barcodes instantly.
Μετατρέψτε τα δεδομένα σας URL / Σύνδεσμος σε προσαρμοσμένο κωδικό QR απευθείας στο πρόγραμμα περιήγησής σας. 100% επεξεργασία εκτός σύνδεσης για απόλυτη προστασία της ιδιωτικής ζωής. Δωρεάν, χωρίς όρια και εξαιρετικά ασφαλές.
Δημιουργήστε επαγγελματικούς γραμμωτούς κώδικες 1D αμέσως. Υποστήριξη για Code-128, UPC, EAN, ITF-14 και άλλα. Δωρεάν, ασφαλές και έτοιμο για λήψη σε PNG υψηλής ανάλυσης.",,,"28
226
170",3,true
20,https://createmy-qr.com/de/privacy,"Kostenloser QR-Code Generator Online - CreateMy-QR (No Signup) | Datenschutzrichtlinie
Kostenloser QR-Code Generator Online - CreateMy-QR (No Signup) | CreateMy-QR
Privacy Policy - CreateMy-QR",text/html; charset=utf-8,false,200,0,0,"Read our privacy policy.
Wandeln Sie Ihre URL/Link-Daten direkt in Ihrem Browser in einen benutzerdefinierten QR-Code um. 100 % offline verarbeitet für absolute Privatsphäre. Kostenlos, ohne Grenzen und äußerst sicher.",,,"24
193",2,true
20,https://createmy-qr.com/hu/compare,"Ingyenes Online QR-kód Generátor - CreateMy-QR (No Signup) | Eszközök összehasonlítása
Ingyenes Online QR-kód Generátor - CreateMy-QR (No Signup) | CreateMy-QR
Compare Plans - CreateMy-QR",text/html; charset=utf-8,false,200,0,0,"Compare our free features.
Alakítsa át URL adatait egyéni QR-kóddá közvetlenül a böngészőjében. 100%-ban offline feldolgozva az abszolút adatvédelem érdekében. Ingyenes, korlátok nélkül és rendkívül biztonságos.",,,"26
184",2,true
20,https://createmy-qr.com/ru/privacy,"Бесплатный генератор QR-кодов онлайн - CreateMy-QR (No Signup) | Политика конфиденциальности
Бесплатный генератор QR-кодов онлайн - CreateMy-QR (No Signup) | CreateMy-QR
Privacy Policy - CreateMy-QR",text/html; charset=utf-8,false,200,0,0,"Read our privacy policy.
Преобразуйте данные URL/ссылка в собственный QR-код прямо в браузере. 100% обработка в автономном режиме для абсолютной конфиденциальности. Бесплатно, без ограничений и очень безопасно.",,,"24
185",2,true
20,https://createmy-qr.com/ms/compare,"Penjana Kod QR Percuma Dalam Talian - CreateMy-QR (No Signup) | Bandingkan Alat
Penjana Kod QR Percuma Dalam Talian - CreateMy-QR (No Signup) | CreateMy-QR
Compare Plans - CreateMy-QR",text/html; charset=utf-8,false,200,0,0,"Compare our free features.
Tukar data URL / Pautan anda kepada kod QR tersuai terus dalam penyemak imbas anda. 100% diproses di luar talian untuk privasi mutlak. Percuma, tiada had dan sangat selamat.",,,"26
173",2,true
20,https://createmy-qr.com/tr/terms,"Ücretsiz Çevrimiçi QR Kod Oluşturucu - CreateMy-QR (No Signup) | Hizmet Şartları
Ücretsiz Çevrimiçi QR Kod Oluşturucu - CreateMy-QR (No Signup) | CreateMy-QR
Terms of Service - CreateMy-QR",text/html; charset=utf-8,false,200,0,0,"Read our terms of service.
URL / Bağlantı verilerinizi doğrudan tarayıcınızda özel bir QR koduna dönüştürün. Mutlak gizlilik için %100 çevrimdışı işlenir. Ücretsiz, sınırsız ve son derece güvenli.",,,"26
169",2,true
20,https://createmy-qr.com/hu/url-qr-kod-az-esemenyjegyek-regisztraciojahoz,"URL QR-kód rendezvényjegyekhez és regisztrációhoz | CreateMy-QR
URL QR-kód rendezvényjegyekhez és regisztrációhoz | CreateMy-QR",text/html; charset=utf-8,false,200,0,0,"Növelje az események látogatottságát azáltal, hogy fizikai szórólapokat kapcsol össze digitális jegyértékesítő oldalával. Gyors, ingyenes URL QR-kód létrehozása az események regisztrációjához.
Növelje az események látogatottságát azáltal, hogy fizikai szórólapokat kapcsol össze digitális jegyértékesítő oldalával. Gyors, ingyenes URL QR-kód létrehozása az események regisztrációjához.",,,"192
192",2,true
20,https://createmy-qr.com/hu/whatsapp-qr-kod-az-ugyfelszolgalathoz,"WhatsApp QR-kód az ügyfélszolgálathoz | CreateMy-QR
WhatsApp QR-kód az ügyfélszolgálathoz | CreateMy-QR",text/html; charset=utf-8,false,200,0,0,"Azonnali ügyfélszolgálat biztosítása. Hozzon létre egy WhatsApp QR-kódot, amely közvetlen csevegést indít az ügyfélszolgálati csapattal, kiegészítve egy előre kitöltött üzenettel.
Azonnali ügyfélszolgálat biztosítása. Hozzon létre egy WhatsApp QR-kódot, amely közvetlen csevegést indít az ügyfélszolgálati csapattal, kiegészítve egy előre kitöltött üzenettel.",,,"179
179",2,true
20,https://createmy-qr.com/fr/scan-barcode,"Scanner de codes-barres gratuit en ligne - Scannez UPC et EAN
Générateur de Code QR Gratuit en Ligne - CreateMy-QR (No Signup) | CreateMy-QR
Scan Barcode Online",text/html; charset=utf-8,false,200,0,0,"Scan Barcodes directly from your browser.
Convertissez vos données URL/Lien en un code QR personnalisé directement dans votre navigateur. 100 % traité hors ligne pour une confidentialité absolue. Gratuit, sans limites et hautement sécurisé.
Scannez gratuitement les codes-barres en ligne à l'aide de l'appareil photo de votre appareil ou téléchargez une image.Prend en charge UPC, EAN, Code 128 et plus.100% privé et sécurisé.",,,"41
198
185",3,true
20,https://createmy-qr.com/pt/scan-barcode,"Scanner de código de barras online gratuito - Digitalize UPC e EAN
Gerador de Código QR Grátis Online - CreateMy-QR (No Signup) | CreateMy-QR
Scan Barcode Online",text/html; charset=utf-8,false,200,0,0,"Scan Barcodes directly from your browser.
Converta seus dados do URL/Link em um código QR personalizado diretamente no seu navegador. 100% processado offline para privacidade absoluta. Gratuito, sem limites e altamente seguro.
Digitalize códigos de barras online gratuitamente usando a câmera do seu dispositivo ou carregue uma imagem.Suporta UPC, EAN, Código 128 e mais.100% privado e seguro.",,,"41
184
166",3,true
20,https://createmy-qr.com/tr/compare,"Ücretsiz Çevrimiçi QR Kod Oluşturucu - CreateMy-QR (No Signup) | Araçları Karşılaştır
Ücretsiz Çevrimiçi QR Kod Oluşturucu - CreateMy-QR (No Signup) | CreateMy-QR
Compare Plans - CreateMy-QR",text/html; charset=utf-8,false,200,0,0,"Compare our free features.
URL / Bağlantı verilerinizi doğrudan tarayıcınızda özel bir QR koduna dönüştürün. Mutlak gizlilik için %100 çevrimdışı işlenir. Ücretsiz, sınırsız ve son derece güvenli.",,,"26
169",2,true
20,https://createmy-qr.com/de/app-store-qr-code-fur-spiele-downloads,"App Store-QR-Code für Handyspiel-Downloads | CreateMy-QR
App Store-QR-Code für Handyspiel-Downloads | CreateMy-QR",text/html; charset=utf-8,false,200,0,0,"Fördern Sie App-Installationen direkt aus der Außenwerbung. Erstellen Sie einen QR-Code, der direkt auf Ihr Spiel im iOS App Store oder bei Google Play verweist.
Fördern Sie App-Installationen direkt aus der Außenwerbung. Erstellen Sie einen QR-Code, der direkt auf Ihr Spiel im iOS App Store oder bei Google Play verweist.",,,"161
161",2,true
20,https://createmy-qr.com/pl/barcode-generator,"Darmowy generator kodów kreskowych online — twórz kody kreskowe 1D
Darmowy Generator Kodów QR Online - CreateMy-QR (No Signup) | CreateMy-QR
Free Barcode Generator",text/html; charset=utf-8,false,200,0,0,"Generate barcodes instantly.
Konwertuj dane Adres URL / Link na niestandardowy kod QR bezpośrednio w przeglądarce. 100% przetwarzane w trybie offline, aby zapewnić całkowitą prywatność. Bezpłatnie, bez ograniczeń i bardzo bezpiecznie.
Błyskawicznie generuj profesjonalne kody kreskowe 1D. Obsługa Code-128, UPC, EAN, ITF-14 i innych. Bezpłatny, bezpieczny i gotowy do pobrania w formacie PNG o wysokiej rozdzielczości.",,,"28
205
183",3,true
20,https://createmy-qr.com/it/scan-qr,"Scanner di codici QR online gratuito: scansiona QR istantaneamente
Generatore di Codici QR Gratis Online - CreateMy-QR (No Signup) | CreateMy-QR
Scan QR Code Online",text/html; charset=utf-8,false,200,0,0,"Scan QR codes directly from your browser.
Converti i tuoi dati URL/collegamento in un codice QR personalizzato direttamente nel tuo browser. Elaborato offline al 100% per una privacy assoluta. Gratuito, senza limiti e altamente sicuro.
Scansiona istantaneamente i codici QR utilizzando la fotocamera o caricando un'immagine. Elaborazione sicura, privata e lato client al 100%.",,,"41
193
140",3,true
20,https://createmy-qr.com/uk/terms,"Безкоштовний Генератор QR-кодів Онлайн - CreateMy-QR (No Signup) | Умови надання послуг
Безкоштовний Генератор QR-кодів Онлайн - CreateMy-QR (No Signup) | CreateMy-QR
Terms of Service - CreateMy-QR",text/html; charset=utf-8,false,200,0,0,"Read our terms of service.
Перетворіть свої дані URL / Посилання на власний QR-код безпосередньо у своєму браузері. 100% обробка офлайн для повної конфіденційності. Безкоштовно, без обмежень і дуже безпечно.",,,"26
180",2,true
20,https://createmy-qr.com/fr/google-examine-le-code-qr-pour-une-entreprise-locale,"Google Review QR Code pour les entreprises locales | CreateMy-QR
Google Review QR Code pour les entreprises locales | CreateMy-QR",text/html; charset=utf-8,false,200,0,0,"Faites monter en flèche votre référencement local en permettant aux clients de laisser une note de 5 étoiles sans effort. Créez un code QR Google Review gratuit.
Faites monter en flèche votre référencement local en permettant aux clients de laisser une note de 5 étoiles sans effort. Créez un code QR Google Review gratuit.",,,"161
161",2,true
20,https://createmy-qr.com/it/privacy,"Generatore di Codici QR Gratis Online - CreateMy-QR (No Signup) | Informativa sulla privacy
Generatore di Codici QR Gratis Online - CreateMy-QR (No Signup) | CreateMy-QR
Privacy Policy - CreateMy-QR",text/html; charset=utf-8,false,200,0,0,"Read our privacy policy.
Converti i tuoi dati URL/collegamento in un codice QR personalizzato direttamente nel tuo browser. Elaborato offline al 100% per una privacy assoluta. Gratuito, senza limiti e altamente sicuro.",,,"24
193",2,true
20,https://createmy-qr.com/el/paypal-qr-code-for-donations,"Κωδικός QR PayPal για μη κερδοσκοπικούς οργανισμούς και δωρεές | CreateMy-QR
Κωδικός QR PayPal για μη κερδοσκοπικούς οργανισμούς και δωρεές | CreateMy-QR",text/html; charset=utf-8,false,200,0,0,"Κάντε τη συγκέντρωση χρημάτων χωρίς τριβές. Δημιουργήστε έναν κωδικό QR PayPal για να αποδεχτείτε άμεσες δωρεές σε φιλανθρωπικές εκδηλώσεις, εκκλησιαστικές υπηρεσίες ή κοινοτικές συγκεντρώσεις.
Κάντε τη συγκέντρωση χρημάτων χωρίς τριβές. Δημιουργήστε έναν κωδικό QR PayPal για να αποδεχτείτε άμεσες δωρεές σε φιλανθρωπικές εκδηλώσεις, εκκλησιαστικές υπηρεσίες ή κοινοτικές συγκεντρώσεις.",,,"193
193",2,true
20,https://createmy-qr.com/no/scan-barcode,"Gratis strekkodeskanner på nett - Skann UPC og EAN
Gratis QR-kode Generator Online - CreateMy-QR (No Signup) | CreateMy-QR
Scan Barcode Online",text/html; charset=utf-8,false,200,0,0,"Scan Barcodes directly from your browser.
Konverter URL / Link-dataene dine til en tilpasset QR-kode direkte i nettleseren din. 100 % behandlet offline for absolutt personvern. Gratis, ingen grenser og svært sikker.
Skann strekkoder online gratis ved å bruke enhetens kamera eller last opp et bilde.Støtter UPC, EAN, Code 128 og mer.100 % privat og sikkert.",,,"41
173
141",3,true
20,https://createmy-qr.com/hu/app-store-qr-kod-a-jatekok-letoltesehez,"App Store QR-kód mobiljátékok letöltéséhez | CreateMy-QR
App Store QR-kód mobiljátékok letöltéséhez | CreateMy-QR",text/html; charset=utf-8,false,200,0,0,"Növelje az alkalmazástelepítéseket közvetlenül az otthonon kívüli hirdetésekből. Hozzon létre egy QR-kódot, amely közvetlenül a játékára mutat az iOS App Store vagy a Google Play áruházban.
Növelje az alkalmazástelepítéseket közvetlenül az otthonon kívüli hirdetésekből. Hozzon létre egy QR-kódot, amely közvetlenül a játékára mutat az iOS App Store vagy a Google Play áruházban.",,,"189
189",2,true
20,https://createmy-qr.com/fr/code-qr-de-lapp-store-pour-les-telechargements-de-jeux,"Code QR de l’App Store pour les téléchargements de jeux mobiles | CreateMy-QR
Code QR de l’App Store pour les téléchargements de jeux mobiles | CreateMy-QR",text/html; charset=utf-8,false,200,0,0,"Générez des installations d'applications directement à partir de la publicité extérieure. Créez un code QR qui renvoie directement à votre jeu sur l'App Store iOS ou Google Play.
Générez des installations d'applications directement à partir de la publicité extérieure. Créez un code QR qui renvoie directement à votre jeu sur l'App Store iOS ou Google Play.",,,"178
178",2,true
20,https://createmy-qr.com/ru/terms,"Бесплатный генератор QR-кодов онлайн - CreateMy-QR (No Signup) | Условия обслуживания
Бесплатный генератор QR-кодов онлайн - CreateMy-QR (No Signup) | CreateMy-QR
Terms of Service - CreateMy-QR",text/html; charset=utf-8,false,200,0,0,"Read our terms of service.
Преобразуйте данные URL/ссылка в собственный QR-код прямо в браузере. 100% обработка в автономном режиме для абсолютной конфиденциальности. Бесплатно, без ограничений и очень безопасно.",,,"26
185",2,true
20,https://createmy-qr.com/el/email-qr-code-for-newsletter-signup,"Email QR Code για Εγγραφές σε Newsletter | CreateMy-QR
Email QR Code για Εγγραφές σε Newsletter | CreateMy-QR",text/html; charset=utf-8,false,200,0,0,"Αναπτύξτε τη λίστα email σας από φυσικές τοποθεσίες. Δημιουργήστε έναν κωδικό QR email που συμπληρώνει εκ των προτέρων ένα αίτημα εγγραφής στη λίστα αλληλογραφίας σας.
Αναπτύξτε τη λίστα email σας από φυσικές τοποθεσίες. Δημιουργήστε έναν κωδικό QR email που συμπληρώνει εκ των προτέρων ένα αίτημα εγγραφής στη λίστα αλληλογραφίας σας.",,,"167
167",2,true
20,https://createmy-qr.com/fi/google-arvostelun-qr-koodi-paikallisille-yrityksille,"Google Review QR Code paikallisille yrityksille | CreateMy-QR
Google Review QR Code paikallisille yrityksille | CreateMy-QR",text/html; charset=utf-8,false,200,0,0,"Nosta paikallista hakukoneoptimointiasi räjähdysmäisesti tekemällä asiakkaiden 5 tähden luokituksen jättämisestä vaivatonta. Luo ilmainen Google Review QR-koodi.
Nosta paikallista hakukoneoptimointiasi räjähdysmäisesti tekemällä asiakkaiden 5 tähden luokituksen jättämisestä vaivatonta. Luo ilmainen Google Review QR-koodi.",,,"161
161",2,true
20,https://createmy-qr.com/ar/terms,"مولد رمز الاستجابة السريعة مجاني - CreateMy-QR (No Signup) | شروط الخدمة
مولد رمز الاستجابة السريعة مجاني - CreateMy-QR (No Signup) | CreateMy-QR
Terms of Service - CreateMy-QR",text/html; charset=utf-8,false,200,0,0,"Read our terms of service.
قم بتحويل بيانات عنوان URL / الرابط الخاصة بك إلى رمز QR مخصص مباشرةً في متصفحك. تمت معالجتها بنسبة 100% دون الاتصال بالإنترنت لتوفير الخصوصية المطلقة. مجاني، بلا حدود، وآمن للغاية.",,,"26
181",2,true
20,https://createmy-qr.com/vi/scan-qr,"Máy quét mã QR trực tuyến miễn phí - Quét QR ngay lập tức
Tạo Mã QR Miễn Phí Trực Tuyến - CreateMy-QR (No Signup) | CreateMy-QR
Scan QR Code Online",text/html; charset=utf-8,false,200,0,0,"Scan QR codes directly from your browser.
Chuyển đổi dữ liệu URL / Liên kết của bạn thành mã QR tùy chỉnh trực tiếp trong trình duyệt của bạn. 100% được xử lý ngoại tuyến để đảm bảo quyền riêng tư tuyệt đối. Miễn phí, không giới hạn và có tính bảo mật cao.
Quét mã QR ngay lập tức bằng máy ảnh của bạn hoặc bằng cách tải hình ảnh lên. Xử lý 100% an toàn, riêng tư và phía khách hàng.",,,"41
214
126",3,true
