PR,URL,Title,Content type,Is rendered page,HTTP status code,Organic traffic,Is indexable page,Hreflang links,Hreflang links codes,Hreflang issues,Hreflang group ID,No. of hreflang inlinks,No. of all inlinks
21,https://createmy-qr.com/fi/tietosuojakaytanto,"Ilmainen QR-koodigeneraattori Netissä - CreateMy-QR (No Signup) | Tietosuojakäytäntö
types.privacy QR-koodigeneraattori - ilmainen ja räätälöity | CreateMy-QR
Tietosuojakäytäntö | CreateMy-QR",text/html; charset=utf-8,false,200,0,true,"https://createmy-qr.com/ar/sys-lkhswsy
https://createmy-qr.com/bn/gopniiy-taa-niiti
https://createmy-qr.com/cs/zasady-ochrany-osobnich-udaju
https://createmy-qr.com/da/privatlivspolitik
https://createmy-qr.com/de/datenschutzrichtlinie
https://createmy-qr.com/el/politiki-aporritoy
https://createmy-qr.com/es/politica-de-privacidad
https://createmy-qr.com/fi/tietosuojakaytanto
https://createmy-qr.com/fr/politique-de-confidentialite
https://createmy-qr.com/hi/gopniiytaa-niiti
https://createmy-qr.com/hu/adatvedelmi-szabalyzat
https://createmy-qr.com/id/kebijakan-privasi
https://createmy-qr.com/it/informativa-sulla-privacy
https://createmy-qr.com/ja/puraibasi-porisi
https://createmy-qr.com/ko/gaein-jeongbo-boho-jeongcaeg
https://createmy-qr.com/ms/dasar-privasi
https://createmy-qr.com/nl/privacybeleid
https://createmy-qr.com/no/personvernerklaering
https://createmy-qr.com/pl/polityka-prywatnosci
https://createmy-qr.com/privacy
https://createmy-qr.com/privacy
https://createmy-qr.com/pt/politica-de-privacidade
https://createmy-qr.com/ro/politica-de-confidentialitate
https://createmy-qr.com/ru/politika-konfidencialnosti
https://createmy-qr.com/sv/sekretesspolicy
https://createmy-qr.com/th/noybaaykhwaamepnswntaw
https://createmy-qr.com/tl/patakaran-sa-privacy
https://createmy-qr.com/tr/gizlilik-politikasi
https://createmy-qr.com/uk/politika-konfidenciynosti
https://createmy-qr.com/vi/chinh-sach-bao-mat
https://createmy-qr.com/zh/yin-si-zheng-ce","200
200
200
200
200
200
200
200
200
200
200
200
200
200
200
200
200
200
200
200
200
200
200
200
200
200
200
200
200
200
200",Some pages don't include hreflang links to all the other pages of the group,11074429451265500583,28,91
21,https://createmy-qr.com/pl/polityka-prywatnosci,"Darmowy Generator Kodów QR Online - CreateMy-QR (No Signup) | Polityka prywatności
Generator kodów QR types.privacy — bezpłatny i niestandardowy | CreateMy-QR
Polityka prywatności | CreateMy-QR",text/html; charset=utf-8,false,200,0,true,"https://createmy-qr.com/ar/sys-lkhswsy
https://createmy-qr.com/bn/gopniiy-taa-niiti
https://createmy-qr.com/cs/zasady-ochrany-osobnich-udaju
https://createmy-qr.com/da/privatlivspolitik
https://createmy-qr.com/de/datenschutzrichtlinie
https://createmy-qr.com/el/politiki-aporritoy
https://createmy-qr.com/es/politica-de-privacidad
https://createmy-qr.com/fi/tietosuojakaytanto
https://createmy-qr.com/fr/politique-de-confidentialite
https://createmy-qr.com/hi/gopniiytaa-niiti
https://createmy-qr.com/hu/adatvedelmi-szabalyzat
https://createmy-qr.com/id/kebijakan-privasi
https://createmy-qr.com/it/informativa-sulla-privacy
https://createmy-qr.com/ja/puraibasi-porisi
https://createmy-qr.com/ko/gaein-jeongbo-boho-jeongcaeg
https://createmy-qr.com/ms/dasar-privasi
https://createmy-qr.com/nl/privacybeleid
https://createmy-qr.com/no/personvernerklaering
https://createmy-qr.com/pl/polityka-prywatnosci
https://createmy-qr.com/privacy
https://createmy-qr.com/privacy
https://createmy-qr.com/pt/politica-de-privacidade
https://createmy-qr.com/ro/politica-de-confidentialitate
https://createmy-qr.com/ru/politika-konfidencialnosti
https://createmy-qr.com/sv/sekretesspolicy
https://createmy-qr.com/th/noybaaykhwaamepnswntaw
https://createmy-qr.com/tl/patakaran-sa-privacy
https://createmy-qr.com/tr/gizlilik-politikasi
https://createmy-qr.com/uk/politika-konfidenciynosti
https://createmy-qr.com/vi/chinh-sach-bao-mat
https://createmy-qr.com/zh/yin-si-zheng-ce","200
200
200
200
200
200
200
200
200
200
200
200
200
200
200
200
200
200
200
200
200
200
200
200
200
200
200
200
200
200
200",Some pages don't include hreflang links to all the other pages of the group,11074429451265500583,28,91
21,https://createmy-qr.com/hi/baarkodd-skainr-muph-t-onnlaain-kyuuaar-kodd-jnrettr,"मुफ़्त बारकोड स्कैनर ऑनलाइन - यूपीसी और ईएएन स्कैन करें
बारकोड स्कैनर QR कोड जेनरेटर - मुफ़्त और कस्टम | CreateMy-QR
बारकोड स्कैनर - मुफ़्त ऑनलाइन क्यूआर कोड जनरेटर - CreateMy-QR",text/html; charset=utf-8,false,200,0,true,"https://createmy-qr.com/ar/msh-lbrkwd-mwld-rmz-lstjb-lsryaa-mjny
https://createmy-qr.com/bn/baarkodd-skyaanaar-phri-anlaain-kiuaar-kodd-jenaarettr
https://createmy-qr.com/cs/skener-carovych-kodu-zdarma-online-generator-qr-kodu
https://createmy-qr.com/da/stregkodescanner-gratis-qr-kode-generator-online
https://createmy-qr.com/de/barcode-scanner-kostenloser-qr-code-generator-online
https://createmy-qr.com/el/barcode-scanner-dorean-dimioyrgia-qr-code-online
https://createmy-qr.com/es/escaner-de-codigo-de-barras-generador-de-codigos-qr-gratis-online
https://createmy-qr.com/fi/viivakoodinlukija-ilmainen-qr-koodigeneraattori-netissa
https://createmy-qr.com/fr/lecteur-de-codes-a-barres-generateur-de-code-qr-gratuit-en-ligne
https://createmy-qr.com/hi/baarkodd-skainr-muph-t-onnlaain-kyuuaar-kodd-jnrettr
https://createmy-qr.com/hu/ingyenes-online-qr-kod-generator-3
https://createmy-qr.com/id/pemindai-kode-batang-generator-qr-code-gratis-online
https://createmy-qr.com/it/lettore-di-codici-a-barre-generatore-di-codici-qr-gratis-online
https://createmy-qr.com/ja/bakodosukiyana-wu-liao-qrkodozuo-cheng-zienereta
https://createmy-qr.com/ko/bakodeu-seukaeneo-muryo-onrain-qr-kodeu-saengseonggi
https://createmy-qr.com/ms/pengimbas-kod-bar-penjana-kod-qr-percuma-dalam-talian
https://createmy-qr.com/nl/barcodescanner-gratis-qr-code-generator-online
https://createmy-qr.com/no/strekkodeskanner-gratis-qr-kode-generator-online
https://createmy-qr.com/pl/skaner-kodow-kreskowych-darmowy-generator-kodow-qr-online
https://createmy-qr.com/pt/leitor-de-codigo-de-barras-gerador-de-codigo-qr-gratis-online
https://createmy-qr.com/ro/generator-de-coduri-qr-gratuit-online-3
https://createmy-qr.com/ru/skaner-shtrih-koda-besplatnyy-generator-qr-kodov-onlayn
https://createmy-qr.com/scan-barcode
https://createmy-qr.com/scan-barcode
https://createmy-qr.com/sv/streckkodslasare-gratis-qr-kod-generator-online
https://createmy-qr.com/th/ekhruue-ngsaeknbaarokhd-ekhruue-ngmuue-sraangkhiw-aarokhd-nailnfrii
https://createmy-qr.com/tl/barcode-scanner-libreng-online-qr-code-generator
https://createmy-qr.com/tr/barkod-tarayici-ucretsiz-cevrimici-qr-kod-olusturucu
https://createmy-qr.com/uk/skaner-shtrih-kodiv-bezkoshtovniy-generator-qr-kodiv-onlayn
https://createmy-qr.com/vi/may-quet-ma-vach-tao-ma-qr-mien-phi-truc-tuyen
https://createmy-qr.com/zh/tiao-ma-sao-miao-yi-mian-fei-zai-xian-er-wei-ma-sheng-cheng-qi","200
200
200
200
200
200
200
200
200
200
200
200
200
200
200
200
200
200
200
200
200
200
200
200
200
200
200
200
200
200
200",Some pages don't include hreflang links to all the other pages of the group,14730038909064693129,28,91
21,https://createmy-qr.com/it/lettore-di-codici-a-barre-generatore-di-codici-qr-gratis-online,"Scanner di codici a barre online gratuito: scansiona UPC e EAN
Generatore di codici QR Lettore di codici a barre - Gratuito e personalizzato | CreateMy-QR
Lettore di codici a barre - Generatore di Codici QR Gratis Online - CreateMy-QR",text/html; charset=utf-8,false,200,0,true,"https://createmy-qr.com/ar/msh-lbrkwd-mwld-rmz-lstjb-lsryaa-mjny
https://createmy-qr.com/bn/baarkodd-skyaanaar-phri-anlaain-kiuaar-kodd-jenaarettr
https://createmy-qr.com/cs/skener-carovych-kodu-zdarma-online-generator-qr-kodu
https://createmy-qr.com/da/stregkodescanner-gratis-qr-kode-generator-online
https://createmy-qr.com/de/barcode-scanner-kostenloser-qr-code-generator-online
https://createmy-qr.com/el/barcode-scanner-dorean-dimioyrgia-qr-code-online
https://createmy-qr.com/es/escaner-de-codigo-de-barras-generador-de-codigos-qr-gratis-online
https://createmy-qr.com/fi/viivakoodinlukija-ilmainen-qr-koodigeneraattori-netissa
https://createmy-qr.com/fr/lecteur-de-codes-a-barres-generateur-de-code-qr-gratuit-en-ligne
https://createmy-qr.com/hi/baarkodd-skainr-muph-t-onnlaain-kyuuaar-kodd-jnrettr
https://createmy-qr.com/hu/ingyenes-online-qr-kod-generator-3
https://createmy-qr.com/id/pemindai-kode-batang-generator-qr-code-gratis-online
https://createmy-qr.com/it/lettore-di-codici-a-barre-generatore-di-codici-qr-gratis-online
https://createmy-qr.com/ja/bakodosukiyana-wu-liao-qrkodozuo-cheng-zienereta
https://createmy-qr.com/ko/bakodeu-seukaeneo-muryo-onrain-qr-kodeu-saengseonggi
https://createmy-qr.com/ms/pengimbas-kod-bar-penjana-kod-qr-percuma-dalam-talian
https://createmy-qr.com/nl/barcodescanner-gratis-qr-code-generator-online
https://createmy-qr.com/no/strekkodeskanner-gratis-qr-kode-generator-online
https://createmy-qr.com/pl/skaner-kodow-kreskowych-darmowy-generator-kodow-qr-online
https://createmy-qr.com/pt/leitor-de-codigo-de-barras-gerador-de-codigo-qr-gratis-online
https://createmy-qr.com/ro/generator-de-coduri-qr-gratuit-online-3
https://createmy-qr.com/ru/skaner-shtrih-koda-besplatnyy-generator-qr-kodov-onlayn
https://createmy-qr.com/scan-barcode
https://createmy-qr.com/scan-barcode
https://createmy-qr.com/sv/streckkodslasare-gratis-qr-kod-generator-online
https://createmy-qr.com/th/ekhruue-ngsaeknbaarokhd-ekhruue-ngmuue-sraangkhiw-aarokhd-nailnfrii
https://createmy-qr.com/tl/barcode-scanner-libreng-online-qr-code-generator
https://createmy-qr.com/tr/barkod-tarayici-ucretsiz-cevrimici-qr-kod-olusturucu
https://createmy-qr.com/uk/skaner-shtrih-kodiv-bezkoshtovniy-generator-qr-kodiv-onlayn
https://createmy-qr.com/vi/may-quet-ma-vach-tao-ma-qr-mien-phi-truc-tuyen
https://createmy-qr.com/zh/tiao-ma-sao-miao-yi-mian-fei-zai-xian-er-wei-ma-sheng-cheng-qi","200
200
200
200
200
200
200
200
200
200
200
200
200
200
200
200
200
200
200
200
200
200
200
200
200
200
200
200
200
200
200",Some pages don't include hreflang links to all the other pages of the group,14730038909064693129,28,91
21,https://createmy-qr.com/da/gratis-qr-kode-generator-online-2,"Gratis QR-kodescanner online - Scan QR øjeblikkeligt
types.scanqr QR Code Generator - Gratis og brugerdefineret | CreateMy-QR
scanqr - Gratis QR Kode Generator Online - CreateMy-QR",text/html; charset=utf-8,false,200,0,true,"https://createmy-qr.com/ar/mwld-rmz-lstjb-lsryaa-mjny-2
https://createmy-qr.com/bn/phri-anlaain-kiuaar-kodd-jenaarettr-2
https://createmy-qr.com/cs/zdarma-online-generator-qr-kodu-2
https://createmy-qr.com/da/gratis-qr-kode-generator-online-2
https://createmy-qr.com/de/kostenloser-qr-code-generator-online-2
https://createmy-qr.com/el/dorean-dimioyrgia-qr-code-online-2
https://createmy-qr.com/es/generador-de-codigos-qr-gratis-online-2
https://createmy-qr.com/fi/ilmainen-qr-koodigeneraattori-netissa-2
https://createmy-qr.com/fr/generateur-de-code-qr-gratuit-en-ligne-2
https://createmy-qr.com/hi/muph-t-onnlaain-kyuuaar-kodd-jnrettr-2
https://createmy-qr.com/hu/ingyenes-online-qr-kod-generator-2
https://createmy-qr.com/id/generator-qr-code-gratis-online-2
https://createmy-qr.com/it/generatore-di-codici-qr-gratis-online-2
https://createmy-qr.com/ja/wu-liao-qrkodozuo-cheng-zienereta-2
https://createmy-qr.com/ko/muryo-onrain-qr-kodeu-saengseonggi-2
https://createmy-qr.com/ms/penjana-kod-qr-percuma-dalam-talian-2
https://createmy-qr.com/nl/gratis-qr-code-generator-online-2
https://createmy-qr.com/no/gratis-qr-kode-generator-online-2
https://createmy-qr.com/pl/darmowy-generator-kodow-qr-online-2
https://createmy-qr.com/pt/gerador-de-codigo-qr-gratis-online-2
https://createmy-qr.com/ro/generator-de-coduri-qr-gratuit-online-2
https://createmy-qr.com/ru/besplatnyy-generator-qr-kodov-onlayn-2
https://createmy-qr.com/scan-qr
https://createmy-qr.com/scan-qr
https://createmy-qr.com/sv/gratis-qr-kod-generator-online-2
https://createmy-qr.com/th/ekhruue-ngmuue-sraangkhiw-aarokhd-nailnfrii-2
https://createmy-qr.com/tl/libreng-online-qr-code-generator-2
https://createmy-qr.com/tr/ucretsiz-cevrimici-qr-kod-olusturucu-2
https://createmy-qr.com/uk/bezkoshtovniy-generator-qr-kodiv-onlayn-2
https://createmy-qr.com/vi/tao-ma-qr-mien-phi-truc-tuyen-2
https://createmy-qr.com/zh/mian-fei-zai-xian-er-wei-ma-sheng-cheng-qi-2","200
200
200
200
200
200
200
200
200
200
200
200
200
200
200
200
200
200
200
200
200
200
200
200
200
200
200
200
200
200
200",Some pages don't include hreflang links to all the other pages of the group,5057633309447319644,28,91
21,https://createmy-qr.com/pt/politica-de-privacidade,"Gerador de Código QR Grátis Online - CreateMy-QR (No Signup) | Política de Privacidade
Gerador de código QR types.privacy - gratuito e personalizado | CreateMy-QR
Política de Privacidade | CreateMy-QR",text/html; charset=utf-8,false,200,0,true,"https://createmy-qr.com/ar/sys-lkhswsy
https://createmy-qr.com/bn/gopniiy-taa-niiti
https://createmy-qr.com/cs/zasady-ochrany-osobnich-udaju
https://createmy-qr.com/da/privatlivspolitik
https://createmy-qr.com/de/datenschutzrichtlinie
https://createmy-qr.com/el/politiki-aporritoy
https://createmy-qr.com/es/politica-de-privacidad
https://createmy-qr.com/fi/tietosuojakaytanto
https://createmy-qr.com/fr/politique-de-confidentialite
https://createmy-qr.com/hi/gopniiytaa-niiti
https://createmy-qr.com/hu/adatvedelmi-szabalyzat
https://createmy-qr.com/id/kebijakan-privasi
https://createmy-qr.com/it/informativa-sulla-privacy
https://createmy-qr.com/ja/puraibasi-porisi
https://createmy-qr.com/ko/gaein-jeongbo-boho-jeongcaeg
https://createmy-qr.com/ms/dasar-privasi
https://createmy-qr.com/nl/privacybeleid
https://createmy-qr.com/no/personvernerklaering
https://createmy-qr.com/pl/polityka-prywatnosci
https://createmy-qr.com/privacy
https://createmy-qr.com/privacy
https://createmy-qr.com/pt/politica-de-privacidade
https://createmy-qr.com/ro/politica-de-confidentialitate
https://createmy-qr.com/ru/politika-konfidencialnosti
https://createmy-qr.com/sv/sekretesspolicy
https://createmy-qr.com/th/noybaaykhwaamepnswntaw
https://createmy-qr.com/tl/patakaran-sa-privacy
https://createmy-qr.com/tr/gizlilik-politikasi
https://createmy-qr.com/uk/politika-konfidenciynosti
https://createmy-qr.com/vi/chinh-sach-bao-mat
https://createmy-qr.com/zh/yin-si-zheng-ce","200
200
200
200
200
200
200
200
200
200
200
200
200
200
200
200
200
200
200
200
200
200
200
200
200
200
200
200
200
200
200",Some pages don't include hreflang links to all the other pages of the group,11074429451265500583,28,91
21,https://createmy-qr.com/de/kostenloser-qr-code-generator-online-2,"Kostenloser QR-Code-Scanner online – QR sofort scannen
types.scanqr QR-Code-Generator – kostenlos und benutzerdefiniert | CreateMy-QR
scanqr - Kostenloser QR-Code Generator Online - CreateMy-QR",text/html; charset=utf-8,false,200,0,true,"https://createmy-qr.com/ar/mwld-rmz-lstjb-lsryaa-mjny-2
https://createmy-qr.com/bn/phri-anlaain-kiuaar-kodd-jenaarettr-2
https://createmy-qr.com/cs/zdarma-online-generator-qr-kodu-2
https://createmy-qr.com/da/gratis-qr-kode-generator-online-2
https://createmy-qr.com/de/kostenloser-qr-code-generator-online-2
https://createmy-qr.com/el/dorean-dimioyrgia-qr-code-online-2
https://createmy-qr.com/es/generador-de-codigos-qr-gratis-online-2
https://createmy-qr.com/fi/ilmainen-qr-koodigeneraattori-netissa-2
https://createmy-qr.com/fr/generateur-de-code-qr-gratuit-en-ligne-2
https://createmy-qr.com/hi/muph-t-onnlaain-kyuuaar-kodd-jnrettr-2
https://createmy-qr.com/hu/ingyenes-online-qr-kod-generator-2
https://createmy-qr.com/id/generator-qr-code-gratis-online-2
https://createmy-qr.com/it/generatore-di-codici-qr-gratis-online-2
https://createmy-qr.com/ja/wu-liao-qrkodozuo-cheng-zienereta-2
https://createmy-qr.com/ko/muryo-onrain-qr-kodeu-saengseonggi-2
https://createmy-qr.com/ms/penjana-kod-qr-percuma-dalam-talian-2
https://createmy-qr.com/nl/gratis-qr-code-generator-online-2
https://createmy-qr.com/no/gratis-qr-kode-generator-online-2
https://createmy-qr.com/pl/darmowy-generator-kodow-qr-online-2
https://createmy-qr.com/pt/gerador-de-codigo-qr-gratis-online-2
https://createmy-qr.com/ro/generator-de-coduri-qr-gratuit-online-2
https://createmy-qr.com/ru/besplatnyy-generator-qr-kodov-onlayn-2
https://createmy-qr.com/scan-qr
https://createmy-qr.com/scan-qr
https://createmy-qr.com/sv/gratis-qr-kod-generator-online-2
https://createmy-qr.com/th/ekhruue-ngmuue-sraangkhiw-aarokhd-nailnfrii-2
https://createmy-qr.com/tl/libreng-online-qr-code-generator-2
https://createmy-qr.com/tr/ucretsiz-cevrimici-qr-kod-olusturucu-2
https://createmy-qr.com/uk/bezkoshtovniy-generator-qr-kodiv-onlayn-2
https://createmy-qr.com/vi/tao-ma-qr-mien-phi-truc-tuyen-2
https://createmy-qr.com/zh/mian-fei-zai-xian-er-wei-ma-sheng-cheng-qi-2","200
200
200
200
200
200
200
200
200
200
200
200
200
200
200
200
200
200
200
200
200
200
200
200
200
200
200
200
200
200
200",Some pages don't include hreflang links to all the other pages of the group,5057633309447319644,28,91
21,https://createmy-qr.com/bn/phri-anlaain-kiuaar-kodd-jenaarettr-2,"বিনামূল্যে QR কোড স্ক্যানার অনলাইন - অবিলম্বে QR স্ক্যান করুন
types.scanqr QR কোড জেনারেটর - বিনামূল্যে এবং কাস্টম | CreateMy-QR
scanqr - ফ্রি অনলাইন কিউআর কোড জেনারেটর - CreateMy-QR",text/html; charset=utf-8,false,200,0,true,"https://createmy-qr.com/ar/mwld-rmz-lstjb-lsryaa-mjny-2
https://createmy-qr.com/bn/phri-anlaain-kiuaar-kodd-jenaarettr-2
https://createmy-qr.com/cs/zdarma-online-generator-qr-kodu-2
https://createmy-qr.com/da/gratis-qr-kode-generator-online-2
https://createmy-qr.com/de/kostenloser-qr-code-generator-online-2
https://createmy-qr.com/el/dorean-dimioyrgia-qr-code-online-2
https://createmy-qr.com/es/generador-de-codigos-qr-gratis-online-2
https://createmy-qr.com/fi/ilmainen-qr-koodigeneraattori-netissa-2
https://createmy-qr.com/fr/generateur-de-code-qr-gratuit-en-ligne-2
https://createmy-qr.com/hi/muph-t-onnlaain-kyuuaar-kodd-jnrettr-2
https://createmy-qr.com/hu/ingyenes-online-qr-kod-generator-2
https://createmy-qr.com/id/generator-qr-code-gratis-online-2
https://createmy-qr.com/it/generatore-di-codici-qr-gratis-online-2
https://createmy-qr.com/ja/wu-liao-qrkodozuo-cheng-zienereta-2
https://createmy-qr.com/ko/muryo-onrain-qr-kodeu-saengseonggi-2
https://createmy-qr.com/ms/penjana-kod-qr-percuma-dalam-talian-2
https://createmy-qr.com/nl/gratis-qr-code-generator-online-2
https://createmy-qr.com/no/gratis-qr-kode-generator-online-2
https://createmy-qr.com/pl/darmowy-generator-kodow-qr-online-2
https://createmy-qr.com/pt/gerador-de-codigo-qr-gratis-online-2
https://createmy-qr.com/ro/generator-de-coduri-qr-gratuit-online-2
https://createmy-qr.com/ru/besplatnyy-generator-qr-kodov-onlayn-2
https://createmy-qr.com/scan-qr
https://createmy-qr.com/scan-qr
https://createmy-qr.com/sv/gratis-qr-kod-generator-online-2
https://createmy-qr.com/th/ekhruue-ngmuue-sraangkhiw-aarokhd-nailnfrii-2
https://createmy-qr.com/tl/libreng-online-qr-code-generator-2
https://createmy-qr.com/tr/ucretsiz-cevrimici-qr-kod-olusturucu-2
https://createmy-qr.com/uk/bezkoshtovniy-generator-qr-kodiv-onlayn-2
https://createmy-qr.com/vi/tao-ma-qr-mien-phi-truc-tuyen-2
https://createmy-qr.com/zh/mian-fei-zai-xian-er-wei-ma-sheng-cheng-qi-2","200
200
200
200
200
200
200
200
200
200
200
200
200
200
200
200
200
200
200
200
200
200
200
200
200
200
200
200
200
200
200",Some pages don't include hreflang links to all the other pages of the group,5057633309447319644,28,91
21,https://createmy-qr.com/fr/politique-de-confidentialite,"Générateur de Code QR Gratuit en Ligne - CreateMy-QR (No Signup) | Politique de confidentialité
Générateur de code QR types.privacy - Gratuit et personnalisé | CreateMy-QR
Politique de confidentialité | CreateMy-QR",text/html; charset=utf-8,false,200,0,true,"https://createmy-qr.com/ar/sys-lkhswsy
https://createmy-qr.com/bn/gopniiy-taa-niiti
https://createmy-qr.com/cs/zasady-ochrany-osobnich-udaju
https://createmy-qr.com/da/privatlivspolitik
https://createmy-qr.com/de/datenschutzrichtlinie
https://createmy-qr.com/el/politiki-aporritoy
https://createmy-qr.com/es/politica-de-privacidad
https://createmy-qr.com/fi/tietosuojakaytanto
https://createmy-qr.com/fr/politique-de-confidentialite
https://createmy-qr.com/hi/gopniiytaa-niiti
https://createmy-qr.com/hu/adatvedelmi-szabalyzat
https://createmy-qr.com/id/kebijakan-privasi
https://createmy-qr.com/it/informativa-sulla-privacy
https://createmy-qr.com/ja/puraibasi-porisi
https://createmy-qr.com/ko/gaein-jeongbo-boho-jeongcaeg
https://createmy-qr.com/ms/dasar-privasi
https://createmy-qr.com/nl/privacybeleid
https://createmy-qr.com/no/personvernerklaering
https://createmy-qr.com/pl/polityka-prywatnosci
https://createmy-qr.com/privacy
https://createmy-qr.com/privacy
https://createmy-qr.com/pt/politica-de-privacidade
https://createmy-qr.com/ro/politica-de-confidentialitate
https://createmy-qr.com/ru/politika-konfidencialnosti
https://createmy-qr.com/sv/sekretesspolicy
https://createmy-qr.com/th/noybaaykhwaamepnswntaw
https://createmy-qr.com/tl/patakaran-sa-privacy
https://createmy-qr.com/tr/gizlilik-politikasi
https://createmy-qr.com/uk/politika-konfidenciynosti
https://createmy-qr.com/vi/chinh-sach-bao-mat
https://createmy-qr.com/zh/yin-si-zheng-ce","200
200
200
200
200
200
200
200
200
200
200
200
200
200
200
200
200
200
200
200
200
200
200
200
200
200
200
200
200
200
200",Some pages don't include hreflang links to all the other pages of the group,11074429451265500583,28,91
21,https://createmy-qr.com/ro/termeni-si-conditii,"Generator de Coduri QR Gratuit Online - CreateMy-QR (No Signup) | Termeni și condiții
types.terms QR Code Generator - Gratuit și personalizat | CreateMy-QR
Termeni și condiții | CreateMy-QR",text/html; charset=utf-8,false,200,0,true,"https://createmy-qr.com/ar/shrwt-lkhdm
https://createmy-qr.com/bn/prissebaar-shrtaablii
https://createmy-qr.com/cs/podminky-sluzby
https://createmy-qr.com/da/servicevilkar
https://createmy-qr.com/de/nutzungsbedingungen
https://createmy-qr.com/el/oroi-parohis-ypiresion
https://createmy-qr.com/es/terminos-de-servicio
https://createmy-qr.com/fi/palveluehdot
https://createmy-qr.com/fr/conditions-d-utilisation
https://createmy-qr.com/hi/sevaa-kii-shrten
https://createmy-qr.com/hu/szolgaltatasi-feltetelek
https://createmy-qr.com/id/ketentuan-layanan
https://createmy-qr.com/it/termini-di-servizio
https://createmy-qr.com/ja/li-yong-gui-yue
https://createmy-qr.com/ko/seobiseu-yaggwan
https://createmy-qr.com/ms/syarat-perkhidmatan
https://createmy-qr.com/nl/servicevoorwaarden
https://createmy-qr.com/no/vilkar-for-bruk
https://createmy-qr.com/pl/warunki-swiadczenia-uslug
https://createmy-qr.com/pt/termos-de-servico
https://createmy-qr.com/ro/termeni-si-conditii
https://createmy-qr.com/ru/usloviya-obsluzhivaniya
https://createmy-qr.com/sv/anvandarvillkor
https://createmy-qr.com/terms
https://createmy-qr.com/terms
https://createmy-qr.com/th/kh-kamhndainkaaraihbrikaar
https://createmy-qr.com/tl/mga-tuntunin-ng-serbisyo
https://createmy-qr.com/tr/hizmet-sartlari
https://createmy-qr.com/uk/umovi-nadannya-poslug
https://createmy-qr.com/vi/dieu-khoan-dich-vu
https://createmy-qr.com/zh/fu-wu-tiao-kuan","200
200
200
200
200
200
200
200
200
200
200
200
200
200
200
200
200
200
200
200
200
200
200
200
200
200
200
200
200
200
200",Some pages don't include hreflang links to all the other pages of the group,11872068519236183580,28,91
21,https://createmy-qr.com/vi/dieu-khoan-dich-vu,"Tạo Mã QR Miễn Phí Trực Tuyến - CreateMy-QR (No Signup) | Điều khoản dịch vụ
Trình tạo mã QR types.terms - Miễn phí & Tùy chỉnh | CreateMy-QR
Điều khoản dịch vụ | CreateMy-QR",text/html; charset=utf-8,false,200,0,true,"https://createmy-qr.com/ar/shrwt-lkhdm
https://createmy-qr.com/bn/prissebaar-shrtaablii
https://createmy-qr.com/cs/podminky-sluzby
https://createmy-qr.com/da/servicevilkar
https://createmy-qr.com/de/nutzungsbedingungen
https://createmy-qr.com/el/oroi-parohis-ypiresion
https://createmy-qr.com/es/terminos-de-servicio
https://createmy-qr.com/fi/palveluehdot
https://createmy-qr.com/fr/conditions-d-utilisation
https://createmy-qr.com/hi/sevaa-kii-shrten
https://createmy-qr.com/hu/szolgaltatasi-feltetelek
https://createmy-qr.com/id/ketentuan-layanan
https://createmy-qr.com/it/termini-di-servizio
https://createmy-qr.com/ja/li-yong-gui-yue
https://createmy-qr.com/ko/seobiseu-yaggwan
https://createmy-qr.com/ms/syarat-perkhidmatan
https://createmy-qr.com/nl/servicevoorwaarden
https://createmy-qr.com/no/vilkar-for-bruk
https://createmy-qr.com/pl/warunki-swiadczenia-uslug
https://createmy-qr.com/pt/termos-de-servico
https://createmy-qr.com/ro/termeni-si-conditii
https://createmy-qr.com/ru/usloviya-obsluzhivaniya
https://createmy-qr.com/sv/anvandarvillkor
https://createmy-qr.com/terms
https://createmy-qr.com/terms
https://createmy-qr.com/th/kh-kamhndainkaaraihbrikaar
https://createmy-qr.com/tl/mga-tuntunin-ng-serbisyo
https://createmy-qr.com/tr/hizmet-sartlari
https://createmy-qr.com/uk/umovi-nadannya-poslug
https://createmy-qr.com/vi/dieu-khoan-dich-vu
https://createmy-qr.com/zh/fu-wu-tiao-kuan","200
200
200
200
200
200
200
200
200
200
200
200
200
200
200
200
200
200
200
200
200
200
200
200
200
200
200
200
200
200
200",Some pages don't include hreflang links to all the other pages of the group,11872068519236183580,28,91
21,https://createmy-qr.com/ms/syarat-perkhidmatan,"Penjana Kod QR Percuma Dalam Talian - CreateMy-QR (No Signup) | Syarat Perkhidmatan
Penjana Kod QR types.terms - Percuma & Tersuai | CreateMy-QR
Syarat Perkhidmatan | CreateMy-QR",text/html; charset=utf-8,false,200,0,true,"https://createmy-qr.com/ar/shrwt-lkhdm
https://createmy-qr.com/bn/prissebaar-shrtaablii
https://createmy-qr.com/cs/podminky-sluzby
https://createmy-qr.com/da/servicevilkar
https://createmy-qr.com/de/nutzungsbedingungen
https://createmy-qr.com/el/oroi-parohis-ypiresion
https://createmy-qr.com/es/terminos-de-servicio
https://createmy-qr.com/fi/palveluehdot
https://createmy-qr.com/fr/conditions-d-utilisation
https://createmy-qr.com/hi/sevaa-kii-shrten
https://createmy-qr.com/hu/szolgaltatasi-feltetelek
https://createmy-qr.com/id/ketentuan-layanan
https://createmy-qr.com/it/termini-di-servizio
https://createmy-qr.com/ja/li-yong-gui-yue
https://createmy-qr.com/ko/seobiseu-yaggwan
https://createmy-qr.com/ms/syarat-perkhidmatan
https://createmy-qr.com/nl/servicevoorwaarden
https://createmy-qr.com/no/vilkar-for-bruk
https://createmy-qr.com/pl/warunki-swiadczenia-uslug
https://createmy-qr.com/pt/termos-de-servico
https://createmy-qr.com/ro/termeni-si-conditii
https://createmy-qr.com/ru/usloviya-obsluzhivaniya
https://createmy-qr.com/sv/anvandarvillkor
https://createmy-qr.com/terms
https://createmy-qr.com/terms
https://createmy-qr.com/th/kh-kamhndainkaaraihbrikaar
https://createmy-qr.com/tl/mga-tuntunin-ng-serbisyo
https://createmy-qr.com/tr/hizmet-sartlari
https://createmy-qr.com/uk/umovi-nadannya-poslug
https://createmy-qr.com/vi/dieu-khoan-dich-vu
https://createmy-qr.com/zh/fu-wu-tiao-kuan","200
200
200
200
200
200
200
200
200
200
200
200
200
200
200
200
200
200
200
200
200
200
200
200
200
200
200
200
200
200
200",Some pages don't include hreflang links to all the other pages of the group,11872068519236183580,28,91
21,https://createmy-qr.com/vi/chinh-sach-bao-mat,"Tạo Mã QR Miễn Phí Trực Tuyến - CreateMy-QR (No Signup) | Chính sách bảo mật
Trình tạo mã QR types.privacy - Miễn phí & Tùy chỉnh | CreateMy-QR
Chính sách bảo mật | CreateMy-QR",text/html; charset=utf-8,false,200,0,true,"https://createmy-qr.com/ar/sys-lkhswsy
https://createmy-qr.com/bn/gopniiy-taa-niiti
https://createmy-qr.com/cs/zasady-ochrany-osobnich-udaju
https://createmy-qr.com/da/privatlivspolitik
https://createmy-qr.com/de/datenschutzrichtlinie
https://createmy-qr.com/el/politiki-aporritoy
https://createmy-qr.com/es/politica-de-privacidad
https://createmy-qr.com/fi/tietosuojakaytanto
https://createmy-qr.com/fr/politique-de-confidentialite
https://createmy-qr.com/hi/gopniiytaa-niiti
https://createmy-qr.com/hu/adatvedelmi-szabalyzat
https://createmy-qr.com/id/kebijakan-privasi
https://createmy-qr.com/it/informativa-sulla-privacy
https://createmy-qr.com/ja/puraibasi-porisi
https://createmy-qr.com/ko/gaein-jeongbo-boho-jeongcaeg
https://createmy-qr.com/ms/dasar-privasi
https://createmy-qr.com/nl/privacybeleid
https://createmy-qr.com/no/personvernerklaering
https://createmy-qr.com/pl/polityka-prywatnosci
https://createmy-qr.com/privacy
https://createmy-qr.com/privacy
https://createmy-qr.com/pt/politica-de-privacidade
https://createmy-qr.com/ro/politica-de-confidentialitate
https://createmy-qr.com/ru/politika-konfidencialnosti
https://createmy-qr.com/sv/sekretesspolicy
https://createmy-qr.com/th/noybaaykhwaamepnswntaw
https://createmy-qr.com/tl/patakaran-sa-privacy
https://createmy-qr.com/tr/gizlilik-politikasi
https://createmy-qr.com/uk/politika-konfidenciynosti
https://createmy-qr.com/vi/chinh-sach-bao-mat
https://createmy-qr.com/zh/yin-si-zheng-ce","200
200
200
200
200
200
200
200
200
200
200
200
200
200
200
200
200
200
200
200
200
200
200
200
200
200
200
200
200
200
200",Some pages don't include hreflang links to all the other pages of the group,11074429451265500583,28,91
21,https://createmy-qr.com/tr/araclari-karsilastir,"Ücretsiz Çevrimiçi QR Kod Oluşturucu - CreateMy-QR (No Signup) | Araçları Karşılaştır
types.compare QR Kod Oluşturucu - Ücretsiz ve Özel | CreateMy-QR
Araçları Karşılaştır | CreateMy-QR",text/html; charset=utf-8,false,200,0,true,"https://createmy-qr.com/ar/dwt-lmqrn
https://createmy-qr.com/bn/ttul-tulnaa-krun
https://createmy-qr.com/compare
https://createmy-qr.com/compare
https://createmy-qr.com/cs/nastroje-pro-porovnani
https://createmy-qr.com/da/sammenlign-vaerktojer
https://createmy-qr.com/de/tools-vergleichen
https://createmy-qr.com/el/ergaleia-sygkrisis
https://createmy-qr.com/es/comparar-herramientas
https://createmy-qr.com/fi/vertaa-tyokaluja
https://createmy-qr.com/fr/comparer-les-outils
https://createmy-qr.com/hi/ttuuls-kii-tulnaa-kren
https://createmy-qr.com/hu/eszkozok-osszehasonlitasa
https://createmy-qr.com/id/bandingkan-alat
https://createmy-qr.com/it/confronta-strumenti
https://createmy-qr.com/ja/bi-jiao-turu
https://createmy-qr.com/ko/dogu-bigyo
https://createmy-qr.com/ms/bandingkan-alat
https://createmy-qr.com/nl/hulpmiddelen-vergelijken
https://createmy-qr.com/no/sammenlign-verktoy
https://createmy-qr.com/pl/porownaj-narzedzia
https://createmy-qr.com/pt/comparar-ferramentas
https://createmy-qr.com/ro/instrumente-de-comparare
https://createmy-qr.com/ru/sravnit-instrumenty
https://createmy-qr.com/sv/jamfor-verktyg
https://createmy-qr.com/th/epriiybethiiybekhruue-ngmuue
https://createmy-qr.com/tl/paghambingin-ang-mga-tool
https://createmy-qr.com/tr/araclari-karsilastir
https://createmy-qr.com/uk/instrumenti-porivnyannya
https://createmy-qr.com/vi/cong-cu-so-sanh
https://createmy-qr.com/zh/bi-jiao-gong-ju","200
200
200
200
200
200
200
200
200
200
200
200
200
200
200
200
200
200
200
200
200
200
200
200
200
200
200
200
200
200
200",Some pages don't include hreflang links to all the other pages of the group,625790584758697065,28,91
21,https://createmy-qr.com/bn/baarkodd-skyaanaar-phri-anlaain-kiuaar-kodd-jenaarettr,"বিনামূল্যে বারকোড স্ক্যানার অনলাইন - UPC এবং EAN স্ক্যান করুন
বারকোড স্ক্যানার QR কোড জেনারেটর - বিনামূল্যে এবং কাস্টম | CreateMy-QR
বারকোড স্ক্যানার - ফ্রি অনলাইন কিউআর কোড জেনারেটর - CreateMy-QR",text/html; charset=utf-8,false,200,0,true,"https://createmy-qr.com/ar/msh-lbrkwd-mwld-rmz-lstjb-lsryaa-mjny
https://createmy-qr.com/bn/baarkodd-skyaanaar-phri-anlaain-kiuaar-kodd-jenaarettr
https://createmy-qr.com/cs/skener-carovych-kodu-zdarma-online-generator-qr-kodu
https://createmy-qr.com/da/stregkodescanner-gratis-qr-kode-generator-online
https://createmy-qr.com/de/barcode-scanner-kostenloser-qr-code-generator-online
https://createmy-qr.com/el/barcode-scanner-dorean-dimioyrgia-qr-code-online
https://createmy-qr.com/es/escaner-de-codigo-de-barras-generador-de-codigos-qr-gratis-online
https://createmy-qr.com/fi/viivakoodinlukija-ilmainen-qr-koodigeneraattori-netissa
https://createmy-qr.com/fr/lecteur-de-codes-a-barres-generateur-de-code-qr-gratuit-en-ligne
https://createmy-qr.com/hi/baarkodd-skainr-muph-t-onnlaain-kyuuaar-kodd-jnrettr
https://createmy-qr.com/hu/ingyenes-online-qr-kod-generator-3
https://createmy-qr.com/id/pemindai-kode-batang-generator-qr-code-gratis-online
https://createmy-qr.com/it/lettore-di-codici-a-barre-generatore-di-codici-qr-gratis-online
https://createmy-qr.com/ja/bakodosukiyana-wu-liao-qrkodozuo-cheng-zienereta
https://createmy-qr.com/ko/bakodeu-seukaeneo-muryo-onrain-qr-kodeu-saengseonggi
https://createmy-qr.com/ms/pengimbas-kod-bar-penjana-kod-qr-percuma-dalam-talian
https://createmy-qr.com/nl/barcodescanner-gratis-qr-code-generator-online
https://createmy-qr.com/no/strekkodeskanner-gratis-qr-kode-generator-online
https://createmy-qr.com/pl/skaner-kodow-kreskowych-darmowy-generator-kodow-qr-online
https://createmy-qr.com/pt/leitor-de-codigo-de-barras-gerador-de-codigo-qr-gratis-online
https://createmy-qr.com/ro/generator-de-coduri-qr-gratuit-online-3
https://createmy-qr.com/ru/skaner-shtrih-koda-besplatnyy-generator-qr-kodov-onlayn
https://createmy-qr.com/scan-barcode
https://createmy-qr.com/scan-barcode
https://createmy-qr.com/sv/streckkodslasare-gratis-qr-kod-generator-online
https://createmy-qr.com/th/ekhruue-ngsaeknbaarokhd-ekhruue-ngmuue-sraangkhiw-aarokhd-nailnfrii
https://createmy-qr.com/tl/barcode-scanner-libreng-online-qr-code-generator
https://createmy-qr.com/tr/barkod-tarayici-ucretsiz-cevrimici-qr-kod-olusturucu
https://createmy-qr.com/uk/skaner-shtrih-kodiv-bezkoshtovniy-generator-qr-kodiv-onlayn
https://createmy-qr.com/vi/may-quet-ma-vach-tao-ma-qr-mien-phi-truc-tuyen
https://createmy-qr.com/zh/tiao-ma-sao-miao-yi-mian-fei-zai-xian-er-wei-ma-sheng-cheng-qi","200
200
200
200
200
200
200
200
200
200
200
200
200
200
200
200
200
200
200
200
200
200
200
200
200
200
200
200
200
200
200",Some pages don't include hreflang links to all the other pages of the group,14730038909064693129,28,91
21,https://createmy-qr.com/it/chi-siamo,"Generatore di Codici QR Gratis Online - CreateMy-QR (No Signup) | Chi siamo
Generatore di codici QR types.about - Gratuito e personalizzato | CreateMy-QR
Chi siamo | CreateMy-QR",text/html; charset=utf-8,false,200,0,true,"https://createmy-qr.com/about
https://createmy-qr.com/about
https://createmy-qr.com/ar/mn-nhn
https://createmy-qr.com/bn/aamaader-smprke
https://createmy-qr.com/cs/o-nas
https://createmy-qr.com/da/om-os
https://createmy-qr.com/de/uber-uns
https://createmy-qr.com/el/shetika-me-emas
https://createmy-qr.com/es/sobre-nosotros
https://createmy-qr.com/fi/meista
https://createmy-qr.com/fr/a-propos-de-nous
https://createmy-qr.com/hi/hmaare-baare-men
https://createmy-qr.com/hu/rolunk
https://createmy-qr.com/id/tentang-kami
https://createmy-qr.com/it/chi-siamo
https://createmy-qr.com/ja/si-tatinituite
https://createmy-qr.com/ko/hoesa-sogae
https://createmy-qr.com/ms/mengenai-kami
https://createmy-qr.com/nl/over-ons
https://createmy-qr.com/no/om-oss
https://createmy-qr.com/pl/o-nas
https://createmy-qr.com/pt/sobre-nos
https://createmy-qr.com/ro/despre-noi
https://createmy-qr.com/ru/o-nas
https://createmy-qr.com/sv/om-oss
https://createmy-qr.com/th/ekiiywkaberaa
https://createmy-qr.com/tl/tungkol-sa-amin
https://createmy-qr.com/tr/hakkimizda
https://createmy-qr.com/uk/pro-nas
https://createmy-qr.com/vi/ve-chung-toi
https://createmy-qr.com/zh/guan-yu-wo-men","200
200
200
200
200
200
200
200
200
200
200
200
200
200
200
200
200
200
200
200
200
200
200
200
200
200
200
200
200
200
200",Some pages don't include hreflang links to all the other pages of the group,1484275197122503531,28,91
21,https://createmy-qr.com/cs/zdarma-online-generator-qr-kodu-2,"Bezplatný skener QR kódů online – naskenujte QR okamžitě
types.scanqr generátor QR kódu – zdarma a na míru | CreateMy-QR
scanqr - Zdarma Online Generátor QR Kódů - CreateMy-QR",text/html; charset=utf-8,false,200,0,true,"https://createmy-qr.com/ar/mwld-rmz-lstjb-lsryaa-mjny-2
https://createmy-qr.com/bn/phri-anlaain-kiuaar-kodd-jenaarettr-2
https://createmy-qr.com/cs/zdarma-online-generator-qr-kodu-2
https://createmy-qr.com/da/gratis-qr-kode-generator-online-2
https://createmy-qr.com/de/kostenloser-qr-code-generator-online-2
https://createmy-qr.com/el/dorean-dimioyrgia-qr-code-online-2
https://createmy-qr.com/es/generador-de-codigos-qr-gratis-online-2
https://createmy-qr.com/fi/ilmainen-qr-koodigeneraattori-netissa-2
https://createmy-qr.com/fr/generateur-de-code-qr-gratuit-en-ligne-2
https://createmy-qr.com/hi/muph-t-onnlaain-kyuuaar-kodd-jnrettr-2
https://createmy-qr.com/hu/ingyenes-online-qr-kod-generator-2
https://createmy-qr.com/id/generator-qr-code-gratis-online-2
https://createmy-qr.com/it/generatore-di-codici-qr-gratis-online-2
https://createmy-qr.com/ja/wu-liao-qrkodozuo-cheng-zienereta-2
https://createmy-qr.com/ko/muryo-onrain-qr-kodeu-saengseonggi-2
https://createmy-qr.com/ms/penjana-kod-qr-percuma-dalam-talian-2
https://createmy-qr.com/nl/gratis-qr-code-generator-online-2
https://createmy-qr.com/no/gratis-qr-kode-generator-online-2
https://createmy-qr.com/pl/darmowy-generator-kodow-qr-online-2
https://createmy-qr.com/pt/gerador-de-codigo-qr-gratis-online-2
https://createmy-qr.com/ro/generator-de-coduri-qr-gratuit-online-2
https://createmy-qr.com/ru/besplatnyy-generator-qr-kodov-onlayn-2
https://createmy-qr.com/scan-qr
https://createmy-qr.com/scan-qr
https://createmy-qr.com/sv/gratis-qr-kod-generator-online-2
https://createmy-qr.com/th/ekhruue-ngmuue-sraangkhiw-aarokhd-nailnfrii-2
https://createmy-qr.com/tl/libreng-online-qr-code-generator-2
https://createmy-qr.com/tr/ucretsiz-cevrimici-qr-kod-olusturucu-2
https://createmy-qr.com/uk/bezkoshtovniy-generator-qr-kodiv-onlayn-2
https://createmy-qr.com/vi/tao-ma-qr-mien-phi-truc-tuyen-2
https://createmy-qr.com/zh/mian-fei-zai-xian-er-wei-ma-sheng-cheng-qi-2","200
200
200
200
200
200
200
200
200
200
200
200
200
200
200
200
200
200
200
200
200
200
200
200
200
200
200
200
200
200
200",Some pages don't include hreflang links to all the other pages of the group,5057633309447319644,28,91
21,https://createmy-qr.com/hi/muph-t-onnlaain-kyuuaar-kodd-jnrettr-2,"निःशुल्क क्यूआर कोड स्कैनर ऑनलाइन - तुरंत क्यूआर स्कैन करें
types.scanqr QR कोड जेनरेटर - मुफ़्त और कस्टम | CreateMy-QR
scanqr - मुफ़्त ऑनलाइन क्यूआर कोड जनरेटर - CreateMy-QR",text/html; charset=utf-8,false,200,0,true,"https://createmy-qr.com/ar/mwld-rmz-lstjb-lsryaa-mjny-2
https://createmy-qr.com/bn/phri-anlaain-kiuaar-kodd-jenaarettr-2
https://createmy-qr.com/cs/zdarma-online-generator-qr-kodu-2
https://createmy-qr.com/da/gratis-qr-kode-generator-online-2
https://createmy-qr.com/de/kostenloser-qr-code-generator-online-2
https://createmy-qr.com/el/dorean-dimioyrgia-qr-code-online-2
https://createmy-qr.com/es/generador-de-codigos-qr-gratis-online-2
https://createmy-qr.com/fi/ilmainen-qr-koodigeneraattori-netissa-2
https://createmy-qr.com/fr/generateur-de-code-qr-gratuit-en-ligne-2
https://createmy-qr.com/hi/muph-t-onnlaain-kyuuaar-kodd-jnrettr-2
https://createmy-qr.com/hu/ingyenes-online-qr-kod-generator-2
https://createmy-qr.com/id/generator-qr-code-gratis-online-2
https://createmy-qr.com/it/generatore-di-codici-qr-gratis-online-2
https://createmy-qr.com/ja/wu-liao-qrkodozuo-cheng-zienereta-2
https://createmy-qr.com/ko/muryo-onrain-qr-kodeu-saengseonggi-2
https://createmy-qr.com/ms/penjana-kod-qr-percuma-dalam-talian-2
https://createmy-qr.com/nl/gratis-qr-code-generator-online-2
https://createmy-qr.com/no/gratis-qr-kode-generator-online-2
https://createmy-qr.com/pl/darmowy-generator-kodow-qr-online-2
https://createmy-qr.com/pt/gerador-de-codigo-qr-gratis-online-2
https://createmy-qr.com/ro/generator-de-coduri-qr-gratuit-online-2
https://createmy-qr.com/ru/besplatnyy-generator-qr-kodov-onlayn-2
https://createmy-qr.com/scan-qr
https://createmy-qr.com/scan-qr
https://createmy-qr.com/sv/gratis-qr-kod-generator-online-2
https://createmy-qr.com/th/ekhruue-ngmuue-sraangkhiw-aarokhd-nailnfrii-2
https://createmy-qr.com/tl/libreng-online-qr-code-generator-2
https://createmy-qr.com/tr/ucretsiz-cevrimici-qr-kod-olusturucu-2
https://createmy-qr.com/uk/bezkoshtovniy-generator-qr-kodiv-onlayn-2
https://createmy-qr.com/vi/tao-ma-qr-mien-phi-truc-tuyen-2
https://createmy-qr.com/zh/mian-fei-zai-xian-er-wei-ma-sheng-cheng-qi-2","200
200
200
200
200
200
200
200
200
200
200
200
200
200
200
200
200
200
200
200
200
200
200
200
200
200
200
200
200
200
200",Some pages don't include hreflang links to all the other pages of the group,5057633309447319644,28,91
21,https://createmy-qr.com/no/personvernerklaering,"Gratis QR-kode Generator Online - CreateMy-QR (No Signup) | Personvernerklæring
types.privacy QR Code Generator - Gratis og tilpasset | CreateMy-QR
Personvernerklæring | CreateMy-QR",text/html; charset=utf-8,false,200,0,true,"https://createmy-qr.com/ar/sys-lkhswsy
https://createmy-qr.com/bn/gopniiy-taa-niiti
https://createmy-qr.com/cs/zasady-ochrany-osobnich-udaju
https://createmy-qr.com/da/privatlivspolitik
https://createmy-qr.com/de/datenschutzrichtlinie
https://createmy-qr.com/el/politiki-aporritoy
https://createmy-qr.com/es/politica-de-privacidad
https://createmy-qr.com/fi/tietosuojakaytanto
https://createmy-qr.com/fr/politique-de-confidentialite
https://createmy-qr.com/hi/gopniiytaa-niiti
https://createmy-qr.com/hu/adatvedelmi-szabalyzat
https://createmy-qr.com/id/kebijakan-privasi
https://createmy-qr.com/it/informativa-sulla-privacy
https://createmy-qr.com/ja/puraibasi-porisi
https://createmy-qr.com/ko/gaein-jeongbo-boho-jeongcaeg
https://createmy-qr.com/ms/dasar-privasi
https://createmy-qr.com/nl/privacybeleid
https://createmy-qr.com/no/personvernerklaering
https://createmy-qr.com/pl/polityka-prywatnosci
https://createmy-qr.com/privacy
https://createmy-qr.com/privacy
https://createmy-qr.com/pt/politica-de-privacidade
https://createmy-qr.com/ro/politica-de-confidentialitate
https://createmy-qr.com/ru/politika-konfidencialnosti
https://createmy-qr.com/sv/sekretesspolicy
https://createmy-qr.com/th/noybaaykhwaamepnswntaw
https://createmy-qr.com/tl/patakaran-sa-privacy
https://createmy-qr.com/tr/gizlilik-politikasi
https://createmy-qr.com/uk/politika-konfidenciynosti
https://createmy-qr.com/vi/chinh-sach-bao-mat
https://createmy-qr.com/zh/yin-si-zheng-ce","200
200
200
200
200
200
200
200
200
200
200
200
200
200
200
200
200
200
200
200
200
200
200
200
200
200
200
200
200
200
200",Some pages don't include hreflang links to all the other pages of the group,11074429451265500583,28,91
21,https://createmy-qr.com/cs/zasady-ochrany-osobnich-udaju,"Zdarma Online Generátor QR Kódů - CreateMy-QR (No Signup) | Zásady ochrany osobních údajů
types.privacy generátor QR kódu – zdarma a na míru | CreateMy-QR
Zásady ochrany osobních údajů | CreateMy-QR",text/html; charset=utf-8,false,200,0,true,"https://createmy-qr.com/ar/sys-lkhswsy
https://createmy-qr.com/bn/gopniiy-taa-niiti
https://createmy-qr.com/cs/zasady-ochrany-osobnich-udaju
https://createmy-qr.com/da/privatlivspolitik
https://createmy-qr.com/de/datenschutzrichtlinie
https://createmy-qr.com/el/politiki-aporritoy
https://createmy-qr.com/es/politica-de-privacidad
https://createmy-qr.com/fi/tietosuojakaytanto
https://createmy-qr.com/fr/politique-de-confidentialite
https://createmy-qr.com/hi/gopniiytaa-niiti
https://createmy-qr.com/hu/adatvedelmi-szabalyzat
https://createmy-qr.com/id/kebijakan-privasi
https://createmy-qr.com/it/informativa-sulla-privacy
https://createmy-qr.com/ja/puraibasi-porisi
https://createmy-qr.com/ko/gaein-jeongbo-boho-jeongcaeg
https://createmy-qr.com/ms/dasar-privasi
https://createmy-qr.com/nl/privacybeleid
https://createmy-qr.com/no/personvernerklaering
https://createmy-qr.com/pl/polityka-prywatnosci
https://createmy-qr.com/privacy
https://createmy-qr.com/privacy
https://createmy-qr.com/pt/politica-de-privacidade
https://createmy-qr.com/ro/politica-de-confidentialitate
https://createmy-qr.com/ru/politika-konfidencialnosti
https://createmy-qr.com/sv/sekretesspolicy
https://createmy-qr.com/th/noybaaykhwaamepnswntaw
https://createmy-qr.com/tl/patakaran-sa-privacy
https://createmy-qr.com/tr/gizlilik-politikasi
https://createmy-qr.com/uk/politika-konfidenciynosti
https://createmy-qr.com/vi/chinh-sach-bao-mat
https://createmy-qr.com/zh/yin-si-zheng-ce","200
200
200
200
200
200
200
200
200
200
200
200
200
200
200
200
200
200
200
200
200
200
200
200
200
200
200
200
200
200
200",Some pages don't include hreflang links to all the other pages of the group,11074429451265500583,28,91
21,https://createmy-qr.com/no/sammenlign-verktoy,"Gratis QR-kode Generator Online - CreateMy-QR (No Signup) | Sammenlign verktøy
types.compare QR Code Generator - Gratis og tilpasset | CreateMy-QR
Sammenlign verktøy | CreateMy-QR",text/html; charset=utf-8,false,200,0,true,"https://createmy-qr.com/ar/dwt-lmqrn
https://createmy-qr.com/bn/ttul-tulnaa-krun
https://createmy-qr.com/compare
https://createmy-qr.com/compare
https://createmy-qr.com/cs/nastroje-pro-porovnani
https://createmy-qr.com/da/sammenlign-vaerktojer
https://createmy-qr.com/de/tools-vergleichen
https://createmy-qr.com/el/ergaleia-sygkrisis
https://createmy-qr.com/es/comparar-herramientas
https://createmy-qr.com/fi/vertaa-tyokaluja
https://createmy-qr.com/fr/comparer-les-outils
https://createmy-qr.com/hi/ttuuls-kii-tulnaa-kren
https://createmy-qr.com/hu/eszkozok-osszehasonlitasa
https://createmy-qr.com/id/bandingkan-alat
https://createmy-qr.com/it/confronta-strumenti
https://createmy-qr.com/ja/bi-jiao-turu
https://createmy-qr.com/ko/dogu-bigyo
https://createmy-qr.com/ms/bandingkan-alat
https://createmy-qr.com/nl/hulpmiddelen-vergelijken
https://createmy-qr.com/no/sammenlign-verktoy
https://createmy-qr.com/pl/porownaj-narzedzia
https://createmy-qr.com/pt/comparar-ferramentas
https://createmy-qr.com/ro/instrumente-de-comparare
https://createmy-qr.com/ru/sravnit-instrumenty
https://createmy-qr.com/sv/jamfor-verktyg
https://createmy-qr.com/th/epriiybethiiybekhruue-ngmuue
https://createmy-qr.com/tl/paghambingin-ang-mga-tool
https://createmy-qr.com/tr/araclari-karsilastir
https://createmy-qr.com/uk/instrumenti-porivnyannya
https://createmy-qr.com/vi/cong-cu-so-sanh
https://createmy-qr.com/zh/bi-jiao-gong-ju","200
200
200
200
200
200
200
200
200
200
200
200
200
200
200
200
200
200
200
200
200
200
200
200
200
200
200
200
200
200
200",Some pages don't include hreflang links to all the other pages of the group,625790584758697065,28,91
21,https://createmy-qr.com/it/generatore-di-codici-qr-gratis-online,"Generatore di codici a barre online gratuito - Crea codici a barre 1D
Generatore di codici QR types.barcode - Gratuito e personalizzato | CreateMy-QR
barcode - Generatore di Codici QR Gratis Online - CreateMy-QR",text/html; charset=utf-8,false,200,0,true,"https://createmy-qr.com/ar/mwld-rmz-lstjb-lsryaa-mjny
https://createmy-qr.com/barcode-generator
https://createmy-qr.com/barcode-generator
https://createmy-qr.com/bn/phri-anlaain-kiuaar-kodd-jenaarettr
https://createmy-qr.com/cs/zdarma-online-generator-qr-kodu
https://createmy-qr.com/da/gratis-qr-kode-generator-online
https://createmy-qr.com/de/kostenloser-qr-code-generator-online
https://createmy-qr.com/el/dorean-dimioyrgia-qr-code-online
https://createmy-qr.com/es/generador-de-codigos-qr-gratis-online
https://createmy-qr.com/fi/ilmainen-qr-koodigeneraattori-netissa
https://createmy-qr.com/fr/generateur-de-code-qr-gratuit-en-ligne
https://createmy-qr.com/hi/muph-t-onnlaain-kyuuaar-kodd-jnrettr
https://createmy-qr.com/hu/ingyenes-online-qr-kod-generator
https://createmy-qr.com/id/generator-qr-code-gratis-online
https://createmy-qr.com/it/generatore-di-codici-qr-gratis-online
https://createmy-qr.com/ja/wu-liao-qrkodozuo-cheng-zienereta
https://createmy-qr.com/ko/muryo-onrain-qr-kodeu-saengseonggi
https://createmy-qr.com/ms/penjana-kod-qr-percuma-dalam-talian
https://createmy-qr.com/nl/gratis-qr-code-generator-online
https://createmy-qr.com/no/gratis-qr-kode-generator-online
https://createmy-qr.com/pl/darmowy-generator-kodow-qr-online
https://createmy-qr.com/pt/gerador-de-codigo-qr-gratis-online
https://createmy-qr.com/ro/generator-de-coduri-qr-gratuit-online
https://createmy-qr.com/ru/besplatnyy-generator-qr-kodov-onlayn
https://createmy-qr.com/sv/gratis-qr-kod-generator-online
https://createmy-qr.com/th/ekhruue-ngmuue-sraangkhiw-aarokhd-nailnfrii
https://createmy-qr.com/tl/libreng-online-qr-code-generator
https://createmy-qr.com/tr/ucretsiz-cevrimici-qr-kod-olusturucu
https://createmy-qr.com/uk/bezkoshtovniy-generator-qr-kodiv-onlayn
https://createmy-qr.com/vi/tao-ma-qr-mien-phi-truc-tuyen
https://createmy-qr.com/zh/mian-fei-zai-xian-er-wei-ma-sheng-cheng-qi","200
200
200
200
200
200
200
200
200
200
200
200
200
200
200
200
200
200
200
200
200
200
200
200
200
200
200
200
200
200
200",Some pages don't include hreflang links to all the other pages of the group,8617637658849271563,28,91
21,https://createmy-qr.com/th/ekiiywkaberaa,"เครื่องมือสร้างคิวอาร์โค้ดออนไลน์ฟรี - CreateMy-QR (No Signup) | เกี่ยวกับเรา
types.about เครื่องสร้างโค้ด QR - ฟรีและกำหนดเอง | CreateMy-QR
เกี่ยวกับเรา | CreateMy-QR",text/html; charset=utf-8,false,200,0,true,"https://createmy-qr.com/about
https://createmy-qr.com/about
https://createmy-qr.com/ar/mn-nhn
https://createmy-qr.com/bn/aamaader-smprke
https://createmy-qr.com/cs/o-nas
https://createmy-qr.com/da/om-os
https://createmy-qr.com/de/uber-uns
https://createmy-qr.com/el/shetika-me-emas
https://createmy-qr.com/es/sobre-nosotros
https://createmy-qr.com/fi/meista
https://createmy-qr.com/fr/a-propos-de-nous
https://createmy-qr.com/hi/hmaare-baare-men
https://createmy-qr.com/hu/rolunk
https://createmy-qr.com/id/tentang-kami
https://createmy-qr.com/it/chi-siamo
https://createmy-qr.com/ja/si-tatinituite
https://createmy-qr.com/ko/hoesa-sogae
https://createmy-qr.com/ms/mengenai-kami
https://createmy-qr.com/nl/over-ons
https://createmy-qr.com/no/om-oss
https://createmy-qr.com/pl/o-nas
https://createmy-qr.com/pt/sobre-nos
https://createmy-qr.com/ro/despre-noi
https://createmy-qr.com/ru/o-nas
https://createmy-qr.com/sv/om-oss
https://createmy-qr.com/th/ekiiywkaberaa
https://createmy-qr.com/tl/tungkol-sa-amin
https://createmy-qr.com/tr/hakkimizda
https://createmy-qr.com/uk/pro-nas
https://createmy-qr.com/vi/ve-chung-toi
https://createmy-qr.com/zh/guan-yu-wo-men","200
200
200
200
200
200
200
200
200
200
200
200
200
200
200
200
200
200
200
200
200
200
200
200
200
200
200
200
200
200
200",Some pages don't include hreflang links to all the other pages of the group,1484275197122503531,28,91
21,https://createmy-qr.com/ja/bakodosukiyana-wu-liao-qrkodozuo-cheng-zienereta,"無料のオンラインバーコードスキャナー - UPC と EAN をスキャン
バーコードスキャナー QR コード ジェネレーター - 無料 & カスタム | CreateMy-QR
バーコードスキャナー - 無料QRコード作成・ジェネレーター - CreateMy-QR",text/html; charset=utf-8,false,200,0,true,"https://createmy-qr.com/ar/msh-lbrkwd-mwld-rmz-lstjb-lsryaa-mjny
https://createmy-qr.com/bn/baarkodd-skyaanaar-phri-anlaain-kiuaar-kodd-jenaarettr
https://createmy-qr.com/cs/skener-carovych-kodu-zdarma-online-generator-qr-kodu
https://createmy-qr.com/da/stregkodescanner-gratis-qr-kode-generator-online
https://createmy-qr.com/de/barcode-scanner-kostenloser-qr-code-generator-online
https://createmy-qr.com/el/barcode-scanner-dorean-dimioyrgia-qr-code-online
https://createmy-qr.com/es/escaner-de-codigo-de-barras-generador-de-codigos-qr-gratis-online
https://createmy-qr.com/fi/viivakoodinlukija-ilmainen-qr-koodigeneraattori-netissa
https://createmy-qr.com/fr/lecteur-de-codes-a-barres-generateur-de-code-qr-gratuit-en-ligne
https://createmy-qr.com/hi/baarkodd-skainr-muph-t-onnlaain-kyuuaar-kodd-jnrettr
https://createmy-qr.com/hu/ingyenes-online-qr-kod-generator-3
https://createmy-qr.com/id/pemindai-kode-batang-generator-qr-code-gratis-online
https://createmy-qr.com/it/lettore-di-codici-a-barre-generatore-di-codici-qr-gratis-online
https://createmy-qr.com/ja/bakodosukiyana-wu-liao-qrkodozuo-cheng-zienereta
https://createmy-qr.com/ko/bakodeu-seukaeneo-muryo-onrain-qr-kodeu-saengseonggi
https://createmy-qr.com/ms/pengimbas-kod-bar-penjana-kod-qr-percuma-dalam-talian
https://createmy-qr.com/nl/barcodescanner-gratis-qr-code-generator-online
https://createmy-qr.com/no/strekkodeskanner-gratis-qr-kode-generator-online
https://createmy-qr.com/pl/skaner-kodow-kreskowych-darmowy-generator-kodow-qr-online
https://createmy-qr.com/pt/leitor-de-codigo-de-barras-gerador-de-codigo-qr-gratis-online
https://createmy-qr.com/ro/generator-de-coduri-qr-gratuit-online-3
https://createmy-qr.com/ru/skaner-shtrih-koda-besplatnyy-generator-qr-kodov-onlayn
https://createmy-qr.com/scan-barcode
https://createmy-qr.com/scan-barcode
https://createmy-qr.com/sv/streckkodslasare-gratis-qr-kod-generator-online
https://createmy-qr.com/th/ekhruue-ngsaeknbaarokhd-ekhruue-ngmuue-sraangkhiw-aarokhd-nailnfrii
https://createmy-qr.com/tl/barcode-scanner-libreng-online-qr-code-generator
https://createmy-qr.com/tr/barkod-tarayici-ucretsiz-cevrimici-qr-kod-olusturucu
https://createmy-qr.com/uk/skaner-shtrih-kodiv-bezkoshtovniy-generator-qr-kodiv-onlayn
https://createmy-qr.com/vi/may-quet-ma-vach-tao-ma-qr-mien-phi-truc-tuyen
https://createmy-qr.com/zh/tiao-ma-sao-miao-yi-mian-fei-zai-xian-er-wei-ma-sheng-cheng-qi","200
200
200
200
200
200
200
200
200
200
200
200
200
200
200
200
200
200
200
200
200
200
200
200
200
200
200
200
200
200
200",Some pages don't include hreflang links to all the other pages of the group,14730038909064693129,28,91
21,https://createmy-qr.com/hu/ingyenes-online-qr-kod-generator,"Ingyenes vonalkódgenerátor online – 1D vonalkódok létrehozása
types.barcode QR-kód generátor - ingyenes és egyedi | CreateMy-QR
barcode - Ingyenes Online QR-kód Generátor - CreateMy-QR",text/html; charset=utf-8,false,200,0,true,"https://createmy-qr.com/ar/mwld-rmz-lstjb-lsryaa-mjny
https://createmy-qr.com/barcode-generator
https://createmy-qr.com/barcode-generator
https://createmy-qr.com/bn/phri-anlaain-kiuaar-kodd-jenaarettr
https://createmy-qr.com/cs/zdarma-online-generator-qr-kodu
https://createmy-qr.com/da/gratis-qr-kode-generator-online
https://createmy-qr.com/de/kostenloser-qr-code-generator-online
https://createmy-qr.com/el/dorean-dimioyrgia-qr-code-online
https://createmy-qr.com/es/generador-de-codigos-qr-gratis-online
https://createmy-qr.com/fi/ilmainen-qr-koodigeneraattori-netissa
https://createmy-qr.com/fr/generateur-de-code-qr-gratuit-en-ligne
https://createmy-qr.com/hi/muph-t-onnlaain-kyuuaar-kodd-jnrettr
https://createmy-qr.com/hu/ingyenes-online-qr-kod-generator
https://createmy-qr.com/id/generator-qr-code-gratis-online
https://createmy-qr.com/it/generatore-di-codici-qr-gratis-online
https://createmy-qr.com/ja/wu-liao-qrkodozuo-cheng-zienereta
https://createmy-qr.com/ko/muryo-onrain-qr-kodeu-saengseonggi
https://createmy-qr.com/ms/penjana-kod-qr-percuma-dalam-talian
https://createmy-qr.com/nl/gratis-qr-code-generator-online
https://createmy-qr.com/no/gratis-qr-kode-generator-online
https://createmy-qr.com/pl/darmowy-generator-kodow-qr-online
https://createmy-qr.com/pt/gerador-de-codigo-qr-gratis-online
https://createmy-qr.com/ro/generator-de-coduri-qr-gratuit-online
https://createmy-qr.com/ru/besplatnyy-generator-qr-kodov-onlayn
https://createmy-qr.com/sv/gratis-qr-kod-generator-online
https://createmy-qr.com/th/ekhruue-ngmuue-sraangkhiw-aarokhd-nailnfrii
https://createmy-qr.com/tl/libreng-online-qr-code-generator
https://createmy-qr.com/tr/ucretsiz-cevrimici-qr-kod-olusturucu
https://createmy-qr.com/uk/bezkoshtovniy-generator-qr-kodiv-onlayn
https://createmy-qr.com/vi/tao-ma-qr-mien-phi-truc-tuyen
https://createmy-qr.com/zh/mian-fei-zai-xian-er-wei-ma-sheng-cheng-qi","200
200
200
200
200
200
200
200
200
200
200
200
200
200
200
200
200
200
200
200
200
200
200
200
200
200
200
200
200
200
200",Some pages don't include hreflang links to all the other pages of the group,8617637658849271563,28,91
21,https://createmy-qr.com/th/epriiybethiiybekhruue-ngmuue,"เครื่องมือสร้างคิวอาร์โค้ดออนไลน์ฟรี - CreateMy-QR (No Signup) | เปรียบเทียบเครื่องมือ
types.compare เครื่องสร้างโค้ด QR - ฟรีและกำหนดเอง | CreateMy-QR
เปรียบเทียบเครื่องมือ | CreateMy-QR",text/html; charset=utf-8,false,200,0,true,"https://createmy-qr.com/ar/dwt-lmqrn
https://createmy-qr.com/bn/ttul-tulnaa-krun
https://createmy-qr.com/compare
https://createmy-qr.com/compare
https://createmy-qr.com/cs/nastroje-pro-porovnani
https://createmy-qr.com/da/sammenlign-vaerktojer
https://createmy-qr.com/de/tools-vergleichen
https://createmy-qr.com/el/ergaleia-sygkrisis
https://createmy-qr.com/es/comparar-herramientas
https://createmy-qr.com/fi/vertaa-tyokaluja
https://createmy-qr.com/fr/comparer-les-outils
https://createmy-qr.com/hi/ttuuls-kii-tulnaa-kren
https://createmy-qr.com/hu/eszkozok-osszehasonlitasa
https://createmy-qr.com/id/bandingkan-alat
https://createmy-qr.com/it/confronta-strumenti
https://createmy-qr.com/ja/bi-jiao-turu
https://createmy-qr.com/ko/dogu-bigyo
https://createmy-qr.com/ms/bandingkan-alat
https://createmy-qr.com/nl/hulpmiddelen-vergelijken
https://createmy-qr.com/no/sammenlign-verktoy
https://createmy-qr.com/pl/porownaj-narzedzia
https://createmy-qr.com/pt/comparar-ferramentas
https://createmy-qr.com/ro/instrumente-de-comparare
https://createmy-qr.com/ru/sravnit-instrumenty
https://createmy-qr.com/sv/jamfor-verktyg
https://createmy-qr.com/th/epriiybethiiybekhruue-ngmuue
https://createmy-qr.com/tl/paghambingin-ang-mga-tool
https://createmy-qr.com/tr/araclari-karsilastir
https://createmy-qr.com/uk/instrumenti-porivnyannya
https://createmy-qr.com/vi/cong-cu-so-sanh
https://createmy-qr.com/zh/bi-jiao-gong-ju","200
200
200
200
200
200
200
200
200
200
200
200
200
200
200
200
200
200
200
200
200
200
200
200
200
200
200
200
200
200
200",Some pages don't include hreflang links to all the other pages of the group,625790584758697065,28,91
21,https://createmy-qr.com/ru/politika-konfidencialnosti,"Бесплатный генератор QR-кодов онлайн - CreateMy-QR (No Signup) | Политика конфиденциальности
types.privacy Генератор QR-кодов — бесплатный и настраиваемый | CreateMy-QR
Политика конфиденциальности | CreateMy-QR",text/html; charset=utf-8,false,200,0,true,"https://createmy-qr.com/ar/sys-lkhswsy
https://createmy-qr.com/bn/gopniiy-taa-niiti
https://createmy-qr.com/cs/zasady-ochrany-osobnich-udaju
https://createmy-qr.com/da/privatlivspolitik
https://createmy-qr.com/de/datenschutzrichtlinie
https://createmy-qr.com/el/politiki-aporritoy
https://createmy-qr.com/es/politica-de-privacidad
https://createmy-qr.com/fi/tietosuojakaytanto
https://createmy-qr.com/fr/politique-de-confidentialite
https://createmy-qr.com/hi/gopniiytaa-niiti
https://createmy-qr.com/hu/adatvedelmi-szabalyzat
https://createmy-qr.com/id/kebijakan-privasi
https://createmy-qr.com/it/informativa-sulla-privacy
https://createmy-qr.com/ja/puraibasi-porisi
https://createmy-qr.com/ko/gaein-jeongbo-boho-jeongcaeg
https://createmy-qr.com/ms/dasar-privasi
https://createmy-qr.com/nl/privacybeleid
https://createmy-qr.com/no/personvernerklaering
https://createmy-qr.com/pl/polityka-prywatnosci
https://createmy-qr.com/privacy
https://createmy-qr.com/privacy
https://createmy-qr.com/pt/politica-de-privacidade
https://createmy-qr.com/ro/politica-de-confidentialitate
https://createmy-qr.com/ru/politika-konfidencialnosti
https://createmy-qr.com/sv/sekretesspolicy
https://createmy-qr.com/th/noybaaykhwaamepnswntaw
https://createmy-qr.com/tl/patakaran-sa-privacy
https://createmy-qr.com/tr/gizlilik-politikasi
https://createmy-qr.com/uk/politika-konfidenciynosti
https://createmy-qr.com/vi/chinh-sach-bao-mat
https://createmy-qr.com/zh/yin-si-zheng-ce","200
200
200
200
200
200
200
200
200
200
200
200
200
200
200
200
200
200
200
200
200
200
200
200
200
200
200
200
200
200
200",Some pages don't include hreflang links to all the other pages of the group,11074429451265500583,28,91
21,https://createmy-qr.com/cs/o-nas,"Zdarma Online Generátor QR Kódů - CreateMy-QR (No Signup) | O nás
types.about generátor QR kódu – zdarma a na míru | CreateMy-QR
O nás | CreateMy-QR",text/html; charset=utf-8,false,200,0,true,"https://createmy-qr.com/about
https://createmy-qr.com/about
https://createmy-qr.com/ar/mn-nhn
https://createmy-qr.com/bn/aamaader-smprke
https://createmy-qr.com/cs/o-nas
https://createmy-qr.com/da/om-os
https://createmy-qr.com/de/uber-uns
https://createmy-qr.com/el/shetika-me-emas
https://createmy-qr.com/es/sobre-nosotros
https://createmy-qr.com/fi/meista
https://createmy-qr.com/fr/a-propos-de-nous
https://createmy-qr.com/hi/hmaare-baare-men
https://createmy-qr.com/hu/rolunk
https://createmy-qr.com/id/tentang-kami
https://createmy-qr.com/it/chi-siamo
https://createmy-qr.com/ja/si-tatinituite
https://createmy-qr.com/ko/hoesa-sogae
https://createmy-qr.com/ms/mengenai-kami
https://createmy-qr.com/nl/over-ons
https://createmy-qr.com/no/om-oss
https://createmy-qr.com/pl/o-nas
https://createmy-qr.com/pt/sobre-nos
https://createmy-qr.com/ro/despre-noi
https://createmy-qr.com/ru/o-nas
https://createmy-qr.com/sv/om-oss
https://createmy-qr.com/th/ekiiywkaberaa
https://createmy-qr.com/tl/tungkol-sa-amin
https://createmy-qr.com/tr/hakkimizda
https://createmy-qr.com/uk/pro-nas
https://createmy-qr.com/vi/ve-chung-toi
https://createmy-qr.com/zh/guan-yu-wo-men","200
200
200
200
200
200
200
200
200
200
200
200
200
200
200
200
200
200
200
200
200
200
200
200
200
200
200
200
200
200
200",Some pages don't include hreflang links to all the other pages of the group,1484275197122503531,28,91
21,https://createmy-qr.com/fi/ilmainen-qr-koodigeneraattori-netissa,"Ilmainen viivakoodigeneraattori verkossa - Luo 1D-viivakoodeja
types.barcode QR-koodigeneraattori - ilmainen ja räätälöity | CreateMy-QR
barcode - Ilmainen QR-koodigeneraattori Netissä - CreateMy-QR",text/html; charset=utf-8,false,200,0,true,"https://createmy-qr.com/ar/mwld-rmz-lstjb-lsryaa-mjny
https://createmy-qr.com/barcode-generator
https://createmy-qr.com/barcode-generator
https://createmy-qr.com/bn/phri-anlaain-kiuaar-kodd-jenaarettr
https://createmy-qr.com/cs/zdarma-online-generator-qr-kodu
https://createmy-qr.com/da/gratis-qr-kode-generator-online
https://createmy-qr.com/de/kostenloser-qr-code-generator-online
https://createmy-qr.com/el/dorean-dimioyrgia-qr-code-online
https://createmy-qr.com/es/generador-de-codigos-qr-gratis-online
https://createmy-qr.com/fi/ilmainen-qr-koodigeneraattori-netissa
https://createmy-qr.com/fr/generateur-de-code-qr-gratuit-en-ligne
https://createmy-qr.com/hi/muph-t-onnlaain-kyuuaar-kodd-jnrettr
https://createmy-qr.com/hu/ingyenes-online-qr-kod-generator
https://createmy-qr.com/id/generator-qr-code-gratis-online
https://createmy-qr.com/it/generatore-di-codici-qr-gratis-online
https://createmy-qr.com/ja/wu-liao-qrkodozuo-cheng-zienereta
https://createmy-qr.com/ko/muryo-onrain-qr-kodeu-saengseonggi
https://createmy-qr.com/ms/penjana-kod-qr-percuma-dalam-talian
https://createmy-qr.com/nl/gratis-qr-code-generator-online
https://createmy-qr.com/no/gratis-qr-kode-generator-online
https://createmy-qr.com/pl/darmowy-generator-kodow-qr-online
https://createmy-qr.com/pt/gerador-de-codigo-qr-gratis-online
https://createmy-qr.com/ro/generator-de-coduri-qr-gratuit-online
https://createmy-qr.com/ru/besplatnyy-generator-qr-kodov-onlayn
https://createmy-qr.com/sv/gratis-qr-kod-generator-online
https://createmy-qr.com/th/ekhruue-ngmuue-sraangkhiw-aarokhd-nailnfrii
https://createmy-qr.com/tl/libreng-online-qr-code-generator
https://createmy-qr.com/tr/ucretsiz-cevrimici-qr-kod-olusturucu
https://createmy-qr.com/uk/bezkoshtovniy-generator-qr-kodiv-onlayn
https://createmy-qr.com/vi/tao-ma-qr-mien-phi-truc-tuyen
https://createmy-qr.com/zh/mian-fei-zai-xian-er-wei-ma-sheng-cheng-qi","200
200
200
200
200
200
200
200
200
200
200
200
200
200
200
200
200
200
200
200
200
200
200
200
200
200
200
200
200
200
200",Some pages don't include hreflang links to all the other pages of the group,8617637658849271563,28,91
21,https://createmy-qr.com/vi/ve-chung-toi,"Tạo Mã QR Miễn Phí Trực Tuyến - CreateMy-QR (No Signup) | Về chúng tôi
Trình tạo mã QR types.about - Miễn phí & Tùy chỉnh | CreateMy-QR
Về chúng tôi | CreateMy-QR",text/html; charset=utf-8,false,200,0,true,"https://createmy-qr.com/about
https://createmy-qr.com/about
https://createmy-qr.com/ar/mn-nhn
https://createmy-qr.com/bn/aamaader-smprke
https://createmy-qr.com/cs/o-nas
https://createmy-qr.com/da/om-os
https://createmy-qr.com/de/uber-uns
https://createmy-qr.com/el/shetika-me-emas
https://createmy-qr.com/es/sobre-nosotros
https://createmy-qr.com/fi/meista
https://createmy-qr.com/fr/a-propos-de-nous
https://createmy-qr.com/hi/hmaare-baare-men
https://createmy-qr.com/hu/rolunk
https://createmy-qr.com/id/tentang-kami
https://createmy-qr.com/it/chi-siamo
https://createmy-qr.com/ja/si-tatinituite
https://createmy-qr.com/ko/hoesa-sogae
https://createmy-qr.com/ms/mengenai-kami
https://createmy-qr.com/nl/over-ons
https://createmy-qr.com/no/om-oss
https://createmy-qr.com/pl/o-nas
https://createmy-qr.com/pt/sobre-nos
https://createmy-qr.com/ro/despre-noi
https://createmy-qr.com/ru/o-nas
https://createmy-qr.com/sv/om-oss
https://createmy-qr.com/th/ekiiywkaberaa
https://createmy-qr.com/tl/tungkol-sa-amin
https://createmy-qr.com/tr/hakkimizda
https://createmy-qr.com/uk/pro-nas
https://createmy-qr.com/vi/ve-chung-toi
https://createmy-qr.com/zh/guan-yu-wo-men","200
200
200
200
200
200
200
200
200
200
200
200
200
200
200
200
200
200
200
200
200
200
200
200
200
200
200
200
200
200
200",Some pages don't include hreflang links to all the other pages of the group,1484275197122503531,28,91
21,https://createmy-qr.com/pl/skaner-kodow-kreskowych-darmowy-generator-kodow-qr-online,"Bezpłatny skaner kodów kreskowych online — skanuj kody UPC i EAN
Generator kodów QR Skaner kodów kreskowych — bezpłatny i niestandardowy | CreateMy-QR
Skaner kodów kreskowych - Darmowy Generator Kodów QR Online - CreateMy-QR",text/html; charset=utf-8,false,200,0,true,"https://createmy-qr.com/ar/msh-lbrkwd-mwld-rmz-lstjb-lsryaa-mjny
https://createmy-qr.com/bn/baarkodd-skyaanaar-phri-anlaain-kiuaar-kodd-jenaarettr
https://createmy-qr.com/cs/skener-carovych-kodu-zdarma-online-generator-qr-kodu
https://createmy-qr.com/da/stregkodescanner-gratis-qr-kode-generator-online
https://createmy-qr.com/de/barcode-scanner-kostenloser-qr-code-generator-online
https://createmy-qr.com/el/barcode-scanner-dorean-dimioyrgia-qr-code-online
https://createmy-qr.com/es/escaner-de-codigo-de-barras-generador-de-codigos-qr-gratis-online
https://createmy-qr.com/fi/viivakoodinlukija-ilmainen-qr-koodigeneraattori-netissa
https://createmy-qr.com/fr/lecteur-de-codes-a-barres-generateur-de-code-qr-gratuit-en-ligne
https://createmy-qr.com/hi/baarkodd-skainr-muph-t-onnlaain-kyuuaar-kodd-jnrettr
https://createmy-qr.com/hu/ingyenes-online-qr-kod-generator-3
https://createmy-qr.com/id/pemindai-kode-batang-generator-qr-code-gratis-online
https://createmy-qr.com/it/lettore-di-codici-a-barre-generatore-di-codici-qr-gratis-online
https://createmy-qr.com/ja/bakodosukiyana-wu-liao-qrkodozuo-cheng-zienereta
https://createmy-qr.com/ko/bakodeu-seukaeneo-muryo-onrain-qr-kodeu-saengseonggi
https://createmy-qr.com/ms/pengimbas-kod-bar-penjana-kod-qr-percuma-dalam-talian
https://createmy-qr.com/nl/barcodescanner-gratis-qr-code-generator-online
https://createmy-qr.com/no/strekkodeskanner-gratis-qr-kode-generator-online
https://createmy-qr.com/pl/skaner-kodow-kreskowych-darmowy-generator-kodow-qr-online
https://createmy-qr.com/pt/leitor-de-codigo-de-barras-gerador-de-codigo-qr-gratis-online
https://createmy-qr.com/ro/generator-de-coduri-qr-gratuit-online-3
https://createmy-qr.com/ru/skaner-shtrih-koda-besplatnyy-generator-qr-kodov-onlayn
https://createmy-qr.com/scan-barcode
https://createmy-qr.com/scan-barcode
https://createmy-qr.com/sv/streckkodslasare-gratis-qr-kod-generator-online
https://createmy-qr.com/th/ekhruue-ngsaeknbaarokhd-ekhruue-ngmuue-sraangkhiw-aarokhd-nailnfrii
https://createmy-qr.com/tl/barcode-scanner-libreng-online-qr-code-generator
https://createmy-qr.com/tr/barkod-tarayici-ucretsiz-cevrimici-qr-kod-olusturucu
https://createmy-qr.com/uk/skaner-shtrih-kodiv-bezkoshtovniy-generator-qr-kodiv-onlayn
https://createmy-qr.com/vi/may-quet-ma-vach-tao-ma-qr-mien-phi-truc-tuyen
https://createmy-qr.com/zh/tiao-ma-sao-miao-yi-mian-fei-zai-xian-er-wei-ma-sheng-cheng-qi","200
200
200
200
200
200
200
200
200
200
200
200
200
200
200
200
200
200
200
200
200
200
200
200
200
200
200
200
200
200
200",Some pages don't include hreflang links to all the other pages of the group,14730038909064693129,28,91
21,https://createmy-qr.com/uk/politika-konfidenciynosti,"Безкоштовний Генератор QR-кодів Онлайн - CreateMy-QR (No Signup) | Політика конфіденційності
Генератор QR-коду types.privacy – безкоштовний і користувацький | CreateMy-QR
Політика конфіденційності | CreateMy-QR",text/html; charset=utf-8,false,200,0,true,"https://createmy-qr.com/ar/sys-lkhswsy
https://createmy-qr.com/bn/gopniiy-taa-niiti
https://createmy-qr.com/cs/zasady-ochrany-osobnich-udaju
https://createmy-qr.com/da/privatlivspolitik
https://createmy-qr.com/de/datenschutzrichtlinie
https://createmy-qr.com/el/politiki-aporritoy
https://createmy-qr.com/es/politica-de-privacidad
https://createmy-qr.com/fi/tietosuojakaytanto
https://createmy-qr.com/fr/politique-de-confidentialite
https://createmy-qr.com/hi/gopniiytaa-niiti
https://createmy-qr.com/hu/adatvedelmi-szabalyzat
https://createmy-qr.com/id/kebijakan-privasi
https://createmy-qr.com/it/informativa-sulla-privacy
https://createmy-qr.com/ja/puraibasi-porisi
https://createmy-qr.com/ko/gaein-jeongbo-boho-jeongcaeg
https://createmy-qr.com/ms/dasar-privasi
https://createmy-qr.com/nl/privacybeleid
https://createmy-qr.com/no/personvernerklaering
https://createmy-qr.com/pl/polityka-prywatnosci
https://createmy-qr.com/privacy
https://createmy-qr.com/privacy
https://createmy-qr.com/pt/politica-de-privacidade
https://createmy-qr.com/ro/politica-de-confidentialitate
https://createmy-qr.com/ru/politika-konfidencialnosti
https://createmy-qr.com/sv/sekretesspolicy
https://createmy-qr.com/th/noybaaykhwaamepnswntaw
https://createmy-qr.com/tl/patakaran-sa-privacy
https://createmy-qr.com/tr/gizlilik-politikasi
https://createmy-qr.com/uk/politika-konfidenciynosti
https://createmy-qr.com/vi/chinh-sach-bao-mat
https://createmy-qr.com/zh/yin-si-zheng-ce","200
200
200
200
200
200
200
200
200
200
200
200
200
200
200
200
200
200
200
200
200
200
200
200
200
200
200
200
200
200
200",Some pages don't include hreflang links to all the other pages of the group,11074429451265500583,28,91
21,https://createmy-qr.com/sv/om-oss,"Gratis QR-kod Generator Online - CreateMy-QR (No Signup) | Om oss
types.about QR Code Generator - Gratis & anpassad | CreateMy-QR
Om oss | CreateMy-QR",text/html; charset=utf-8,false,200,0,true,"https://createmy-qr.com/about
https://createmy-qr.com/about
https://createmy-qr.com/ar/mn-nhn
https://createmy-qr.com/bn/aamaader-smprke
https://createmy-qr.com/cs/o-nas
https://createmy-qr.com/da/om-os
https://createmy-qr.com/de/uber-uns
https://createmy-qr.com/el/shetika-me-emas
https://createmy-qr.com/es/sobre-nosotros
https://createmy-qr.com/fi/meista
https://createmy-qr.com/fr/a-propos-de-nous
https://createmy-qr.com/hi/hmaare-baare-men
https://createmy-qr.com/hu/rolunk
https://createmy-qr.com/id/tentang-kami
https://createmy-qr.com/it/chi-siamo
https://createmy-qr.com/ja/si-tatinituite
https://createmy-qr.com/ko/hoesa-sogae
https://createmy-qr.com/ms/mengenai-kami
https://createmy-qr.com/nl/over-ons
https://createmy-qr.com/no/om-oss
https://createmy-qr.com/pl/o-nas
https://createmy-qr.com/pt/sobre-nos
https://createmy-qr.com/ro/despre-noi
https://createmy-qr.com/ru/o-nas
https://createmy-qr.com/sv/om-oss
https://createmy-qr.com/th/ekiiywkaberaa
https://createmy-qr.com/tl/tungkol-sa-amin
https://createmy-qr.com/tr/hakkimizda
https://createmy-qr.com/uk/pro-nas
https://createmy-qr.com/vi/ve-chung-toi
https://createmy-qr.com/zh/guan-yu-wo-men","200
200
200
200
200
200
200
200
200
200
200
200
200
200
200
200
200
200
200
200
200
200
200
200
200
200
200
200
200
200
200",Some pages don't include hreflang links to all the other pages of the group,1484275197122503531,28,91
21,https://createmy-qr.com/ar/dwt-lmqrn,"مولد رمز الاستجابة السريعة مجاني - CreateMy-QR (No Signup) | أدوات المقارنة
types.compare QR Code Generator - مجاني ومخصص | CreateMy-QR
أدوات المقارنة | CreateMy-QR",text/html; charset=utf-8,false,200,0,true,"https://createmy-qr.com/ar/dwt-lmqrn
https://createmy-qr.com/bn/ttul-tulnaa-krun
https://createmy-qr.com/compare
https://createmy-qr.com/compare
https://createmy-qr.com/cs/nastroje-pro-porovnani
https://createmy-qr.com/da/sammenlign-vaerktojer
https://createmy-qr.com/de/tools-vergleichen
https://createmy-qr.com/el/ergaleia-sygkrisis
https://createmy-qr.com/es/comparar-herramientas
https://createmy-qr.com/fi/vertaa-tyokaluja
https://createmy-qr.com/fr/comparer-les-outils
https://createmy-qr.com/hi/ttuuls-kii-tulnaa-kren
https://createmy-qr.com/hu/eszkozok-osszehasonlitasa
https://createmy-qr.com/id/bandingkan-alat
https://createmy-qr.com/it/confronta-strumenti
https://createmy-qr.com/ja/bi-jiao-turu
https://createmy-qr.com/ko/dogu-bigyo
https://createmy-qr.com/ms/bandingkan-alat
https://createmy-qr.com/nl/hulpmiddelen-vergelijken
https://createmy-qr.com/no/sammenlign-verktoy
https://createmy-qr.com/pl/porownaj-narzedzia
https://createmy-qr.com/pt/comparar-ferramentas
https://createmy-qr.com/ro/instrumente-de-comparare
https://createmy-qr.com/ru/sravnit-instrumenty
https://createmy-qr.com/sv/jamfor-verktyg
https://createmy-qr.com/th/epriiybethiiybekhruue-ngmuue
https://createmy-qr.com/tl/paghambingin-ang-mga-tool
https://createmy-qr.com/tr/araclari-karsilastir
https://createmy-qr.com/uk/instrumenti-porivnyannya
https://createmy-qr.com/vi/cong-cu-so-sanh
https://createmy-qr.com/zh/bi-jiao-gong-ju","200
200
200
200
200
200
200
200
200
200
200
200
200
200
200
200
200
200
200
200
200
200
200
200
200
200
200
200
200
200
200",Some pages don't include hreflang links to all the other pages of the group,625790584758697065,28,91
21,https://createmy-qr.com/es/politica-de-privacidad,"Generador de Códigos QR Gratis Online - CreateMy-QR (No Signup) | Política de privacidad
Generador de códigos QR types.privacy: gratuito y personalizado | CreateMy-QR
Política de privacidad | CreateMy-QR",text/html; charset=utf-8,false,200,0,true,"https://createmy-qr.com/ar/sys-lkhswsy
https://createmy-qr.com/bn/gopniiy-taa-niiti
https://createmy-qr.com/cs/zasady-ochrany-osobnich-udaju
https://createmy-qr.com/da/privatlivspolitik
https://createmy-qr.com/de/datenschutzrichtlinie
https://createmy-qr.com/el/politiki-aporritoy
https://createmy-qr.com/es/politica-de-privacidad
https://createmy-qr.com/fi/tietosuojakaytanto
https://createmy-qr.com/fr/politique-de-confidentialite
https://createmy-qr.com/hi/gopniiytaa-niiti
https://createmy-qr.com/hu/adatvedelmi-szabalyzat
https://createmy-qr.com/id/kebijakan-privasi
https://createmy-qr.com/it/informativa-sulla-privacy
https://createmy-qr.com/ja/puraibasi-porisi
https://createmy-qr.com/ko/gaein-jeongbo-boho-jeongcaeg
https://createmy-qr.com/ms/dasar-privasi
https://createmy-qr.com/nl/privacybeleid
https://createmy-qr.com/no/personvernerklaering
https://createmy-qr.com/pl/polityka-prywatnosci
https://createmy-qr.com/privacy
https://createmy-qr.com/privacy
https://createmy-qr.com/pt/politica-de-privacidade
https://createmy-qr.com/ro/politica-de-confidentialitate
https://createmy-qr.com/ru/politika-konfidencialnosti
https://createmy-qr.com/sv/sekretesspolicy
https://createmy-qr.com/th/noybaaykhwaamepnswntaw
https://createmy-qr.com/tl/patakaran-sa-privacy
https://createmy-qr.com/tr/gizlilik-politikasi
https://createmy-qr.com/uk/politika-konfidenciynosti
https://createmy-qr.com/vi/chinh-sach-bao-mat
https://createmy-qr.com/zh/yin-si-zheng-ce","200
200
200
200
200
200
200
200
200
200
200
200
200
200
200
200
200
200
200
200
200
200
200
200
200
200
200
200
200
200
200",Some pages don't include hreflang links to all the other pages of the group,11074429451265500583,28,91
21,https://createmy-qr.com/zh/fu-wu-tiao-kuan,"免费在线二维码生成器 - CreateMy-QR (No Signup) | 服务条款
types.terms QR 代码生成器 - 免费和自定义 | CreateMy-QR
服务条款 | CreateMy-QR",text/html; charset=utf-8,false,200,0,true,"https://createmy-qr.com/ar/shrwt-lkhdm
https://createmy-qr.com/bn/prissebaar-shrtaablii
https://createmy-qr.com/cs/podminky-sluzby
https://createmy-qr.com/da/servicevilkar
https://createmy-qr.com/de/nutzungsbedingungen
https://createmy-qr.com/el/oroi-parohis-ypiresion
https://createmy-qr.com/es/terminos-de-servicio
https://createmy-qr.com/fi/palveluehdot
https://createmy-qr.com/fr/conditions-d-utilisation
https://createmy-qr.com/hi/sevaa-kii-shrten
https://createmy-qr.com/hu/szolgaltatasi-feltetelek
https://createmy-qr.com/id/ketentuan-layanan
https://createmy-qr.com/it/termini-di-servizio
https://createmy-qr.com/ja/li-yong-gui-yue
https://createmy-qr.com/ko/seobiseu-yaggwan
https://createmy-qr.com/ms/syarat-perkhidmatan
https://createmy-qr.com/nl/servicevoorwaarden
https://createmy-qr.com/no/vilkar-for-bruk
https://createmy-qr.com/pl/warunki-swiadczenia-uslug
https://createmy-qr.com/pt/termos-de-servico
https://createmy-qr.com/ro/termeni-si-conditii
https://createmy-qr.com/ru/usloviya-obsluzhivaniya
https://createmy-qr.com/sv/anvandarvillkor
https://createmy-qr.com/terms
https://createmy-qr.com/terms
https://createmy-qr.com/th/kh-kamhndainkaaraihbrikaar
https://createmy-qr.com/tl/mga-tuntunin-ng-serbisyo
https://createmy-qr.com/tr/hizmet-sartlari
https://createmy-qr.com/uk/umovi-nadannya-poslug
https://createmy-qr.com/vi/dieu-khoan-dich-vu
https://createmy-qr.com/zh/fu-wu-tiao-kuan","200
200
200
200
200
200
200
200
200
200
200
200
200
200
200
200
200
200
200
200
200
200
200
200
200
200
200
200
200
200
200",Some pages don't include hreflang links to all the other pages of the group,11872068519236183580,28,91
21,https://createmy-qr.com/th/kh-kamhndainkaaraihbrikaar,"เครื่องมือสร้างคิวอาร์โค้ดออนไลน์ฟรี - CreateMy-QR (No Signup) | ข้อกำหนดในการให้บริการ
types.terms เครื่องสร้างโค้ด QR - ฟรีและกำหนดเอง | CreateMy-QR
ข้อกำหนดในการให้บริการ | CreateMy-QR",text/html; charset=utf-8,false,200,0,true,"https://createmy-qr.com/ar/shrwt-lkhdm
https://createmy-qr.com/bn/prissebaar-shrtaablii
https://createmy-qr.com/cs/podminky-sluzby
https://createmy-qr.com/da/servicevilkar
https://createmy-qr.com/de/nutzungsbedingungen
https://createmy-qr.com/el/oroi-parohis-ypiresion
https://createmy-qr.com/es/terminos-de-servicio
https://createmy-qr.com/fi/palveluehdot
https://createmy-qr.com/fr/conditions-d-utilisation
https://createmy-qr.com/hi/sevaa-kii-shrten
https://createmy-qr.com/hu/szolgaltatasi-feltetelek
https://createmy-qr.com/id/ketentuan-layanan
https://createmy-qr.com/it/termini-di-servizio
https://createmy-qr.com/ja/li-yong-gui-yue
https://createmy-qr.com/ko/seobiseu-yaggwan
https://createmy-qr.com/ms/syarat-perkhidmatan
https://createmy-qr.com/nl/servicevoorwaarden
https://createmy-qr.com/no/vilkar-for-bruk
https://createmy-qr.com/pl/warunki-swiadczenia-uslug
https://createmy-qr.com/pt/termos-de-servico
https://createmy-qr.com/ro/termeni-si-conditii
https://createmy-qr.com/ru/usloviya-obsluzhivaniya
https://createmy-qr.com/sv/anvandarvillkor
https://createmy-qr.com/terms
https://createmy-qr.com/terms
https://createmy-qr.com/th/kh-kamhndainkaaraihbrikaar
https://createmy-qr.com/tl/mga-tuntunin-ng-serbisyo
https://createmy-qr.com/tr/hizmet-sartlari
https://createmy-qr.com/uk/umovi-nadannya-poslug
https://createmy-qr.com/vi/dieu-khoan-dich-vu
https://createmy-qr.com/zh/fu-wu-tiao-kuan","200
200
200
200
200
200
200
200
200
200
200
200
200
200
200
200
200
200
200
200
200
200
200
200
200
200
200
200
200
200
200",Some pages don't include hreflang links to all the other pages of the group,11872068519236183580,28,91
21,https://createmy-qr.com/tl/libreng-online-qr-code-generator,"Libreng Barcode Generator Online - Lumikha ng 1D Barcodes
types.barcode QR Code Generator - Libre at Custom | CreateMy-QR
barcode - Libreng Online QR Code Generator - CreateMy-QR",text/html; charset=utf-8,false,200,0,true,"https://createmy-qr.com/ar/mwld-rmz-lstjb-lsryaa-mjny
https://createmy-qr.com/barcode-generator
https://createmy-qr.com/barcode-generator
https://createmy-qr.com/bn/phri-anlaain-kiuaar-kodd-jenaarettr
https://createmy-qr.com/cs/zdarma-online-generator-qr-kodu
https://createmy-qr.com/da/gratis-qr-kode-generator-online
https://createmy-qr.com/de/kostenloser-qr-code-generator-online
https://createmy-qr.com/el/dorean-dimioyrgia-qr-code-online
https://createmy-qr.com/es/generador-de-codigos-qr-gratis-online
https://createmy-qr.com/fi/ilmainen-qr-koodigeneraattori-netissa
https://createmy-qr.com/fr/generateur-de-code-qr-gratuit-en-ligne
https://createmy-qr.com/hi/muph-t-onnlaain-kyuuaar-kodd-jnrettr
https://createmy-qr.com/hu/ingyenes-online-qr-kod-generator
https://createmy-qr.com/id/generator-qr-code-gratis-online
https://createmy-qr.com/it/generatore-di-codici-qr-gratis-online
https://createmy-qr.com/ja/wu-liao-qrkodozuo-cheng-zienereta
https://createmy-qr.com/ko/muryo-onrain-qr-kodeu-saengseonggi
https://createmy-qr.com/ms/penjana-kod-qr-percuma-dalam-talian
https://createmy-qr.com/nl/gratis-qr-code-generator-online
https://createmy-qr.com/no/gratis-qr-kode-generator-online
https://createmy-qr.com/pl/darmowy-generator-kodow-qr-online
https://createmy-qr.com/pt/gerador-de-codigo-qr-gratis-online
https://createmy-qr.com/ro/generator-de-coduri-qr-gratuit-online
https://createmy-qr.com/ru/besplatnyy-generator-qr-kodov-onlayn
https://createmy-qr.com/sv/gratis-qr-kod-generator-online
https://createmy-qr.com/th/ekhruue-ngmuue-sraangkhiw-aarokhd-nailnfrii
https://createmy-qr.com/tl/libreng-online-qr-code-generator
https://createmy-qr.com/tr/ucretsiz-cevrimici-qr-kod-olusturucu
https://createmy-qr.com/uk/bezkoshtovniy-generator-qr-kodiv-onlayn
https://createmy-qr.com/vi/tao-ma-qr-mien-phi-truc-tuyen
https://createmy-qr.com/zh/mian-fei-zai-xian-er-wei-ma-sheng-cheng-qi","200
200
200
200
200
200
200
200
200
200
200
200
200
200
200
200
200
200
200
200
200
200
200
200
200
200
200
200
200
200
200",Some pages don't include hreflang links to all the other pages of the group,8617637658849271563,28,91
21,https://createmy-qr.com/ar/mwld-rmz-lstjb-lsryaa-mjny-2,"ماسح رمز QR المجاني عبر الإنترنت - مسح QR على الفور
types.scanqr QR Code Generator - مجاني ومخصص | CreateMy-QR
scanqr - مولد رمز الاستجابة السريعة مجاني - CreateMy-QR",text/html; charset=utf-8,false,200,0,true,"https://createmy-qr.com/ar/mwld-rmz-lstjb-lsryaa-mjny-2
https://createmy-qr.com/bn/phri-anlaain-kiuaar-kodd-jenaarettr-2
https://createmy-qr.com/cs/zdarma-online-generator-qr-kodu-2
https://createmy-qr.com/da/gratis-qr-kode-generator-online-2
https://createmy-qr.com/de/kostenloser-qr-code-generator-online-2
https://createmy-qr.com/el/dorean-dimioyrgia-qr-code-online-2
https://createmy-qr.com/es/generador-de-codigos-qr-gratis-online-2
https://createmy-qr.com/fi/ilmainen-qr-koodigeneraattori-netissa-2
https://createmy-qr.com/fr/generateur-de-code-qr-gratuit-en-ligne-2
https://createmy-qr.com/hi/muph-t-onnlaain-kyuuaar-kodd-jnrettr-2
https://createmy-qr.com/hu/ingyenes-online-qr-kod-generator-2
https://createmy-qr.com/id/generator-qr-code-gratis-online-2
https://createmy-qr.com/it/generatore-di-codici-qr-gratis-online-2
https://createmy-qr.com/ja/wu-liao-qrkodozuo-cheng-zienereta-2
https://createmy-qr.com/ko/muryo-onrain-qr-kodeu-saengseonggi-2
https://createmy-qr.com/ms/penjana-kod-qr-percuma-dalam-talian-2
https://createmy-qr.com/nl/gratis-qr-code-generator-online-2
https://createmy-qr.com/no/gratis-qr-kode-generator-online-2
https://createmy-qr.com/pl/darmowy-generator-kodow-qr-online-2
https://createmy-qr.com/pt/gerador-de-codigo-qr-gratis-online-2
https://createmy-qr.com/ro/generator-de-coduri-qr-gratuit-online-2
https://createmy-qr.com/ru/besplatnyy-generator-qr-kodov-onlayn-2
https://createmy-qr.com/scan-qr
https://createmy-qr.com/scan-qr
https://createmy-qr.com/sv/gratis-qr-kod-generator-online-2
https://createmy-qr.com/th/ekhruue-ngmuue-sraangkhiw-aarokhd-nailnfrii-2
https://createmy-qr.com/tl/libreng-online-qr-code-generator-2
https://createmy-qr.com/tr/ucretsiz-cevrimici-qr-kod-olusturucu-2
https://createmy-qr.com/uk/bezkoshtovniy-generator-qr-kodiv-onlayn-2
https://createmy-qr.com/vi/tao-ma-qr-mien-phi-truc-tuyen-2
https://createmy-qr.com/zh/mian-fei-zai-xian-er-wei-ma-sheng-cheng-qi-2","200
200
200
200
200
200
200
200
200
200
200
200
200
200
200
200
200
200
200
200
200
200
200
200
200
200
200
200
200
200
200",Some pages don't include hreflang links to all the other pages of the group,5057633309447319644,28,91
21,https://createmy-qr.com/bn/ttul-tulnaa-krun,"ফ্রি অনলাইন কিউআর কোড জেনারেটর - CreateMy-QR (No Signup) | টুল তুলনা করুন
types.compare QR কোড জেনারেটর - বিনামূল্যে এবং কাস্টম | CreateMy-QR
টুল তুলনা করুন | CreateMy-QR",text/html; charset=utf-8,false,200,0,true,"https://createmy-qr.com/ar/dwt-lmqrn
https://createmy-qr.com/bn/ttul-tulnaa-krun
https://createmy-qr.com/compare
https://createmy-qr.com/compare
https://createmy-qr.com/cs/nastroje-pro-porovnani
https://createmy-qr.com/da/sammenlign-vaerktojer
https://createmy-qr.com/de/tools-vergleichen
https://createmy-qr.com/el/ergaleia-sygkrisis
https://createmy-qr.com/es/comparar-herramientas
https://createmy-qr.com/fi/vertaa-tyokaluja
https://createmy-qr.com/fr/comparer-les-outils
https://createmy-qr.com/hi/ttuuls-kii-tulnaa-kren
https://createmy-qr.com/hu/eszkozok-osszehasonlitasa
https://createmy-qr.com/id/bandingkan-alat
https://createmy-qr.com/it/confronta-strumenti
https://createmy-qr.com/ja/bi-jiao-turu
https://createmy-qr.com/ko/dogu-bigyo
https://createmy-qr.com/ms/bandingkan-alat
https://createmy-qr.com/nl/hulpmiddelen-vergelijken
https://createmy-qr.com/no/sammenlign-verktoy
https://createmy-qr.com/pl/porownaj-narzedzia
https://createmy-qr.com/pt/comparar-ferramentas
https://createmy-qr.com/ro/instrumente-de-comparare
https://createmy-qr.com/ru/sravnit-instrumenty
https://createmy-qr.com/sv/jamfor-verktyg
https://createmy-qr.com/th/epriiybethiiybekhruue-ngmuue
https://createmy-qr.com/tl/paghambingin-ang-mga-tool
https://createmy-qr.com/tr/araclari-karsilastir
https://createmy-qr.com/uk/instrumenti-porivnyannya
https://createmy-qr.com/vi/cong-cu-so-sanh
https://createmy-qr.com/zh/bi-jiao-gong-ju","200
200
200
200
200
200
200
200
200
200
200
200
200
200
200
200
200
200
200
200
200
200
200
200
200
200
200
200
200
200
200",Some pages don't include hreflang links to all the other pages of the group,625790584758697065,28,91
21,https://createmy-qr.com/cs/zdarma-online-generator-qr-kodu,"Bezplatný generátor čárových kódů online - Vytvořte 1D čárové kódy
types.barcode generátor QR kódu – zdarma a na míru | CreateMy-QR
barcode - Zdarma Online Generátor QR Kódů - CreateMy-QR",text/html; charset=utf-8,false,200,0,true,"https://createmy-qr.com/ar/mwld-rmz-lstjb-lsryaa-mjny
https://createmy-qr.com/barcode-generator
https://createmy-qr.com/barcode-generator
https://createmy-qr.com/bn/phri-anlaain-kiuaar-kodd-jenaarettr
https://createmy-qr.com/cs/zdarma-online-generator-qr-kodu
https://createmy-qr.com/da/gratis-qr-kode-generator-online
https://createmy-qr.com/de/kostenloser-qr-code-generator-online
https://createmy-qr.com/el/dorean-dimioyrgia-qr-code-online
https://createmy-qr.com/es/generador-de-codigos-qr-gratis-online
https://createmy-qr.com/fi/ilmainen-qr-koodigeneraattori-netissa
https://createmy-qr.com/fr/generateur-de-code-qr-gratuit-en-ligne
https://createmy-qr.com/hi/muph-t-onnlaain-kyuuaar-kodd-jnrettr
https://createmy-qr.com/hu/ingyenes-online-qr-kod-generator
https://createmy-qr.com/id/generator-qr-code-gratis-online
https://createmy-qr.com/it/generatore-di-codici-qr-gratis-online
https://createmy-qr.com/ja/wu-liao-qrkodozuo-cheng-zienereta
https://createmy-qr.com/ko/muryo-onrain-qr-kodeu-saengseonggi
https://createmy-qr.com/ms/penjana-kod-qr-percuma-dalam-talian
https://createmy-qr.com/nl/gratis-qr-code-generator-online
https://createmy-qr.com/no/gratis-qr-kode-generator-online
https://createmy-qr.com/pl/darmowy-generator-kodow-qr-online
https://createmy-qr.com/pt/gerador-de-codigo-qr-gratis-online
https://createmy-qr.com/ro/generator-de-coduri-qr-gratuit-online
https://createmy-qr.com/ru/besplatnyy-generator-qr-kodov-onlayn
https://createmy-qr.com/sv/gratis-qr-kod-generator-online
https://createmy-qr.com/th/ekhruue-ngmuue-sraangkhiw-aarokhd-nailnfrii
https://createmy-qr.com/tl/libreng-online-qr-code-generator
https://createmy-qr.com/tr/ucretsiz-cevrimici-qr-kod-olusturucu
https://createmy-qr.com/uk/bezkoshtovniy-generator-qr-kodiv-onlayn
https://createmy-qr.com/vi/tao-ma-qr-mien-phi-truc-tuyen
https://createmy-qr.com/zh/mian-fei-zai-xian-er-wei-ma-sheng-cheng-qi","200
200
200
200
200
200
200
200
200
200
200
200
200
200
200
200
200
200
200
200
200
200
200
200
200
200
200
200
200
200
200",Some pages don't include hreflang links to all the other pages of the group,8617637658849271563,28,91
21,https://createmy-qr.com/it/confronta-strumenti,"Generatore di Codici QR Gratis Online - CreateMy-QR (No Signup) | Confronta strumenti
Generatore di codici QR types.compare - Gratuito e personalizzato | CreateMy-QR
Confronta strumenti | CreateMy-QR",text/html; charset=utf-8,false,200,0,true,"https://createmy-qr.com/ar/dwt-lmqrn
https://createmy-qr.com/bn/ttul-tulnaa-krun
https://createmy-qr.com/compare
https://createmy-qr.com/compare
https://createmy-qr.com/cs/nastroje-pro-porovnani
https://createmy-qr.com/da/sammenlign-vaerktojer
https://createmy-qr.com/de/tools-vergleichen
https://createmy-qr.com/el/ergaleia-sygkrisis
https://createmy-qr.com/es/comparar-herramientas
https://createmy-qr.com/fi/vertaa-tyokaluja
https://createmy-qr.com/fr/comparer-les-outils
https://createmy-qr.com/hi/ttuuls-kii-tulnaa-kren
https://createmy-qr.com/hu/eszkozok-osszehasonlitasa
https://createmy-qr.com/id/bandingkan-alat
https://createmy-qr.com/it/confronta-strumenti
https://createmy-qr.com/ja/bi-jiao-turu
https://createmy-qr.com/ko/dogu-bigyo
https://createmy-qr.com/ms/bandingkan-alat
https://createmy-qr.com/nl/hulpmiddelen-vergelijken
https://createmy-qr.com/no/sammenlign-verktoy
https://createmy-qr.com/pl/porownaj-narzedzia
https://createmy-qr.com/pt/comparar-ferramentas
https://createmy-qr.com/ro/instrumente-de-comparare
https://createmy-qr.com/ru/sravnit-instrumenty
https://createmy-qr.com/sv/jamfor-verktyg
https://createmy-qr.com/th/epriiybethiiybekhruue-ngmuue
https://createmy-qr.com/tl/paghambingin-ang-mga-tool
https://createmy-qr.com/tr/araclari-karsilastir
https://createmy-qr.com/uk/instrumenti-porivnyannya
https://createmy-qr.com/vi/cong-cu-so-sanh
https://createmy-qr.com/zh/bi-jiao-gong-ju","200
200
200
200
200
200
200
200
200
200
200
200
200
200
200
200
200
200
200
200
200
200
200
200
200
200
200
200
200
200
200",Some pages don't include hreflang links to all the other pages of the group,625790584758697065,28,91
21,https://createmy-qr.com/da/gratis-qr-kode-generator-online,"Gratis stregkodegenerator online - Opret 1D stregkoder
types.barcode QR Code Generator - Gratis og brugerdefineret | CreateMy-QR
barcode - Gratis QR Kode Generator Online - CreateMy-QR",text/html; charset=utf-8,false,200,0,true,"https://createmy-qr.com/ar/mwld-rmz-lstjb-lsryaa-mjny
https://createmy-qr.com/barcode-generator
https://createmy-qr.com/barcode-generator
https://createmy-qr.com/bn/phri-anlaain-kiuaar-kodd-jenaarettr
https://createmy-qr.com/cs/zdarma-online-generator-qr-kodu
https://createmy-qr.com/da/gratis-qr-kode-generator-online
https://createmy-qr.com/de/kostenloser-qr-code-generator-online
https://createmy-qr.com/el/dorean-dimioyrgia-qr-code-online
https://createmy-qr.com/es/generador-de-codigos-qr-gratis-online
https://createmy-qr.com/fi/ilmainen-qr-koodigeneraattori-netissa
https://createmy-qr.com/fr/generateur-de-code-qr-gratuit-en-ligne
https://createmy-qr.com/hi/muph-t-onnlaain-kyuuaar-kodd-jnrettr
https://createmy-qr.com/hu/ingyenes-online-qr-kod-generator
https://createmy-qr.com/id/generator-qr-code-gratis-online
https://createmy-qr.com/it/generatore-di-codici-qr-gratis-online
https://createmy-qr.com/ja/wu-liao-qrkodozuo-cheng-zienereta
https://createmy-qr.com/ko/muryo-onrain-qr-kodeu-saengseonggi
https://createmy-qr.com/ms/penjana-kod-qr-percuma-dalam-talian
https://createmy-qr.com/nl/gratis-qr-code-generator-online
https://createmy-qr.com/no/gratis-qr-kode-generator-online
https://createmy-qr.com/pl/darmowy-generator-kodow-qr-online
https://createmy-qr.com/pt/gerador-de-codigo-qr-gratis-online
https://createmy-qr.com/ro/generator-de-coduri-qr-gratuit-online
https://createmy-qr.com/ru/besplatnyy-generator-qr-kodov-onlayn
https://createmy-qr.com/sv/gratis-qr-kod-generator-online
https://createmy-qr.com/th/ekhruue-ngmuue-sraangkhiw-aarokhd-nailnfrii
https://createmy-qr.com/tl/libreng-online-qr-code-generator
https://createmy-qr.com/tr/ucretsiz-cevrimici-qr-kod-olusturucu
https://createmy-qr.com/uk/bezkoshtovniy-generator-qr-kodiv-onlayn
https://createmy-qr.com/vi/tao-ma-qr-mien-phi-truc-tuyen
https://createmy-qr.com/zh/mian-fei-zai-xian-er-wei-ma-sheng-cheng-qi","200
200
200
200
200
200
200
200
200
200
200
200
200
200
200
200
200
200
200
200
200
200
200
200
200
200
200
200
200
200
200",Some pages don't include hreflang links to all the other pages of the group,8617637658849271563,28,91
21,https://createmy-qr.com/hu/adatvedelmi-szabalyzat,"Ingyenes Online QR-kód Generátor - CreateMy-QR (No Signup) | Adatvédelmi szabályzat
types.privacy QR-kód generátor - ingyenes és egyedi | CreateMy-QR
Adatvédelmi szabályzat | CreateMy-QR",text/html; charset=utf-8,false,200,0,true,"https://createmy-qr.com/ar/sys-lkhswsy
https://createmy-qr.com/bn/gopniiy-taa-niiti
https://createmy-qr.com/cs/zasady-ochrany-osobnich-udaju
https://createmy-qr.com/da/privatlivspolitik
https://createmy-qr.com/de/datenschutzrichtlinie
https://createmy-qr.com/el/politiki-aporritoy
https://createmy-qr.com/es/politica-de-privacidad
https://createmy-qr.com/fi/tietosuojakaytanto
https://createmy-qr.com/fr/politique-de-confidentialite
https://createmy-qr.com/hi/gopniiytaa-niiti
https://createmy-qr.com/hu/adatvedelmi-szabalyzat
https://createmy-qr.com/id/kebijakan-privasi
https://createmy-qr.com/it/informativa-sulla-privacy
https://createmy-qr.com/ja/puraibasi-porisi
https://createmy-qr.com/ko/gaein-jeongbo-boho-jeongcaeg
https://createmy-qr.com/ms/dasar-privasi
https://createmy-qr.com/nl/privacybeleid
https://createmy-qr.com/no/personvernerklaering
https://createmy-qr.com/pl/polityka-prywatnosci
https://createmy-qr.com/privacy
https://createmy-qr.com/privacy
https://createmy-qr.com/pt/politica-de-privacidade
https://createmy-qr.com/ro/politica-de-confidentialitate
https://createmy-qr.com/ru/politika-konfidencialnosti
https://createmy-qr.com/sv/sekretesspolicy
https://createmy-qr.com/th/noybaaykhwaamepnswntaw
https://createmy-qr.com/tl/patakaran-sa-privacy
https://createmy-qr.com/tr/gizlilik-politikasi
https://createmy-qr.com/uk/politika-konfidenciynosti
https://createmy-qr.com/vi/chinh-sach-bao-mat
https://createmy-qr.com/zh/yin-si-zheng-ce","200
200
200
200
200
200
200
200
200
200
200
200
200
200
200
200
200
200
200
200
200
200
200
200
200
200
200
200
200
200
200",Some pages don't include hreflang links to all the other pages of the group,11074429451265500583,28,91
21,https://createmy-qr.com/nl/servicevoorwaarden,"Gratis QR Code Generator Online - CreateMy-QR (No Signup) | Servicevoorwaarden
types.terms QR-codegenerator - gratis en aangepast | CreateMy-QR
Servicevoorwaarden | CreateMy-QR",text/html; charset=utf-8,false,200,0,true,"https://createmy-qr.com/ar/shrwt-lkhdm
https://createmy-qr.com/bn/prissebaar-shrtaablii
https://createmy-qr.com/cs/podminky-sluzby
https://createmy-qr.com/da/servicevilkar
https://createmy-qr.com/de/nutzungsbedingungen
https://createmy-qr.com/el/oroi-parohis-ypiresion
https://createmy-qr.com/es/terminos-de-servicio
https://createmy-qr.com/fi/palveluehdot
https://createmy-qr.com/fr/conditions-d-utilisation
https://createmy-qr.com/hi/sevaa-kii-shrten
https://createmy-qr.com/hu/szolgaltatasi-feltetelek
https://createmy-qr.com/id/ketentuan-layanan
https://createmy-qr.com/it/termini-di-servizio
https://createmy-qr.com/ja/li-yong-gui-yue
https://createmy-qr.com/ko/seobiseu-yaggwan
https://createmy-qr.com/ms/syarat-perkhidmatan
https://createmy-qr.com/nl/servicevoorwaarden
https://createmy-qr.com/no/vilkar-for-bruk
https://createmy-qr.com/pl/warunki-swiadczenia-uslug
https://createmy-qr.com/pt/termos-de-servico
https://createmy-qr.com/ro/termeni-si-conditii
https://createmy-qr.com/ru/usloviya-obsluzhivaniya
https://createmy-qr.com/sv/anvandarvillkor
https://createmy-qr.com/terms
https://createmy-qr.com/terms
https://createmy-qr.com/th/kh-kamhndainkaaraihbrikaar
https://createmy-qr.com/tl/mga-tuntunin-ng-serbisyo
https://createmy-qr.com/tr/hizmet-sartlari
https://createmy-qr.com/uk/umovi-nadannya-poslug
https://createmy-qr.com/vi/dieu-khoan-dich-vu
https://createmy-qr.com/zh/fu-wu-tiao-kuan","200
200
200
200
200
200
200
200
200
200
200
200
200
200
200
200
200
200
200
200
200
200
200
200
200
200
200
200
200
200
200",Some pages don't include hreflang links to all the other pages of the group,11872068519236183580,28,91
21,https://createmy-qr.com/ko/dogu-bigyo,"무료 온라인 QR 코드 생성기 - CreateMy-QR (No Signup) | 도구 비교
types.compare QR 코드 생성기 - 무료 및 사용자 정의 | CreateMy-QR
도구 비교 | CreateMy-QR",text/html; charset=utf-8,false,200,0,true,"https://createmy-qr.com/ar/dwt-lmqrn
https://createmy-qr.com/bn/ttul-tulnaa-krun
https://createmy-qr.com/compare
https://createmy-qr.com/compare
https://createmy-qr.com/cs/nastroje-pro-porovnani
https://createmy-qr.com/da/sammenlign-vaerktojer
https://createmy-qr.com/de/tools-vergleichen
https://createmy-qr.com/el/ergaleia-sygkrisis
https://createmy-qr.com/es/comparar-herramientas
https://createmy-qr.com/fi/vertaa-tyokaluja
https://createmy-qr.com/fr/comparer-les-outils
https://createmy-qr.com/hi/ttuuls-kii-tulnaa-kren
https://createmy-qr.com/hu/eszkozok-osszehasonlitasa
https://createmy-qr.com/id/bandingkan-alat
https://createmy-qr.com/it/confronta-strumenti
https://createmy-qr.com/ja/bi-jiao-turu
https://createmy-qr.com/ko/dogu-bigyo
https://createmy-qr.com/ms/bandingkan-alat
https://createmy-qr.com/nl/hulpmiddelen-vergelijken
https://createmy-qr.com/no/sammenlign-verktoy
https://createmy-qr.com/pl/porownaj-narzedzia
https://createmy-qr.com/pt/comparar-ferramentas
https://createmy-qr.com/ro/instrumente-de-comparare
https://createmy-qr.com/ru/sravnit-instrumenty
https://createmy-qr.com/sv/jamfor-verktyg
https://createmy-qr.com/th/epriiybethiiybekhruue-ngmuue
https://createmy-qr.com/tl/paghambingin-ang-mga-tool
https://createmy-qr.com/tr/araclari-karsilastir
https://createmy-qr.com/uk/instrumenti-porivnyannya
https://createmy-qr.com/vi/cong-cu-so-sanh
https://createmy-qr.com/zh/bi-jiao-gong-ju","200
200
200
200
200
200
200
200
200
200
200
200
200
200
200
200
200
200
200
200
200
200
200
200
200
200
200
200
200
200
200",Some pages don't include hreflang links to all the other pages of the group,625790584758697065,28,91
21,https://createmy-qr.com/de/uber-uns,"Kostenloser QR-Code Generator Online - CreateMy-QR (No Signup) | Über uns
types.about QR-Code-Generator – kostenlos und benutzerdefiniert | CreateMy-QR
Über uns | CreateMy-QR",text/html; charset=utf-8,false,200,0,true,"https://createmy-qr.com/about
https://createmy-qr.com/about
https://createmy-qr.com/ar/mn-nhn
https://createmy-qr.com/bn/aamaader-smprke
https://createmy-qr.com/cs/o-nas
https://createmy-qr.com/da/om-os
https://createmy-qr.com/de/uber-uns
https://createmy-qr.com/el/shetika-me-emas
https://createmy-qr.com/es/sobre-nosotros
https://createmy-qr.com/fi/meista
https://createmy-qr.com/fr/a-propos-de-nous
https://createmy-qr.com/hi/hmaare-baare-men
https://createmy-qr.com/hu/rolunk
https://createmy-qr.com/id/tentang-kami
https://createmy-qr.com/it/chi-siamo
https://createmy-qr.com/ja/si-tatinituite
https://createmy-qr.com/ko/hoesa-sogae
https://createmy-qr.com/ms/mengenai-kami
https://createmy-qr.com/nl/over-ons
https://createmy-qr.com/no/om-oss
https://createmy-qr.com/pl/o-nas
https://createmy-qr.com/pt/sobre-nos
https://createmy-qr.com/ro/despre-noi
https://createmy-qr.com/ru/o-nas
https://createmy-qr.com/sv/om-oss
https://createmy-qr.com/th/ekiiywkaberaa
https://createmy-qr.com/tl/tungkol-sa-amin
https://createmy-qr.com/tr/hakkimizda
https://createmy-qr.com/uk/pro-nas
https://createmy-qr.com/vi/ve-chung-toi
https://createmy-qr.com/zh/guan-yu-wo-men","200
200
200
200
200
200
200
200
200
200
200
200
200
200
200
200
200
200
200
200
200
200
200
200
200
200
200
200
200
200
200",Some pages don't include hreflang links to all the other pages of the group,1484275197122503531,28,91
21,https://createmy-qr.com/de/datenschutzrichtlinie,"Kostenloser QR-Code Generator Online - CreateMy-QR (No Signup) | Datenschutzrichtlinie
types.privacy QR-Code-Generator – kostenlos und benutzerdefiniert | CreateMy-QR
Datenschutzrichtlinie | CreateMy-QR",text/html; charset=utf-8,false,200,0,true,"https://createmy-qr.com/ar/sys-lkhswsy
https://createmy-qr.com/bn/gopniiy-taa-niiti
https://createmy-qr.com/cs/zasady-ochrany-osobnich-udaju
https://createmy-qr.com/da/privatlivspolitik
https://createmy-qr.com/de/datenschutzrichtlinie
https://createmy-qr.com/el/politiki-aporritoy
https://createmy-qr.com/es/politica-de-privacidad
https://createmy-qr.com/fi/tietosuojakaytanto
https://createmy-qr.com/fr/politique-de-confidentialite
https://createmy-qr.com/hi/gopniiytaa-niiti
https://createmy-qr.com/hu/adatvedelmi-szabalyzat
https://createmy-qr.com/id/kebijakan-privasi
https://createmy-qr.com/it/informativa-sulla-privacy
https://createmy-qr.com/ja/puraibasi-porisi
https://createmy-qr.com/ko/gaein-jeongbo-boho-jeongcaeg
https://createmy-qr.com/ms/dasar-privasi
https://createmy-qr.com/nl/privacybeleid
https://createmy-qr.com/no/personvernerklaering
https://createmy-qr.com/pl/polityka-prywatnosci
https://createmy-qr.com/privacy
https://createmy-qr.com/privacy
https://createmy-qr.com/pt/politica-de-privacidade
https://createmy-qr.com/ro/politica-de-confidentialitate
https://createmy-qr.com/ru/politika-konfidencialnosti
https://createmy-qr.com/sv/sekretesspolicy
https://createmy-qr.com/th/noybaaykhwaamepnswntaw
https://createmy-qr.com/tl/patakaran-sa-privacy
https://createmy-qr.com/tr/gizlilik-politikasi
https://createmy-qr.com/uk/politika-konfidenciynosti
https://createmy-qr.com/vi/chinh-sach-bao-mat
https://createmy-qr.com/zh/yin-si-zheng-ce","200
200
200
200
200
200
200
200
200
200
200
200
200
200
200
200
200
200
200
200
200
200
200
200
200
200
200
200
200
200
200",Some pages don't include hreflang links to all the other pages of the group,11074429451265500583,28,91
21,https://createmy-qr.com/hi/gopniiytaa-niiti,"मुफ़्त ऑनलाइन क्यूआर कोड जनरेटर - CreateMy-QR (No Signup) | गोपनीयता नीति
types.privacy QR कोड जेनरेटर - मुफ़्त और कस्टम | CreateMy-QR
गोपनीयता नीति | CreateMy-QR",text/html; charset=utf-8,false,200,0,true,"https://createmy-qr.com/ar/sys-lkhswsy
https://createmy-qr.com/bn/gopniiy-taa-niiti
https://createmy-qr.com/cs/zasady-ochrany-osobnich-udaju
https://createmy-qr.com/da/privatlivspolitik
https://createmy-qr.com/de/datenschutzrichtlinie
https://createmy-qr.com/el/politiki-aporritoy
https://createmy-qr.com/es/politica-de-privacidad
https://createmy-qr.com/fi/tietosuojakaytanto
https://createmy-qr.com/fr/politique-de-confidentialite
https://createmy-qr.com/hi/gopniiytaa-niiti
https://createmy-qr.com/hu/adatvedelmi-szabalyzat
https://createmy-qr.com/id/kebijakan-privasi
https://createmy-qr.com/it/informativa-sulla-privacy
https://createmy-qr.com/ja/puraibasi-porisi
https://createmy-qr.com/ko/gaein-jeongbo-boho-jeongcaeg
https://createmy-qr.com/ms/dasar-privasi
https://createmy-qr.com/nl/privacybeleid
https://createmy-qr.com/no/personvernerklaering
https://createmy-qr.com/pl/polityka-prywatnosci
https://createmy-qr.com/privacy
https://createmy-qr.com/privacy
https://createmy-qr.com/pt/politica-de-privacidade
https://createmy-qr.com/ro/politica-de-confidentialitate
https://createmy-qr.com/ru/politika-konfidencialnosti
https://createmy-qr.com/sv/sekretesspolicy
https://createmy-qr.com/th/noybaaykhwaamepnswntaw
https://createmy-qr.com/tl/patakaran-sa-privacy
https://createmy-qr.com/tr/gizlilik-politikasi
https://createmy-qr.com/uk/politika-konfidenciynosti
https://createmy-qr.com/vi/chinh-sach-bao-mat
https://createmy-qr.com/zh/yin-si-zheng-ce","200
200
200
200
200
200
200
200
200
200
200
200
200
200
200
200
200
200
200
200
200
200
200
200
200
200
200
200
200
200
200",Some pages don't include hreflang links to all the other pages of the group,11074429451265500583,28,91
21,https://createmy-qr.com/el/ergaleia-sygkrisis,"Δωρεάν Δημιουργία QR Code Online - CreateMy-QR (No Signup) | Εργαλεία σύγκρισης
types.compare QR Code Generator - Δωρεάν & Προσαρμοσμένο | CreateMy-QR
Εργαλεία σύγκρισης | CreateMy-QR",text/html; charset=utf-8,false,200,0,true,"https://createmy-qr.com/ar/dwt-lmqrn
https://createmy-qr.com/bn/ttul-tulnaa-krun
https://createmy-qr.com/compare
https://createmy-qr.com/compare
https://createmy-qr.com/cs/nastroje-pro-porovnani
https://createmy-qr.com/da/sammenlign-vaerktojer
https://createmy-qr.com/de/tools-vergleichen
https://createmy-qr.com/el/ergaleia-sygkrisis
https://createmy-qr.com/es/comparar-herramientas
https://createmy-qr.com/fi/vertaa-tyokaluja
https://createmy-qr.com/fr/comparer-les-outils
https://createmy-qr.com/hi/ttuuls-kii-tulnaa-kren
https://createmy-qr.com/hu/eszkozok-osszehasonlitasa
https://createmy-qr.com/id/bandingkan-alat
https://createmy-qr.com/it/confronta-strumenti
https://createmy-qr.com/ja/bi-jiao-turu
https://createmy-qr.com/ko/dogu-bigyo
https://createmy-qr.com/ms/bandingkan-alat
https://createmy-qr.com/nl/hulpmiddelen-vergelijken
https://createmy-qr.com/no/sammenlign-verktoy
https://createmy-qr.com/pl/porownaj-narzedzia
https://createmy-qr.com/pt/comparar-ferramentas
https://createmy-qr.com/ro/instrumente-de-comparare
https://createmy-qr.com/ru/sravnit-instrumenty
https://createmy-qr.com/sv/jamfor-verktyg
https://createmy-qr.com/th/epriiybethiiybekhruue-ngmuue
https://createmy-qr.com/tl/paghambingin-ang-mga-tool
https://createmy-qr.com/tr/araclari-karsilastir
https://createmy-qr.com/uk/instrumenti-porivnyannya
https://createmy-qr.com/vi/cong-cu-so-sanh
https://createmy-qr.com/zh/bi-jiao-gong-ju","200
200
200
200
200
200
200
200
200
200
200
200
200
200
200
200
200
200
200
200
200
200
200
200
200
200
200
200
200
200
200",Some pages don't include hreflang links to all the other pages of the group,625790584758697065,28,91
21,https://createmy-qr.com/sv/streckkodslasare-gratis-qr-kod-generator-online,"Gratis streckkodsläsare online - Skanna UPC & EAN
Streckkodsläsare QR Code Generator - Gratis & anpassad | CreateMy-QR
Streckkodsläsare - Gratis QR-kod Generator Online - CreateMy-QR",text/html; charset=utf-8,false,200,0,true,"https://createmy-qr.com/ar/msh-lbrkwd-mwld-rmz-lstjb-lsryaa-mjny
https://createmy-qr.com/bn/baarkodd-skyaanaar-phri-anlaain-kiuaar-kodd-jenaarettr
https://createmy-qr.com/cs/skener-carovych-kodu-zdarma-online-generator-qr-kodu
https://createmy-qr.com/da/stregkodescanner-gratis-qr-kode-generator-online
https://createmy-qr.com/de/barcode-scanner-kostenloser-qr-code-generator-online
https://createmy-qr.com/el/barcode-scanner-dorean-dimioyrgia-qr-code-online
https://createmy-qr.com/es/escaner-de-codigo-de-barras-generador-de-codigos-qr-gratis-online
https://createmy-qr.com/fi/viivakoodinlukija-ilmainen-qr-koodigeneraattori-netissa
https://createmy-qr.com/fr/lecteur-de-codes-a-barres-generateur-de-code-qr-gratuit-en-ligne
https://createmy-qr.com/hi/baarkodd-skainr-muph-t-onnlaain-kyuuaar-kodd-jnrettr
https://createmy-qr.com/hu/ingyenes-online-qr-kod-generator-3
https://createmy-qr.com/id/pemindai-kode-batang-generator-qr-code-gratis-online
https://createmy-qr.com/it/lettore-di-codici-a-barre-generatore-di-codici-qr-gratis-online
https://createmy-qr.com/ja/bakodosukiyana-wu-liao-qrkodozuo-cheng-zienereta
https://createmy-qr.com/ko/bakodeu-seukaeneo-muryo-onrain-qr-kodeu-saengseonggi
https://createmy-qr.com/ms/pengimbas-kod-bar-penjana-kod-qr-percuma-dalam-talian
https://createmy-qr.com/nl/barcodescanner-gratis-qr-code-generator-online
https://createmy-qr.com/no/strekkodeskanner-gratis-qr-kode-generator-online
https://createmy-qr.com/pl/skaner-kodow-kreskowych-darmowy-generator-kodow-qr-online
https://createmy-qr.com/pt/leitor-de-codigo-de-barras-gerador-de-codigo-qr-gratis-online
https://createmy-qr.com/ro/generator-de-coduri-qr-gratuit-online-3
https://createmy-qr.com/ru/skaner-shtrih-koda-besplatnyy-generator-qr-kodov-onlayn
https://createmy-qr.com/scan-barcode
https://createmy-qr.com/scan-barcode
https://createmy-qr.com/sv/streckkodslasare-gratis-qr-kod-generator-online
https://createmy-qr.com/th/ekhruue-ngsaeknbaarokhd-ekhruue-ngmuue-sraangkhiw-aarokhd-nailnfrii
https://createmy-qr.com/tl/barcode-scanner-libreng-online-qr-code-generator
https://createmy-qr.com/tr/barkod-tarayici-ucretsiz-cevrimici-qr-kod-olusturucu
https://createmy-qr.com/uk/skaner-shtrih-kodiv-bezkoshtovniy-generator-qr-kodiv-onlayn
https://createmy-qr.com/vi/may-quet-ma-vach-tao-ma-qr-mien-phi-truc-tuyen
https://createmy-qr.com/zh/tiao-ma-sao-miao-yi-mian-fei-zai-xian-er-wei-ma-sheng-cheng-qi","200
200
200
200
200
200
200
200
200
200
200
200
200
200
200
200
200
200
200
200
200
200
200
200
200
200
200
200
200
200
200",Some pages don't include hreflang links to all the other pages of the group,14730038909064693129,28,91
21,https://createmy-qr.com/da/sammenlign-vaerktojer,"Gratis QR Kode Generator Online - CreateMy-QR (No Signup) | Sammenlign værktøjer
types.compare QR Code Generator - Gratis og brugerdefineret | CreateMy-QR
Sammenlign værktøjer | CreateMy-QR",text/html; charset=utf-8,false,200,0,true,"https://createmy-qr.com/ar/dwt-lmqrn
https://createmy-qr.com/bn/ttul-tulnaa-krun
https://createmy-qr.com/compare
https://createmy-qr.com/compare
https://createmy-qr.com/cs/nastroje-pro-porovnani
https://createmy-qr.com/da/sammenlign-vaerktojer
https://createmy-qr.com/de/tools-vergleichen
https://createmy-qr.com/el/ergaleia-sygkrisis
https://createmy-qr.com/es/comparar-herramientas
https://createmy-qr.com/fi/vertaa-tyokaluja
https://createmy-qr.com/fr/comparer-les-outils
https://createmy-qr.com/hi/ttuuls-kii-tulnaa-kren
https://createmy-qr.com/hu/eszkozok-osszehasonlitasa
https://createmy-qr.com/id/bandingkan-alat
https://createmy-qr.com/it/confronta-strumenti
https://createmy-qr.com/ja/bi-jiao-turu
https://createmy-qr.com/ko/dogu-bigyo
https://createmy-qr.com/ms/bandingkan-alat
https://createmy-qr.com/nl/hulpmiddelen-vergelijken
https://createmy-qr.com/no/sammenlign-verktoy
https://createmy-qr.com/pl/porownaj-narzedzia
https://createmy-qr.com/pt/comparar-ferramentas
https://createmy-qr.com/ro/instrumente-de-comparare
https://createmy-qr.com/ru/sravnit-instrumenty
https://createmy-qr.com/sv/jamfor-verktyg
https://createmy-qr.com/th/epriiybethiiybekhruue-ngmuue
https://createmy-qr.com/tl/paghambingin-ang-mga-tool
https://createmy-qr.com/tr/araclari-karsilastir
https://createmy-qr.com/uk/instrumenti-porivnyannya
https://createmy-qr.com/vi/cong-cu-so-sanh
https://createmy-qr.com/zh/bi-jiao-gong-ju","200
200
200
200
200
200
200
200
200
200
200
200
200
200
200
200
200
200
200
200
200
200
200
200
200
200
200
200
200
200
200",Some pages don't include hreflang links to all the other pages of the group,625790584758697065,28,91
21,https://createmy-qr.com/tr/ucretsiz-cevrimici-qr-kod-olusturucu,"Ücretsiz Çevrimiçi Barkod Oluşturucu - 1D Barkodlar Oluşturun
types.barcode QR Kod Oluşturucu - Ücretsiz ve Özel | CreateMy-QR
barcode - Ücretsiz Çevrimiçi QR Kod Oluşturucu - CreateMy-QR",text/html; charset=utf-8,false,200,0,true,"https://createmy-qr.com/ar/mwld-rmz-lstjb-lsryaa-mjny
https://createmy-qr.com/barcode-generator
https://createmy-qr.com/barcode-generator
https://createmy-qr.com/bn/phri-anlaain-kiuaar-kodd-jenaarettr
https://createmy-qr.com/cs/zdarma-online-generator-qr-kodu
https://createmy-qr.com/da/gratis-qr-kode-generator-online
https://createmy-qr.com/de/kostenloser-qr-code-generator-online
https://createmy-qr.com/el/dorean-dimioyrgia-qr-code-online
https://createmy-qr.com/es/generador-de-codigos-qr-gratis-online
https://createmy-qr.com/fi/ilmainen-qr-koodigeneraattori-netissa
https://createmy-qr.com/fr/generateur-de-code-qr-gratuit-en-ligne
https://createmy-qr.com/hi/muph-t-onnlaain-kyuuaar-kodd-jnrettr
https://createmy-qr.com/hu/ingyenes-online-qr-kod-generator
https://createmy-qr.com/id/generator-qr-code-gratis-online
https://createmy-qr.com/it/generatore-di-codici-qr-gratis-online
https://createmy-qr.com/ja/wu-liao-qrkodozuo-cheng-zienereta
https://createmy-qr.com/ko/muryo-onrain-qr-kodeu-saengseonggi
https://createmy-qr.com/ms/penjana-kod-qr-percuma-dalam-talian
https://createmy-qr.com/nl/gratis-qr-code-generator-online
https://createmy-qr.com/no/gratis-qr-kode-generator-online
https://createmy-qr.com/pl/darmowy-generator-kodow-qr-online
https://createmy-qr.com/pt/gerador-de-codigo-qr-gratis-online
https://createmy-qr.com/ro/generator-de-coduri-qr-gratuit-online
https://createmy-qr.com/ru/besplatnyy-generator-qr-kodov-onlayn
https://createmy-qr.com/sv/gratis-qr-kod-generator-online
https://createmy-qr.com/th/ekhruue-ngmuue-sraangkhiw-aarokhd-nailnfrii
https://createmy-qr.com/tl/libreng-online-qr-code-generator
https://createmy-qr.com/tr/ucretsiz-cevrimici-qr-kod-olusturucu
https://createmy-qr.com/uk/bezkoshtovniy-generator-qr-kodiv-onlayn
https://createmy-qr.com/vi/tao-ma-qr-mien-phi-truc-tuyen
https://createmy-qr.com/zh/mian-fei-zai-xian-er-wei-ma-sheng-cheng-qi","200
200
200
200
200
200
200
200
200
200
200
200
200
200
200
200
200
200
200
200
200
200
200
200
200
200
200
200
200
200
200",Some pages don't include hreflang links to all the other pages of the group,8617637658849271563,28,91
21,https://createmy-qr.com/fi/vertaa-tyokaluja,"Ilmainen QR-koodigeneraattori Netissä - CreateMy-QR (No Signup) | Vertaa työkaluja
types.compare QR-koodigeneraattori - ilmainen ja räätälöity | CreateMy-QR
Vertaa työkaluja | CreateMy-QR",text/html; charset=utf-8,false,200,0,true,"https://createmy-qr.com/ar/dwt-lmqrn
https://createmy-qr.com/bn/ttul-tulnaa-krun
https://createmy-qr.com/compare
https://createmy-qr.com/compare
https://createmy-qr.com/cs/nastroje-pro-porovnani
https://createmy-qr.com/da/sammenlign-vaerktojer
https://createmy-qr.com/de/tools-vergleichen
https://createmy-qr.com/el/ergaleia-sygkrisis
https://createmy-qr.com/es/comparar-herramientas
https://createmy-qr.com/fi/vertaa-tyokaluja
https://createmy-qr.com/fr/comparer-les-outils
https://createmy-qr.com/hi/ttuuls-kii-tulnaa-kren
https://createmy-qr.com/hu/eszkozok-osszehasonlitasa
https://createmy-qr.com/id/bandingkan-alat
https://createmy-qr.com/it/confronta-strumenti
https://createmy-qr.com/ja/bi-jiao-turu
https://createmy-qr.com/ko/dogu-bigyo
https://createmy-qr.com/ms/bandingkan-alat
https://createmy-qr.com/nl/hulpmiddelen-vergelijken
https://createmy-qr.com/no/sammenlign-verktoy
https://createmy-qr.com/pl/porownaj-narzedzia
https://createmy-qr.com/pt/comparar-ferramentas
https://createmy-qr.com/ro/instrumente-de-comparare
https://createmy-qr.com/ru/sravnit-instrumenty
https://createmy-qr.com/sv/jamfor-verktyg
https://createmy-qr.com/th/epriiybethiiybekhruue-ngmuue
https://createmy-qr.com/tl/paghambingin-ang-mga-tool
https://createmy-qr.com/tr/araclari-karsilastir
https://createmy-qr.com/uk/instrumenti-porivnyannya
https://createmy-qr.com/vi/cong-cu-so-sanh
https://createmy-qr.com/zh/bi-jiao-gong-ju","200
200
200
200
200
200
200
200
200
200
200
200
200
200
200
200
200
200
200
200
200
200
200
200
200
200
200
200
200
200
200",Some pages don't include hreflang links to all the other pages of the group,625790584758697065,28,91
21,https://createmy-qr.com/hu/rolunk,"Ingyenes Online QR-kód Generátor - CreateMy-QR (No Signup) | Rólunk
types.about QR-kód generátor - ingyenes és egyedi | CreateMy-QR
Rólunk | CreateMy-QR",text/html; charset=utf-8,false,200,0,true,"https://createmy-qr.com/about
https://createmy-qr.com/about
https://createmy-qr.com/ar/mn-nhn
https://createmy-qr.com/bn/aamaader-smprke
https://createmy-qr.com/cs/o-nas
https://createmy-qr.com/da/om-os
https://createmy-qr.com/de/uber-uns
https://createmy-qr.com/el/shetika-me-emas
https://createmy-qr.com/es/sobre-nosotros
https://createmy-qr.com/fi/meista
https://createmy-qr.com/fr/a-propos-de-nous
https://createmy-qr.com/hi/hmaare-baare-men
https://createmy-qr.com/hu/rolunk
https://createmy-qr.com/id/tentang-kami
https://createmy-qr.com/it/chi-siamo
https://createmy-qr.com/ja/si-tatinituite
https://createmy-qr.com/ko/hoesa-sogae
https://createmy-qr.com/ms/mengenai-kami
https://createmy-qr.com/nl/over-ons
https://createmy-qr.com/no/om-oss
https://createmy-qr.com/pl/o-nas
https://createmy-qr.com/pt/sobre-nos
https://createmy-qr.com/ro/despre-noi
https://createmy-qr.com/ru/o-nas
https://createmy-qr.com/sv/om-oss
https://createmy-qr.com/th/ekiiywkaberaa
https://createmy-qr.com/tl/tungkol-sa-amin
https://createmy-qr.com/tr/hakkimizda
https://createmy-qr.com/uk/pro-nas
https://createmy-qr.com/vi/ve-chung-toi
https://createmy-qr.com/zh/guan-yu-wo-men","200
200
200
200
200
200
200
200
200
200
200
200
200
200
200
200
200
200
200
200
200
200
200
200
200
200
200
200
200
200
200",Some pages don't include hreflang links to all the other pages of the group,1484275197122503531,28,91
21,https://createmy-qr.com/es/escaner-de-codigo-de-barras-generador-de-codigos-qr-gratis-online,"Escáner de códigos de barras gratuito en línea: escanee UPC y EAN
Generador de códigos QR Escáner de código de barras: gratuito y personalizado | CreateMy-QR
Escáner de código de barras - Generador de Códigos QR Gratis Online - CreateMy-QR",text/html; charset=utf-8,false,200,0,true,"https://createmy-qr.com/ar/msh-lbrkwd-mwld-rmz-lstjb-lsryaa-mjny
https://createmy-qr.com/bn/baarkodd-skyaanaar-phri-anlaain-kiuaar-kodd-jenaarettr
https://createmy-qr.com/cs/skener-carovych-kodu-zdarma-online-generator-qr-kodu
https://createmy-qr.com/da/stregkodescanner-gratis-qr-kode-generator-online
https://createmy-qr.com/de/barcode-scanner-kostenloser-qr-code-generator-online
https://createmy-qr.com/el/barcode-scanner-dorean-dimioyrgia-qr-code-online
https://createmy-qr.com/es/escaner-de-codigo-de-barras-generador-de-codigos-qr-gratis-online
https://createmy-qr.com/fi/viivakoodinlukija-ilmainen-qr-koodigeneraattori-netissa
https://createmy-qr.com/fr/lecteur-de-codes-a-barres-generateur-de-code-qr-gratuit-en-ligne
https://createmy-qr.com/hi/baarkodd-skainr-muph-t-onnlaain-kyuuaar-kodd-jnrettr
https://createmy-qr.com/hu/ingyenes-online-qr-kod-generator-3
https://createmy-qr.com/id/pemindai-kode-batang-generator-qr-code-gratis-online
https://createmy-qr.com/it/lettore-di-codici-a-barre-generatore-di-codici-qr-gratis-online
https://createmy-qr.com/ja/bakodosukiyana-wu-liao-qrkodozuo-cheng-zienereta
https://createmy-qr.com/ko/bakodeu-seukaeneo-muryo-onrain-qr-kodeu-saengseonggi
https://createmy-qr.com/ms/pengimbas-kod-bar-penjana-kod-qr-percuma-dalam-talian
https://createmy-qr.com/nl/barcodescanner-gratis-qr-code-generator-online
https://createmy-qr.com/no/strekkodeskanner-gratis-qr-kode-generator-online
https://createmy-qr.com/pl/skaner-kodow-kreskowych-darmowy-generator-kodow-qr-online
https://createmy-qr.com/pt/leitor-de-codigo-de-barras-gerador-de-codigo-qr-gratis-online
https://createmy-qr.com/ro/generator-de-coduri-qr-gratuit-online-3
https://createmy-qr.com/ru/skaner-shtrih-koda-besplatnyy-generator-qr-kodov-onlayn
https://createmy-qr.com/scan-barcode
https://createmy-qr.com/scan-barcode
https://createmy-qr.com/sv/streckkodslasare-gratis-qr-kod-generator-online
https://createmy-qr.com/th/ekhruue-ngsaeknbaarokhd-ekhruue-ngmuue-sraangkhiw-aarokhd-nailnfrii
https://createmy-qr.com/tl/barcode-scanner-libreng-online-qr-code-generator
https://createmy-qr.com/tr/barkod-tarayici-ucretsiz-cevrimici-qr-kod-olusturucu
https://createmy-qr.com/uk/skaner-shtrih-kodiv-bezkoshtovniy-generator-qr-kodiv-onlayn
https://createmy-qr.com/vi/may-quet-ma-vach-tao-ma-qr-mien-phi-truc-tuyen
https://createmy-qr.com/zh/tiao-ma-sao-miao-yi-mian-fei-zai-xian-er-wei-ma-sheng-cheng-qi","200
200
200
200
200
200
200
200
200
200
200
200
200
200
200
200
200
200
200
200
200
200
200
200
200
200
200
200
200
200
200",Some pages don't include hreflang links to all the other pages of the group,14730038909064693129,28,91
21,https://createmy-qr.com/id/bandingkan-alat,"Generator QR Code Gratis Online - CreateMy-QR (No Signup) | Bandingkan Alat
types.compare Pembuat Kode QR - Gratis & Khusus | CreateMy-QR
Bandingkan Alat | CreateMy-QR",text/html; charset=utf-8,false,200,0,true,"https://createmy-qr.com/ar/dwt-lmqrn
https://createmy-qr.com/bn/ttul-tulnaa-krun
https://createmy-qr.com/compare
https://createmy-qr.com/compare
https://createmy-qr.com/cs/nastroje-pro-porovnani
https://createmy-qr.com/da/sammenlign-vaerktojer
https://createmy-qr.com/de/tools-vergleichen
https://createmy-qr.com/el/ergaleia-sygkrisis
https://createmy-qr.com/es/comparar-herramientas
https://createmy-qr.com/fi/vertaa-tyokaluja
https://createmy-qr.com/fr/comparer-les-outils
https://createmy-qr.com/hi/ttuuls-kii-tulnaa-kren
https://createmy-qr.com/hu/eszkozok-osszehasonlitasa
https://createmy-qr.com/id/bandingkan-alat
https://createmy-qr.com/it/confronta-strumenti
https://createmy-qr.com/ja/bi-jiao-turu
https://createmy-qr.com/ko/dogu-bigyo
https://createmy-qr.com/ms/bandingkan-alat
https://createmy-qr.com/nl/hulpmiddelen-vergelijken
https://createmy-qr.com/no/sammenlign-verktoy
https://createmy-qr.com/pl/porownaj-narzedzia
https://createmy-qr.com/pt/comparar-ferramentas
https://createmy-qr.com/ro/instrumente-de-comparare
https://createmy-qr.com/ru/sravnit-instrumenty
https://createmy-qr.com/sv/jamfor-verktyg
https://createmy-qr.com/th/epriiybethiiybekhruue-ngmuue
https://createmy-qr.com/tl/paghambingin-ang-mga-tool
https://createmy-qr.com/tr/araclari-karsilastir
https://createmy-qr.com/uk/instrumenti-porivnyannya
https://createmy-qr.com/vi/cong-cu-so-sanh
https://createmy-qr.com/zh/bi-jiao-gong-ju","200
200
200
200
200
200
200
200
200
200
200
200
200
200
200
200
200
200
200
200
200
200
200
200
200
200
200
200
200
200
200",Some pages don't include hreflang links to all the other pages of the group,625790584758697065,28,91
21,https://createmy-qr.com/nl/privacybeleid,"Gratis QR Code Generator Online - CreateMy-QR (No Signup) | Privacybeleid
types.privacy QR-codegenerator - gratis en aangepast | CreateMy-QR
Privacybeleid | CreateMy-QR",text/html; charset=utf-8,false,200,0,true,"https://createmy-qr.com/ar/sys-lkhswsy
https://createmy-qr.com/bn/gopniiy-taa-niiti
https://createmy-qr.com/cs/zasady-ochrany-osobnich-udaju
https://createmy-qr.com/da/privatlivspolitik
https://createmy-qr.com/de/datenschutzrichtlinie
https://createmy-qr.com/el/politiki-aporritoy
https://createmy-qr.com/es/politica-de-privacidad
https://createmy-qr.com/fi/tietosuojakaytanto
https://createmy-qr.com/fr/politique-de-confidentialite
https://createmy-qr.com/hi/gopniiytaa-niiti
https://createmy-qr.com/hu/adatvedelmi-szabalyzat
https://createmy-qr.com/id/kebijakan-privasi
https://createmy-qr.com/it/informativa-sulla-privacy
https://createmy-qr.com/ja/puraibasi-porisi
https://createmy-qr.com/ko/gaein-jeongbo-boho-jeongcaeg
https://createmy-qr.com/ms/dasar-privasi
https://createmy-qr.com/nl/privacybeleid
https://createmy-qr.com/no/personvernerklaering
https://createmy-qr.com/pl/polityka-prywatnosci
https://createmy-qr.com/privacy
https://createmy-qr.com/privacy
https://createmy-qr.com/pt/politica-de-privacidade
https://createmy-qr.com/ro/politica-de-confidentialitate
https://createmy-qr.com/ru/politika-konfidencialnosti
https://createmy-qr.com/sv/sekretesspolicy
https://createmy-qr.com/th/noybaaykhwaamepnswntaw
https://createmy-qr.com/tl/patakaran-sa-privacy
https://createmy-qr.com/tr/gizlilik-politikasi
https://createmy-qr.com/uk/politika-konfidenciynosti
https://createmy-qr.com/vi/chinh-sach-bao-mat
https://createmy-qr.com/zh/yin-si-zheng-ce","200
200
200
200
200
200
200
200
200
200
200
200
200
200
200
200
200
200
200
200
200
200
200
200
200
200
200
200
200
200
200",Some pages don't include hreflang links to all the other pages of the group,11074429451265500583,28,91
21,https://createmy-qr.com/uk/bezkoshtovniy-generator-qr-kodiv-onlayn-2,"Безкоштовний онлайн-сканер QR-коду - миттєво скануйте QR-код
Генератор QR-коду types.scanqr – безкоштовний і користувацький | CreateMy-QR
scanqr - Безкоштовний Генератор QR-кодів Онлайн - CreateMy-QR",text/html; charset=utf-8,false,200,0,true,"https://createmy-qr.com/ar/mwld-rmz-lstjb-lsryaa-mjny-2
https://createmy-qr.com/bn/phri-anlaain-kiuaar-kodd-jenaarettr-2
https://createmy-qr.com/cs/zdarma-online-generator-qr-kodu-2
https://createmy-qr.com/da/gratis-qr-kode-generator-online-2
https://createmy-qr.com/de/kostenloser-qr-code-generator-online-2
https://createmy-qr.com/el/dorean-dimioyrgia-qr-code-online-2
https://createmy-qr.com/es/generador-de-codigos-qr-gratis-online-2
https://createmy-qr.com/fi/ilmainen-qr-koodigeneraattori-netissa-2
https://createmy-qr.com/fr/generateur-de-code-qr-gratuit-en-ligne-2
https://createmy-qr.com/hi/muph-t-onnlaain-kyuuaar-kodd-jnrettr-2
https://createmy-qr.com/hu/ingyenes-online-qr-kod-generator-2
https://createmy-qr.com/id/generator-qr-code-gratis-online-2
https://createmy-qr.com/it/generatore-di-codici-qr-gratis-online-2
https://createmy-qr.com/ja/wu-liao-qrkodozuo-cheng-zienereta-2
https://createmy-qr.com/ko/muryo-onrain-qr-kodeu-saengseonggi-2
https://createmy-qr.com/ms/penjana-kod-qr-percuma-dalam-talian-2
https://createmy-qr.com/nl/gratis-qr-code-generator-online-2
https://createmy-qr.com/no/gratis-qr-kode-generator-online-2
https://createmy-qr.com/pl/darmowy-generator-kodow-qr-online-2
https://createmy-qr.com/pt/gerador-de-codigo-qr-gratis-online-2
https://createmy-qr.com/ro/generator-de-coduri-qr-gratuit-online-2
https://createmy-qr.com/ru/besplatnyy-generator-qr-kodov-onlayn-2
https://createmy-qr.com/scan-qr
https://createmy-qr.com/scan-qr
https://createmy-qr.com/sv/gratis-qr-kod-generator-online-2
https://createmy-qr.com/th/ekhruue-ngmuue-sraangkhiw-aarokhd-nailnfrii-2
https://createmy-qr.com/tl/libreng-online-qr-code-generator-2
https://createmy-qr.com/tr/ucretsiz-cevrimici-qr-kod-olusturucu-2
https://createmy-qr.com/uk/bezkoshtovniy-generator-qr-kodiv-onlayn-2
https://createmy-qr.com/vi/tao-ma-qr-mien-phi-truc-tuyen-2
https://createmy-qr.com/zh/mian-fei-zai-xian-er-wei-ma-sheng-cheng-qi-2","200
200
200
200
200
200
200
200
200
200
200
200
200
200
200
200
200
200
200
200
200
200
200
200
200
200
200
200
200
200
200",Some pages don't include hreflang links to all the other pages of the group,5057633309447319644,28,91
21,https://createmy-qr.com/ar/shrwt-lkhdm,"مولد رمز الاستجابة السريعة مجاني - CreateMy-QR (No Signup) | شروط الخدمة
types.terms QR Code Generator - مجاني ومخصص | CreateMy-QR
شروط الخدمة | CreateMy-QR",text/html; charset=utf-8,false,200,0,true,"https://createmy-qr.com/ar/shrwt-lkhdm
https://createmy-qr.com/bn/prissebaar-shrtaablii
https://createmy-qr.com/cs/podminky-sluzby
https://createmy-qr.com/da/servicevilkar
https://createmy-qr.com/de/nutzungsbedingungen
https://createmy-qr.com/el/oroi-parohis-ypiresion
https://createmy-qr.com/es/terminos-de-servicio
https://createmy-qr.com/fi/palveluehdot
https://createmy-qr.com/fr/conditions-d-utilisation
https://createmy-qr.com/hi/sevaa-kii-shrten
https://createmy-qr.com/hu/szolgaltatasi-feltetelek
https://createmy-qr.com/id/ketentuan-layanan
https://createmy-qr.com/it/termini-di-servizio
https://createmy-qr.com/ja/li-yong-gui-yue
https://createmy-qr.com/ko/seobiseu-yaggwan
https://createmy-qr.com/ms/syarat-perkhidmatan
https://createmy-qr.com/nl/servicevoorwaarden
https://createmy-qr.com/no/vilkar-for-bruk
https://createmy-qr.com/pl/warunki-swiadczenia-uslug
https://createmy-qr.com/pt/termos-de-servico
https://createmy-qr.com/ro/termeni-si-conditii
https://createmy-qr.com/ru/usloviya-obsluzhivaniya
https://createmy-qr.com/sv/anvandarvillkor
https://createmy-qr.com/terms
https://createmy-qr.com/terms
https://createmy-qr.com/th/kh-kamhndainkaaraihbrikaar
https://createmy-qr.com/tl/mga-tuntunin-ng-serbisyo
https://createmy-qr.com/tr/hizmet-sartlari
https://createmy-qr.com/uk/umovi-nadannya-poslug
https://createmy-qr.com/vi/dieu-khoan-dich-vu
https://createmy-qr.com/zh/fu-wu-tiao-kuan","200
200
200
200
200
200
200
200
200
200
200
200
200
200
200
200
200
200
200
200
200
200
200
200
200
200
200
200
200
200
200",Some pages don't include hreflang links to all the other pages of the group,11872068519236183580,28,91
21,https://createmy-qr.com/no/strekkodeskanner-gratis-qr-kode-generator-online,"Gratis strekkodeskanner på nett - Skann UPC og EAN
Strekkodeskanner QR Code Generator - Gratis og tilpasset | CreateMy-QR
Strekkodeskanner - Gratis QR-kode Generator Online - CreateMy-QR",text/html; charset=utf-8,false,200,0,true,"https://createmy-qr.com/ar/msh-lbrkwd-mwld-rmz-lstjb-lsryaa-mjny
https://createmy-qr.com/bn/baarkodd-skyaanaar-phri-anlaain-kiuaar-kodd-jenaarettr
https://createmy-qr.com/cs/skener-carovych-kodu-zdarma-online-generator-qr-kodu
https://createmy-qr.com/da/stregkodescanner-gratis-qr-kode-generator-online
https://createmy-qr.com/de/barcode-scanner-kostenloser-qr-code-generator-online
https://createmy-qr.com/el/barcode-scanner-dorean-dimioyrgia-qr-code-online
https://createmy-qr.com/es/escaner-de-codigo-de-barras-generador-de-codigos-qr-gratis-online
https://createmy-qr.com/fi/viivakoodinlukija-ilmainen-qr-koodigeneraattori-netissa
https://createmy-qr.com/fr/lecteur-de-codes-a-barres-generateur-de-code-qr-gratuit-en-ligne
https://createmy-qr.com/hi/baarkodd-skainr-muph-t-onnlaain-kyuuaar-kodd-jnrettr
https://createmy-qr.com/hu/ingyenes-online-qr-kod-generator-3
https://createmy-qr.com/id/pemindai-kode-batang-generator-qr-code-gratis-online
https://createmy-qr.com/it/lettore-di-codici-a-barre-generatore-di-codici-qr-gratis-online
https://createmy-qr.com/ja/bakodosukiyana-wu-liao-qrkodozuo-cheng-zienereta
https://createmy-qr.com/ko/bakodeu-seukaeneo-muryo-onrain-qr-kodeu-saengseonggi
https://createmy-qr.com/ms/pengimbas-kod-bar-penjana-kod-qr-percuma-dalam-talian
https://createmy-qr.com/nl/barcodescanner-gratis-qr-code-generator-online
https://createmy-qr.com/no/strekkodeskanner-gratis-qr-kode-generator-online
https://createmy-qr.com/pl/skaner-kodow-kreskowych-darmowy-generator-kodow-qr-online
https://createmy-qr.com/pt/leitor-de-codigo-de-barras-gerador-de-codigo-qr-gratis-online
https://createmy-qr.com/ro/generator-de-coduri-qr-gratuit-online-3
https://createmy-qr.com/ru/skaner-shtrih-koda-besplatnyy-generator-qr-kodov-onlayn
https://createmy-qr.com/scan-barcode
https://createmy-qr.com/scan-barcode
https://createmy-qr.com/sv/streckkodslasare-gratis-qr-kod-generator-online
https://createmy-qr.com/th/ekhruue-ngsaeknbaarokhd-ekhruue-ngmuue-sraangkhiw-aarokhd-nailnfrii
https://createmy-qr.com/tl/barcode-scanner-libreng-online-qr-code-generator
https://createmy-qr.com/tr/barkod-tarayici-ucretsiz-cevrimici-qr-kod-olusturucu
https://createmy-qr.com/uk/skaner-shtrih-kodiv-bezkoshtovniy-generator-qr-kodiv-onlayn
https://createmy-qr.com/vi/may-quet-ma-vach-tao-ma-qr-mien-phi-truc-tuyen
https://createmy-qr.com/zh/tiao-ma-sao-miao-yi-mian-fei-zai-xian-er-wei-ma-sheng-cheng-qi","200
200
200
200
200
200
200
200
200
200
200
200
200
200
200
200
200
200
200
200
200
200
200
200
200
200
200
200
200
200
200",Some pages don't include hreflang links to all the other pages of the group,14730038909064693129,28,91
21,https://createmy-qr.com/fr/conditions-d-utilisation,"Générateur de Code QR Gratuit en Ligne - CreateMy-QR (No Signup) | Conditions d'utilisation
Générateur de code QR types.terms - Gratuit et personnalisé | CreateMy-QR
Conditions d'utilisation | CreateMy-QR",text/html; charset=utf-8,false,200,0,true,"https://createmy-qr.com/ar/shrwt-lkhdm
https://createmy-qr.com/bn/prissebaar-shrtaablii
https://createmy-qr.com/cs/podminky-sluzby
https://createmy-qr.com/da/servicevilkar
https://createmy-qr.com/de/nutzungsbedingungen
https://createmy-qr.com/el/oroi-parohis-ypiresion
https://createmy-qr.com/es/terminos-de-servicio
https://createmy-qr.com/fi/palveluehdot
https://createmy-qr.com/fr/conditions-d-utilisation
https://createmy-qr.com/hi/sevaa-kii-shrten
https://createmy-qr.com/hu/szolgaltatasi-feltetelek
https://createmy-qr.com/id/ketentuan-layanan
https://createmy-qr.com/it/termini-di-servizio
https://createmy-qr.com/ja/li-yong-gui-yue
https://createmy-qr.com/ko/seobiseu-yaggwan
https://createmy-qr.com/ms/syarat-perkhidmatan
https://createmy-qr.com/nl/servicevoorwaarden
https://createmy-qr.com/no/vilkar-for-bruk
https://createmy-qr.com/pl/warunki-swiadczenia-uslug
https://createmy-qr.com/pt/termos-de-servico
https://createmy-qr.com/ro/termeni-si-conditii
https://createmy-qr.com/ru/usloviya-obsluzhivaniya
https://createmy-qr.com/sv/anvandarvillkor
https://createmy-qr.com/terms
https://createmy-qr.com/terms
https://createmy-qr.com/th/kh-kamhndainkaaraihbrikaar
https://createmy-qr.com/tl/mga-tuntunin-ng-serbisyo
https://createmy-qr.com/tr/hizmet-sartlari
https://createmy-qr.com/uk/umovi-nadannya-poslug
https://createmy-qr.com/vi/dieu-khoan-dich-vu
https://createmy-qr.com/zh/fu-wu-tiao-kuan","200
200
200
200
200
200
200
200
200
200
200
200
200
200
200
200
200
200
200
200
200
200
200
200
200
200
200
200
200
200
200",Some pages don't include hreflang links to all the other pages of the group,11872068519236183580,28,91
21,https://createmy-qr.com/ar/mwld-rmz-lstjb-lsryaa-mjny,"مولد باركود مجاني عبر الإنترنت - إنشاء باركود ثنائي الأبعاد
types.barcode QR Code Generator - مجاني ومخصص | CreateMy-QR
barcode - مولد رمز الاستجابة السريعة مجاني - CreateMy-QR",text/html; charset=utf-8,false,200,0,true,"https://createmy-qr.com/ar/mwld-rmz-lstjb-lsryaa-mjny
https://createmy-qr.com/barcode-generator
https://createmy-qr.com/barcode-generator
https://createmy-qr.com/bn/phri-anlaain-kiuaar-kodd-jenaarettr
https://createmy-qr.com/cs/zdarma-online-generator-qr-kodu
https://createmy-qr.com/da/gratis-qr-kode-generator-online
https://createmy-qr.com/de/kostenloser-qr-code-generator-online
https://createmy-qr.com/el/dorean-dimioyrgia-qr-code-online
https://createmy-qr.com/es/generador-de-codigos-qr-gratis-online
https://createmy-qr.com/fi/ilmainen-qr-koodigeneraattori-netissa
https://createmy-qr.com/fr/generateur-de-code-qr-gratuit-en-ligne
https://createmy-qr.com/hi/muph-t-onnlaain-kyuuaar-kodd-jnrettr
https://createmy-qr.com/hu/ingyenes-online-qr-kod-generator
https://createmy-qr.com/id/generator-qr-code-gratis-online
https://createmy-qr.com/it/generatore-di-codici-qr-gratis-online
https://createmy-qr.com/ja/wu-liao-qrkodozuo-cheng-zienereta
https://createmy-qr.com/ko/muryo-onrain-qr-kodeu-saengseonggi
https://createmy-qr.com/ms/penjana-kod-qr-percuma-dalam-talian
https://createmy-qr.com/nl/gratis-qr-code-generator-online
https://createmy-qr.com/no/gratis-qr-kode-generator-online
https://createmy-qr.com/pl/darmowy-generator-kodow-qr-online
https://createmy-qr.com/pt/gerador-de-codigo-qr-gratis-online
https://createmy-qr.com/ro/generator-de-coduri-qr-gratuit-online
https://createmy-qr.com/ru/besplatnyy-generator-qr-kodov-onlayn
https://createmy-qr.com/sv/gratis-qr-kod-generator-online
https://createmy-qr.com/th/ekhruue-ngmuue-sraangkhiw-aarokhd-nailnfrii
https://createmy-qr.com/tl/libreng-online-qr-code-generator
https://createmy-qr.com/tr/ucretsiz-cevrimici-qr-kod-olusturucu
https://createmy-qr.com/uk/bezkoshtovniy-generator-qr-kodiv-onlayn
https://createmy-qr.com/vi/tao-ma-qr-mien-phi-truc-tuyen
https://createmy-qr.com/zh/mian-fei-zai-xian-er-wei-ma-sheng-cheng-qi","200
200
200
200
200
200
200
200
200
200
200
200
200
200
200
200
200
200
200
200
200
200
200
200
200
200
200
200
200
200
200",Some pages don't include hreflang links to all the other pages of the group,8617637658849271563,28,91
21,https://createmy-qr.com/tr/gizlilik-politikasi,"Ücretsiz Çevrimiçi QR Kod Oluşturucu - CreateMy-QR (No Signup) | Gizlilik Politikası
types.privacy QR Kod Oluşturucu - Ücretsiz ve Özel | CreateMy-QR
Gizlilik Politikası | CreateMy-QR",text/html; charset=utf-8,false,200,0,true,"https://createmy-qr.com/ar/sys-lkhswsy
https://createmy-qr.com/bn/gopniiy-taa-niiti
https://createmy-qr.com/cs/zasady-ochrany-osobnich-udaju
https://createmy-qr.com/da/privatlivspolitik
https://createmy-qr.com/de/datenschutzrichtlinie
https://createmy-qr.com/el/politiki-aporritoy
https://createmy-qr.com/es/politica-de-privacidad
https://createmy-qr.com/fi/tietosuojakaytanto
https://createmy-qr.com/fr/politique-de-confidentialite
https://createmy-qr.com/hi/gopniiytaa-niiti
https://createmy-qr.com/hu/adatvedelmi-szabalyzat
https://createmy-qr.com/id/kebijakan-privasi
https://createmy-qr.com/it/informativa-sulla-privacy
https://createmy-qr.com/ja/puraibasi-porisi
https://createmy-qr.com/ko/gaein-jeongbo-boho-jeongcaeg
https://createmy-qr.com/ms/dasar-privasi
https://createmy-qr.com/nl/privacybeleid
https://createmy-qr.com/no/personvernerklaering
https://createmy-qr.com/pl/polityka-prywatnosci
https://createmy-qr.com/privacy
https://createmy-qr.com/privacy
https://createmy-qr.com/pt/politica-de-privacidade
https://createmy-qr.com/ro/politica-de-confidentialitate
https://createmy-qr.com/ru/politika-konfidencialnosti
https://createmy-qr.com/sv/sekretesspolicy
https://createmy-qr.com/th/noybaaykhwaamepnswntaw
https://createmy-qr.com/tl/patakaran-sa-privacy
https://createmy-qr.com/tr/gizlilik-politikasi
https://createmy-qr.com/uk/politika-konfidenciynosti
https://createmy-qr.com/vi/chinh-sach-bao-mat
https://createmy-qr.com/zh/yin-si-zheng-ce","200
200
200
200
200
200
200
200
200
200
200
200
200
200
200
200
200
200
200
200
200
200
200
200
200
200
200
200
200
200
200",Some pages don't include hreflang links to all the other pages of the group,11074429451265500583,28,91
21,https://createmy-qr.com/ms/pengimbas-kod-bar-penjana-kod-qr-percuma-dalam-talian,"Pengimbas Kod Bar Percuma Dalam Talian - Imbas UPC & EAN
Penjana Kod QR Pengimbas Kod Bar - Percuma & Tersuai | CreateMy-QR
Pengimbas Kod Bar - Penjana Kod QR Percuma Dalam Talian - CreateMy-QR",text/html; charset=utf-8,false,200,0,true,"https://createmy-qr.com/ar/msh-lbrkwd-mwld-rmz-lstjb-lsryaa-mjny
https://createmy-qr.com/bn/baarkodd-skyaanaar-phri-anlaain-kiuaar-kodd-jenaarettr
https://createmy-qr.com/cs/skener-carovych-kodu-zdarma-online-generator-qr-kodu
https://createmy-qr.com/da/stregkodescanner-gratis-qr-kode-generator-online
https://createmy-qr.com/de/barcode-scanner-kostenloser-qr-code-generator-online
https://createmy-qr.com/el/barcode-scanner-dorean-dimioyrgia-qr-code-online
https://createmy-qr.com/es/escaner-de-codigo-de-barras-generador-de-codigos-qr-gratis-online
https://createmy-qr.com/fi/viivakoodinlukija-ilmainen-qr-koodigeneraattori-netissa
https://createmy-qr.com/fr/lecteur-de-codes-a-barres-generateur-de-code-qr-gratuit-en-ligne
https://createmy-qr.com/hi/baarkodd-skainr-muph-t-onnlaain-kyuuaar-kodd-jnrettr
https://createmy-qr.com/hu/ingyenes-online-qr-kod-generator-3
https://createmy-qr.com/id/pemindai-kode-batang-generator-qr-code-gratis-online
https://createmy-qr.com/it/lettore-di-codici-a-barre-generatore-di-codici-qr-gratis-online
https://createmy-qr.com/ja/bakodosukiyana-wu-liao-qrkodozuo-cheng-zienereta
https://createmy-qr.com/ko/bakodeu-seukaeneo-muryo-onrain-qr-kodeu-saengseonggi
https://createmy-qr.com/ms/pengimbas-kod-bar-penjana-kod-qr-percuma-dalam-talian
https://createmy-qr.com/nl/barcodescanner-gratis-qr-code-generator-online
https://createmy-qr.com/no/strekkodeskanner-gratis-qr-kode-generator-online
https://createmy-qr.com/pl/skaner-kodow-kreskowych-darmowy-generator-kodow-qr-online
https://createmy-qr.com/pt/leitor-de-codigo-de-barras-gerador-de-codigo-qr-gratis-online
https://createmy-qr.com/ro/generator-de-coduri-qr-gratuit-online-3
https://createmy-qr.com/ru/skaner-shtrih-koda-besplatnyy-generator-qr-kodov-onlayn
https://createmy-qr.com/scan-barcode
https://createmy-qr.com/scan-barcode
https://createmy-qr.com/sv/streckkodslasare-gratis-qr-kod-generator-online
https://createmy-qr.com/th/ekhruue-ngsaeknbaarokhd-ekhruue-ngmuue-sraangkhiw-aarokhd-nailnfrii
https://createmy-qr.com/tl/barcode-scanner-libreng-online-qr-code-generator
https://createmy-qr.com/tr/barkod-tarayici-ucretsiz-cevrimici-qr-kod-olusturucu
https://createmy-qr.com/uk/skaner-shtrih-kodiv-bezkoshtovniy-generator-qr-kodiv-onlayn
https://createmy-qr.com/vi/may-quet-ma-vach-tao-ma-qr-mien-phi-truc-tuyen
https://createmy-qr.com/zh/tiao-ma-sao-miao-yi-mian-fei-zai-xian-er-wei-ma-sheng-cheng-qi","200
200
200
200
200
200
200
200
200
200
200
200
200
200
200
200
200
200
200
200
200
200
200
200
200
200
200
200
200
200
200",Some pages don't include hreflang links to all the other pages of the group,14730038909064693129,28,91
21,https://createmy-qr.com/hi/hmaare-baare-men,"मुफ़्त ऑनलाइन क्यूआर कोड जनरेटर - CreateMy-QR (No Signup) | हमारे बारे में
types.about QR कोड जेनरेटर - मुफ़्त और कस्टम | CreateMy-QR
हमारे बारे में | CreateMy-QR",text/html; charset=utf-8,false,200,0,true,"https://createmy-qr.com/about
https://createmy-qr.com/about
https://createmy-qr.com/ar/mn-nhn
https://createmy-qr.com/bn/aamaader-smprke
https://createmy-qr.com/cs/o-nas
https://createmy-qr.com/da/om-os
https://createmy-qr.com/de/uber-uns
https://createmy-qr.com/el/shetika-me-emas
https://createmy-qr.com/es/sobre-nosotros
https://createmy-qr.com/fi/meista
https://createmy-qr.com/fr/a-propos-de-nous
https://createmy-qr.com/hi/hmaare-baare-men
https://createmy-qr.com/hu/rolunk
https://createmy-qr.com/id/tentang-kami
https://createmy-qr.com/it/chi-siamo
https://createmy-qr.com/ja/si-tatinituite
https://createmy-qr.com/ko/hoesa-sogae
https://createmy-qr.com/ms/mengenai-kami
https://createmy-qr.com/nl/over-ons
https://createmy-qr.com/no/om-oss
https://createmy-qr.com/pl/o-nas
https://createmy-qr.com/pt/sobre-nos
https://createmy-qr.com/ro/despre-noi
https://createmy-qr.com/ru/o-nas
https://createmy-qr.com/sv/om-oss
https://createmy-qr.com/th/ekiiywkaberaa
https://createmy-qr.com/tl/tungkol-sa-amin
https://createmy-qr.com/tr/hakkimizda
https://createmy-qr.com/uk/pro-nas
https://createmy-qr.com/vi/ve-chung-toi
https://createmy-qr.com/zh/guan-yu-wo-men","200
200
200
200
200
200
200
200
200
200
200
200
200
200
200
200
200
200
200
200
200
200
200
200
200
200
200
200
200
200
200",Some pages don't include hreflang links to all the other pages of the group,1484275197122503531,28,91
21,https://createmy-qr.com/da/stregkodescanner-gratis-qr-kode-generator-online,"Gratis stregkodescanner online - Scan UPC & EAN
Stregkodescanner QR Code Generator - Gratis og brugerdefineret | CreateMy-QR
Stregkodescanner - Gratis QR Kode Generator Online - CreateMy-QR",text/html; charset=utf-8,false,200,0,true,"https://createmy-qr.com/ar/msh-lbrkwd-mwld-rmz-lstjb-lsryaa-mjny
https://createmy-qr.com/bn/baarkodd-skyaanaar-phri-anlaain-kiuaar-kodd-jenaarettr
https://createmy-qr.com/cs/skener-carovych-kodu-zdarma-online-generator-qr-kodu
https://createmy-qr.com/da/stregkodescanner-gratis-qr-kode-generator-online
https://createmy-qr.com/de/barcode-scanner-kostenloser-qr-code-generator-online
https://createmy-qr.com/el/barcode-scanner-dorean-dimioyrgia-qr-code-online
https://createmy-qr.com/es/escaner-de-codigo-de-barras-generador-de-codigos-qr-gratis-online
https://createmy-qr.com/fi/viivakoodinlukija-ilmainen-qr-koodigeneraattori-netissa
https://createmy-qr.com/fr/lecteur-de-codes-a-barres-generateur-de-code-qr-gratuit-en-ligne
https://createmy-qr.com/hi/baarkodd-skainr-muph-t-onnlaain-kyuuaar-kodd-jnrettr
https://createmy-qr.com/hu/ingyenes-online-qr-kod-generator-3
https://createmy-qr.com/id/pemindai-kode-batang-generator-qr-code-gratis-online
https://createmy-qr.com/it/lettore-di-codici-a-barre-generatore-di-codici-qr-gratis-online
https://createmy-qr.com/ja/bakodosukiyana-wu-liao-qrkodozuo-cheng-zienereta
https://createmy-qr.com/ko/bakodeu-seukaeneo-muryo-onrain-qr-kodeu-saengseonggi
https://createmy-qr.com/ms/pengimbas-kod-bar-penjana-kod-qr-percuma-dalam-talian
https://createmy-qr.com/nl/barcodescanner-gratis-qr-code-generator-online
https://createmy-qr.com/no/strekkodeskanner-gratis-qr-kode-generator-online
https://createmy-qr.com/pl/skaner-kodow-kreskowych-darmowy-generator-kodow-qr-online
https://createmy-qr.com/pt/leitor-de-codigo-de-barras-gerador-de-codigo-qr-gratis-online
https://createmy-qr.com/ro/generator-de-coduri-qr-gratuit-online-3
https://createmy-qr.com/ru/skaner-shtrih-koda-besplatnyy-generator-qr-kodov-onlayn
https://createmy-qr.com/scan-barcode
https://createmy-qr.com/scan-barcode
https://createmy-qr.com/sv/streckkodslasare-gratis-qr-kod-generator-online
https://createmy-qr.com/th/ekhruue-ngsaeknbaarokhd-ekhruue-ngmuue-sraangkhiw-aarokhd-nailnfrii
https://createmy-qr.com/tl/barcode-scanner-libreng-online-qr-code-generator
https://createmy-qr.com/tr/barkod-tarayici-ucretsiz-cevrimici-qr-kod-olusturucu
https://createmy-qr.com/uk/skaner-shtrih-kodiv-bezkoshtovniy-generator-qr-kodiv-onlayn
https://createmy-qr.com/vi/may-quet-ma-vach-tao-ma-qr-mien-phi-truc-tuyen
https://createmy-qr.com/zh/tiao-ma-sao-miao-yi-mian-fei-zai-xian-er-wei-ma-sheng-cheng-qi","200
200
200
200
200
200
200
200
200
200
200
200
200
200
200
200
200
200
200
200
200
200
200
200
200
200
200
200
200
200
200",Some pages don't include hreflang links to all the other pages of the group,14730038909064693129,28,91
21,https://createmy-qr.com/ko/hoesa-sogae,"무료 온라인 QR 코드 생성기 - CreateMy-QR (No Signup) | 회사 소개
types.about QR 코드 생성기 - 무료 및 사용자 정의 | CreateMy-QR
회사 소개 | CreateMy-QR",text/html; charset=utf-8,false,200,0,true,"https://createmy-qr.com/about
https://createmy-qr.com/about
https://createmy-qr.com/ar/mn-nhn
https://createmy-qr.com/bn/aamaader-smprke
https://createmy-qr.com/cs/o-nas
https://createmy-qr.com/da/om-os
https://createmy-qr.com/de/uber-uns
https://createmy-qr.com/el/shetika-me-emas
https://createmy-qr.com/es/sobre-nosotros
https://createmy-qr.com/fi/meista
https://createmy-qr.com/fr/a-propos-de-nous
https://createmy-qr.com/hi/hmaare-baare-men
https://createmy-qr.com/hu/rolunk
https://createmy-qr.com/id/tentang-kami
https://createmy-qr.com/it/chi-siamo
https://createmy-qr.com/ja/si-tatinituite
https://createmy-qr.com/ko/hoesa-sogae
https://createmy-qr.com/ms/mengenai-kami
https://createmy-qr.com/nl/over-ons
https://createmy-qr.com/no/om-oss
https://createmy-qr.com/pl/o-nas
https://createmy-qr.com/pt/sobre-nos
https://createmy-qr.com/ro/despre-noi
https://createmy-qr.com/ru/o-nas
https://createmy-qr.com/sv/om-oss
https://createmy-qr.com/th/ekiiywkaberaa
https://createmy-qr.com/tl/tungkol-sa-amin
https://createmy-qr.com/tr/hakkimizda
https://createmy-qr.com/uk/pro-nas
https://createmy-qr.com/vi/ve-chung-toi
https://createmy-qr.com/zh/guan-yu-wo-men","200
200
200
200
200
200
200
200
200
200
200
200
200
200
200
200
200
200
200
200
200
200
200
200
200
200
200
200
200
200
200",Some pages don't include hreflang links to all the other pages of the group,1484275197122503531,28,91
21,https://createmy-qr.com/el/barcode-scanner-dorean-dimioyrgia-qr-code-online,"Δωρεάν Online Scanner Barcode - Σάρωση UPC & EAN
Barcode Scanner QR Code Generator - Δωρεάν & Προσαρμοσμένο | CreateMy-QR
Barcode Scanner - Δωρεάν Δημιουργία QR Code Online - CreateMy-QR",text/html; charset=utf-8,false,200,0,true,"https://createmy-qr.com/ar/msh-lbrkwd-mwld-rmz-lstjb-lsryaa-mjny
https://createmy-qr.com/bn/baarkodd-skyaanaar-phri-anlaain-kiuaar-kodd-jenaarettr
https://createmy-qr.com/cs/skener-carovych-kodu-zdarma-online-generator-qr-kodu
https://createmy-qr.com/da/stregkodescanner-gratis-qr-kode-generator-online
https://createmy-qr.com/de/barcode-scanner-kostenloser-qr-code-generator-online
https://createmy-qr.com/el/barcode-scanner-dorean-dimioyrgia-qr-code-online
https://createmy-qr.com/es/escaner-de-codigo-de-barras-generador-de-codigos-qr-gratis-online
https://createmy-qr.com/fi/viivakoodinlukija-ilmainen-qr-koodigeneraattori-netissa
https://createmy-qr.com/fr/lecteur-de-codes-a-barres-generateur-de-code-qr-gratuit-en-ligne
https://createmy-qr.com/hi/baarkodd-skainr-muph-t-onnlaain-kyuuaar-kodd-jnrettr
https://createmy-qr.com/hu/ingyenes-online-qr-kod-generator-3
https://createmy-qr.com/id/pemindai-kode-batang-generator-qr-code-gratis-online
https://createmy-qr.com/it/lettore-di-codici-a-barre-generatore-di-codici-qr-gratis-online
https://createmy-qr.com/ja/bakodosukiyana-wu-liao-qrkodozuo-cheng-zienereta
https://createmy-qr.com/ko/bakodeu-seukaeneo-muryo-onrain-qr-kodeu-saengseonggi
https://createmy-qr.com/ms/pengimbas-kod-bar-penjana-kod-qr-percuma-dalam-talian
https://createmy-qr.com/nl/barcodescanner-gratis-qr-code-generator-online
https://createmy-qr.com/no/strekkodeskanner-gratis-qr-kode-generator-online
https://createmy-qr.com/pl/skaner-kodow-kreskowych-darmowy-generator-kodow-qr-online
https://createmy-qr.com/pt/leitor-de-codigo-de-barras-gerador-de-codigo-qr-gratis-online
https://createmy-qr.com/ro/generator-de-coduri-qr-gratuit-online-3
https://createmy-qr.com/ru/skaner-shtrih-koda-besplatnyy-generator-qr-kodov-onlayn
https://createmy-qr.com/scan-barcode
https://createmy-qr.com/scan-barcode
https://createmy-qr.com/sv/streckkodslasare-gratis-qr-kod-generator-online
https://createmy-qr.com/th/ekhruue-ngsaeknbaarokhd-ekhruue-ngmuue-sraangkhiw-aarokhd-nailnfrii
https://createmy-qr.com/tl/barcode-scanner-libreng-online-qr-code-generator
https://createmy-qr.com/tr/barkod-tarayici-ucretsiz-cevrimici-qr-kod-olusturucu
https://createmy-qr.com/uk/skaner-shtrih-kodiv-bezkoshtovniy-generator-qr-kodiv-onlayn
https://createmy-qr.com/vi/may-quet-ma-vach-tao-ma-qr-mien-phi-truc-tuyen
https://createmy-qr.com/zh/tiao-ma-sao-miao-yi-mian-fei-zai-xian-er-wei-ma-sheng-cheng-qi","200
200
200
200
200
200
200
200
200
200
200
200
200
200
200
200
200
200
200
200
200
200
200
200
200
200
200
200
200
200
200",Some pages don't include hreflang links to all the other pages of the group,14730038909064693129,28,91
21,https://createmy-qr.com/ko/muryo-onrain-qr-kodeu-saengseonggi-2,"무료 QR 코드 스캐너 온라인 - 즉시 QR 스캔
types.scanqr QR 코드 생성기 - 무료 및 사용자 정의 | CreateMy-QR
scanqr - 무료 온라인 QR 코드 생성기 - CreateMy-QR",text/html; charset=utf-8,false,200,0,true,"https://createmy-qr.com/ar/mwld-rmz-lstjb-lsryaa-mjny-2
https://createmy-qr.com/bn/phri-anlaain-kiuaar-kodd-jenaarettr-2
https://createmy-qr.com/cs/zdarma-online-generator-qr-kodu-2
https://createmy-qr.com/da/gratis-qr-kode-generator-online-2
https://createmy-qr.com/de/kostenloser-qr-code-generator-online-2
https://createmy-qr.com/el/dorean-dimioyrgia-qr-code-online-2
https://createmy-qr.com/es/generador-de-codigos-qr-gratis-online-2
https://createmy-qr.com/fi/ilmainen-qr-koodigeneraattori-netissa-2
https://createmy-qr.com/fr/generateur-de-code-qr-gratuit-en-ligne-2
https://createmy-qr.com/hi/muph-t-onnlaain-kyuuaar-kodd-jnrettr-2
https://createmy-qr.com/hu/ingyenes-online-qr-kod-generator-2
https://createmy-qr.com/id/generator-qr-code-gratis-online-2
https://createmy-qr.com/it/generatore-di-codici-qr-gratis-online-2
https://createmy-qr.com/ja/wu-liao-qrkodozuo-cheng-zienereta-2
https://createmy-qr.com/ko/muryo-onrain-qr-kodeu-saengseonggi-2
https://createmy-qr.com/ms/penjana-kod-qr-percuma-dalam-talian-2
https://createmy-qr.com/nl/gratis-qr-code-generator-online-2
https://createmy-qr.com/no/gratis-qr-kode-generator-online-2
https://createmy-qr.com/pl/darmowy-generator-kodow-qr-online-2
https://createmy-qr.com/pt/gerador-de-codigo-qr-gratis-online-2
https://createmy-qr.com/ro/generator-de-coduri-qr-gratuit-online-2
https://createmy-qr.com/ru/besplatnyy-generator-qr-kodov-onlayn-2
https://createmy-qr.com/scan-qr
https://createmy-qr.com/scan-qr
https://createmy-qr.com/sv/gratis-qr-kod-generator-online-2
https://createmy-qr.com/th/ekhruue-ngmuue-sraangkhiw-aarokhd-nailnfrii-2
https://createmy-qr.com/tl/libreng-online-qr-code-generator-2
https://createmy-qr.com/tr/ucretsiz-cevrimici-qr-kod-olusturucu-2
https://createmy-qr.com/uk/bezkoshtovniy-generator-qr-kodiv-onlayn-2
https://createmy-qr.com/vi/tao-ma-qr-mien-phi-truc-tuyen-2
https://createmy-qr.com/zh/mian-fei-zai-xian-er-wei-ma-sheng-cheng-qi-2","200
200
200
200
200
200
200
200
200
200
200
200
200
200
200
200
200
200
200
200
200
200
200
200
200
200
200
200
200
200
200",Some pages don't include hreflang links to all the other pages of the group,5057633309447319644,28,91
21,https://createmy-qr.com/uk/bezkoshtovniy-generator-qr-kodiv-onlayn,"Безкоштовний онлайн-генератор штрих-кодів - створюйте одновимірні штрих-коди
Генератор QR-коду types.barcode – безкоштовний і користувацький | CreateMy-QR
barcode - Безкоштовний Генератор QR-кодів Онлайн - CreateMy-QR",text/html; charset=utf-8,false,200,0,true,"https://createmy-qr.com/ar/mwld-rmz-lstjb-lsryaa-mjny
https://createmy-qr.com/barcode-generator
https://createmy-qr.com/barcode-generator
https://createmy-qr.com/bn/phri-anlaain-kiuaar-kodd-jenaarettr
https://createmy-qr.com/cs/zdarma-online-generator-qr-kodu
https://createmy-qr.com/da/gratis-qr-kode-generator-online
https://createmy-qr.com/de/kostenloser-qr-code-generator-online
https://createmy-qr.com/el/dorean-dimioyrgia-qr-code-online
https://createmy-qr.com/es/generador-de-codigos-qr-gratis-online
https://createmy-qr.com/fi/ilmainen-qr-koodigeneraattori-netissa
https://createmy-qr.com/fr/generateur-de-code-qr-gratuit-en-ligne
https://createmy-qr.com/hi/muph-t-onnlaain-kyuuaar-kodd-jnrettr
https://createmy-qr.com/hu/ingyenes-online-qr-kod-generator
https://createmy-qr.com/id/generator-qr-code-gratis-online
https://createmy-qr.com/it/generatore-di-codici-qr-gratis-online
https://createmy-qr.com/ja/wu-liao-qrkodozuo-cheng-zienereta
https://createmy-qr.com/ko/muryo-onrain-qr-kodeu-saengseonggi
https://createmy-qr.com/ms/penjana-kod-qr-percuma-dalam-talian
https://createmy-qr.com/nl/gratis-qr-code-generator-online
https://createmy-qr.com/no/gratis-qr-kode-generator-online
https://createmy-qr.com/pl/darmowy-generator-kodow-qr-online
https://createmy-qr.com/pt/gerador-de-codigo-qr-gratis-online
https://createmy-qr.com/ro/generator-de-coduri-qr-gratuit-online
https://createmy-qr.com/ru/besplatnyy-generator-qr-kodov-onlayn
https://createmy-qr.com/sv/gratis-qr-kod-generator-online
https://createmy-qr.com/th/ekhruue-ngmuue-sraangkhiw-aarokhd-nailnfrii
https://createmy-qr.com/tl/libreng-online-qr-code-generator
https://createmy-qr.com/tr/ucretsiz-cevrimici-qr-kod-olusturucu
https://createmy-qr.com/uk/bezkoshtovniy-generator-qr-kodiv-onlayn
https://createmy-qr.com/vi/tao-ma-qr-mien-phi-truc-tuyen
https://createmy-qr.com/zh/mian-fei-zai-xian-er-wei-ma-sheng-cheng-qi","200
200
200
200
200
200
200
200
200
200
200
200
200
200
200
200
200
200
200
200
200
200
200
200
200
200
200
200
200
200
200",Some pages don't include hreflang links to all the other pages of the group,8617637658849271563,28,91
21,https://createmy-qr.com/uk/umovi-nadannya-poslug,"Безкоштовний Генератор QR-кодів Онлайн - CreateMy-QR (No Signup) | Умови надання послуг
Генератор QR-коду types.terms – безкоштовний і користувацький | CreateMy-QR
Умови надання послуг | CreateMy-QR",text/html; charset=utf-8,false,200,0,true,"https://createmy-qr.com/ar/shrwt-lkhdm
https://createmy-qr.com/bn/prissebaar-shrtaablii
https://createmy-qr.com/cs/podminky-sluzby
https://createmy-qr.com/da/servicevilkar
https://createmy-qr.com/de/nutzungsbedingungen
https://createmy-qr.com/el/oroi-parohis-ypiresion
https://createmy-qr.com/es/terminos-de-servicio
https://createmy-qr.com/fi/palveluehdot
https://createmy-qr.com/fr/conditions-d-utilisation
https://createmy-qr.com/hi/sevaa-kii-shrten
https://createmy-qr.com/hu/szolgaltatasi-feltetelek
https://createmy-qr.com/id/ketentuan-layanan
https://createmy-qr.com/it/termini-di-servizio
https://createmy-qr.com/ja/li-yong-gui-yue
https://createmy-qr.com/ko/seobiseu-yaggwan
https://createmy-qr.com/ms/syarat-perkhidmatan
https://createmy-qr.com/nl/servicevoorwaarden
https://createmy-qr.com/no/vilkar-for-bruk
https://createmy-qr.com/pl/warunki-swiadczenia-uslug
https://createmy-qr.com/pt/termos-de-servico
https://createmy-qr.com/ro/termeni-si-conditii
https://createmy-qr.com/ru/usloviya-obsluzhivaniya
https://createmy-qr.com/sv/anvandarvillkor
https://createmy-qr.com/terms
https://createmy-qr.com/terms
https://createmy-qr.com/th/kh-kamhndainkaaraihbrikaar
https://createmy-qr.com/tl/mga-tuntunin-ng-serbisyo
https://createmy-qr.com/tr/hizmet-sartlari
https://createmy-qr.com/uk/umovi-nadannya-poslug
https://createmy-qr.com/vi/dieu-khoan-dich-vu
https://createmy-qr.com/zh/fu-wu-tiao-kuan","200
200
200
200
200
200
200
200
200
200
200
200
200
200
200
200
200
200
200
200
200
200
200
200
200
200
200
200
200
200
200",Some pages don't include hreflang links to all the other pages of the group,11872068519236183580,28,91
21,https://createmy-qr.com/id/tentang-kami,"Generator QR Code Gratis Online - CreateMy-QR (No Signup) | Tentang Kami
types.about Pembuat Kode QR - Gratis & Khusus | CreateMy-QR
Tentang Kami | CreateMy-QR",text/html; charset=utf-8,false,200,0,true,"https://createmy-qr.com/about
https://createmy-qr.com/about
https://createmy-qr.com/ar/mn-nhn
https://createmy-qr.com/bn/aamaader-smprke
https://createmy-qr.com/cs/o-nas
https://createmy-qr.com/da/om-os
https://createmy-qr.com/de/uber-uns
https://createmy-qr.com/el/shetika-me-emas
https://createmy-qr.com/es/sobre-nosotros
https://createmy-qr.com/fi/meista
https://createmy-qr.com/fr/a-propos-de-nous
https://createmy-qr.com/hi/hmaare-baare-men
https://createmy-qr.com/hu/rolunk
https://createmy-qr.com/id/tentang-kami
https://createmy-qr.com/it/chi-siamo
https://createmy-qr.com/ja/si-tatinituite
https://createmy-qr.com/ko/hoesa-sogae
https://createmy-qr.com/ms/mengenai-kami
https://createmy-qr.com/nl/over-ons
https://createmy-qr.com/no/om-oss
https://createmy-qr.com/pl/o-nas
https://createmy-qr.com/pt/sobre-nos
https://createmy-qr.com/ro/despre-noi
https://createmy-qr.com/ru/o-nas
https://createmy-qr.com/sv/om-oss
https://createmy-qr.com/th/ekiiywkaberaa
https://createmy-qr.com/tl/tungkol-sa-amin
https://createmy-qr.com/tr/hakkimizda
https://createmy-qr.com/uk/pro-nas
https://createmy-qr.com/vi/ve-chung-toi
https://createmy-qr.com/zh/guan-yu-wo-men","200
200
200
200
200
200
200
200
200
200
200
200
200
200
200
200
200
200
200
200
200
200
200
200
200
200
200
200
200
200
200",Some pages don't include hreflang links to all the other pages of the group,1484275197122503531,28,91
21,https://createmy-qr.com/th/ekhruue-ngsaeknbaarokhd-ekhruue-ngmuue-sraangkhiw-aarokhd-nailnfrii,"เครื่องสแกนบาร์โค้ดออนไลน์ฟรี - สแกน UPC และ EAN
เครื่องสแกนบาร์โค้ด เครื่องสร้างโค้ด QR - ฟรีและกำหนดเอง | CreateMy-QR
เครื่องสแกนบาร์โค้ด - เครื่องมือสร้างคิวอาร์โค้ดออนไลน์ฟรี - CreateMy-QR",text/html; charset=utf-8,false,200,0,true,"https://createmy-qr.com/ar/msh-lbrkwd-mwld-rmz-lstjb-lsryaa-mjny
https://createmy-qr.com/bn/baarkodd-skyaanaar-phri-anlaain-kiuaar-kodd-jenaarettr
https://createmy-qr.com/cs/skener-carovych-kodu-zdarma-online-generator-qr-kodu
https://createmy-qr.com/da/stregkodescanner-gratis-qr-kode-generator-online
https://createmy-qr.com/de/barcode-scanner-kostenloser-qr-code-generator-online
https://createmy-qr.com/el/barcode-scanner-dorean-dimioyrgia-qr-code-online
https://createmy-qr.com/es/escaner-de-codigo-de-barras-generador-de-codigos-qr-gratis-online
https://createmy-qr.com/fi/viivakoodinlukija-ilmainen-qr-koodigeneraattori-netissa
https://createmy-qr.com/fr/lecteur-de-codes-a-barres-generateur-de-code-qr-gratuit-en-ligne
https://createmy-qr.com/hi/baarkodd-skainr-muph-t-onnlaain-kyuuaar-kodd-jnrettr
https://createmy-qr.com/hu/ingyenes-online-qr-kod-generator-3
https://createmy-qr.com/id/pemindai-kode-batang-generator-qr-code-gratis-online
https://createmy-qr.com/it/lettore-di-codici-a-barre-generatore-di-codici-qr-gratis-online
https://createmy-qr.com/ja/bakodosukiyana-wu-liao-qrkodozuo-cheng-zienereta
https://createmy-qr.com/ko/bakodeu-seukaeneo-muryo-onrain-qr-kodeu-saengseonggi
https://createmy-qr.com/ms/pengimbas-kod-bar-penjana-kod-qr-percuma-dalam-talian
https://createmy-qr.com/nl/barcodescanner-gratis-qr-code-generator-online
https://createmy-qr.com/no/strekkodeskanner-gratis-qr-kode-generator-online
https://createmy-qr.com/pl/skaner-kodow-kreskowych-darmowy-generator-kodow-qr-online
https://createmy-qr.com/pt/leitor-de-codigo-de-barras-gerador-de-codigo-qr-gratis-online
https://createmy-qr.com/ro/generator-de-coduri-qr-gratuit-online-3
https://createmy-qr.com/ru/skaner-shtrih-koda-besplatnyy-generator-qr-kodov-onlayn
https://createmy-qr.com/scan-barcode
https://createmy-qr.com/scan-barcode
https://createmy-qr.com/sv/streckkodslasare-gratis-qr-kod-generator-online
https://createmy-qr.com/th/ekhruue-ngsaeknbaarokhd-ekhruue-ngmuue-sraangkhiw-aarokhd-nailnfrii
https://createmy-qr.com/tl/barcode-scanner-libreng-online-qr-code-generator
https://createmy-qr.com/tr/barkod-tarayici-ucretsiz-cevrimici-qr-kod-olusturucu
https://createmy-qr.com/uk/skaner-shtrih-kodiv-bezkoshtovniy-generator-qr-kodiv-onlayn
https://createmy-qr.com/vi/may-quet-ma-vach-tao-ma-qr-mien-phi-truc-tuyen
https://createmy-qr.com/zh/tiao-ma-sao-miao-yi-mian-fei-zai-xian-er-wei-ma-sheng-cheng-qi","200
200
200
200
200
200
200
200
200
200
200
200
200
200
200
200
200
200
200
200
200
200
200
200
200
200
200
200
200
200
200",Some pages don't include hreflang links to all the other pages of the group,14730038909064693129,28,91
21,https://createmy-qr.com/ru/o-nas,"Бесплатный генератор QR-кодов онлайн - CreateMy-QR (No Signup) | О нас
types.about Генератор QR-кодов — бесплатный и настраиваемый | CreateMy-QR
О нас | CreateMy-QR",text/html; charset=utf-8,false,200,0,true,"https://createmy-qr.com/about
https://createmy-qr.com/about
https://createmy-qr.com/ar/mn-nhn
https://createmy-qr.com/bn/aamaader-smprke
https://createmy-qr.com/cs/o-nas
https://createmy-qr.com/da/om-os
https://createmy-qr.com/de/uber-uns
https://createmy-qr.com/el/shetika-me-emas
https://createmy-qr.com/es/sobre-nosotros
https://createmy-qr.com/fi/meista
https://createmy-qr.com/fr/a-propos-de-nous
https://createmy-qr.com/hi/hmaare-baare-men
https://createmy-qr.com/hu/rolunk
https://createmy-qr.com/id/tentang-kami
https://createmy-qr.com/it/chi-siamo
https://createmy-qr.com/ja/si-tatinituite
https://createmy-qr.com/ko/hoesa-sogae
https://createmy-qr.com/ms/mengenai-kami
https://createmy-qr.com/nl/over-ons
https://createmy-qr.com/no/om-oss
https://createmy-qr.com/pl/o-nas
https://createmy-qr.com/pt/sobre-nos
https://createmy-qr.com/ro/despre-noi
https://createmy-qr.com/ru/o-nas
https://createmy-qr.com/sv/om-oss
https://createmy-qr.com/th/ekiiywkaberaa
https://createmy-qr.com/tl/tungkol-sa-amin
https://createmy-qr.com/tr/hakkimizda
https://createmy-qr.com/uk/pro-nas
https://createmy-qr.com/vi/ve-chung-toi
https://createmy-qr.com/zh/guan-yu-wo-men","200
200
200
200
200
200
200
200
200
200
200
200
200
200
200
200
200
200
200
200
200
200
200
200
200
200
200
200
200
200
200",Some pages don't include hreflang links to all the other pages of the group,1484275197122503531,28,91
21,https://createmy-qr.com/vi/tao-ma-qr-mien-phi-truc-tuyen,"Trình tạo mã vạch trực tuyến miễn phí - Tạo mã vạch 1D
Trình tạo mã QR types.barcode - Miễn phí & Tùy chỉnh | CreateMy-QR
barcode - Tạo Mã QR Miễn Phí Trực Tuyến - CreateMy-QR",text/html; charset=utf-8,false,200,0,true,"https://createmy-qr.com/ar/mwld-rmz-lstjb-lsryaa-mjny
https://createmy-qr.com/barcode-generator
https://createmy-qr.com/barcode-generator
https://createmy-qr.com/bn/phri-anlaain-kiuaar-kodd-jenaarettr
https://createmy-qr.com/cs/zdarma-online-generator-qr-kodu
https://createmy-qr.com/da/gratis-qr-kode-generator-online
https://createmy-qr.com/de/kostenloser-qr-code-generator-online
https://createmy-qr.com/el/dorean-dimioyrgia-qr-code-online
https://createmy-qr.com/es/generador-de-codigos-qr-gratis-online
https://createmy-qr.com/fi/ilmainen-qr-koodigeneraattori-netissa
https://createmy-qr.com/fr/generateur-de-code-qr-gratuit-en-ligne
https://createmy-qr.com/hi/muph-t-onnlaain-kyuuaar-kodd-jnrettr
https://createmy-qr.com/hu/ingyenes-online-qr-kod-generator
https://createmy-qr.com/id/generator-qr-code-gratis-online
https://createmy-qr.com/it/generatore-di-codici-qr-gratis-online
https://createmy-qr.com/ja/wu-liao-qrkodozuo-cheng-zienereta
https://createmy-qr.com/ko/muryo-onrain-qr-kodeu-saengseonggi
https://createmy-qr.com/ms/penjana-kod-qr-percuma-dalam-talian
https://createmy-qr.com/nl/gratis-qr-code-generator-online
https://createmy-qr.com/no/gratis-qr-kode-generator-online
https://createmy-qr.com/pl/darmowy-generator-kodow-qr-online
https://createmy-qr.com/pt/gerador-de-codigo-qr-gratis-online
https://createmy-qr.com/ro/generator-de-coduri-qr-gratuit-online
https://createmy-qr.com/ru/besplatnyy-generator-qr-kodov-onlayn
https://createmy-qr.com/sv/gratis-qr-kod-generator-online
https://createmy-qr.com/th/ekhruue-ngmuue-sraangkhiw-aarokhd-nailnfrii
https://createmy-qr.com/tl/libreng-online-qr-code-generator
https://createmy-qr.com/tr/ucretsiz-cevrimici-qr-kod-olusturucu
https://createmy-qr.com/uk/bezkoshtovniy-generator-qr-kodiv-onlayn
https://createmy-qr.com/vi/tao-ma-qr-mien-phi-truc-tuyen
https://createmy-qr.com/zh/mian-fei-zai-xian-er-wei-ma-sheng-cheng-qi","200
200
200
200
200
200
200
200
200
200
200
200
200
200
200
200
200
200
200
200
200
200
200
200
200
200
200
200
200
200
200",Some pages don't include hreflang links to all the other pages of the group,8617637658849271563,28,91
21,https://createmy-qr.com/ja/li-yong-gui-yue,"無料QRコード作成・ジェネレーター - CreateMy-QR (No Signup) | 利用規約
types.terms QR コード ジェネレーター - 無料 & カスタム | CreateMy-QR
利用規約 | CreateMy-QR",text/html; charset=utf-8,false,200,0,true,"https://createmy-qr.com/ar/shrwt-lkhdm
https://createmy-qr.com/bn/prissebaar-shrtaablii
https://createmy-qr.com/cs/podminky-sluzby
https://createmy-qr.com/da/servicevilkar
https://createmy-qr.com/de/nutzungsbedingungen
https://createmy-qr.com/el/oroi-parohis-ypiresion
https://createmy-qr.com/es/terminos-de-servicio
https://createmy-qr.com/fi/palveluehdot
https://createmy-qr.com/fr/conditions-d-utilisation
https://createmy-qr.com/hi/sevaa-kii-shrten
https://createmy-qr.com/hu/szolgaltatasi-feltetelek
https://createmy-qr.com/id/ketentuan-layanan
https://createmy-qr.com/it/termini-di-servizio
https://createmy-qr.com/ja/li-yong-gui-yue
https://createmy-qr.com/ko/seobiseu-yaggwan
https://createmy-qr.com/ms/syarat-perkhidmatan
https://createmy-qr.com/nl/servicevoorwaarden
https://createmy-qr.com/no/vilkar-for-bruk
https://createmy-qr.com/pl/warunki-swiadczenia-uslug
https://createmy-qr.com/pt/termos-de-servico
https://createmy-qr.com/ro/termeni-si-conditii
https://createmy-qr.com/ru/usloviya-obsluzhivaniya
https://createmy-qr.com/sv/anvandarvillkor
https://createmy-qr.com/terms
https://createmy-qr.com/terms
https://createmy-qr.com/th/kh-kamhndainkaaraihbrikaar
https://createmy-qr.com/tl/mga-tuntunin-ng-serbisyo
https://createmy-qr.com/tr/hizmet-sartlari
https://createmy-qr.com/uk/umovi-nadannya-poslug
https://createmy-qr.com/vi/dieu-khoan-dich-vu
https://createmy-qr.com/zh/fu-wu-tiao-kuan","200
200
200
200
200
200
200
200
200
200
200
200
200
200
200
200
200
200
200
200
200
200
200
200
200
200
200
200
200
200
200",Some pages don't include hreflang links to all the other pages of the group,11872068519236183580,28,91
21,https://createmy-qr.com/pt/leitor-de-codigo-de-barras-gerador-de-codigo-qr-gratis-online,"Scanner de código de barras online gratuito - Digitalize UPC e EAN
Gerador de código QR Leitor de código de barras - gratuito e personalizado | CreateMy-QR
Leitor de código de barras - Gerador de Código QR Grátis Online - CreateMy-QR",text/html; charset=utf-8,false,200,0,true,"https://createmy-qr.com/ar/msh-lbrkwd-mwld-rmz-lstjb-lsryaa-mjny
https://createmy-qr.com/bn/baarkodd-skyaanaar-phri-anlaain-kiuaar-kodd-jenaarettr
https://createmy-qr.com/cs/skener-carovych-kodu-zdarma-online-generator-qr-kodu
https://createmy-qr.com/da/stregkodescanner-gratis-qr-kode-generator-online
https://createmy-qr.com/de/barcode-scanner-kostenloser-qr-code-generator-online
https://createmy-qr.com/el/barcode-scanner-dorean-dimioyrgia-qr-code-online
https://createmy-qr.com/es/escaner-de-codigo-de-barras-generador-de-codigos-qr-gratis-online
https://createmy-qr.com/fi/viivakoodinlukija-ilmainen-qr-koodigeneraattori-netissa
https://createmy-qr.com/fr/lecteur-de-codes-a-barres-generateur-de-code-qr-gratuit-en-ligne
https://createmy-qr.com/hi/baarkodd-skainr-muph-t-onnlaain-kyuuaar-kodd-jnrettr
https://createmy-qr.com/hu/ingyenes-online-qr-kod-generator-3
https://createmy-qr.com/id/pemindai-kode-batang-generator-qr-code-gratis-online
https://createmy-qr.com/it/lettore-di-codici-a-barre-generatore-di-codici-qr-gratis-online
https://createmy-qr.com/ja/bakodosukiyana-wu-liao-qrkodozuo-cheng-zienereta
https://createmy-qr.com/ko/bakodeu-seukaeneo-muryo-onrain-qr-kodeu-saengseonggi
https://createmy-qr.com/ms/pengimbas-kod-bar-penjana-kod-qr-percuma-dalam-talian
https://createmy-qr.com/nl/barcodescanner-gratis-qr-code-generator-online
https://createmy-qr.com/no/strekkodeskanner-gratis-qr-kode-generator-online
https://createmy-qr.com/pl/skaner-kodow-kreskowych-darmowy-generator-kodow-qr-online
https://createmy-qr.com/pt/leitor-de-codigo-de-barras-gerador-de-codigo-qr-gratis-online
https://createmy-qr.com/ro/generator-de-coduri-qr-gratuit-online-3
https://createmy-qr.com/ru/skaner-shtrih-koda-besplatnyy-generator-qr-kodov-onlayn
https://createmy-qr.com/scan-barcode
https://createmy-qr.com/scan-barcode
https://createmy-qr.com/sv/streckkodslasare-gratis-qr-kod-generator-online
https://createmy-qr.com/th/ekhruue-ngsaeknbaarokhd-ekhruue-ngmuue-sraangkhiw-aarokhd-nailnfrii
https://createmy-qr.com/tl/barcode-scanner-libreng-online-qr-code-generator
https://createmy-qr.com/tr/barkod-tarayici-ucretsiz-cevrimici-qr-kod-olusturucu
https://createmy-qr.com/uk/skaner-shtrih-kodiv-bezkoshtovniy-generator-qr-kodiv-onlayn
https://createmy-qr.com/vi/may-quet-ma-vach-tao-ma-qr-mien-phi-truc-tuyen
https://createmy-qr.com/zh/tiao-ma-sao-miao-yi-mian-fei-zai-xian-er-wei-ma-sheng-cheng-qi","200
200
200
200
200
200
200
200
200
200
200
200
200
200
200
200
200
200
200
200
200
200
200
200
200
200
200
200
200
200
200",Some pages don't include hreflang links to all the other pages of the group,14730038909064693129,28,91
21,https://createmy-qr.com/da/privatlivspolitik,"Gratis QR Kode Generator Online - CreateMy-QR (No Signup) | Privatlivspolitik
types.privacy QR Code Generator - Gratis og brugerdefineret | CreateMy-QR
Privatlivspolitik | CreateMy-QR",text/html; charset=utf-8,false,200,0,true,"https://createmy-qr.com/ar/sys-lkhswsy
https://createmy-qr.com/bn/gopniiy-taa-niiti
https://createmy-qr.com/cs/zasady-ochrany-osobnich-udaju
https://createmy-qr.com/da/privatlivspolitik
https://createmy-qr.com/de/datenschutzrichtlinie
https://createmy-qr.com/el/politiki-aporritoy
https://createmy-qr.com/es/politica-de-privacidad
https://createmy-qr.com/fi/tietosuojakaytanto
https://createmy-qr.com/fr/politique-de-confidentialite
https://createmy-qr.com/hi/gopniiytaa-niiti
https://createmy-qr.com/hu/adatvedelmi-szabalyzat
https://createmy-qr.com/id/kebijakan-privasi
https://createmy-qr.com/it/informativa-sulla-privacy
https://createmy-qr.com/ja/puraibasi-porisi
https://createmy-qr.com/ko/gaein-jeongbo-boho-jeongcaeg
https://createmy-qr.com/ms/dasar-privasi
https://createmy-qr.com/nl/privacybeleid
https://createmy-qr.com/no/personvernerklaering
https://createmy-qr.com/pl/polityka-prywatnosci
https://createmy-qr.com/privacy
https://createmy-qr.com/privacy
https://createmy-qr.com/pt/politica-de-privacidade
https://createmy-qr.com/ro/politica-de-confidentialitate
https://createmy-qr.com/ru/politika-konfidencialnosti
https://createmy-qr.com/sv/sekretesspolicy
https://createmy-qr.com/th/noybaaykhwaamepnswntaw
https://createmy-qr.com/tl/patakaran-sa-privacy
https://createmy-qr.com/tr/gizlilik-politikasi
https://createmy-qr.com/uk/politika-konfidenciynosti
https://createmy-qr.com/vi/chinh-sach-bao-mat
https://createmy-qr.com/zh/yin-si-zheng-ce","200
200
200
200
200
200
200
200
200
200
200
200
200
200
200
200
200
200
200
200
200
200
200
200
200
200
200
200
200
200
200",Some pages don't include hreflang links to all the other pages of the group,11074429451265500583,28,91
21,https://createmy-qr.com/ar/mn-nhn,"مولد رمز الاستجابة السريعة مجاني - CreateMy-QR (No Signup) | من نحن
types.about QR Code Generator - مجاني ومخصص | CreateMy-QR
من نحن | CreateMy-QR",text/html; charset=utf-8,false,200,0,true,"https://createmy-qr.com/about
https://createmy-qr.com/about
https://createmy-qr.com/ar/mn-nhn
https://createmy-qr.com/bn/aamaader-smprke
https://createmy-qr.com/cs/o-nas
https://createmy-qr.com/da/om-os
https://createmy-qr.com/de/uber-uns
https://createmy-qr.com/el/shetika-me-emas
https://createmy-qr.com/es/sobre-nosotros
https://createmy-qr.com/fi/meista
https://createmy-qr.com/fr/a-propos-de-nous
https://createmy-qr.com/hi/hmaare-baare-men
https://createmy-qr.com/hu/rolunk
https://createmy-qr.com/id/tentang-kami
https://createmy-qr.com/it/chi-siamo
https://createmy-qr.com/ja/si-tatinituite
https://createmy-qr.com/ko/hoesa-sogae
https://createmy-qr.com/ms/mengenai-kami
https://createmy-qr.com/nl/over-ons
https://createmy-qr.com/no/om-oss
https://createmy-qr.com/pl/o-nas
https://createmy-qr.com/pt/sobre-nos
https://createmy-qr.com/ro/despre-noi
https://createmy-qr.com/ru/o-nas
https://createmy-qr.com/sv/om-oss
https://createmy-qr.com/th/ekiiywkaberaa
https://createmy-qr.com/tl/tungkol-sa-amin
https://createmy-qr.com/tr/hakkimizda
https://createmy-qr.com/uk/pro-nas
https://createmy-qr.com/vi/ve-chung-toi
https://createmy-qr.com/zh/guan-yu-wo-men","200
200
200
200
200
200
200
200
200
200
200
200
200
200
200
200
200
200
200
200
200
200
200
200
200
200
200
200
200
200
200",Some pages don't include hreflang links to all the other pages of the group,1484275197122503531,28,91
21,https://createmy-qr.com/hi/ttuuls-kii-tulnaa-kren,"मुफ़्त ऑनलाइन क्यूआर कोड जनरेटर - CreateMy-QR (No Signup) | टूल्स की तुलना करें
types.compare QR कोड जेनरेटर - मुफ़्त और कस्टम | CreateMy-QR
टूल्स की तुलना करें | CreateMy-QR",text/html; charset=utf-8,false,200,0,true,"https://createmy-qr.com/ar/dwt-lmqrn
https://createmy-qr.com/bn/ttul-tulnaa-krun
https://createmy-qr.com/compare
https://createmy-qr.com/compare
https://createmy-qr.com/cs/nastroje-pro-porovnani
https://createmy-qr.com/da/sammenlign-vaerktojer
https://createmy-qr.com/de/tools-vergleichen
https://createmy-qr.com/el/ergaleia-sygkrisis
https://createmy-qr.com/es/comparar-herramientas
https://createmy-qr.com/fi/vertaa-tyokaluja
https://createmy-qr.com/fr/comparer-les-outils
https://createmy-qr.com/hi/ttuuls-kii-tulnaa-kren
https://createmy-qr.com/hu/eszkozok-osszehasonlitasa
https://createmy-qr.com/id/bandingkan-alat
https://createmy-qr.com/it/confronta-strumenti
https://createmy-qr.com/ja/bi-jiao-turu
https://createmy-qr.com/ko/dogu-bigyo
https://createmy-qr.com/ms/bandingkan-alat
https://createmy-qr.com/nl/hulpmiddelen-vergelijken
https://createmy-qr.com/no/sammenlign-verktoy
https://createmy-qr.com/pl/porownaj-narzedzia
https://createmy-qr.com/pt/comparar-ferramentas
https://createmy-qr.com/ro/instrumente-de-comparare
https://createmy-qr.com/ru/sravnit-instrumenty
https://createmy-qr.com/sv/jamfor-verktyg
https://createmy-qr.com/th/epriiybethiiybekhruue-ngmuue
https://createmy-qr.com/tl/paghambingin-ang-mga-tool
https://createmy-qr.com/tr/araclari-karsilastir
https://createmy-qr.com/uk/instrumenti-porivnyannya
https://createmy-qr.com/vi/cong-cu-so-sanh
https://createmy-qr.com/zh/bi-jiao-gong-ju","200
200
200
200
200
200
200
200
200
200
200
200
200
200
200
200
200
200
200
200
200
200
200
200
200
200
200
200
200
200
200",Some pages don't include hreflang links to all the other pages of the group,625790584758697065,28,91
21,https://createmy-qr.com/hu/eszkozok-osszehasonlitasa,"Ingyenes Online QR-kód Generátor - CreateMy-QR (No Signup) | Eszközök összehasonlítása
types.compare QR-kód generátor - ingyenes és egyedi | CreateMy-QR
Eszközök összehasonlítása | CreateMy-QR",text/html; charset=utf-8,false,200,0,true,"https://createmy-qr.com/ar/dwt-lmqrn
https://createmy-qr.com/bn/ttul-tulnaa-krun
https://createmy-qr.com/compare
https://createmy-qr.com/compare
https://createmy-qr.com/cs/nastroje-pro-porovnani
https://createmy-qr.com/da/sammenlign-vaerktojer
https://createmy-qr.com/de/tools-vergleichen
https://createmy-qr.com/el/ergaleia-sygkrisis
https://createmy-qr.com/es/comparar-herramientas
https://createmy-qr.com/fi/vertaa-tyokaluja
https://createmy-qr.com/fr/comparer-les-outils
https://createmy-qr.com/hi/ttuuls-kii-tulnaa-kren
https://createmy-qr.com/hu/eszkozok-osszehasonlitasa
https://createmy-qr.com/id/bandingkan-alat
https://createmy-qr.com/it/confronta-strumenti
https://createmy-qr.com/ja/bi-jiao-turu
https://createmy-qr.com/ko/dogu-bigyo
https://createmy-qr.com/ms/bandingkan-alat
https://createmy-qr.com/nl/hulpmiddelen-vergelijken
https://createmy-qr.com/no/sammenlign-verktoy
https://createmy-qr.com/pl/porownaj-narzedzia
https://createmy-qr.com/pt/comparar-ferramentas
https://createmy-qr.com/ro/instrumente-de-comparare
https://createmy-qr.com/ru/sravnit-instrumenty
https://createmy-qr.com/sv/jamfor-verktyg
https://createmy-qr.com/th/epriiybethiiybekhruue-ngmuue
https://createmy-qr.com/tl/paghambingin-ang-mga-tool
https://createmy-qr.com/tr/araclari-karsilastir
https://createmy-qr.com/uk/instrumenti-porivnyannya
https://createmy-qr.com/vi/cong-cu-so-sanh
https://createmy-qr.com/zh/bi-jiao-gong-ju","200
200
200
200
200
200
200
200
200
200
200
200
200
200
200
200
200
200
200
200
200
200
200
200
200
200
200
200
200
200
200",Some pages don't include hreflang links to all the other pages of the group,625790584758697065,28,91
21,https://createmy-qr.com/tl/libreng-online-qr-code-generator-2,"Libreng QR Code Scanner Online - I-scan ang QR Agad
types.scanqr QR Code Generator - Libre at Custom | CreateMy-QR
scanqr - Libreng Online QR Code Generator - CreateMy-QR",text/html; charset=utf-8,false,200,0,true,"https://createmy-qr.com/ar/mwld-rmz-lstjb-lsryaa-mjny-2
https://createmy-qr.com/bn/phri-anlaain-kiuaar-kodd-jenaarettr-2
https://createmy-qr.com/cs/zdarma-online-generator-qr-kodu-2
https://createmy-qr.com/da/gratis-qr-kode-generator-online-2
https://createmy-qr.com/de/kostenloser-qr-code-generator-online-2
https://createmy-qr.com/el/dorean-dimioyrgia-qr-code-online-2
https://createmy-qr.com/es/generador-de-codigos-qr-gratis-online-2
https://createmy-qr.com/fi/ilmainen-qr-koodigeneraattori-netissa-2
https://createmy-qr.com/fr/generateur-de-code-qr-gratuit-en-ligne-2
https://createmy-qr.com/hi/muph-t-onnlaain-kyuuaar-kodd-jnrettr-2
https://createmy-qr.com/hu/ingyenes-online-qr-kod-generator-2
https://createmy-qr.com/id/generator-qr-code-gratis-online-2
https://createmy-qr.com/it/generatore-di-codici-qr-gratis-online-2
https://createmy-qr.com/ja/wu-liao-qrkodozuo-cheng-zienereta-2
https://createmy-qr.com/ko/muryo-onrain-qr-kodeu-saengseonggi-2
https://createmy-qr.com/ms/penjana-kod-qr-percuma-dalam-talian-2
https://createmy-qr.com/nl/gratis-qr-code-generator-online-2
https://createmy-qr.com/no/gratis-qr-kode-generator-online-2
https://createmy-qr.com/pl/darmowy-generator-kodow-qr-online-2
https://createmy-qr.com/pt/gerador-de-codigo-qr-gratis-online-2
https://createmy-qr.com/ro/generator-de-coduri-qr-gratuit-online-2
https://createmy-qr.com/ru/besplatnyy-generator-qr-kodov-onlayn-2
https://createmy-qr.com/scan-qr
https://createmy-qr.com/scan-qr
https://createmy-qr.com/sv/gratis-qr-kod-generator-online-2
https://createmy-qr.com/th/ekhruue-ngmuue-sraangkhiw-aarokhd-nailnfrii-2
https://createmy-qr.com/tl/libreng-online-qr-code-generator-2
https://createmy-qr.com/tr/ucretsiz-cevrimici-qr-kod-olusturucu-2
https://createmy-qr.com/uk/bezkoshtovniy-generator-qr-kodiv-onlayn-2
https://createmy-qr.com/vi/tao-ma-qr-mien-phi-truc-tuyen-2
https://createmy-qr.com/zh/mian-fei-zai-xian-er-wei-ma-sheng-cheng-qi-2","200
200
200
200
200
200
200
200
200
200
200
200
200
200
200
200
200
200
200
200
200
200
200
200
200
200
200
200
200
200
200",Some pages don't include hreflang links to all the other pages of the group,5057633309447319644,28,91
21,https://createmy-qr.com/pt/gerador-de-codigo-qr-gratis-online,"Gerador de código de barras online gratuito - Crie códigos de barras 1D
Gerador de código QR types.barcode - gratuito e personalizado | CreateMy-QR
barcode - Gerador de Código QR Grátis Online - CreateMy-QR",text/html; charset=utf-8,false,200,0,true,"https://createmy-qr.com/ar/mwld-rmz-lstjb-lsryaa-mjny
https://createmy-qr.com/barcode-generator
https://createmy-qr.com/barcode-generator
https://createmy-qr.com/bn/phri-anlaain-kiuaar-kodd-jenaarettr
https://createmy-qr.com/cs/zdarma-online-generator-qr-kodu
https://createmy-qr.com/da/gratis-qr-kode-generator-online
https://createmy-qr.com/de/kostenloser-qr-code-generator-online
https://createmy-qr.com/el/dorean-dimioyrgia-qr-code-online
https://createmy-qr.com/es/generador-de-codigos-qr-gratis-online
https://createmy-qr.com/fi/ilmainen-qr-koodigeneraattori-netissa
https://createmy-qr.com/fr/generateur-de-code-qr-gratuit-en-ligne
https://createmy-qr.com/hi/muph-t-onnlaain-kyuuaar-kodd-jnrettr
https://createmy-qr.com/hu/ingyenes-online-qr-kod-generator
https://createmy-qr.com/id/generator-qr-code-gratis-online
https://createmy-qr.com/it/generatore-di-codici-qr-gratis-online
https://createmy-qr.com/ja/wu-liao-qrkodozuo-cheng-zienereta
https://createmy-qr.com/ko/muryo-onrain-qr-kodeu-saengseonggi
https://createmy-qr.com/ms/penjana-kod-qr-percuma-dalam-talian
https://createmy-qr.com/nl/gratis-qr-code-generator-online
https://createmy-qr.com/no/gratis-qr-kode-generator-online
https://createmy-qr.com/pl/darmowy-generator-kodow-qr-online
https://createmy-qr.com/pt/gerador-de-codigo-qr-gratis-online
https://createmy-qr.com/ro/generator-de-coduri-qr-gratuit-online
https://createmy-qr.com/ru/besplatnyy-generator-qr-kodov-onlayn
https://createmy-qr.com/sv/gratis-qr-kod-generator-online
https://createmy-qr.com/th/ekhruue-ngmuue-sraangkhiw-aarokhd-nailnfrii
https://createmy-qr.com/tl/libreng-online-qr-code-generator
https://createmy-qr.com/tr/ucretsiz-cevrimici-qr-kod-olusturucu
https://createmy-qr.com/uk/bezkoshtovniy-generator-qr-kodiv-onlayn
https://createmy-qr.com/vi/tao-ma-qr-mien-phi-truc-tuyen
https://createmy-qr.com/zh/mian-fei-zai-xian-er-wei-ma-sheng-cheng-qi","200
200
200
200
200
200
200
200
200
200
200
200
200
200
200
200
200
200
200
200
200
200
200
200
200
200
200
200
200
200
200",Some pages don't include hreflang links to all the other pages of the group,8617637658849271563,28,91
21,https://createmy-qr.com/sv/anvandarvillkor,"Gratis QR-kod Generator Online - CreateMy-QR (No Signup) | Användarvillkor
types.terms QR Code Generator - Gratis & anpassad | CreateMy-QR
Användarvillkor | CreateMy-QR",text/html; charset=utf-8,false,200,0,true,"https://createmy-qr.com/ar/shrwt-lkhdm
https://createmy-qr.com/bn/prissebaar-shrtaablii
https://createmy-qr.com/cs/podminky-sluzby
https://createmy-qr.com/da/servicevilkar
https://createmy-qr.com/de/nutzungsbedingungen
https://createmy-qr.com/el/oroi-parohis-ypiresion
https://createmy-qr.com/es/terminos-de-servicio
https://createmy-qr.com/fi/palveluehdot
https://createmy-qr.com/fr/conditions-d-utilisation
https://createmy-qr.com/hi/sevaa-kii-shrten
https://createmy-qr.com/hu/szolgaltatasi-feltetelek
https://createmy-qr.com/id/ketentuan-layanan
https://createmy-qr.com/it/termini-di-servizio
https://createmy-qr.com/ja/li-yong-gui-yue
https://createmy-qr.com/ko/seobiseu-yaggwan
https://createmy-qr.com/ms/syarat-perkhidmatan
https://createmy-qr.com/nl/servicevoorwaarden
https://createmy-qr.com/no/vilkar-for-bruk
https://createmy-qr.com/pl/warunki-swiadczenia-uslug
https://createmy-qr.com/pt/termos-de-servico
https://createmy-qr.com/ro/termeni-si-conditii
https://createmy-qr.com/ru/usloviya-obsluzhivaniya
https://createmy-qr.com/sv/anvandarvillkor
https://createmy-qr.com/terms
https://createmy-qr.com/terms
https://createmy-qr.com/th/kh-kamhndainkaaraihbrikaar
https://createmy-qr.com/tl/mga-tuntunin-ng-serbisyo
https://createmy-qr.com/tr/hizmet-sartlari
https://createmy-qr.com/uk/umovi-nadannya-poslug
https://createmy-qr.com/vi/dieu-khoan-dich-vu
https://createmy-qr.com/zh/fu-wu-tiao-kuan","200
200
200
200
200
200
200
200
200
200
200
200
200
200
200
200
200
200
200
200
200
200
200
200
200
200
200
200
200
200
200",Some pages don't include hreflang links to all the other pages of the group,11872068519236183580,28,91
21,https://createmy-qr.com/de/barcode-scanner-kostenloser-qr-code-generator-online,"Kostenloser Barcode-Scanner online – Scannen Sie UPC und EAN
Barcode-Scanner QR-Code-Generator – kostenlos und benutzerdefiniert | CreateMy-QR
Barcode-Scanner - Kostenloser QR-Code Generator Online - CreateMy-QR",text/html; charset=utf-8,false,200,0,true,"https://createmy-qr.com/ar/msh-lbrkwd-mwld-rmz-lstjb-lsryaa-mjny
https://createmy-qr.com/bn/baarkodd-skyaanaar-phri-anlaain-kiuaar-kodd-jenaarettr
https://createmy-qr.com/cs/skener-carovych-kodu-zdarma-online-generator-qr-kodu
https://createmy-qr.com/da/stregkodescanner-gratis-qr-kode-generator-online
https://createmy-qr.com/de/barcode-scanner-kostenloser-qr-code-generator-online
https://createmy-qr.com/el/barcode-scanner-dorean-dimioyrgia-qr-code-online
https://createmy-qr.com/es/escaner-de-codigo-de-barras-generador-de-codigos-qr-gratis-online
https://createmy-qr.com/fi/viivakoodinlukija-ilmainen-qr-koodigeneraattori-netissa
https://createmy-qr.com/fr/lecteur-de-codes-a-barres-generateur-de-code-qr-gratuit-en-ligne
https://createmy-qr.com/hi/baarkodd-skainr-muph-t-onnlaain-kyuuaar-kodd-jnrettr
https://createmy-qr.com/hu/ingyenes-online-qr-kod-generator-3
https://createmy-qr.com/id/pemindai-kode-batang-generator-qr-code-gratis-online
https://createmy-qr.com/it/lettore-di-codici-a-barre-generatore-di-codici-qr-gratis-online
https://createmy-qr.com/ja/bakodosukiyana-wu-liao-qrkodozuo-cheng-zienereta
https://createmy-qr.com/ko/bakodeu-seukaeneo-muryo-onrain-qr-kodeu-saengseonggi
https://createmy-qr.com/ms/pengimbas-kod-bar-penjana-kod-qr-percuma-dalam-talian
https://createmy-qr.com/nl/barcodescanner-gratis-qr-code-generator-online
https://createmy-qr.com/no/strekkodeskanner-gratis-qr-kode-generator-online
https://createmy-qr.com/pl/skaner-kodow-kreskowych-darmowy-generator-kodow-qr-online
https://createmy-qr.com/pt/leitor-de-codigo-de-barras-gerador-de-codigo-qr-gratis-online
https://createmy-qr.com/ro/generator-de-coduri-qr-gratuit-online-3
https://createmy-qr.com/ru/skaner-shtrih-koda-besplatnyy-generator-qr-kodov-onlayn
https://createmy-qr.com/scan-barcode
https://createmy-qr.com/scan-barcode
https://createmy-qr.com/sv/streckkodslasare-gratis-qr-kod-generator-online
https://createmy-qr.com/th/ekhruue-ngsaeknbaarokhd-ekhruue-ngmuue-sraangkhiw-aarokhd-nailnfrii
https://createmy-qr.com/tl/barcode-scanner-libreng-online-qr-code-generator
https://createmy-qr.com/tr/barkod-tarayici-ucretsiz-cevrimici-qr-kod-olusturucu
https://createmy-qr.com/uk/skaner-shtrih-kodiv-bezkoshtovniy-generator-qr-kodiv-onlayn
https://createmy-qr.com/vi/may-quet-ma-vach-tao-ma-qr-mien-phi-truc-tuyen
https://createmy-qr.com/zh/tiao-ma-sao-miao-yi-mian-fei-zai-xian-er-wei-ma-sheng-cheng-qi","200
200
200
200
200
200
200
200
200
200
200
200
200
200
200
200
200
200
200
200
200
200
200
200
200
200
200
200
200
200
200",Some pages don't include hreflang links to all the other pages of the group,14730038909064693129,28,91
21,https://createmy-qr.com/nl/gratis-qr-code-generator-online-2,"Gratis QR-codescanner online - Scan QR direct
types.scanqr QR-codegenerator - gratis en aangepast | CreateMy-QR
scanqr - Gratis QR Code Generator Online - CreateMy-QR",text/html; charset=utf-8,false,200,0,true,"https://createmy-qr.com/ar/mwld-rmz-lstjb-lsryaa-mjny-2
https://createmy-qr.com/bn/phri-anlaain-kiuaar-kodd-jenaarettr-2
https://createmy-qr.com/cs/zdarma-online-generator-qr-kodu-2
https://createmy-qr.com/da/gratis-qr-kode-generator-online-2
https://createmy-qr.com/de/kostenloser-qr-code-generator-online-2
https://createmy-qr.com/el/dorean-dimioyrgia-qr-code-online-2
https://createmy-qr.com/es/generador-de-codigos-qr-gratis-online-2
https://createmy-qr.com/fi/ilmainen-qr-koodigeneraattori-netissa-2
https://createmy-qr.com/fr/generateur-de-code-qr-gratuit-en-ligne-2
https://createmy-qr.com/hi/muph-t-onnlaain-kyuuaar-kodd-jnrettr-2
https://createmy-qr.com/hu/ingyenes-online-qr-kod-generator-2
https://createmy-qr.com/id/generator-qr-code-gratis-online-2
https://createmy-qr.com/it/generatore-di-codici-qr-gratis-online-2
https://createmy-qr.com/ja/wu-liao-qrkodozuo-cheng-zienereta-2
https://createmy-qr.com/ko/muryo-onrain-qr-kodeu-saengseonggi-2
https://createmy-qr.com/ms/penjana-kod-qr-percuma-dalam-talian-2
https://createmy-qr.com/nl/gratis-qr-code-generator-online-2
https://createmy-qr.com/no/gratis-qr-kode-generator-online-2
https://createmy-qr.com/pl/darmowy-generator-kodow-qr-online-2
https://createmy-qr.com/pt/gerador-de-codigo-qr-gratis-online-2
https://createmy-qr.com/ro/generator-de-coduri-qr-gratuit-online-2
https://createmy-qr.com/ru/besplatnyy-generator-qr-kodov-onlayn-2
https://createmy-qr.com/scan-qr
https://createmy-qr.com/scan-qr
https://createmy-qr.com/sv/gratis-qr-kod-generator-online-2
https://createmy-qr.com/th/ekhruue-ngmuue-sraangkhiw-aarokhd-nailnfrii-2
https://createmy-qr.com/tl/libreng-online-qr-code-generator-2
https://createmy-qr.com/tr/ucretsiz-cevrimici-qr-kod-olusturucu-2
https://createmy-qr.com/uk/bezkoshtovniy-generator-qr-kodiv-onlayn-2
https://createmy-qr.com/vi/tao-ma-qr-mien-phi-truc-tuyen-2
https://createmy-qr.com/zh/mian-fei-zai-xian-er-wei-ma-sheng-cheng-qi-2","200
200
200
200
200
200
200
200
200
200
200
200
200
200
200
200
200
200
200
200
200
200
200
200
200
200
200
200
200
200
200",Some pages don't include hreflang links to all the other pages of the group,5057633309447319644,28,91
21,https://createmy-qr.com/da/om-os,"Gratis QR Kode Generator Online - CreateMy-QR (No Signup) | Om os
types.about QR Code Generator - Gratis og brugerdefineret | CreateMy-QR
Om os | CreateMy-QR",text/html; charset=utf-8,false,200,0,true,"https://createmy-qr.com/about
https://createmy-qr.com/about
https://createmy-qr.com/ar/mn-nhn
https://createmy-qr.com/bn/aamaader-smprke
https://createmy-qr.com/cs/o-nas
https://createmy-qr.com/da/om-os
https://createmy-qr.com/de/uber-uns
https://createmy-qr.com/el/shetika-me-emas
https://createmy-qr.com/es/sobre-nosotros
https://createmy-qr.com/fi/meista
https://createmy-qr.com/fr/a-propos-de-nous
https://createmy-qr.com/hi/hmaare-baare-men
https://createmy-qr.com/hu/rolunk
https://createmy-qr.com/id/tentang-kami
https://createmy-qr.com/it/chi-siamo
https://createmy-qr.com/ja/si-tatinituite
https://createmy-qr.com/ko/hoesa-sogae
https://createmy-qr.com/ms/mengenai-kami
https://createmy-qr.com/nl/over-ons
https://createmy-qr.com/no/om-oss
https://createmy-qr.com/pl/o-nas
https://createmy-qr.com/pt/sobre-nos
https://createmy-qr.com/ro/despre-noi
https://createmy-qr.com/ru/o-nas
https://createmy-qr.com/sv/om-oss
https://createmy-qr.com/th/ekiiywkaberaa
https://createmy-qr.com/tl/tungkol-sa-amin
https://createmy-qr.com/tr/hakkimizda
https://createmy-qr.com/uk/pro-nas
https://createmy-qr.com/vi/ve-chung-toi
https://createmy-qr.com/zh/guan-yu-wo-men","200
200
200
200
200
200
200
200
200
200
200
200
200
200
200
200
200
200
200
200
200
200
200
200
200
200
200
200
200
200
200",Some pages don't include hreflang links to all the other pages of the group,1484275197122503531,28,91
21,https://createmy-qr.com/ja/wu-liao-qrkodozuo-cheng-zienereta-2,"無料の QR コード スキャナー オンライン - QR を即座にスキャン
types.scanqr QR コード ジェネレーター - 無料 & カスタム | CreateMy-QR
scanqr - 無料QRコード作成・ジェネレーター - CreateMy-QR",text/html; charset=utf-8,false,200,0,true,"https://createmy-qr.com/ar/mwld-rmz-lstjb-lsryaa-mjny-2
https://createmy-qr.com/bn/phri-anlaain-kiuaar-kodd-jenaarettr-2
https://createmy-qr.com/cs/zdarma-online-generator-qr-kodu-2
https://createmy-qr.com/da/gratis-qr-kode-generator-online-2
https://createmy-qr.com/de/kostenloser-qr-code-generator-online-2
https://createmy-qr.com/el/dorean-dimioyrgia-qr-code-online-2
https://createmy-qr.com/es/generador-de-codigos-qr-gratis-online-2
https://createmy-qr.com/fi/ilmainen-qr-koodigeneraattori-netissa-2
https://createmy-qr.com/fr/generateur-de-code-qr-gratuit-en-ligne-2
https://createmy-qr.com/hi/muph-t-onnlaain-kyuuaar-kodd-jnrettr-2
https://createmy-qr.com/hu/ingyenes-online-qr-kod-generator-2
https://createmy-qr.com/id/generator-qr-code-gratis-online-2
https://createmy-qr.com/it/generatore-di-codici-qr-gratis-online-2
https://createmy-qr.com/ja/wu-liao-qrkodozuo-cheng-zienereta-2
https://createmy-qr.com/ko/muryo-onrain-qr-kodeu-saengseonggi-2
https://createmy-qr.com/ms/penjana-kod-qr-percuma-dalam-talian-2
https://createmy-qr.com/nl/gratis-qr-code-generator-online-2
https://createmy-qr.com/no/gratis-qr-kode-generator-online-2
https://createmy-qr.com/pl/darmowy-generator-kodow-qr-online-2
https://createmy-qr.com/pt/gerador-de-codigo-qr-gratis-online-2
https://createmy-qr.com/ro/generator-de-coduri-qr-gratuit-online-2
https://createmy-qr.com/ru/besplatnyy-generator-qr-kodov-onlayn-2
https://createmy-qr.com/scan-qr
https://createmy-qr.com/scan-qr
https://createmy-qr.com/sv/gratis-qr-kod-generator-online-2
https://createmy-qr.com/th/ekhruue-ngmuue-sraangkhiw-aarokhd-nailnfrii-2
https://createmy-qr.com/tl/libreng-online-qr-code-generator-2
https://createmy-qr.com/tr/ucretsiz-cevrimici-qr-kod-olusturucu-2
https://createmy-qr.com/uk/bezkoshtovniy-generator-qr-kodiv-onlayn-2
https://createmy-qr.com/vi/tao-ma-qr-mien-phi-truc-tuyen-2
https://createmy-qr.com/zh/mian-fei-zai-xian-er-wei-ma-sheng-cheng-qi-2","200
200
200
200
200
200
200
200
200
200
200
200
200
200
200
200
200
200
200
200
200
200
200
200
200
200
200
200
200
200
200",Some pages don't include hreflang links to all the other pages of the group,5057633309447319644,28,91
21,https://createmy-qr.com/bn/aamaader-smprke,"ফ্রি অনলাইন কিউআর কোড জেনারেটর - CreateMy-QR (No Signup) | আমাদের সম্পর্কে
types.about QR কোড জেনারেটর - বিনামূল্যে এবং কাস্টম | CreateMy-QR
আমাদের সম্পর্কে | CreateMy-QR",text/html; charset=utf-8,false,200,0,true,"https://createmy-qr.com/about
https://createmy-qr.com/about
https://createmy-qr.com/ar/mn-nhn
https://createmy-qr.com/bn/aamaader-smprke
https://createmy-qr.com/cs/o-nas
https://createmy-qr.com/da/om-os
https://createmy-qr.com/de/uber-uns
https://createmy-qr.com/el/shetika-me-emas
https://createmy-qr.com/es/sobre-nosotros
https://createmy-qr.com/fi/meista
https://createmy-qr.com/fr/a-propos-de-nous
https://createmy-qr.com/hi/hmaare-baare-men
https://createmy-qr.com/hu/rolunk
https://createmy-qr.com/id/tentang-kami
https://createmy-qr.com/it/chi-siamo
https://createmy-qr.com/ja/si-tatinituite
https://createmy-qr.com/ko/hoesa-sogae
https://createmy-qr.com/ms/mengenai-kami
https://createmy-qr.com/nl/over-ons
https://createmy-qr.com/no/om-oss
https://createmy-qr.com/pl/o-nas
https://createmy-qr.com/pt/sobre-nos
https://createmy-qr.com/ro/despre-noi
https://createmy-qr.com/ru/o-nas
https://createmy-qr.com/sv/om-oss
https://createmy-qr.com/th/ekiiywkaberaa
https://createmy-qr.com/tl/tungkol-sa-amin
https://createmy-qr.com/tr/hakkimizda
https://createmy-qr.com/uk/pro-nas
https://createmy-qr.com/vi/ve-chung-toi
https://createmy-qr.com/zh/guan-yu-wo-men","200
200
200
200
200
200
200
200
200
200
200
200
200
200
200
200
200
200
200
200
200
200
200
200
200
200
200
200
200
200
200",Some pages don't include hreflang links to all the other pages of the group,1484275197122503531,28,91
21,https://createmy-qr.com/id/generator-qr-code-gratis-online-2,"Pemindai Kode QR Online Gratis - Pindai QR Seketika
types.scanqr Pembuat Kode QR - Gratis & Khusus | CreateMy-QR
scanqr - Generator QR Code Gratis Online - CreateMy-QR",text/html; charset=utf-8,false,200,0,true,"https://createmy-qr.com/ar/mwld-rmz-lstjb-lsryaa-mjny-2
https://createmy-qr.com/bn/phri-anlaain-kiuaar-kodd-jenaarettr-2
https://createmy-qr.com/cs/zdarma-online-generator-qr-kodu-2
https://createmy-qr.com/da/gratis-qr-kode-generator-online-2
https://createmy-qr.com/de/kostenloser-qr-code-generator-online-2
https://createmy-qr.com/el/dorean-dimioyrgia-qr-code-online-2
https://createmy-qr.com/es/generador-de-codigos-qr-gratis-online-2
https://createmy-qr.com/fi/ilmainen-qr-koodigeneraattori-netissa-2
https://createmy-qr.com/fr/generateur-de-code-qr-gratuit-en-ligne-2
https://createmy-qr.com/hi/muph-t-onnlaain-kyuuaar-kodd-jnrettr-2
https://createmy-qr.com/hu/ingyenes-online-qr-kod-generator-2
https://createmy-qr.com/id/generator-qr-code-gratis-online-2
https://createmy-qr.com/it/generatore-di-codici-qr-gratis-online-2
https://createmy-qr.com/ja/wu-liao-qrkodozuo-cheng-zienereta-2
https://createmy-qr.com/ko/muryo-onrain-qr-kodeu-saengseonggi-2
https://createmy-qr.com/ms/penjana-kod-qr-percuma-dalam-talian-2
https://createmy-qr.com/nl/gratis-qr-code-generator-online-2
https://createmy-qr.com/no/gratis-qr-kode-generator-online-2
https://createmy-qr.com/pl/darmowy-generator-kodow-qr-online-2
https://createmy-qr.com/pt/gerador-de-codigo-qr-gratis-online-2
https://createmy-qr.com/ro/generator-de-coduri-qr-gratuit-online-2
https://createmy-qr.com/ru/besplatnyy-generator-qr-kodov-onlayn-2
https://createmy-qr.com/scan-qr
https://createmy-qr.com/scan-qr
https://createmy-qr.com/sv/gratis-qr-kod-generator-online-2
https://createmy-qr.com/th/ekhruue-ngmuue-sraangkhiw-aarokhd-nailnfrii-2
https://createmy-qr.com/tl/libreng-online-qr-code-generator-2
https://createmy-qr.com/tr/ucretsiz-cevrimici-qr-kod-olusturucu-2
https://createmy-qr.com/uk/bezkoshtovniy-generator-qr-kodiv-onlayn-2
https://createmy-qr.com/vi/tao-ma-qr-mien-phi-truc-tuyen-2
https://createmy-qr.com/zh/mian-fei-zai-xian-er-wei-ma-sheng-cheng-qi-2","200
200
200
200
200
200
200
200
200
200
200
200
200
200
200
200
200
200
200
200
200
200
200
200
200
200
200
200
200
200
200",Some pages don't include hreflang links to all the other pages of the group,5057633309447319644,28,91
21,https://createmy-qr.com/tl/mga-tuntunin-ng-serbisyo,"Libreng Online QR Code Generator - CreateMy-QR (No Signup) | Mga Tuntunin ng Serbisyo
types.terms QR Code Generator - Libre at Custom | CreateMy-QR
Mga Tuntunin ng Serbisyo | CreateMy-QR",text/html; charset=utf-8,false,200,0,true,"https://createmy-qr.com/ar/shrwt-lkhdm
https://createmy-qr.com/bn/prissebaar-shrtaablii
https://createmy-qr.com/cs/podminky-sluzby
https://createmy-qr.com/da/servicevilkar
https://createmy-qr.com/de/nutzungsbedingungen
https://createmy-qr.com/el/oroi-parohis-ypiresion
https://createmy-qr.com/es/terminos-de-servicio
https://createmy-qr.com/fi/palveluehdot
https://createmy-qr.com/fr/conditions-d-utilisation
https://createmy-qr.com/hi/sevaa-kii-shrten
https://createmy-qr.com/hu/szolgaltatasi-feltetelek
https://createmy-qr.com/id/ketentuan-layanan
https://createmy-qr.com/it/termini-di-servizio
https://createmy-qr.com/ja/li-yong-gui-yue
https://createmy-qr.com/ko/seobiseu-yaggwan
https://createmy-qr.com/ms/syarat-perkhidmatan
https://createmy-qr.com/nl/servicevoorwaarden
https://createmy-qr.com/no/vilkar-for-bruk
https://createmy-qr.com/pl/warunki-swiadczenia-uslug
https://createmy-qr.com/pt/termos-de-servico
https://createmy-qr.com/ro/termeni-si-conditii
https://createmy-qr.com/ru/usloviya-obsluzhivaniya
https://createmy-qr.com/sv/anvandarvillkor
https://createmy-qr.com/terms
https://createmy-qr.com/terms
https://createmy-qr.com/th/kh-kamhndainkaaraihbrikaar
https://createmy-qr.com/tl/mga-tuntunin-ng-serbisyo
https://createmy-qr.com/tr/hizmet-sartlari
https://createmy-qr.com/uk/umovi-nadannya-poslug
https://createmy-qr.com/vi/dieu-khoan-dich-vu
https://createmy-qr.com/zh/fu-wu-tiao-kuan","200
200
200
200
200
200
200
200
200
200
200
200
200
200
200
200
200
200
200
200
200
200
200
200
200
200
200
200
200
200
200",Some pages don't include hreflang links to all the other pages of the group,11872068519236183580,28,91
21,https://createmy-qr.com/id/kebijakan-privasi,"Generator QR Code Gratis Online - CreateMy-QR (No Signup) | Kebijakan Privasi
types.privacy Pembuat Kode QR - Gratis & Khusus | CreateMy-QR
Kebijakan Privasi | CreateMy-QR",text/html; charset=utf-8,false,200,0,true,"https://createmy-qr.com/ar/sys-lkhswsy
https://createmy-qr.com/bn/gopniiy-taa-niiti
https://createmy-qr.com/cs/zasady-ochrany-osobnich-udaju
https://createmy-qr.com/da/privatlivspolitik
https://createmy-qr.com/de/datenschutzrichtlinie
https://createmy-qr.com/el/politiki-aporritoy
https://createmy-qr.com/es/politica-de-privacidad
https://createmy-qr.com/fi/tietosuojakaytanto
https://createmy-qr.com/fr/politique-de-confidentialite
https://createmy-qr.com/hi/gopniiytaa-niiti
https://createmy-qr.com/hu/adatvedelmi-szabalyzat
https://createmy-qr.com/id/kebijakan-privasi
https://createmy-qr.com/it/informativa-sulla-privacy
https://createmy-qr.com/ja/puraibasi-porisi
https://createmy-qr.com/ko/gaein-jeongbo-boho-jeongcaeg
https://createmy-qr.com/ms/dasar-privasi
https://createmy-qr.com/nl/privacybeleid
https://createmy-qr.com/no/personvernerklaering
https://createmy-qr.com/pl/polityka-prywatnosci
https://createmy-qr.com/privacy
https://createmy-qr.com/privacy
https://createmy-qr.com/pt/politica-de-privacidade
https://createmy-qr.com/ro/politica-de-confidentialitate
https://createmy-qr.com/ru/politika-konfidencialnosti
https://createmy-qr.com/sv/sekretesspolicy
https://createmy-qr.com/th/noybaaykhwaamepnswntaw
https://createmy-qr.com/tl/patakaran-sa-privacy
https://createmy-qr.com/tr/gizlilik-politikasi
https://createmy-qr.com/uk/politika-konfidenciynosti
https://createmy-qr.com/vi/chinh-sach-bao-mat
https://createmy-qr.com/zh/yin-si-zheng-ce","200
200
200
200
200
200
200
200
200
200
200
200
200
200
200
200
200
200
200
200
200
200
200
200
200
200
200
200
200
200
200",Some pages don't include hreflang links to all the other pages of the group,11074429451265500583,28,91
21,https://createmy-qr.com/no/gratis-qr-kode-generator-online,"Gratis strekkodegenerator online - Lag 1D strekkoder
types.barcode QR Code Generator - Gratis og tilpasset | CreateMy-QR
barcode - Gratis QR-kode Generator Online - CreateMy-QR",text/html; charset=utf-8,false,200,0,true,"https://createmy-qr.com/ar/mwld-rmz-lstjb-lsryaa-mjny
https://createmy-qr.com/barcode-generator
https://createmy-qr.com/barcode-generator
https://createmy-qr.com/bn/phri-anlaain-kiuaar-kodd-jenaarettr
https://createmy-qr.com/cs/zdarma-online-generator-qr-kodu
https://createmy-qr.com/da/gratis-qr-kode-generator-online
https://createmy-qr.com/de/kostenloser-qr-code-generator-online
https://createmy-qr.com/el/dorean-dimioyrgia-qr-code-online
https://createmy-qr.com/es/generador-de-codigos-qr-gratis-online
https://createmy-qr.com/fi/ilmainen-qr-koodigeneraattori-netissa
https://createmy-qr.com/fr/generateur-de-code-qr-gratuit-en-ligne
https://createmy-qr.com/hi/muph-t-onnlaain-kyuuaar-kodd-jnrettr
https://createmy-qr.com/hu/ingyenes-online-qr-kod-generator
https://createmy-qr.com/id/generator-qr-code-gratis-online
https://createmy-qr.com/it/generatore-di-codici-qr-gratis-online
https://createmy-qr.com/ja/wu-liao-qrkodozuo-cheng-zienereta
https://createmy-qr.com/ko/muryo-onrain-qr-kodeu-saengseonggi
https://createmy-qr.com/ms/penjana-kod-qr-percuma-dalam-talian
https://createmy-qr.com/nl/gratis-qr-code-generator-online
https://createmy-qr.com/no/gratis-qr-kode-generator-online
https://createmy-qr.com/pl/darmowy-generator-kodow-qr-online
https://createmy-qr.com/pt/gerador-de-codigo-qr-gratis-online
https://createmy-qr.com/ro/generator-de-coduri-qr-gratuit-online
https://createmy-qr.com/ru/besplatnyy-generator-qr-kodov-onlayn
https://createmy-qr.com/sv/gratis-qr-kod-generator-online
https://createmy-qr.com/th/ekhruue-ngmuue-sraangkhiw-aarokhd-nailnfrii
https://createmy-qr.com/tl/libreng-online-qr-code-generator
https://createmy-qr.com/tr/ucretsiz-cevrimici-qr-kod-olusturucu
https://createmy-qr.com/uk/bezkoshtovniy-generator-qr-kodiv-onlayn
https://createmy-qr.com/vi/tao-ma-qr-mien-phi-truc-tuyen
https://createmy-qr.com/zh/mian-fei-zai-xian-er-wei-ma-sheng-cheng-qi","200
200
200
200
200
200
200
200
200
200
200
200
200
200
200
200
200
200
200
200
200
200
200
200
200
200
200
200
200
200
200",Some pages don't include hreflang links to all the other pages of the group,8617637658849271563,28,91
21,https://createmy-qr.com/pl/o-nas,"Darmowy Generator Kodów QR Online - CreateMy-QR (No Signup) | O nas
Generator kodów QR types.about — bezpłatny i niestandardowy | CreateMy-QR
O nas | CreateMy-QR",text/html; charset=utf-8,false,200,0,true,"https://createmy-qr.com/about
https://createmy-qr.com/about
https://createmy-qr.com/ar/mn-nhn
https://createmy-qr.com/bn/aamaader-smprke
https://createmy-qr.com/cs/o-nas
https://createmy-qr.com/da/om-os
https://createmy-qr.com/de/uber-uns
https://createmy-qr.com/el/shetika-me-emas
https://createmy-qr.com/es/sobre-nosotros
https://createmy-qr.com/fi/meista
https://createmy-qr.com/fr/a-propos-de-nous
https://createmy-qr.com/hi/hmaare-baare-men
https://createmy-qr.com/hu/rolunk
https://createmy-qr.com/id/tentang-kami
https://createmy-qr.com/it/chi-siamo
https://createmy-qr.com/ja/si-tatinituite
https://createmy-qr.com/ko/hoesa-sogae
https://createmy-qr.com/ms/mengenai-kami
https://createmy-qr.com/nl/over-ons
https://createmy-qr.com/no/om-oss
https://createmy-qr.com/pl/o-nas
https://createmy-qr.com/pt/sobre-nos
https://createmy-qr.com/ro/despre-noi
https://createmy-qr.com/ru/o-nas
https://createmy-qr.com/sv/om-oss
https://createmy-qr.com/th/ekiiywkaberaa
https://createmy-qr.com/tl/tungkol-sa-amin
https://createmy-qr.com/tr/hakkimizda
https://createmy-qr.com/uk/pro-nas
https://createmy-qr.com/vi/ve-chung-toi
https://createmy-qr.com/zh/guan-yu-wo-men","200
200
200
200
200
200
200
200
200
200
200
200
200
200
200
200
200
200
200
200
200
200
200
200
200
200
200
200
200
200
200",Some pages don't include hreflang links to all the other pages of the group,1484275197122503531,28,91
21,https://createmy-qr.com/zh/guan-yu-wo-men,"免费在线二维码生成器 - CreateMy-QR (No Signup) | 关于我们
types.about QR 代码生成器 - 免费和自定义 | CreateMy-QR
关于我们 | CreateMy-QR",text/html; charset=utf-8,false,200,0,true,"https://createmy-qr.com/about
https://createmy-qr.com/about
https://createmy-qr.com/ar/mn-nhn
https://createmy-qr.com/bn/aamaader-smprke
https://createmy-qr.com/cs/o-nas
https://createmy-qr.com/da/om-os
https://createmy-qr.com/de/uber-uns
https://createmy-qr.com/el/shetika-me-emas
https://createmy-qr.com/es/sobre-nosotros
https://createmy-qr.com/fi/meista
https://createmy-qr.com/fr/a-propos-de-nous
https://createmy-qr.com/hi/hmaare-baare-men
https://createmy-qr.com/hu/rolunk
https://createmy-qr.com/id/tentang-kami
https://createmy-qr.com/it/chi-siamo
https://createmy-qr.com/ja/si-tatinituite
https://createmy-qr.com/ko/hoesa-sogae
https://createmy-qr.com/ms/mengenai-kami
https://createmy-qr.com/nl/over-ons
https://createmy-qr.com/no/om-oss
https://createmy-qr.com/pl/o-nas
https://createmy-qr.com/pt/sobre-nos
https://createmy-qr.com/ro/despre-noi
https://createmy-qr.com/ru/o-nas
https://createmy-qr.com/sv/om-oss
https://createmy-qr.com/th/ekiiywkaberaa
https://createmy-qr.com/tl/tungkol-sa-amin
https://createmy-qr.com/tr/hakkimizda
https://createmy-qr.com/uk/pro-nas
https://createmy-qr.com/vi/ve-chung-toi
https://createmy-qr.com/zh/guan-yu-wo-men","200
200
200
200
200
200
200
200
200
200
200
200
200
200
200
200
200
200
200
200
200
200
200
200
200
200
200
200
200
200
200",Some pages don't include hreflang links to all the other pages of the group,1484275197122503531,28,91
21,https://createmy-qr.com/el/politiki-aporritoy,"Δωρεάν Δημιουργία QR Code Online - CreateMy-QR (No Signup) | Πολιτική Απορρήτου
types.privacy QR Code Generator - Δωρεάν & Προσαρμοσμένο | CreateMy-QR
Πολιτική Απορρήτου | CreateMy-QR",text/html; charset=utf-8,false,200,0,true,"https://createmy-qr.com/ar/sys-lkhswsy
https://createmy-qr.com/bn/gopniiy-taa-niiti
https://createmy-qr.com/cs/zasady-ochrany-osobnich-udaju
https://createmy-qr.com/da/privatlivspolitik
https://createmy-qr.com/de/datenschutzrichtlinie
https://createmy-qr.com/el/politiki-aporritoy
https://createmy-qr.com/es/politica-de-privacidad
https://createmy-qr.com/fi/tietosuojakaytanto
https://createmy-qr.com/fr/politique-de-confidentialite
https://createmy-qr.com/hi/gopniiytaa-niiti
https://createmy-qr.com/hu/adatvedelmi-szabalyzat
https://createmy-qr.com/id/kebijakan-privasi
https://createmy-qr.com/it/informativa-sulla-privacy
https://createmy-qr.com/ja/puraibasi-porisi
https://createmy-qr.com/ko/gaein-jeongbo-boho-jeongcaeg
https://createmy-qr.com/ms/dasar-privasi
https://createmy-qr.com/nl/privacybeleid
https://createmy-qr.com/no/personvernerklaering
https://createmy-qr.com/pl/polityka-prywatnosci
https://createmy-qr.com/privacy
https://createmy-qr.com/privacy
https://createmy-qr.com/pt/politica-de-privacidade
https://createmy-qr.com/ro/politica-de-confidentialitate
https://createmy-qr.com/ru/politika-konfidencialnosti
https://createmy-qr.com/sv/sekretesspolicy
https://createmy-qr.com/th/noybaaykhwaamepnswntaw
https://createmy-qr.com/tl/patakaran-sa-privacy
https://createmy-qr.com/tr/gizlilik-politikasi
https://createmy-qr.com/uk/politika-konfidenciynosti
https://createmy-qr.com/vi/chinh-sach-bao-mat
https://createmy-qr.com/zh/yin-si-zheng-ce","200
200
200
200
200
200
200
200
200
200
200
200
200
200
200
200
200
200
200
200
200
200
200
200
200
200
200
200
200
200
200",Some pages don't include hreflang links to all the other pages of the group,11074429451265500583,28,91
21,https://createmy-qr.com/de/nutzungsbedingungen,"Kostenloser QR-Code Generator Online - CreateMy-QR (No Signup) | Nutzungsbedingungen
types.terms QR-Code-Generator – kostenlos und benutzerdefiniert | CreateMy-QR
Nutzungsbedingungen | CreateMy-QR",text/html; charset=utf-8,false,200,0,true,"https://createmy-qr.com/ar/shrwt-lkhdm
https://createmy-qr.com/bn/prissebaar-shrtaablii
https://createmy-qr.com/cs/podminky-sluzby
https://createmy-qr.com/da/servicevilkar
https://createmy-qr.com/de/nutzungsbedingungen
https://createmy-qr.com/el/oroi-parohis-ypiresion
https://createmy-qr.com/es/terminos-de-servicio
https://createmy-qr.com/fi/palveluehdot
https://createmy-qr.com/fr/conditions-d-utilisation
https://createmy-qr.com/hi/sevaa-kii-shrten
https://createmy-qr.com/hu/szolgaltatasi-feltetelek
https://createmy-qr.com/id/ketentuan-layanan
https://createmy-qr.com/it/termini-di-servizio
https://createmy-qr.com/ja/li-yong-gui-yue
https://createmy-qr.com/ko/seobiseu-yaggwan
https://createmy-qr.com/ms/syarat-perkhidmatan
https://createmy-qr.com/nl/servicevoorwaarden
https://createmy-qr.com/no/vilkar-for-bruk
https://createmy-qr.com/pl/warunki-swiadczenia-uslug
https://createmy-qr.com/pt/termos-de-servico
https://createmy-qr.com/ro/termeni-si-conditii
https://createmy-qr.com/ru/usloviya-obsluzhivaniya
https://createmy-qr.com/sv/anvandarvillkor
https://createmy-qr.com/terms
https://createmy-qr.com/terms
https://createmy-qr.com/th/kh-kamhndainkaaraihbrikaar
https://createmy-qr.com/tl/mga-tuntunin-ng-serbisyo
https://createmy-qr.com/tr/hizmet-sartlari
https://createmy-qr.com/uk/umovi-nadannya-poslug
https://createmy-qr.com/vi/dieu-khoan-dich-vu
https://createmy-qr.com/zh/fu-wu-tiao-kuan","200
200
200
200
200
200
200
200
200
200
200
200
200
200
200
200
200
200
200
200
200
200
200
200
200
200
200
200
200
200
200",Some pages don't include hreflang links to all the other pages of the group,11872068519236183580,28,91
21,https://createmy-qr.com/id/pemindai-kode-batang-generator-qr-code-gratis-online,"Pemindai Kode Batang Online Gratis - Pindai UPC & EAN
Pemindai Kode Batang Pembuat Kode QR - Gratis & Khusus | CreateMy-QR
Pemindai Kode Batang - Generator QR Code Gratis Online - CreateMy-QR",text/html; charset=utf-8,false,200,0,true,"https://createmy-qr.com/ar/msh-lbrkwd-mwld-rmz-lstjb-lsryaa-mjny
https://createmy-qr.com/bn/baarkodd-skyaanaar-phri-anlaain-kiuaar-kodd-jenaarettr
https://createmy-qr.com/cs/skener-carovych-kodu-zdarma-online-generator-qr-kodu
https://createmy-qr.com/da/stregkodescanner-gratis-qr-kode-generator-online
https://createmy-qr.com/de/barcode-scanner-kostenloser-qr-code-generator-online
https://createmy-qr.com/el/barcode-scanner-dorean-dimioyrgia-qr-code-online
https://createmy-qr.com/es/escaner-de-codigo-de-barras-generador-de-codigos-qr-gratis-online
https://createmy-qr.com/fi/viivakoodinlukija-ilmainen-qr-koodigeneraattori-netissa
https://createmy-qr.com/fr/lecteur-de-codes-a-barres-generateur-de-code-qr-gratuit-en-ligne
https://createmy-qr.com/hi/baarkodd-skainr-muph-t-onnlaain-kyuuaar-kodd-jnrettr
https://createmy-qr.com/hu/ingyenes-online-qr-kod-generator-3
https://createmy-qr.com/id/pemindai-kode-batang-generator-qr-code-gratis-online
https://createmy-qr.com/it/lettore-di-codici-a-barre-generatore-di-codici-qr-gratis-online
https://createmy-qr.com/ja/bakodosukiyana-wu-liao-qrkodozuo-cheng-zienereta
https://createmy-qr.com/ko/bakodeu-seukaeneo-muryo-onrain-qr-kodeu-saengseonggi
https://createmy-qr.com/ms/pengimbas-kod-bar-penjana-kod-qr-percuma-dalam-talian
https://createmy-qr.com/nl/barcodescanner-gratis-qr-code-generator-online
https://createmy-qr.com/no/strekkodeskanner-gratis-qr-kode-generator-online
https://createmy-qr.com/pl/skaner-kodow-kreskowych-darmowy-generator-kodow-qr-online
https://createmy-qr.com/pt/leitor-de-codigo-de-barras-gerador-de-codigo-qr-gratis-online
https://createmy-qr.com/ro/generator-de-coduri-qr-gratuit-online-3
https://createmy-qr.com/ru/skaner-shtrih-koda-besplatnyy-generator-qr-kodov-onlayn
https://createmy-qr.com/scan-barcode
https://createmy-qr.com/scan-barcode
https://createmy-qr.com/sv/streckkodslasare-gratis-qr-kod-generator-online
https://createmy-qr.com/th/ekhruue-ngsaeknbaarokhd-ekhruue-ngmuue-sraangkhiw-aarokhd-nailnfrii
https://createmy-qr.com/tl/barcode-scanner-libreng-online-qr-code-generator
https://createmy-qr.com/tr/barkod-tarayici-ucretsiz-cevrimici-qr-kod-olusturucu
https://createmy-qr.com/uk/skaner-shtrih-kodiv-bezkoshtovniy-generator-qr-kodiv-onlayn
https://createmy-qr.com/vi/may-quet-ma-vach-tao-ma-qr-mien-phi-truc-tuyen
https://createmy-qr.com/zh/tiao-ma-sao-miao-yi-mian-fei-zai-xian-er-wei-ma-sheng-cheng-qi","200
200
200
200
200
200
200
200
200
200
200
200
200
200
200
200
200
200
200
200
200
200
200
200
200
200
200
200
200
200
200",Some pages don't include hreflang links to all the other pages of the group,14730038909064693129,28,91
21,https://createmy-qr.com/ko/muryo-onrain-qr-kodeu-saengseonggi,"온라인 무료 바코드 생성기 - 1D 바코드 생성
types.barcode QR 코드 생성기 - 무료 및 사용자 정의 | CreateMy-QR
barcode - 무료 온라인 QR 코드 생성기 - CreateMy-QR",text/html; charset=utf-8,false,200,0,true,"https://createmy-qr.com/ar/mwld-rmz-lstjb-lsryaa-mjny
https://createmy-qr.com/barcode-generator
https://createmy-qr.com/barcode-generator
https://createmy-qr.com/bn/phri-anlaain-kiuaar-kodd-jenaarettr
https://createmy-qr.com/cs/zdarma-online-generator-qr-kodu
https://createmy-qr.com/da/gratis-qr-kode-generator-online
https://createmy-qr.com/de/kostenloser-qr-code-generator-online
https://createmy-qr.com/el/dorean-dimioyrgia-qr-code-online
https://createmy-qr.com/es/generador-de-codigos-qr-gratis-online
https://createmy-qr.com/fi/ilmainen-qr-koodigeneraattori-netissa
https://createmy-qr.com/fr/generateur-de-code-qr-gratuit-en-ligne
https://createmy-qr.com/hi/muph-t-onnlaain-kyuuaar-kodd-jnrettr
https://createmy-qr.com/hu/ingyenes-online-qr-kod-generator
https://createmy-qr.com/id/generator-qr-code-gratis-online
https://createmy-qr.com/it/generatore-di-codici-qr-gratis-online
https://createmy-qr.com/ja/wu-liao-qrkodozuo-cheng-zienereta
https://createmy-qr.com/ko/muryo-onrain-qr-kodeu-saengseonggi
https://createmy-qr.com/ms/penjana-kod-qr-percuma-dalam-talian
https://createmy-qr.com/nl/gratis-qr-code-generator-online
https://createmy-qr.com/no/gratis-qr-kode-generator-online
https://createmy-qr.com/pl/darmowy-generator-kodow-qr-online
https://createmy-qr.com/pt/gerador-de-codigo-qr-gratis-online
https://createmy-qr.com/ro/generator-de-coduri-qr-gratuit-online
https://createmy-qr.com/ru/besplatnyy-generator-qr-kodov-onlayn
https://createmy-qr.com/sv/gratis-qr-kod-generator-online
https://createmy-qr.com/th/ekhruue-ngmuue-sraangkhiw-aarokhd-nailnfrii
https://createmy-qr.com/tl/libreng-online-qr-code-generator
https://createmy-qr.com/tr/ucretsiz-cevrimici-qr-kod-olusturucu
https://createmy-qr.com/uk/bezkoshtovniy-generator-qr-kodiv-onlayn
https://createmy-qr.com/vi/tao-ma-qr-mien-phi-truc-tuyen
https://createmy-qr.com/zh/mian-fei-zai-xian-er-wei-ma-sheng-cheng-qi","200
200
200
200
200
200
200
200
200
200
200
200
200
200
200
200
200
200
200
200
200
200
200
200
200
200
200
200
200
200
200",Some pages don't include hreflang links to all the other pages of the group,8617637658849271563,28,91
21,https://createmy-qr.com/vi/may-quet-ma-vach-tao-ma-qr-mien-phi-truc-tuyen,"Máy quét mã vạch trực tuyến miễn phí - Quét UPC & EAN
Trình tạo mã QR Máy quét mã vạch - Miễn phí & Tùy chỉnh | CreateMy-QR
Máy quét mã vạch - Tạo Mã QR Miễn Phí Trực Tuyến - CreateMy-QR",text/html; charset=utf-8,false,200,0,true,"https://createmy-qr.com/ar/msh-lbrkwd-mwld-rmz-lstjb-lsryaa-mjny
https://createmy-qr.com/bn/baarkodd-skyaanaar-phri-anlaain-kiuaar-kodd-jenaarettr
https://createmy-qr.com/cs/skener-carovych-kodu-zdarma-online-generator-qr-kodu
https://createmy-qr.com/da/stregkodescanner-gratis-qr-kode-generator-online
https://createmy-qr.com/de/barcode-scanner-kostenloser-qr-code-generator-online
https://createmy-qr.com/el/barcode-scanner-dorean-dimioyrgia-qr-code-online
https://createmy-qr.com/es/escaner-de-codigo-de-barras-generador-de-codigos-qr-gratis-online
https://createmy-qr.com/fi/viivakoodinlukija-ilmainen-qr-koodigeneraattori-netissa
https://createmy-qr.com/fr/lecteur-de-codes-a-barres-generateur-de-code-qr-gratuit-en-ligne
https://createmy-qr.com/hi/baarkodd-skainr-muph-t-onnlaain-kyuuaar-kodd-jnrettr
https://createmy-qr.com/hu/ingyenes-online-qr-kod-generator-3
https://createmy-qr.com/id/pemindai-kode-batang-generator-qr-code-gratis-online
https://createmy-qr.com/it/lettore-di-codici-a-barre-generatore-di-codici-qr-gratis-online
https://createmy-qr.com/ja/bakodosukiyana-wu-liao-qrkodozuo-cheng-zienereta
https://createmy-qr.com/ko/bakodeu-seukaeneo-muryo-onrain-qr-kodeu-saengseonggi
https://createmy-qr.com/ms/pengimbas-kod-bar-penjana-kod-qr-percuma-dalam-talian
https://createmy-qr.com/nl/barcodescanner-gratis-qr-code-generator-online
https://createmy-qr.com/no/strekkodeskanner-gratis-qr-kode-generator-online
https://createmy-qr.com/pl/skaner-kodow-kreskowych-darmowy-generator-kodow-qr-online
https://createmy-qr.com/pt/leitor-de-codigo-de-barras-gerador-de-codigo-qr-gratis-online
https://createmy-qr.com/ro/generator-de-coduri-qr-gratuit-online-3
https://createmy-qr.com/ru/skaner-shtrih-koda-besplatnyy-generator-qr-kodov-onlayn
https://createmy-qr.com/scan-barcode
https://createmy-qr.com/scan-barcode
https://createmy-qr.com/sv/streckkodslasare-gratis-qr-kod-generator-online
https://createmy-qr.com/th/ekhruue-ngsaeknbaarokhd-ekhruue-ngmuue-sraangkhiw-aarokhd-nailnfrii
https://createmy-qr.com/tl/barcode-scanner-libreng-online-qr-code-generator
https://createmy-qr.com/tr/barkod-tarayici-ucretsiz-cevrimici-qr-kod-olusturucu
https://createmy-qr.com/uk/skaner-shtrih-kodiv-bezkoshtovniy-generator-qr-kodiv-onlayn
https://createmy-qr.com/vi/may-quet-ma-vach-tao-ma-qr-mien-phi-truc-tuyen
https://createmy-qr.com/zh/tiao-ma-sao-miao-yi-mian-fei-zai-xian-er-wei-ma-sheng-cheng-qi","200
200
200
200
200
200
200
200
200
200
200
200
200
200
200
200
200
200
200
200
200
200
200
200
200
200
200
200
200
200
200",Some pages don't include hreflang links to all the other pages of the group,14730038909064693129,28,91
21,https://createmy-qr.com/es/terminos-de-servicio,"Generador de Códigos QR Gratis Online - CreateMy-QR (No Signup) | Términos de servicio
Generador de códigos QR types.terms: gratuito y personalizado | CreateMy-QR
Términos de servicio | CreateMy-QR",text/html; charset=utf-8,false,200,0,true,"https://createmy-qr.com/ar/shrwt-lkhdm
https://createmy-qr.com/bn/prissebaar-shrtaablii
https://createmy-qr.com/cs/podminky-sluzby
https://createmy-qr.com/da/servicevilkar
https://createmy-qr.com/de/nutzungsbedingungen
https://createmy-qr.com/el/oroi-parohis-ypiresion
https://createmy-qr.com/es/terminos-de-servicio
https://createmy-qr.com/fi/palveluehdot
https://createmy-qr.com/fr/conditions-d-utilisation
https://createmy-qr.com/hi/sevaa-kii-shrten
https://createmy-qr.com/hu/szolgaltatasi-feltetelek
https://createmy-qr.com/id/ketentuan-layanan
https://createmy-qr.com/it/termini-di-servizio
https://createmy-qr.com/ja/li-yong-gui-yue
https://createmy-qr.com/ko/seobiseu-yaggwan
https://createmy-qr.com/ms/syarat-perkhidmatan
https://createmy-qr.com/nl/servicevoorwaarden
https://createmy-qr.com/no/vilkar-for-bruk
https://createmy-qr.com/pl/warunki-swiadczenia-uslug
https://createmy-qr.com/pt/termos-de-servico
https://createmy-qr.com/ro/termeni-si-conditii
https://createmy-qr.com/ru/usloviya-obsluzhivaniya
https://createmy-qr.com/sv/anvandarvillkor
https://createmy-qr.com/terms
https://createmy-qr.com/terms
https://createmy-qr.com/th/kh-kamhndainkaaraihbrikaar
https://createmy-qr.com/tl/mga-tuntunin-ng-serbisyo
https://createmy-qr.com/tr/hizmet-sartlari
https://createmy-qr.com/uk/umovi-nadannya-poslug
https://createmy-qr.com/vi/dieu-khoan-dich-vu
https://createmy-qr.com/zh/fu-wu-tiao-kuan","200
200
200
200
200
200
200
200
200
200
200
200
200
200
200
200
200
200
200
200
200
200
200
200
200
200
200
200
200
200
200",Some pages don't include hreflang links to all the other pages of the group,11872068519236183580,28,91
21,https://createmy-qr.com/ar/sys-lkhswsy,"مولد رمز الاستجابة السريعة مجاني - CreateMy-QR (No Signup) | سياسة الخصوصية
types.privacy QR Code Generator - مجاني ومخصص | CreateMy-QR
سياسة الخصوصية | CreateMy-QR",text/html; charset=utf-8,false,200,0,true,"https://createmy-qr.com/ar/sys-lkhswsy
https://createmy-qr.com/bn/gopniiy-taa-niiti
https://createmy-qr.com/cs/zasady-ochrany-osobnich-udaju
https://createmy-qr.com/da/privatlivspolitik
https://createmy-qr.com/de/datenschutzrichtlinie
https://createmy-qr.com/el/politiki-aporritoy
https://createmy-qr.com/es/politica-de-privacidad
https://createmy-qr.com/fi/tietosuojakaytanto
https://createmy-qr.com/fr/politique-de-confidentialite
https://createmy-qr.com/hi/gopniiytaa-niiti
https://createmy-qr.com/hu/adatvedelmi-szabalyzat
https://createmy-qr.com/id/kebijakan-privasi
https://createmy-qr.com/it/informativa-sulla-privacy
https://createmy-qr.com/ja/puraibasi-porisi
https://createmy-qr.com/ko/gaein-jeongbo-boho-jeongcaeg
https://createmy-qr.com/ms/dasar-privasi
https://createmy-qr.com/nl/privacybeleid
https://createmy-qr.com/no/personvernerklaering
https://createmy-qr.com/pl/polityka-prywatnosci
https://createmy-qr.com/privacy
https://createmy-qr.com/privacy
https://createmy-qr.com/pt/politica-de-privacidade
https://createmy-qr.com/ro/politica-de-confidentialitate
https://createmy-qr.com/ru/politika-konfidencialnosti
https://createmy-qr.com/sv/sekretesspolicy
https://createmy-qr.com/th/noybaaykhwaamepnswntaw
https://createmy-qr.com/tl/patakaran-sa-privacy
https://createmy-qr.com/tr/gizlilik-politikasi
https://createmy-qr.com/uk/politika-konfidenciynosti
https://createmy-qr.com/vi/chinh-sach-bao-mat
https://createmy-qr.com/zh/yin-si-zheng-ce","200
200
200
200
200
200
200
200
200
200
200
200
200
200
200
200
200
200
200
200
200
200
200
200
200
200
200
200
200
200
200",Some pages don't include hreflang links to all the other pages of the group,11074429451265500583,28,91
21,https://createmy-qr.com/es/sobre-nosotros,"Generador de Códigos QR Gratis Online - CreateMy-QR (No Signup) | Sobre nosotros
Generador de códigos QR types.about: gratuito y personalizado | CreateMy-QR
Sobre nosotros | CreateMy-QR",text/html; charset=utf-8,false,200,0,true,"https://createmy-qr.com/about
https://createmy-qr.com/about
https://createmy-qr.com/ar/mn-nhn
https://createmy-qr.com/bn/aamaader-smprke
https://createmy-qr.com/cs/o-nas
https://createmy-qr.com/da/om-os
https://createmy-qr.com/de/uber-uns
https://createmy-qr.com/el/shetika-me-emas
https://createmy-qr.com/es/sobre-nosotros
https://createmy-qr.com/fi/meista
https://createmy-qr.com/fr/a-propos-de-nous
https://createmy-qr.com/hi/hmaare-baare-men
https://createmy-qr.com/hu/rolunk
https://createmy-qr.com/id/tentang-kami
https://createmy-qr.com/it/chi-siamo
https://createmy-qr.com/ja/si-tatinituite
https://createmy-qr.com/ko/hoesa-sogae
https://createmy-qr.com/ms/mengenai-kami
https://createmy-qr.com/nl/over-ons
https://createmy-qr.com/no/om-oss
https://createmy-qr.com/pl/o-nas
https://createmy-qr.com/pt/sobre-nos
https://createmy-qr.com/ro/despre-noi
https://createmy-qr.com/ru/o-nas
https://createmy-qr.com/sv/om-oss
https://createmy-qr.com/th/ekiiywkaberaa
https://createmy-qr.com/tl/tungkol-sa-amin
https://createmy-qr.com/tr/hakkimizda
https://createmy-qr.com/uk/pro-nas
https://createmy-qr.com/vi/ve-chung-toi
https://createmy-qr.com/zh/guan-yu-wo-men","200
200
200
200
200
200
200
200
200
200
200
200
200
200
200
200
200
200
200
200
200
200
200
200
200
200
200
200
200
200
200",Some pages don't include hreflang links to all the other pages of the group,1484275197122503531,28,91
21,https://createmy-qr.com/hu/ingyenes-online-qr-kod-generator-2,"Ingyenes QR-kód olvasó online - QR-kód azonnali beolvasása
types.scanqr QR-kód generátor - ingyenes és egyedi | CreateMy-QR
scanqr - Ingyenes Online QR-kód Generátor - CreateMy-QR",text/html; charset=utf-8,false,200,0,true,"https://createmy-qr.com/ar/mwld-rmz-lstjb-lsryaa-mjny-2
https://createmy-qr.com/bn/phri-anlaain-kiuaar-kodd-jenaarettr-2
https://createmy-qr.com/cs/zdarma-online-generator-qr-kodu-2
https://createmy-qr.com/da/gratis-qr-kode-generator-online-2
https://createmy-qr.com/de/kostenloser-qr-code-generator-online-2
https://createmy-qr.com/el/dorean-dimioyrgia-qr-code-online-2
https://createmy-qr.com/es/generador-de-codigos-qr-gratis-online-2
https://createmy-qr.com/fi/ilmainen-qr-koodigeneraattori-netissa-2
https://createmy-qr.com/fr/generateur-de-code-qr-gratuit-en-ligne-2
https://createmy-qr.com/hi/muph-t-onnlaain-kyuuaar-kodd-jnrettr-2
https://createmy-qr.com/hu/ingyenes-online-qr-kod-generator-2
https://createmy-qr.com/id/generator-qr-code-gratis-online-2
https://createmy-qr.com/it/generatore-di-codici-qr-gratis-online-2
https://createmy-qr.com/ja/wu-liao-qrkodozuo-cheng-zienereta-2
https://createmy-qr.com/ko/muryo-onrain-qr-kodeu-saengseonggi-2
https://createmy-qr.com/ms/penjana-kod-qr-percuma-dalam-talian-2
https://createmy-qr.com/nl/gratis-qr-code-generator-online-2
https://createmy-qr.com/no/gratis-qr-kode-generator-online-2
https://createmy-qr.com/pl/darmowy-generator-kodow-qr-online-2
https://createmy-qr.com/pt/gerador-de-codigo-qr-gratis-online-2
https://createmy-qr.com/ro/generator-de-coduri-qr-gratuit-online-2
https://createmy-qr.com/ru/besplatnyy-generator-qr-kodov-onlayn-2
https://createmy-qr.com/scan-qr
https://createmy-qr.com/scan-qr
https://createmy-qr.com/sv/gratis-qr-kod-generator-online-2
https://createmy-qr.com/th/ekhruue-ngmuue-sraangkhiw-aarokhd-nailnfrii-2
https://createmy-qr.com/tl/libreng-online-qr-code-generator-2
https://createmy-qr.com/tr/ucretsiz-cevrimici-qr-kod-olusturucu-2
https://createmy-qr.com/uk/bezkoshtovniy-generator-qr-kodiv-onlayn-2
https://createmy-qr.com/vi/tao-ma-qr-mien-phi-truc-tuyen-2
https://createmy-qr.com/zh/mian-fei-zai-xian-er-wei-ma-sheng-cheng-qi-2","200
200
200
200
200
200
200
200
200
200
200
200
200
200
200
200
200
200
200
200
200
200
200
200
200
200
200
200
200
200
200",Some pages don't include hreflang links to all the other pages of the group,5057633309447319644,28,91
21,https://createmy-qr.com/el/shetika-me-emas,"Δωρεάν Δημιουργία QR Code Online - CreateMy-QR (No Signup) | Σχετικά με εμάς
types.about QR Code Generator - Δωρεάν & Προσαρμοσμένο | CreateMy-QR
Σχετικά με εμάς | CreateMy-QR",text/html; charset=utf-8,false,200,0,true,"https://createmy-qr.com/about
https://createmy-qr.com/about
https://createmy-qr.com/ar/mn-nhn
https://createmy-qr.com/bn/aamaader-smprke
https://createmy-qr.com/cs/o-nas
https://createmy-qr.com/da/om-os
https://createmy-qr.com/de/uber-uns
https://createmy-qr.com/el/shetika-me-emas
https://createmy-qr.com/es/sobre-nosotros
https://createmy-qr.com/fi/meista
https://createmy-qr.com/fr/a-propos-de-nous
https://createmy-qr.com/hi/hmaare-baare-men
https://createmy-qr.com/hu/rolunk
https://createmy-qr.com/id/tentang-kami
https://createmy-qr.com/it/chi-siamo
https://createmy-qr.com/ja/si-tatinituite
https://createmy-qr.com/ko/hoesa-sogae
https://createmy-qr.com/ms/mengenai-kami
https://createmy-qr.com/nl/over-ons
https://createmy-qr.com/no/om-oss
https://createmy-qr.com/pl/o-nas
https://createmy-qr.com/pt/sobre-nos
https://createmy-qr.com/ro/despre-noi
https://createmy-qr.com/ru/o-nas
https://createmy-qr.com/sv/om-oss
https://createmy-qr.com/th/ekiiywkaberaa
https://createmy-qr.com/tl/tungkol-sa-amin
https://createmy-qr.com/tr/hakkimizda
https://createmy-qr.com/uk/pro-nas
https://createmy-qr.com/vi/ve-chung-toi
https://createmy-qr.com/zh/guan-yu-wo-men","200
200
200
200
200
200
200
200
200
200
200
200
200
200
200
200
200
200
200
200
200
200
200
200
200
200
200
200
200
200
200",Some pages don't include hreflang links to all the other pages of the group,1484275197122503531,28,91
21,https://createmy-qr.com/no/gratis-qr-kode-generator-online-2,"Gratis QR-kodeskanner online - Skann QR umiddelbart
types.scanqr QR Code Generator - Gratis og tilpasset | CreateMy-QR
scanqr - Gratis QR-kode Generator Online - CreateMy-QR",text/html; charset=utf-8,false,200,0,true,"https://createmy-qr.com/ar/mwld-rmz-lstjb-lsryaa-mjny-2
https://createmy-qr.com/bn/phri-anlaain-kiuaar-kodd-jenaarettr-2
https://createmy-qr.com/cs/zdarma-online-generator-qr-kodu-2
https://createmy-qr.com/da/gratis-qr-kode-generator-online-2
https://createmy-qr.com/de/kostenloser-qr-code-generator-online-2
https://createmy-qr.com/el/dorean-dimioyrgia-qr-code-online-2
https://createmy-qr.com/es/generador-de-codigos-qr-gratis-online-2
https://createmy-qr.com/fi/ilmainen-qr-koodigeneraattori-netissa-2
https://createmy-qr.com/fr/generateur-de-code-qr-gratuit-en-ligne-2
https://createmy-qr.com/hi/muph-t-onnlaain-kyuuaar-kodd-jnrettr-2
https://createmy-qr.com/hu/ingyenes-online-qr-kod-generator-2
https://createmy-qr.com/id/generator-qr-code-gratis-online-2
https://createmy-qr.com/it/generatore-di-codici-qr-gratis-online-2
https://createmy-qr.com/ja/wu-liao-qrkodozuo-cheng-zienereta-2
https://createmy-qr.com/ko/muryo-onrain-qr-kodeu-saengseonggi-2
https://createmy-qr.com/ms/penjana-kod-qr-percuma-dalam-talian-2
https://createmy-qr.com/nl/gratis-qr-code-generator-online-2
https://createmy-qr.com/no/gratis-qr-kode-generator-online-2
https://createmy-qr.com/pl/darmowy-generator-kodow-qr-online-2
https://createmy-qr.com/pt/gerador-de-codigo-qr-gratis-online-2
https://createmy-qr.com/ro/generator-de-coduri-qr-gratuit-online-2
https://createmy-qr.com/ru/besplatnyy-generator-qr-kodov-onlayn-2
https://createmy-qr.com/scan-qr
https://createmy-qr.com/scan-qr
https://createmy-qr.com/sv/gratis-qr-kod-generator-online-2
https://createmy-qr.com/th/ekhruue-ngmuue-sraangkhiw-aarokhd-nailnfrii-2
https://createmy-qr.com/tl/libreng-online-qr-code-generator-2
https://createmy-qr.com/tr/ucretsiz-cevrimici-qr-kod-olusturucu-2
https://createmy-qr.com/uk/bezkoshtovniy-generator-qr-kodiv-onlayn-2
https://createmy-qr.com/vi/tao-ma-qr-mien-phi-truc-tuyen-2
https://createmy-qr.com/zh/mian-fei-zai-xian-er-wei-ma-sheng-cheng-qi-2","200
200
200
200
200
200
200
200
200
200
200
200
200
200
200
200
200
200
200
200
200
200
200
200
200
200
200
200
200
200
200",Some pages don't include hreflang links to all the other pages of the group,5057633309447319644,28,91
21,https://createmy-qr.com/pl/porownaj-narzedzia,"Darmowy Generator Kodów QR Online - CreateMy-QR (No Signup) | Porównaj narzędzia
Generator kodów QR types.compare — bezpłatny i niestandardowy | CreateMy-QR
Porównaj narzędzia | CreateMy-QR",text/html; charset=utf-8,false,200,0,true,"https://createmy-qr.com/ar/dwt-lmqrn
https://createmy-qr.com/bn/ttul-tulnaa-krun
https://createmy-qr.com/compare
https://createmy-qr.com/compare
https://createmy-qr.com/cs/nastroje-pro-porovnani
https://createmy-qr.com/da/sammenlign-vaerktojer
https://createmy-qr.com/de/tools-vergleichen
https://createmy-qr.com/el/ergaleia-sygkrisis
https://createmy-qr.com/es/comparar-herramientas
https://createmy-qr.com/fi/vertaa-tyokaluja
https://createmy-qr.com/fr/comparer-les-outils
https://createmy-qr.com/hi/ttuuls-kii-tulnaa-kren
https://createmy-qr.com/hu/eszkozok-osszehasonlitasa
https://createmy-qr.com/id/bandingkan-alat
https://createmy-qr.com/it/confronta-strumenti
https://createmy-qr.com/ja/bi-jiao-turu
https://createmy-qr.com/ko/dogu-bigyo
https://createmy-qr.com/ms/bandingkan-alat
https://createmy-qr.com/nl/hulpmiddelen-vergelijken
https://createmy-qr.com/no/sammenlign-verktoy
https://createmy-qr.com/pl/porownaj-narzedzia
https://createmy-qr.com/pt/comparar-ferramentas
https://createmy-qr.com/ro/instrumente-de-comparare
https://createmy-qr.com/ru/sravnit-instrumenty
https://createmy-qr.com/sv/jamfor-verktyg
https://createmy-qr.com/th/epriiybethiiybekhruue-ngmuue
https://createmy-qr.com/tl/paghambingin-ang-mga-tool
https://createmy-qr.com/tr/araclari-karsilastir
https://createmy-qr.com/uk/instrumenti-porivnyannya
https://createmy-qr.com/vi/cong-cu-so-sanh
https://createmy-qr.com/zh/bi-jiao-gong-ju","200
200
200
200
200
200
200
200
200
200
200
200
200
200
200
200
200
200
200
200
200
200
200
200
200
200
200
200
200
200
200",Some pages don't include hreflang links to all the other pages of the group,625790584758697065,28,91
21,https://createmy-qr.com/ar/msh-lbrkwd-mwld-rmz-lstjb-lsryaa-mjny,"ماسح الباركود المجاني عبر الإنترنت - مسح UPC وEAN
ماسح الباركود QR Code Generator - مجاني ومخصص | CreateMy-QR
ماسح الباركود - مولد رمز الاستجابة السريعة مجاني - CreateMy-QR",text/html; charset=utf-8,false,200,0,true,"https://createmy-qr.com/ar/msh-lbrkwd-mwld-rmz-lstjb-lsryaa-mjny
https://createmy-qr.com/bn/baarkodd-skyaanaar-phri-anlaain-kiuaar-kodd-jenaarettr
https://createmy-qr.com/cs/skener-carovych-kodu-zdarma-online-generator-qr-kodu
https://createmy-qr.com/da/stregkodescanner-gratis-qr-kode-generator-online
https://createmy-qr.com/de/barcode-scanner-kostenloser-qr-code-generator-online
https://createmy-qr.com/el/barcode-scanner-dorean-dimioyrgia-qr-code-online
https://createmy-qr.com/es/escaner-de-codigo-de-barras-generador-de-codigos-qr-gratis-online
https://createmy-qr.com/fi/viivakoodinlukija-ilmainen-qr-koodigeneraattori-netissa
https://createmy-qr.com/fr/lecteur-de-codes-a-barres-generateur-de-code-qr-gratuit-en-ligne
https://createmy-qr.com/hi/baarkodd-skainr-muph-t-onnlaain-kyuuaar-kodd-jnrettr
https://createmy-qr.com/hu/ingyenes-online-qr-kod-generator-3
https://createmy-qr.com/id/pemindai-kode-batang-generator-qr-code-gratis-online
https://createmy-qr.com/it/lettore-di-codici-a-barre-generatore-di-codici-qr-gratis-online
https://createmy-qr.com/ja/bakodosukiyana-wu-liao-qrkodozuo-cheng-zienereta
https://createmy-qr.com/ko/bakodeu-seukaeneo-muryo-onrain-qr-kodeu-saengseonggi
https://createmy-qr.com/ms/pengimbas-kod-bar-penjana-kod-qr-percuma-dalam-talian
https://createmy-qr.com/nl/barcodescanner-gratis-qr-code-generator-online
https://createmy-qr.com/no/strekkodeskanner-gratis-qr-kode-generator-online
https://createmy-qr.com/pl/skaner-kodow-kreskowych-darmowy-generator-kodow-qr-online
https://createmy-qr.com/pt/leitor-de-codigo-de-barras-gerador-de-codigo-qr-gratis-online
https://createmy-qr.com/ro/generator-de-coduri-qr-gratuit-online-3
https://createmy-qr.com/ru/skaner-shtrih-koda-besplatnyy-generator-qr-kodov-onlayn
https://createmy-qr.com/scan-barcode
https://createmy-qr.com/scan-barcode
https://createmy-qr.com/sv/streckkodslasare-gratis-qr-kod-generator-online
https://createmy-qr.com/th/ekhruue-ngsaeknbaarokhd-ekhruue-ngmuue-sraangkhiw-aarokhd-nailnfrii
https://createmy-qr.com/tl/barcode-scanner-libreng-online-qr-code-generator
https://createmy-qr.com/tr/barkod-tarayici-ucretsiz-cevrimici-qr-kod-olusturucu
https://createmy-qr.com/uk/skaner-shtrih-kodiv-bezkoshtovniy-generator-qr-kodiv-onlayn
https://createmy-qr.com/vi/may-quet-ma-vach-tao-ma-qr-mien-phi-truc-tuyen
https://createmy-qr.com/zh/tiao-ma-sao-miao-yi-mian-fei-zai-xian-er-wei-ma-sheng-cheng-qi","200
200
200
200
200
200
200
200
200
200
200
200
200
200
200
200
200
200
200
200
200
200
200
200
200
200
200
200
200
200
200",Some pages don't include hreflang links to all the other pages of the group,14730038909064693129,28,91
21,https://createmy-qr.com/cs/nastroje-pro-porovnani,"Zdarma Online Generátor QR Kódů - CreateMy-QR (No Signup) | Nástroje pro porovnání
types.compare generátor QR kódu – zdarma a na míru | CreateMy-QR
Nástroje pro porovnání | CreateMy-QR",text/html; charset=utf-8,false,200,0,true,"https://createmy-qr.com/ar/dwt-lmqrn
https://createmy-qr.com/bn/ttul-tulnaa-krun
https://createmy-qr.com/compare
https://createmy-qr.com/compare
https://createmy-qr.com/cs/nastroje-pro-porovnani
https://createmy-qr.com/da/sammenlign-vaerktojer
https://createmy-qr.com/de/tools-vergleichen
https://createmy-qr.com/el/ergaleia-sygkrisis
https://createmy-qr.com/es/comparar-herramientas
https://createmy-qr.com/fi/vertaa-tyokaluja
https://createmy-qr.com/fr/comparer-les-outils
https://createmy-qr.com/hi/ttuuls-kii-tulnaa-kren
https://createmy-qr.com/hu/eszkozok-osszehasonlitasa
https://createmy-qr.com/id/bandingkan-alat
https://createmy-qr.com/it/confronta-strumenti
https://createmy-qr.com/ja/bi-jiao-turu
https://createmy-qr.com/ko/dogu-bigyo
https://createmy-qr.com/ms/bandingkan-alat
https://createmy-qr.com/nl/hulpmiddelen-vergelijken
https://createmy-qr.com/no/sammenlign-verktoy
https://createmy-qr.com/pl/porownaj-narzedzia
https://createmy-qr.com/pt/comparar-ferramentas
https://createmy-qr.com/ro/instrumente-de-comparare
https://createmy-qr.com/ru/sravnit-instrumenty
https://createmy-qr.com/sv/jamfor-verktyg
https://createmy-qr.com/th/epriiybethiiybekhruue-ngmuue
https://createmy-qr.com/tl/paghambingin-ang-mga-tool
https://createmy-qr.com/tr/araclari-karsilastir
https://createmy-qr.com/uk/instrumenti-porivnyannya
https://createmy-qr.com/vi/cong-cu-so-sanh
https://createmy-qr.com/zh/bi-jiao-gong-ju","200
200
200
200
200
200
200
200
200
200
200
200
200
200
200
200
200
200
200
200
200
200
200
200
200
200
200
200
200
200
200",Some pages don't include hreflang links to all the other pages of the group,625790584758697065,28,91
21,https://createmy-qr.com/tr/barkod-tarayici-ucretsiz-cevrimici-qr-kod-olusturucu,"Ücretsiz Çevrimiçi Barkod Tarayıcı - UPC ve EAN'yi tarayın
Barkod Tarayıcı QR Kod Oluşturucu - Ücretsiz ve Özel | CreateMy-QR
Barkod Tarayıcı - Ücretsiz Çevrimiçi QR Kod Oluşturucu - CreateMy-QR",text/html; charset=utf-8,false,200,0,true,"https://createmy-qr.com/ar/msh-lbrkwd-mwld-rmz-lstjb-lsryaa-mjny
https://createmy-qr.com/bn/baarkodd-skyaanaar-phri-anlaain-kiuaar-kodd-jenaarettr
https://createmy-qr.com/cs/skener-carovych-kodu-zdarma-online-generator-qr-kodu
https://createmy-qr.com/da/stregkodescanner-gratis-qr-kode-generator-online
https://createmy-qr.com/de/barcode-scanner-kostenloser-qr-code-generator-online
https://createmy-qr.com/el/barcode-scanner-dorean-dimioyrgia-qr-code-online
https://createmy-qr.com/es/escaner-de-codigo-de-barras-generador-de-codigos-qr-gratis-online
https://createmy-qr.com/fi/viivakoodinlukija-ilmainen-qr-koodigeneraattori-netissa
https://createmy-qr.com/fr/lecteur-de-codes-a-barres-generateur-de-code-qr-gratuit-en-ligne
https://createmy-qr.com/hi/baarkodd-skainr-muph-t-onnlaain-kyuuaar-kodd-jnrettr
https://createmy-qr.com/hu/ingyenes-online-qr-kod-generator-3
https://createmy-qr.com/id/pemindai-kode-batang-generator-qr-code-gratis-online
https://createmy-qr.com/it/lettore-di-codici-a-barre-generatore-di-codici-qr-gratis-online
https://createmy-qr.com/ja/bakodosukiyana-wu-liao-qrkodozuo-cheng-zienereta
https://createmy-qr.com/ko/bakodeu-seukaeneo-muryo-onrain-qr-kodeu-saengseonggi
https://createmy-qr.com/ms/pengimbas-kod-bar-penjana-kod-qr-percuma-dalam-talian
https://createmy-qr.com/nl/barcodescanner-gratis-qr-code-generator-online
https://createmy-qr.com/no/strekkodeskanner-gratis-qr-kode-generator-online
https://createmy-qr.com/pl/skaner-kodow-kreskowych-darmowy-generator-kodow-qr-online
https://createmy-qr.com/pt/leitor-de-codigo-de-barras-gerador-de-codigo-qr-gratis-online
https://createmy-qr.com/ro/generator-de-coduri-qr-gratuit-online-3
https://createmy-qr.com/ru/skaner-shtrih-koda-besplatnyy-generator-qr-kodov-onlayn
https://createmy-qr.com/scan-barcode
https://createmy-qr.com/scan-barcode
https://createmy-qr.com/sv/streckkodslasare-gratis-qr-kod-generator-online
https://createmy-qr.com/th/ekhruue-ngsaeknbaarokhd-ekhruue-ngmuue-sraangkhiw-aarokhd-nailnfrii
https://createmy-qr.com/tl/barcode-scanner-libreng-online-qr-code-generator
https://createmy-qr.com/tr/barkod-tarayici-ucretsiz-cevrimici-qr-kod-olusturucu
https://createmy-qr.com/uk/skaner-shtrih-kodiv-bezkoshtovniy-generator-qr-kodiv-onlayn
https://createmy-qr.com/vi/may-quet-ma-vach-tao-ma-qr-mien-phi-truc-tuyen
https://createmy-qr.com/zh/tiao-ma-sao-miao-yi-mian-fei-zai-xian-er-wei-ma-sheng-cheng-qi","200
200
200
200
200
200
200
200
200
200
200
200
200
200
200
200
200
200
200
200
200
200
200
200
200
200
200
200
200
200
200",Some pages don't include hreflang links to all the other pages of the group,14730038909064693129,28,91
21,https://createmy-qr.com/it/termini-di-servizio,"Generatore di Codici QR Gratis Online - CreateMy-QR (No Signup) | Termini di servizio
Generatore di codici QR types.terms - Gratuito e personalizzato | CreateMy-QR
Termini di servizio | CreateMy-QR",text/html; charset=utf-8,false,200,0,true,"https://createmy-qr.com/ar/shrwt-lkhdm
https://createmy-qr.com/bn/prissebaar-shrtaablii
https://createmy-qr.com/cs/podminky-sluzby
https://createmy-qr.com/da/servicevilkar
https://createmy-qr.com/de/nutzungsbedingungen
https://createmy-qr.com/el/oroi-parohis-ypiresion
https://createmy-qr.com/es/terminos-de-servicio
https://createmy-qr.com/fi/palveluehdot
https://createmy-qr.com/fr/conditions-d-utilisation
https://createmy-qr.com/hi/sevaa-kii-shrten
https://createmy-qr.com/hu/szolgaltatasi-feltetelek
https://createmy-qr.com/id/ketentuan-layanan
https://createmy-qr.com/it/termini-di-servizio
https://createmy-qr.com/ja/li-yong-gui-yue
https://createmy-qr.com/ko/seobiseu-yaggwan
https://createmy-qr.com/ms/syarat-perkhidmatan
https://createmy-qr.com/nl/servicevoorwaarden
https://createmy-qr.com/no/vilkar-for-bruk
https://createmy-qr.com/pl/warunki-swiadczenia-uslug
https://createmy-qr.com/pt/termos-de-servico
https://createmy-qr.com/ro/termeni-si-conditii
https://createmy-qr.com/ru/usloviya-obsluzhivaniya
https://createmy-qr.com/sv/anvandarvillkor
https://createmy-qr.com/terms
https://createmy-qr.com/terms
https://createmy-qr.com/th/kh-kamhndainkaaraihbrikaar
https://createmy-qr.com/tl/mga-tuntunin-ng-serbisyo
https://createmy-qr.com/tr/hizmet-sartlari
https://createmy-qr.com/uk/umovi-nadannya-poslug
https://createmy-qr.com/vi/dieu-khoan-dich-vu
https://createmy-qr.com/zh/fu-wu-tiao-kuan","200
200
200
200
200
200
200
200
200
200
200
200
200
200
200
200
200
200
200
200
200
200
200
200
200
200
200
200
200
200
200",Some pages don't include hreflang links to all the other pages of the group,11872068519236183580,28,91
21,https://createmy-qr.com/de/kostenloser-qr-code-generator-online,"Kostenloser Online-Barcode-Generator – Erstellen Sie 1D-Barcodes
types.barcode QR-Code-Generator – kostenlos und benutzerdefiniert | CreateMy-QR
barcode - Kostenloser QR-Code Generator Online - CreateMy-QR",text/html; charset=utf-8,false,200,0,true,"https://createmy-qr.com/ar/mwld-rmz-lstjb-lsryaa-mjny
https://createmy-qr.com/barcode-generator
https://createmy-qr.com/barcode-generator
https://createmy-qr.com/bn/phri-anlaain-kiuaar-kodd-jenaarettr
https://createmy-qr.com/cs/zdarma-online-generator-qr-kodu
https://createmy-qr.com/da/gratis-qr-kode-generator-online
https://createmy-qr.com/de/kostenloser-qr-code-generator-online
https://createmy-qr.com/el/dorean-dimioyrgia-qr-code-online
https://createmy-qr.com/es/generador-de-codigos-qr-gratis-online
https://createmy-qr.com/fi/ilmainen-qr-koodigeneraattori-netissa
https://createmy-qr.com/fr/generateur-de-code-qr-gratuit-en-ligne
https://createmy-qr.com/hi/muph-t-onnlaain-kyuuaar-kodd-jnrettr
https://createmy-qr.com/hu/ingyenes-online-qr-kod-generator
https://createmy-qr.com/id/generator-qr-code-gratis-online
https://createmy-qr.com/it/generatore-di-codici-qr-gratis-online
https://createmy-qr.com/ja/wu-liao-qrkodozuo-cheng-zienereta
https://createmy-qr.com/ko/muryo-onrain-qr-kodeu-saengseonggi
https://createmy-qr.com/ms/penjana-kod-qr-percuma-dalam-talian
https://createmy-qr.com/nl/gratis-qr-code-generator-online
https://createmy-qr.com/no/gratis-qr-kode-generator-online
https://createmy-qr.com/pl/darmowy-generator-kodow-qr-online
https://createmy-qr.com/pt/gerador-de-codigo-qr-gratis-online
https://createmy-qr.com/ro/generator-de-coduri-qr-gratuit-online
https://createmy-qr.com/ru/besplatnyy-generator-qr-kodov-onlayn
https://createmy-qr.com/sv/gratis-qr-kod-generator-online
https://createmy-qr.com/th/ekhruue-ngmuue-sraangkhiw-aarokhd-nailnfrii
https://createmy-qr.com/tl/libreng-online-qr-code-generator
https://createmy-qr.com/tr/ucretsiz-cevrimici-qr-kod-olusturucu
https://createmy-qr.com/uk/bezkoshtovniy-generator-qr-kodiv-onlayn
https://createmy-qr.com/vi/tao-ma-qr-mien-phi-truc-tuyen
https://createmy-qr.com/zh/mian-fei-zai-xian-er-wei-ma-sheng-cheng-qi","200
200
200
200
200
200
200
200
200
200
200
200
200
200
200
200
200
200
200
200
200
200
200
200
200
200
200
200
200
200
200",Some pages don't include hreflang links to all the other pages of the group,8617637658849271563,28,91
21,https://createmy-qr.com/ja/si-tatinituite,"無料QRコード作成・ジェネレーター - CreateMy-QR (No Signup) | 私たちについて
types.about QR コード ジェネレーター - 無料 & カスタム | CreateMy-QR
私たちについて | CreateMy-QR",text/html; charset=utf-8,false,200,0,true,"https://createmy-qr.com/about
https://createmy-qr.com/about
https://createmy-qr.com/ar/mn-nhn
https://createmy-qr.com/bn/aamaader-smprke
https://createmy-qr.com/cs/o-nas
https://createmy-qr.com/da/om-os
https://createmy-qr.com/de/uber-uns
https://createmy-qr.com/el/shetika-me-emas
https://createmy-qr.com/es/sobre-nosotros
https://createmy-qr.com/fi/meista
https://createmy-qr.com/fr/a-propos-de-nous
https://createmy-qr.com/hi/hmaare-baare-men
https://createmy-qr.com/hu/rolunk
https://createmy-qr.com/id/tentang-kami
https://createmy-qr.com/it/chi-siamo
https://createmy-qr.com/ja/si-tatinituite
https://createmy-qr.com/ko/hoesa-sogae
https://createmy-qr.com/ms/mengenai-kami
https://createmy-qr.com/nl/over-ons
https://createmy-qr.com/no/om-oss
https://createmy-qr.com/pl/o-nas
https://createmy-qr.com/pt/sobre-nos
https://createmy-qr.com/ro/despre-noi
https://createmy-qr.com/ru/o-nas
https://createmy-qr.com/sv/om-oss
https://createmy-qr.com/th/ekiiywkaberaa
https://createmy-qr.com/tl/tungkol-sa-amin
https://createmy-qr.com/tr/hakkimizda
https://createmy-qr.com/uk/pro-nas
https://createmy-qr.com/vi/ve-chung-toi
https://createmy-qr.com/zh/guan-yu-wo-men","200
200
200
200
200
200
200
200
200
200
200
200
200
200
200
200
200
200
200
200
200
200
200
200
200
200
200
200
200
200
200",Some pages don't include hreflang links to all the other pages of the group,1484275197122503531,28,91
21,https://createmy-qr.com/ko/gaein-jeongbo-boho-jeongcaeg,"무료 온라인 QR 코드 생성기 - CreateMy-QR (No Signup) | 개인 정보 보호 정책
types.privacy QR 코드 생성기 - 무료 및 사용자 정의 | CreateMy-QR
개인 정보 보호 정책 | CreateMy-QR",text/html; charset=utf-8,false,200,0,true,"https://createmy-qr.com/ar/sys-lkhswsy
https://createmy-qr.com/bn/gopniiy-taa-niiti
https://createmy-qr.com/cs/zasady-ochrany-osobnich-udaju
https://createmy-qr.com/da/privatlivspolitik
https://createmy-qr.com/de/datenschutzrichtlinie
https://createmy-qr.com/el/politiki-aporritoy
https://createmy-qr.com/es/politica-de-privacidad
https://createmy-qr.com/fi/tietosuojakaytanto
https://createmy-qr.com/fr/politique-de-confidentialite
https://createmy-qr.com/hi/gopniiytaa-niiti
https://createmy-qr.com/hu/adatvedelmi-szabalyzat
https://createmy-qr.com/id/kebijakan-privasi
https://createmy-qr.com/it/informativa-sulla-privacy
https://createmy-qr.com/ja/puraibasi-porisi
https://createmy-qr.com/ko/gaein-jeongbo-boho-jeongcaeg
https://createmy-qr.com/ms/dasar-privasi
https://createmy-qr.com/nl/privacybeleid
https://createmy-qr.com/no/personvernerklaering
https://createmy-qr.com/pl/polityka-prywatnosci
https://createmy-qr.com/privacy
https://createmy-qr.com/privacy
https://createmy-qr.com/pt/politica-de-privacidade
https://createmy-qr.com/ro/politica-de-confidentialitate
https://createmy-qr.com/ru/politika-konfidencialnosti
https://createmy-qr.com/sv/sekretesspolicy
https://createmy-qr.com/th/noybaaykhwaamepnswntaw
https://createmy-qr.com/tl/patakaran-sa-privacy
https://createmy-qr.com/tr/gizlilik-politikasi
https://createmy-qr.com/uk/politika-konfidenciynosti
https://createmy-qr.com/vi/chinh-sach-bao-mat
https://createmy-qr.com/zh/yin-si-zheng-ce","200
200
200
200
200
200
200
200
200
200
200
200
200
200
200
200
200
200
200
200
200
200
200
200
200
200
200
200
200
200
200",Some pages don't include hreflang links to all the other pages of the group,11074429451265500583,28,91
21,https://createmy-qr.com/sv/gratis-qr-kod-generator-online,"Gratis streckkodsgenerator online - Skapa 1D streckkoder
types.barcode QR Code Generator - Gratis & anpassad | CreateMy-QR
barcode - Gratis QR-kod Generator Online - CreateMy-QR",text/html; charset=utf-8,false,200,0,true,"https://createmy-qr.com/ar/mwld-rmz-lstjb-lsryaa-mjny
https://createmy-qr.com/barcode-generator
https://createmy-qr.com/barcode-generator
https://createmy-qr.com/bn/phri-anlaain-kiuaar-kodd-jenaarettr
https://createmy-qr.com/cs/zdarma-online-generator-qr-kodu
https://createmy-qr.com/da/gratis-qr-kode-generator-online
https://createmy-qr.com/de/kostenloser-qr-code-generator-online
https://createmy-qr.com/el/dorean-dimioyrgia-qr-code-online
https://createmy-qr.com/es/generador-de-codigos-qr-gratis-online
https://createmy-qr.com/fi/ilmainen-qr-koodigeneraattori-netissa
https://createmy-qr.com/fr/generateur-de-code-qr-gratuit-en-ligne
https://createmy-qr.com/hi/muph-t-onnlaain-kyuuaar-kodd-jnrettr
https://createmy-qr.com/hu/ingyenes-online-qr-kod-generator
https://createmy-qr.com/id/generator-qr-code-gratis-online
https://createmy-qr.com/it/generatore-di-codici-qr-gratis-online
https://createmy-qr.com/ja/wu-liao-qrkodozuo-cheng-zienereta
https://createmy-qr.com/ko/muryo-onrain-qr-kodeu-saengseonggi
https://createmy-qr.com/ms/penjana-kod-qr-percuma-dalam-talian
https://createmy-qr.com/nl/gratis-qr-code-generator-online
https://createmy-qr.com/no/gratis-qr-kode-generator-online
https://createmy-qr.com/pl/darmowy-generator-kodow-qr-online
https://createmy-qr.com/pt/gerador-de-codigo-qr-gratis-online
https://createmy-qr.com/ro/generator-de-coduri-qr-gratuit-online
https://createmy-qr.com/ru/besplatnyy-generator-qr-kodov-onlayn
https://createmy-qr.com/sv/gratis-qr-kod-generator-online
https://createmy-qr.com/th/ekhruue-ngmuue-sraangkhiw-aarokhd-nailnfrii
https://createmy-qr.com/tl/libreng-online-qr-code-generator
https://createmy-qr.com/tr/ucretsiz-cevrimici-qr-kod-olusturucu
https://createmy-qr.com/uk/bezkoshtovniy-generator-qr-kodiv-onlayn
https://createmy-qr.com/vi/tao-ma-qr-mien-phi-truc-tuyen
https://createmy-qr.com/zh/mian-fei-zai-xian-er-wei-ma-sheng-cheng-qi","200
200
200
200
200
200
200
200
200
200
200
200
200
200
200
200
200
200
200
200
200
200
200
200
200
200
200
200
200
200
200",Some pages don't include hreflang links to all the other pages of the group,8617637658849271563,28,91
21,https://createmy-qr.com/ro/generator-de-coduri-qr-gratuit-online,"Generator online gratuit de coduri de bare - Creați coduri de bare 1D
types.barcode QR Code Generator - Gratuit și personalizat | CreateMy-QR
barcode - Generator de Coduri QR Gratuit Online - CreateMy-QR",text/html; charset=utf-8,false,200,0,true,"https://createmy-qr.com/ar/mwld-rmz-lstjb-lsryaa-mjny
https://createmy-qr.com/barcode-generator
https://createmy-qr.com/barcode-generator
https://createmy-qr.com/bn/phri-anlaain-kiuaar-kodd-jenaarettr
https://createmy-qr.com/cs/zdarma-online-generator-qr-kodu
https://createmy-qr.com/da/gratis-qr-kode-generator-online
https://createmy-qr.com/de/kostenloser-qr-code-generator-online
https://createmy-qr.com/el/dorean-dimioyrgia-qr-code-online
https://createmy-qr.com/es/generador-de-codigos-qr-gratis-online
https://createmy-qr.com/fi/ilmainen-qr-koodigeneraattori-netissa
https://createmy-qr.com/fr/generateur-de-code-qr-gratuit-en-ligne
https://createmy-qr.com/hi/muph-t-onnlaain-kyuuaar-kodd-jnrettr
https://createmy-qr.com/hu/ingyenes-online-qr-kod-generator
https://createmy-qr.com/id/generator-qr-code-gratis-online
https://createmy-qr.com/it/generatore-di-codici-qr-gratis-online
https://createmy-qr.com/ja/wu-liao-qrkodozuo-cheng-zienereta
https://createmy-qr.com/ko/muryo-onrain-qr-kodeu-saengseonggi
https://createmy-qr.com/ms/penjana-kod-qr-percuma-dalam-talian
https://createmy-qr.com/nl/gratis-qr-code-generator-online
https://createmy-qr.com/no/gratis-qr-kode-generator-online
https://createmy-qr.com/pl/darmowy-generator-kodow-qr-online
https://createmy-qr.com/pt/gerador-de-codigo-qr-gratis-online
https://createmy-qr.com/ro/generator-de-coduri-qr-gratuit-online
https://createmy-qr.com/ru/besplatnyy-generator-qr-kodov-onlayn
https://createmy-qr.com/sv/gratis-qr-kod-generator-online
https://createmy-qr.com/th/ekhruue-ngmuue-sraangkhiw-aarokhd-nailnfrii
https://createmy-qr.com/tl/libreng-online-qr-code-generator
https://createmy-qr.com/tr/ucretsiz-cevrimici-qr-kod-olusturucu
https://createmy-qr.com/uk/bezkoshtovniy-generator-qr-kodiv-onlayn
https://createmy-qr.com/vi/tao-ma-qr-mien-phi-truc-tuyen
https://createmy-qr.com/zh/mian-fei-zai-xian-er-wei-ma-sheng-cheng-qi","200
200
200
200
200
200
200
200
200
200
200
200
200
200
200
200
200
200
200
200
200
200
200
200
200
200
200
200
200
200
200",Some pages don't include hreflang links to all the other pages of the group,8617637658849271563,28,91
21,https://createmy-qr.com/no/om-oss,"Gratis QR-kode Generator Online - CreateMy-QR (No Signup) | Om oss
types.about QR Code Generator - Gratis og tilpasset | CreateMy-QR
Om oss | CreateMy-QR",text/html; charset=utf-8,false,200,0,true,"https://createmy-qr.com/about
https://createmy-qr.com/about
https://createmy-qr.com/ar/mn-nhn
https://createmy-qr.com/bn/aamaader-smprke
https://createmy-qr.com/cs/o-nas
https://createmy-qr.com/da/om-os
https://createmy-qr.com/de/uber-uns
https://createmy-qr.com/el/shetika-me-emas
https://createmy-qr.com/es/sobre-nosotros
https://createmy-qr.com/fi/meista
https://createmy-qr.com/fr/a-propos-de-nous
https://createmy-qr.com/hi/hmaare-baare-men
https://createmy-qr.com/hu/rolunk
https://createmy-qr.com/id/tentang-kami
https://createmy-qr.com/it/chi-siamo
https://createmy-qr.com/ja/si-tatinituite
https://createmy-qr.com/ko/hoesa-sogae
https://createmy-qr.com/ms/mengenai-kami
https://createmy-qr.com/nl/over-ons
https://createmy-qr.com/no/om-oss
https://createmy-qr.com/pl/o-nas
https://createmy-qr.com/pt/sobre-nos
https://createmy-qr.com/ro/despre-noi
https://createmy-qr.com/ru/o-nas
https://createmy-qr.com/sv/om-oss
https://createmy-qr.com/th/ekiiywkaberaa
https://createmy-qr.com/tl/tungkol-sa-amin
https://createmy-qr.com/tr/hakkimizda
https://createmy-qr.com/uk/pro-nas
https://createmy-qr.com/vi/ve-chung-toi
https://createmy-qr.com/zh/guan-yu-wo-men","200
200
200
200
200
200
200
200
200
200
200
200
200
200
200
200
200
200
200
200
200
200
200
200
200
200
200
200
200
200
200",Some pages don't include hreflang links to all the other pages of the group,1484275197122503531,28,91
21,https://createmy-qr.com/it/generatore-di-codici-qr-gratis-online-2,"Scanner di codici QR online gratuito: scansiona QR istantaneamente
Generatore di codici QR types.scanqr - Gratuito e personalizzato | CreateMy-QR
scanqr - Generatore di Codici QR Gratis Online - CreateMy-QR",text/html; charset=utf-8,false,200,0,true,"https://createmy-qr.com/ar/mwld-rmz-lstjb-lsryaa-mjny-2
https://createmy-qr.com/bn/phri-anlaain-kiuaar-kodd-jenaarettr-2
https://createmy-qr.com/cs/zdarma-online-generator-qr-kodu-2
https://createmy-qr.com/da/gratis-qr-kode-generator-online-2
https://createmy-qr.com/de/kostenloser-qr-code-generator-online-2
https://createmy-qr.com/el/dorean-dimioyrgia-qr-code-online-2
https://createmy-qr.com/es/generador-de-codigos-qr-gratis-online-2
https://createmy-qr.com/fi/ilmainen-qr-koodigeneraattori-netissa-2
https://createmy-qr.com/fr/generateur-de-code-qr-gratuit-en-ligne-2
https://createmy-qr.com/hi/muph-t-onnlaain-kyuuaar-kodd-jnrettr-2
https://createmy-qr.com/hu/ingyenes-online-qr-kod-generator-2
https://createmy-qr.com/id/generator-qr-code-gratis-online-2
https://createmy-qr.com/it/generatore-di-codici-qr-gratis-online-2
https://createmy-qr.com/ja/wu-liao-qrkodozuo-cheng-zienereta-2
https://createmy-qr.com/ko/muryo-onrain-qr-kodeu-saengseonggi-2
https://createmy-qr.com/ms/penjana-kod-qr-percuma-dalam-talian-2
https://createmy-qr.com/nl/gratis-qr-code-generator-online-2
https://createmy-qr.com/no/gratis-qr-kode-generator-online-2
https://createmy-qr.com/pl/darmowy-generator-kodow-qr-online-2
https://createmy-qr.com/pt/gerador-de-codigo-qr-gratis-online-2
https://createmy-qr.com/ro/generator-de-coduri-qr-gratuit-online-2
https://createmy-qr.com/ru/besplatnyy-generator-qr-kodov-onlayn-2
https://createmy-qr.com/scan-qr
https://createmy-qr.com/scan-qr
https://createmy-qr.com/sv/gratis-qr-kod-generator-online-2
https://createmy-qr.com/th/ekhruue-ngmuue-sraangkhiw-aarokhd-nailnfrii-2
https://createmy-qr.com/tl/libreng-online-qr-code-generator-2
https://createmy-qr.com/tr/ucretsiz-cevrimici-qr-kod-olusturucu-2
https://createmy-qr.com/uk/bezkoshtovniy-generator-qr-kodiv-onlayn-2
https://createmy-qr.com/vi/tao-ma-qr-mien-phi-truc-tuyen-2
https://createmy-qr.com/zh/mian-fei-zai-xian-er-wei-ma-sheng-cheng-qi-2","200
200
200
200
200
200
200
200
200
200
200
200
200
200
200
200
200
200
200
200
200
200
200
200
200
200
200
200
200
200
200",Some pages don't include hreflang links to all the other pages of the group,5057633309447319644,28,91
21,https://createmy-qr.com/uk/pro-nas,"Безкоштовний Генератор QR-кодів Онлайн - CreateMy-QR (No Signup) | Про нас
Генератор QR-коду types.about – безкоштовний і користувацький | CreateMy-QR
Про нас | CreateMy-QR",text/html; charset=utf-8,false,200,0,true,"https://createmy-qr.com/about
https://createmy-qr.com/about
https://createmy-qr.com/ar/mn-nhn
https://createmy-qr.com/bn/aamaader-smprke
https://createmy-qr.com/cs/o-nas
https://createmy-qr.com/da/om-os
https://createmy-qr.com/de/uber-uns
https://createmy-qr.com/el/shetika-me-emas
https://createmy-qr.com/es/sobre-nosotros
https://createmy-qr.com/fi/meista
https://createmy-qr.com/fr/a-propos-de-nous
https://createmy-qr.com/hi/hmaare-baare-men
https://createmy-qr.com/hu/rolunk
https://createmy-qr.com/id/tentang-kami
https://createmy-qr.com/it/chi-siamo
https://createmy-qr.com/ja/si-tatinituite
https://createmy-qr.com/ko/hoesa-sogae
https://createmy-qr.com/ms/mengenai-kami
https://createmy-qr.com/nl/over-ons
https://createmy-qr.com/no/om-oss
https://createmy-qr.com/pl/o-nas
https://createmy-qr.com/pt/sobre-nos
https://createmy-qr.com/ro/despre-noi
https://createmy-qr.com/ru/o-nas
https://createmy-qr.com/sv/om-oss
https://createmy-qr.com/th/ekiiywkaberaa
https://createmy-qr.com/tl/tungkol-sa-amin
https://createmy-qr.com/tr/hakkimizda
https://createmy-qr.com/uk/pro-nas
https://createmy-qr.com/vi/ve-chung-toi
https://createmy-qr.com/zh/guan-yu-wo-men","200
200
200
200
200
200
200
200
200
200
200
200
200
200
200
200
200
200
200
200
200
200
200
200
200
200
200
200
200
200
200",Some pages don't include hreflang links to all the other pages of the group,1484275197122503531,28,91
21,https://createmy-qr.com/pt/termos-de-servico,"Gerador de Código QR Grátis Online - CreateMy-QR (No Signup) | Termos de Serviço
Gerador de código QR types.terms - gratuito e personalizado | CreateMy-QR
Termos de Serviço | CreateMy-QR",text/html; charset=utf-8,false,200,0,true,"https://createmy-qr.com/ar/shrwt-lkhdm
https://createmy-qr.com/bn/prissebaar-shrtaablii
https://createmy-qr.com/cs/podminky-sluzby
https://createmy-qr.com/da/servicevilkar
https://createmy-qr.com/de/nutzungsbedingungen
https://createmy-qr.com/el/oroi-parohis-ypiresion
https://createmy-qr.com/es/terminos-de-servicio
https://createmy-qr.com/fi/palveluehdot
https://createmy-qr.com/fr/conditions-d-utilisation
https://createmy-qr.com/hi/sevaa-kii-shrten
https://createmy-qr.com/hu/szolgaltatasi-feltetelek
https://createmy-qr.com/id/ketentuan-layanan
https://createmy-qr.com/it/termini-di-servizio
https://createmy-qr.com/ja/li-yong-gui-yue
https://createmy-qr.com/ko/seobiseu-yaggwan
https://createmy-qr.com/ms/syarat-perkhidmatan
https://createmy-qr.com/nl/servicevoorwaarden
https://createmy-qr.com/no/vilkar-for-bruk
https://createmy-qr.com/pl/warunki-swiadczenia-uslug
https://createmy-qr.com/pt/termos-de-servico
https://createmy-qr.com/ro/termeni-si-conditii
https://createmy-qr.com/ru/usloviya-obsluzhivaniya
https://createmy-qr.com/sv/anvandarvillkor
https://createmy-qr.com/terms
https://createmy-qr.com/terms
https://createmy-qr.com/th/kh-kamhndainkaaraihbrikaar
https://createmy-qr.com/tl/mga-tuntunin-ng-serbisyo
https://createmy-qr.com/tr/hizmet-sartlari
https://createmy-qr.com/uk/umovi-nadannya-poslug
https://createmy-qr.com/vi/dieu-khoan-dich-vu
https://createmy-qr.com/zh/fu-wu-tiao-kuan","200
200
200
200
200
200
200
200
200
200
200
200
200
200
200
200
200
200
200
200
200
200
200
200
200
200
200
200
200
200
200",Some pages don't include hreflang links to all the other pages of the group,11872068519236183580,28,91
21,https://createmy-qr.com/zh/tiao-ma-sao-miao-yi-mian-fei-zai-xian-er-wei-ma-sheng-cheng-qi,"免费在线条码扫描仪 - 扫描 UPC 和 EAN
条码扫描仪 QR 代码生成器 - 免费和自定义 | CreateMy-QR
条码扫描仪 - 免费在线二维码生成器 - CreateMy-QR",text/html; charset=utf-8,false,200,0,true,"https://createmy-qr.com/ar/msh-lbrkwd-mwld-rmz-lstjb-lsryaa-mjny
https://createmy-qr.com/bn/baarkodd-skyaanaar-phri-anlaain-kiuaar-kodd-jenaarettr
https://createmy-qr.com/cs/skener-carovych-kodu-zdarma-online-generator-qr-kodu
https://createmy-qr.com/da/stregkodescanner-gratis-qr-kode-generator-online
https://createmy-qr.com/de/barcode-scanner-kostenloser-qr-code-generator-online
https://createmy-qr.com/el/barcode-scanner-dorean-dimioyrgia-qr-code-online
https://createmy-qr.com/es/escaner-de-codigo-de-barras-generador-de-codigos-qr-gratis-online
https://createmy-qr.com/fi/viivakoodinlukija-ilmainen-qr-koodigeneraattori-netissa
https://createmy-qr.com/fr/lecteur-de-codes-a-barres-generateur-de-code-qr-gratuit-en-ligne
https://createmy-qr.com/hi/baarkodd-skainr-muph-t-onnlaain-kyuuaar-kodd-jnrettr
https://createmy-qr.com/hu/ingyenes-online-qr-kod-generator-3
https://createmy-qr.com/id/pemindai-kode-batang-generator-qr-code-gratis-online
https://createmy-qr.com/it/lettore-di-codici-a-barre-generatore-di-codici-qr-gratis-online
https://createmy-qr.com/ja/bakodosukiyana-wu-liao-qrkodozuo-cheng-zienereta
https://createmy-qr.com/ko/bakodeu-seukaeneo-muryo-onrain-qr-kodeu-saengseonggi
https://createmy-qr.com/ms/pengimbas-kod-bar-penjana-kod-qr-percuma-dalam-talian
https://createmy-qr.com/nl/barcodescanner-gratis-qr-code-generator-online
https://createmy-qr.com/no/strekkodeskanner-gratis-qr-kode-generator-online
https://createmy-qr.com/pl/skaner-kodow-kreskowych-darmowy-generator-kodow-qr-online
https://createmy-qr.com/pt/leitor-de-codigo-de-barras-gerador-de-codigo-qr-gratis-online
https://createmy-qr.com/ro/generator-de-coduri-qr-gratuit-online-3
https://createmy-qr.com/ru/skaner-shtrih-koda-besplatnyy-generator-qr-kodov-onlayn
https://createmy-qr.com/scan-barcode
https://createmy-qr.com/scan-barcode
https://createmy-qr.com/sv/streckkodslasare-gratis-qr-kod-generator-online
https://createmy-qr.com/th/ekhruue-ngsaeknbaarokhd-ekhruue-ngmuue-sraangkhiw-aarokhd-nailnfrii
https://createmy-qr.com/tl/barcode-scanner-libreng-online-qr-code-generator
https://createmy-qr.com/tr/barkod-tarayici-ucretsiz-cevrimici-qr-kod-olusturucu
https://createmy-qr.com/uk/skaner-shtrih-kodiv-bezkoshtovniy-generator-qr-kodiv-onlayn
https://createmy-qr.com/vi/may-quet-ma-vach-tao-ma-qr-mien-phi-truc-tuyen
https://createmy-qr.com/zh/tiao-ma-sao-miao-yi-mian-fei-zai-xian-er-wei-ma-sheng-cheng-qi","200
200
200
200
200
200
200
200
200
200
200
200
200
200
200
200
200
200
200
200
200
200
200
200
200
200
200
200
200
200
200",Some pages don't include hreflang links to all the other pages of the group,14730038909064693129,28,91
21,https://createmy-qr.com/ja/bi-jiao-turu,"無料QRコード作成・ジェネレーター - CreateMy-QR (No Signup) | 比較ツール
types.compare QR コード ジェネレーター - 無料 & カスタム | CreateMy-QR
比較ツール | CreateMy-QR",text/html; charset=utf-8,false,200,0,true,"https://createmy-qr.com/ar/dwt-lmqrn
https://createmy-qr.com/bn/ttul-tulnaa-krun
https://createmy-qr.com/compare
https://createmy-qr.com/compare
https://createmy-qr.com/cs/nastroje-pro-porovnani
https://createmy-qr.com/da/sammenlign-vaerktojer
https://createmy-qr.com/de/tools-vergleichen
https://createmy-qr.com/el/ergaleia-sygkrisis
https://createmy-qr.com/es/comparar-herramientas
https://createmy-qr.com/fi/vertaa-tyokaluja
https://createmy-qr.com/fr/comparer-les-outils
https://createmy-qr.com/hi/ttuuls-kii-tulnaa-kren
https://createmy-qr.com/hu/eszkozok-osszehasonlitasa
https://createmy-qr.com/id/bandingkan-alat
https://createmy-qr.com/it/confronta-strumenti
https://createmy-qr.com/ja/bi-jiao-turu
https://createmy-qr.com/ko/dogu-bigyo
https://createmy-qr.com/ms/bandingkan-alat
https://createmy-qr.com/nl/hulpmiddelen-vergelijken
https://createmy-qr.com/no/sammenlign-verktoy
https://createmy-qr.com/pl/porownaj-narzedzia
https://createmy-qr.com/pt/comparar-ferramentas
https://createmy-qr.com/ro/instrumente-de-comparare
https://createmy-qr.com/ru/sravnit-instrumenty
https://createmy-qr.com/sv/jamfor-verktyg
https://createmy-qr.com/th/epriiybethiiybekhruue-ngmuue
https://createmy-qr.com/tl/paghambingin-ang-mga-tool
https://createmy-qr.com/tr/araclari-karsilastir
https://createmy-qr.com/uk/instrumenti-porivnyannya
https://createmy-qr.com/vi/cong-cu-so-sanh
https://createmy-qr.com/zh/bi-jiao-gong-ju","200
200
200
200
200
200
200
200
200
200
200
200
200
200
200
200
200
200
200
200
200
200
200
200
200
200
200
200
200
200
200",Some pages don't include hreflang links to all the other pages of the group,625790584758697065,28,91
21,https://createmy-qr.com/hu/szolgaltatasi-feltetelek,"Ingyenes Online QR-kód Generátor - CreateMy-QR (No Signup) | Szolgáltatási feltételek
types.terms QR-kód generátor - ingyenes és egyedi | CreateMy-QR
Szolgáltatási feltételek | CreateMy-QR",text/html; charset=utf-8,false,200,0,true,"https://createmy-qr.com/ar/shrwt-lkhdm
https://createmy-qr.com/bn/prissebaar-shrtaablii
https://createmy-qr.com/cs/podminky-sluzby
https://createmy-qr.com/da/servicevilkar
https://createmy-qr.com/de/nutzungsbedingungen
https://createmy-qr.com/el/oroi-parohis-ypiresion
https://createmy-qr.com/es/terminos-de-servicio
https://createmy-qr.com/fi/palveluehdot
https://createmy-qr.com/fr/conditions-d-utilisation
https://createmy-qr.com/hi/sevaa-kii-shrten
https://createmy-qr.com/hu/szolgaltatasi-feltetelek
https://createmy-qr.com/id/ketentuan-layanan
https://createmy-qr.com/it/termini-di-servizio
https://createmy-qr.com/ja/li-yong-gui-yue
https://createmy-qr.com/ko/seobiseu-yaggwan
https://createmy-qr.com/ms/syarat-perkhidmatan
https://createmy-qr.com/nl/servicevoorwaarden
https://createmy-qr.com/no/vilkar-for-bruk
https://createmy-qr.com/pl/warunki-swiadczenia-uslug
https://createmy-qr.com/pt/termos-de-servico
https://createmy-qr.com/ro/termeni-si-conditii
https://createmy-qr.com/ru/usloviya-obsluzhivaniya
https://createmy-qr.com/sv/anvandarvillkor
https://createmy-qr.com/terms
https://createmy-qr.com/terms
https://createmy-qr.com/th/kh-kamhndainkaaraihbrikaar
https://createmy-qr.com/tl/mga-tuntunin-ng-serbisyo
https://createmy-qr.com/tr/hizmet-sartlari
https://createmy-qr.com/uk/umovi-nadannya-poslug
https://createmy-qr.com/vi/dieu-khoan-dich-vu
https://createmy-qr.com/zh/fu-wu-tiao-kuan","200
200
200
200
200
200
200
200
200
200
200
200
200
200
200
200
200
200
200
200
200
200
200
200
200
200
200
200
200
200
200",Some pages don't include hreflang links to all the other pages of the group,11872068519236183580,28,91
21,https://createmy-qr.com/ms/penjana-kod-qr-percuma-dalam-talian-2,"Pengimbas Kod QR Percuma Dalam Talian - Imbas QR Serta-merta
Penjana Kod QR types.scanqr - Percuma & Tersuai | CreateMy-QR
scanqr - Penjana Kod QR Percuma Dalam Talian - CreateMy-QR",text/html; charset=utf-8,false,200,0,true,"https://createmy-qr.com/ar/mwld-rmz-lstjb-lsryaa-mjny-2
https://createmy-qr.com/bn/phri-anlaain-kiuaar-kodd-jenaarettr-2
https://createmy-qr.com/cs/zdarma-online-generator-qr-kodu-2
https://createmy-qr.com/da/gratis-qr-kode-generator-online-2
https://createmy-qr.com/de/kostenloser-qr-code-generator-online-2
https://createmy-qr.com/el/dorean-dimioyrgia-qr-code-online-2
https://createmy-qr.com/es/generador-de-codigos-qr-gratis-online-2
https://createmy-qr.com/fi/ilmainen-qr-koodigeneraattori-netissa-2
https://createmy-qr.com/fr/generateur-de-code-qr-gratuit-en-ligne-2
https://createmy-qr.com/hi/muph-t-onnlaain-kyuuaar-kodd-jnrettr-2
https://createmy-qr.com/hu/ingyenes-online-qr-kod-generator-2
https://createmy-qr.com/id/generator-qr-code-gratis-online-2
https://createmy-qr.com/it/generatore-di-codici-qr-gratis-online-2
https://createmy-qr.com/ja/wu-liao-qrkodozuo-cheng-zienereta-2
https://createmy-qr.com/ko/muryo-onrain-qr-kodeu-saengseonggi-2
https://createmy-qr.com/ms/penjana-kod-qr-percuma-dalam-talian-2
https://createmy-qr.com/nl/gratis-qr-code-generator-online-2
https://createmy-qr.com/no/gratis-qr-kode-generator-online-2
https://createmy-qr.com/pl/darmowy-generator-kodow-qr-online-2
https://createmy-qr.com/pt/gerador-de-codigo-qr-gratis-online-2
https://createmy-qr.com/ro/generator-de-coduri-qr-gratuit-online-2
https://createmy-qr.com/ru/besplatnyy-generator-qr-kodov-onlayn-2
https://createmy-qr.com/scan-qr
https://createmy-qr.com/scan-qr
https://createmy-qr.com/sv/gratis-qr-kod-generator-online-2
https://createmy-qr.com/th/ekhruue-ngmuue-sraangkhiw-aarokhd-nailnfrii-2
https://createmy-qr.com/tl/libreng-online-qr-code-generator-2
https://createmy-qr.com/tr/ucretsiz-cevrimici-qr-kod-olusturucu-2
https://createmy-qr.com/uk/bezkoshtovniy-generator-qr-kodiv-onlayn-2
https://createmy-qr.com/vi/tao-ma-qr-mien-phi-truc-tuyen-2
https://createmy-qr.com/zh/mian-fei-zai-xian-er-wei-ma-sheng-cheng-qi-2","200
200
200
200
200
200
200
200
200
200
200
200
200
200
200
200
200
200
200
200
200
200
200
200
200
200
200
200
200
200
200",Some pages don't include hreflang links to all the other pages of the group,5057633309447319644,28,91
21,https://createmy-qr.com/nl/barcodescanner-gratis-qr-code-generator-online,"Gratis barcodescanner online - Scan UPC en EAN
Barcodescanner QR-codegenerator - gratis en aangepast | CreateMy-QR
Barcodescanner - Gratis QR Code Generator Online - CreateMy-QR",text/html; charset=utf-8,false,200,0,true,"https://createmy-qr.com/ar/msh-lbrkwd-mwld-rmz-lstjb-lsryaa-mjny
https://createmy-qr.com/bn/baarkodd-skyaanaar-phri-anlaain-kiuaar-kodd-jenaarettr
https://createmy-qr.com/cs/skener-carovych-kodu-zdarma-online-generator-qr-kodu
https://createmy-qr.com/da/stregkodescanner-gratis-qr-kode-generator-online
https://createmy-qr.com/de/barcode-scanner-kostenloser-qr-code-generator-online
https://createmy-qr.com/el/barcode-scanner-dorean-dimioyrgia-qr-code-online
https://createmy-qr.com/es/escaner-de-codigo-de-barras-generador-de-codigos-qr-gratis-online
https://createmy-qr.com/fi/viivakoodinlukija-ilmainen-qr-koodigeneraattori-netissa
https://createmy-qr.com/fr/lecteur-de-codes-a-barres-generateur-de-code-qr-gratuit-en-ligne
https://createmy-qr.com/hi/baarkodd-skainr-muph-t-onnlaain-kyuuaar-kodd-jnrettr
https://createmy-qr.com/hu/ingyenes-online-qr-kod-generator-3
https://createmy-qr.com/id/pemindai-kode-batang-generator-qr-code-gratis-online
https://createmy-qr.com/it/lettore-di-codici-a-barre-generatore-di-codici-qr-gratis-online
https://createmy-qr.com/ja/bakodosukiyana-wu-liao-qrkodozuo-cheng-zienereta
https://createmy-qr.com/ko/bakodeu-seukaeneo-muryo-onrain-qr-kodeu-saengseonggi
https://createmy-qr.com/ms/pengimbas-kod-bar-penjana-kod-qr-percuma-dalam-talian
https://createmy-qr.com/nl/barcodescanner-gratis-qr-code-generator-online
https://createmy-qr.com/no/strekkodeskanner-gratis-qr-kode-generator-online
https://createmy-qr.com/pl/skaner-kodow-kreskowych-darmowy-generator-kodow-qr-online
https://createmy-qr.com/pt/leitor-de-codigo-de-barras-gerador-de-codigo-qr-gratis-online
https://createmy-qr.com/ro/generator-de-coduri-qr-gratuit-online-3
https://createmy-qr.com/ru/skaner-shtrih-koda-besplatnyy-generator-qr-kodov-onlayn
https://createmy-qr.com/scan-barcode
https://createmy-qr.com/scan-barcode
https://createmy-qr.com/sv/streckkodslasare-gratis-qr-kod-generator-online
https://createmy-qr.com/th/ekhruue-ngsaeknbaarokhd-ekhruue-ngmuue-sraangkhiw-aarokhd-nailnfrii
https://createmy-qr.com/tl/barcode-scanner-libreng-online-qr-code-generator
https://createmy-qr.com/tr/barkod-tarayici-ucretsiz-cevrimici-qr-kod-olusturucu
https://createmy-qr.com/uk/skaner-shtrih-kodiv-bezkoshtovniy-generator-qr-kodiv-onlayn
https://createmy-qr.com/vi/may-quet-ma-vach-tao-ma-qr-mien-phi-truc-tuyen
https://createmy-qr.com/zh/tiao-ma-sao-miao-yi-mian-fei-zai-xian-er-wei-ma-sheng-cheng-qi","200
200
200
200
200
200
200
200
200
200
200
200
200
200
200
200
200
200
200
200
200
200
200
200
200
200
200
200
200
200
200",Some pages don't include hreflang links to all the other pages of the group,14730038909064693129,28,91
21,https://createmy-qr.com/ro/despre-noi,"Generator de Coduri QR Gratuit Online - CreateMy-QR (No Signup) | Despre noi
types.about QR Code Generator - Gratuit și personalizat | CreateMy-QR
Despre noi | CreateMy-QR",text/html; charset=utf-8,false,200,0,true,"https://createmy-qr.com/about
https://createmy-qr.com/about
https://createmy-qr.com/ar/mn-nhn
https://createmy-qr.com/bn/aamaader-smprke
https://createmy-qr.com/cs/o-nas
https://createmy-qr.com/da/om-os
https://createmy-qr.com/de/uber-uns
https://createmy-qr.com/el/shetika-me-emas
https://createmy-qr.com/es/sobre-nosotros
https://createmy-qr.com/fi/meista
https://createmy-qr.com/fr/a-propos-de-nous
https://createmy-qr.com/hi/hmaare-baare-men
https://createmy-qr.com/hu/rolunk
https://createmy-qr.com/id/tentang-kami
https://createmy-qr.com/it/chi-siamo
https://createmy-qr.com/ja/si-tatinituite
https://createmy-qr.com/ko/hoesa-sogae
https://createmy-qr.com/ms/mengenai-kami
https://createmy-qr.com/nl/over-ons
https://createmy-qr.com/no/om-oss
https://createmy-qr.com/pl/o-nas
https://createmy-qr.com/pt/sobre-nos
https://createmy-qr.com/ro/despre-noi
https://createmy-qr.com/ru/o-nas
https://createmy-qr.com/sv/om-oss
https://createmy-qr.com/th/ekiiywkaberaa
https://createmy-qr.com/tl/tungkol-sa-amin
https://createmy-qr.com/tr/hakkimizda
https://createmy-qr.com/uk/pro-nas
https://createmy-qr.com/vi/ve-chung-toi
https://createmy-qr.com/zh/guan-yu-wo-men","200
200
200
200
200
200
200
200
200
200
200
200
200
200
200
200
200
200
200
200
200
200
200
200
200
200
200
200
200
200
200",Some pages don't include hreflang links to all the other pages of the group,1484275197122503531,28,91
21,https://createmy-qr.com/th/noybaaykhwaamepnswntaw,"เครื่องมือสร้างคิวอาร์โค้ดออนไลน์ฟรี - CreateMy-QR (No Signup) | นโยบายความเป็นส่วนตัว
types.privacy เครื่องสร้างโค้ด QR - ฟรีและกำหนดเอง | CreateMy-QR
นโยบายความเป็นส่วนตัว | CreateMy-QR",text/html; charset=utf-8,false,200,0,true,"https://createmy-qr.com/ar/sys-lkhswsy
https://createmy-qr.com/bn/gopniiy-taa-niiti
https://createmy-qr.com/cs/zasady-ochrany-osobnich-udaju
https://createmy-qr.com/da/privatlivspolitik
https://createmy-qr.com/de/datenschutzrichtlinie
https://createmy-qr.com/el/politiki-aporritoy
https://createmy-qr.com/es/politica-de-privacidad
https://createmy-qr.com/fi/tietosuojakaytanto
https://createmy-qr.com/fr/politique-de-confidentialite
https://createmy-qr.com/hi/gopniiytaa-niiti
https://createmy-qr.com/hu/adatvedelmi-szabalyzat
https://createmy-qr.com/id/kebijakan-privasi
https://createmy-qr.com/it/informativa-sulla-privacy
https://createmy-qr.com/ja/puraibasi-porisi
https://createmy-qr.com/ko/gaein-jeongbo-boho-jeongcaeg
https://createmy-qr.com/ms/dasar-privasi
https://createmy-qr.com/nl/privacybeleid
https://createmy-qr.com/no/personvernerklaering
https://createmy-qr.com/pl/polityka-prywatnosci
https://createmy-qr.com/privacy
https://createmy-qr.com/privacy
https://createmy-qr.com/pt/politica-de-privacidade
https://createmy-qr.com/ro/politica-de-confidentialitate
https://createmy-qr.com/ru/politika-konfidencialnosti
https://createmy-qr.com/sv/sekretesspolicy
https://createmy-qr.com/th/noybaaykhwaamepnswntaw
https://createmy-qr.com/tl/patakaran-sa-privacy
https://createmy-qr.com/tr/gizlilik-politikasi
https://createmy-qr.com/uk/politika-konfidenciynosti
https://createmy-qr.com/vi/chinh-sach-bao-mat
https://createmy-qr.com/zh/yin-si-zheng-ce","200
200
200
200
200
200
200
200
200
200
200
200
200
200
200
200
200
200
200
200
200
200
200
200
200
200
200
200
200
200
200",Some pages don't include hreflang links to all the other pages of the group,11074429451265500583,28,91
21,https://createmy-qr.com/pt/gerador-de-codigo-qr-gratis-online-2,"Scanner de código QR gratuito online - Digitalize QR instantaneamente
Gerador de código QR types.scanqr - gratuito e personalizado | CreateMy-QR
scanqr - Gerador de Código QR Grátis Online - CreateMy-QR",text/html; charset=utf-8,false,200,0,true,"https://createmy-qr.com/ar/mwld-rmz-lstjb-lsryaa-mjny-2
https://createmy-qr.com/bn/phri-anlaain-kiuaar-kodd-jenaarettr-2
https://createmy-qr.com/cs/zdarma-online-generator-qr-kodu-2
https://createmy-qr.com/da/gratis-qr-kode-generator-online-2
https://createmy-qr.com/de/kostenloser-qr-code-generator-online-2
https://createmy-qr.com/el/dorean-dimioyrgia-qr-code-online-2
https://createmy-qr.com/es/generador-de-codigos-qr-gratis-online-2
https://createmy-qr.com/fi/ilmainen-qr-koodigeneraattori-netissa-2
https://createmy-qr.com/fr/generateur-de-code-qr-gratuit-en-ligne-2
https://createmy-qr.com/hi/muph-t-onnlaain-kyuuaar-kodd-jnrettr-2
https://createmy-qr.com/hu/ingyenes-online-qr-kod-generator-2
https://createmy-qr.com/id/generator-qr-code-gratis-online-2
https://createmy-qr.com/it/generatore-di-codici-qr-gratis-online-2
https://createmy-qr.com/ja/wu-liao-qrkodozuo-cheng-zienereta-2
https://createmy-qr.com/ko/muryo-onrain-qr-kodeu-saengseonggi-2
https://createmy-qr.com/ms/penjana-kod-qr-percuma-dalam-talian-2
https://createmy-qr.com/nl/gratis-qr-code-generator-online-2
https://createmy-qr.com/no/gratis-qr-kode-generator-online-2
https://createmy-qr.com/pl/darmowy-generator-kodow-qr-online-2
https://createmy-qr.com/pt/gerador-de-codigo-qr-gratis-online-2
https://createmy-qr.com/ro/generator-de-coduri-qr-gratuit-online-2
https://createmy-qr.com/ru/besplatnyy-generator-qr-kodov-onlayn-2
https://createmy-qr.com/scan-qr
https://createmy-qr.com/scan-qr
https://createmy-qr.com/sv/gratis-qr-kod-generator-online-2
https://createmy-qr.com/th/ekhruue-ngmuue-sraangkhiw-aarokhd-nailnfrii-2
https://createmy-qr.com/tl/libreng-online-qr-code-generator-2
https://createmy-qr.com/tr/ucretsiz-cevrimici-qr-kod-olusturucu-2
https://createmy-qr.com/uk/bezkoshtovniy-generator-qr-kodiv-onlayn-2
https://createmy-qr.com/vi/tao-ma-qr-mien-phi-truc-tuyen-2
https://createmy-qr.com/zh/mian-fei-zai-xian-er-wei-ma-sheng-cheng-qi-2","200
200
200
200
200
200
200
200
200
200
200
200
200
200
200
200
200
200
200
200
200
200
200
200
200
200
200
200
200
200
200",Some pages don't include hreflang links to all the other pages of the group,5057633309447319644,28,91
21,https://createmy-qr.com/zh/mian-fei-zai-xian-er-wei-ma-sheng-cheng-qi,"免费在线条码生成器 - 创建一维条码
types.barcode QR 代码生成器 - 免费和自定义 | CreateMy-QR
barcode - 免费在线二维码生成器 - CreateMy-QR",text/html; charset=utf-8,false,200,0,true,"https://createmy-qr.com/ar/mwld-rmz-lstjb-lsryaa-mjny
https://createmy-qr.com/barcode-generator
https://createmy-qr.com/barcode-generator
https://createmy-qr.com/bn/phri-anlaain-kiuaar-kodd-jenaarettr
https://createmy-qr.com/cs/zdarma-online-generator-qr-kodu
https://createmy-qr.com/da/gratis-qr-kode-generator-online
https://createmy-qr.com/de/kostenloser-qr-code-generator-online
https://createmy-qr.com/el/dorean-dimioyrgia-qr-code-online
https://createmy-qr.com/es/generador-de-codigos-qr-gratis-online
https://createmy-qr.com/fi/ilmainen-qr-koodigeneraattori-netissa
https://createmy-qr.com/fr/generateur-de-code-qr-gratuit-en-ligne
https://createmy-qr.com/hi/muph-t-onnlaain-kyuuaar-kodd-jnrettr
https://createmy-qr.com/hu/ingyenes-online-qr-kod-generator
https://createmy-qr.com/id/generator-qr-code-gratis-online
https://createmy-qr.com/it/generatore-di-codici-qr-gratis-online
https://createmy-qr.com/ja/wu-liao-qrkodozuo-cheng-zienereta
https://createmy-qr.com/ko/muryo-onrain-qr-kodeu-saengseonggi
https://createmy-qr.com/ms/penjana-kod-qr-percuma-dalam-talian
https://createmy-qr.com/nl/gratis-qr-code-generator-online
https://createmy-qr.com/no/gratis-qr-kode-generator-online
https://createmy-qr.com/pl/darmowy-generator-kodow-qr-online
https://createmy-qr.com/pt/gerador-de-codigo-qr-gratis-online
https://createmy-qr.com/ro/generator-de-coduri-qr-gratuit-online
https://createmy-qr.com/ru/besplatnyy-generator-qr-kodov-onlayn
https://createmy-qr.com/sv/gratis-qr-kod-generator-online
https://createmy-qr.com/th/ekhruue-ngmuue-sraangkhiw-aarokhd-nailnfrii
https://createmy-qr.com/tl/libreng-online-qr-code-generator
https://createmy-qr.com/tr/ucretsiz-cevrimici-qr-kod-olusturucu
https://createmy-qr.com/uk/bezkoshtovniy-generator-qr-kodiv-onlayn
https://createmy-qr.com/vi/tao-ma-qr-mien-phi-truc-tuyen
https://createmy-qr.com/zh/mian-fei-zai-xian-er-wei-ma-sheng-cheng-qi","200
200
200
200
200
200
200
200
200
200
200
200
200
200
200
200
200
200
200
200
200
200
200
200
200
200
200
200
200
200
200",Some pages don't include hreflang links to all the other pages of the group,8617637658849271563,28,91
21,https://createmy-qr.com/el/dorean-dimioyrgia-qr-code-online,"Δωρεάν Online Generator Barcode - Δημιουργήστε γραμμωτούς κώδικες 1D
types.barcode QR Code Generator - Δωρεάν & Προσαρμοσμένο | CreateMy-QR
barcode - Δωρεάν Δημιουργία QR Code Online - CreateMy-QR",text/html; charset=utf-8,false,200,0,true,"https://createmy-qr.com/ar/mwld-rmz-lstjb-lsryaa-mjny
https://createmy-qr.com/barcode-generator
https://createmy-qr.com/barcode-generator
https://createmy-qr.com/bn/phri-anlaain-kiuaar-kodd-jenaarettr
https://createmy-qr.com/cs/zdarma-online-generator-qr-kodu
https://createmy-qr.com/da/gratis-qr-kode-generator-online
https://createmy-qr.com/de/kostenloser-qr-code-generator-online
https://createmy-qr.com/el/dorean-dimioyrgia-qr-code-online
https://createmy-qr.com/es/generador-de-codigos-qr-gratis-online
https://createmy-qr.com/fi/ilmainen-qr-koodigeneraattori-netissa
https://createmy-qr.com/fr/generateur-de-code-qr-gratuit-en-ligne
https://createmy-qr.com/hi/muph-t-onnlaain-kyuuaar-kodd-jnrettr
https://createmy-qr.com/hu/ingyenes-online-qr-kod-generator
https://createmy-qr.com/id/generator-qr-code-gratis-online
https://createmy-qr.com/it/generatore-di-codici-qr-gratis-online
https://createmy-qr.com/ja/wu-liao-qrkodozuo-cheng-zienereta
https://createmy-qr.com/ko/muryo-onrain-qr-kodeu-saengseonggi
https://createmy-qr.com/ms/penjana-kod-qr-percuma-dalam-talian
https://createmy-qr.com/nl/gratis-qr-code-generator-online
https://createmy-qr.com/no/gratis-qr-kode-generator-online
https://createmy-qr.com/pl/darmowy-generator-kodow-qr-online
https://createmy-qr.com/pt/gerador-de-codigo-qr-gratis-online
https://createmy-qr.com/ro/generator-de-coduri-qr-gratuit-online
https://createmy-qr.com/ru/besplatnyy-generator-qr-kodov-onlayn
https://createmy-qr.com/sv/gratis-qr-kod-generator-online
https://createmy-qr.com/th/ekhruue-ngmuue-sraangkhiw-aarokhd-nailnfrii
https://createmy-qr.com/tl/libreng-online-qr-code-generator
https://createmy-qr.com/tr/ucretsiz-cevrimici-qr-kod-olusturucu
https://createmy-qr.com/uk/bezkoshtovniy-generator-qr-kodiv-onlayn
https://createmy-qr.com/vi/tao-ma-qr-mien-phi-truc-tuyen
https://createmy-qr.com/zh/mian-fei-zai-xian-er-wei-ma-sheng-cheng-qi","200
200
200
200
200
200
200
200
200
200
200
200
200
200
200
200
200
200
200
200
200
200
200
200
200
200
200
200
200
200
200",Some pages don't include hreflang links to all the other pages of the group,8617637658849271563,28,91
21,https://createmy-qr.com/sv/jamfor-verktyg,"Gratis QR-kod Generator Online - CreateMy-QR (No Signup) | Jämför verktyg
types.compare QR Code Generator - Gratis & anpassad | CreateMy-QR
Jämför verktyg | CreateMy-QR",text/html; charset=utf-8,false,200,0,true,"https://createmy-qr.com/ar/dwt-lmqrn
https://createmy-qr.com/bn/ttul-tulnaa-krun
https://createmy-qr.com/compare
https://createmy-qr.com/compare
https://createmy-qr.com/cs/nastroje-pro-porovnani
https://createmy-qr.com/da/sammenlign-vaerktojer
https://createmy-qr.com/de/tools-vergleichen
https://createmy-qr.com/el/ergaleia-sygkrisis
https://createmy-qr.com/es/comparar-herramientas
https://createmy-qr.com/fi/vertaa-tyokaluja
https://createmy-qr.com/fr/comparer-les-outils
https://createmy-qr.com/hi/ttuuls-kii-tulnaa-kren
https://createmy-qr.com/hu/eszkozok-osszehasonlitasa
https://createmy-qr.com/id/bandingkan-alat
https://createmy-qr.com/it/confronta-strumenti
https://createmy-qr.com/ja/bi-jiao-turu
https://createmy-qr.com/ko/dogu-bigyo
https://createmy-qr.com/ms/bandingkan-alat
https://createmy-qr.com/nl/hulpmiddelen-vergelijken
https://createmy-qr.com/no/sammenlign-verktoy
https://createmy-qr.com/pl/porownaj-narzedzia
https://createmy-qr.com/pt/comparar-ferramentas
https://createmy-qr.com/ro/instrumente-de-comparare
https://createmy-qr.com/ru/sravnit-instrumenty
https://createmy-qr.com/sv/jamfor-verktyg
https://createmy-qr.com/th/epriiybethiiybekhruue-ngmuue
https://createmy-qr.com/tl/paghambingin-ang-mga-tool
https://createmy-qr.com/tr/araclari-karsilastir
https://createmy-qr.com/uk/instrumenti-porivnyannya
https://createmy-qr.com/vi/cong-cu-so-sanh
https://createmy-qr.com/zh/bi-jiao-gong-ju","200
200
200
200
200
200
200
200
200
200
200
200
200
200
200
200
200
200
200
200
200
200
200
200
200
200
200
200
200
200
200",Some pages don't include hreflang links to all the other pages of the group,625790584758697065,28,91
21,https://createmy-qr.com/el/oroi-parohis-ypiresion,"Δωρεάν Δημιουργία QR Code Online - CreateMy-QR (No Signup) | Όροι Παροχής Υπηρεσιών
types.terms QR Code Generator - Δωρεάν & Προσαρμοσμένο | CreateMy-QR
Όροι Παροχής Υπηρεσιών | CreateMy-QR",text/html; charset=utf-8,false,200,0,true,"https://createmy-qr.com/ar/shrwt-lkhdm
https://createmy-qr.com/bn/prissebaar-shrtaablii
https://createmy-qr.com/cs/podminky-sluzby
https://createmy-qr.com/da/servicevilkar
https://createmy-qr.com/de/nutzungsbedingungen
https://createmy-qr.com/el/oroi-parohis-ypiresion
https://createmy-qr.com/es/terminos-de-servicio
https://createmy-qr.com/fi/palveluehdot
https://createmy-qr.com/fr/conditions-d-utilisation
https://createmy-qr.com/hi/sevaa-kii-shrten
https://createmy-qr.com/hu/szolgaltatasi-feltetelek
https://createmy-qr.com/id/ketentuan-layanan
https://createmy-qr.com/it/termini-di-servizio
https://createmy-qr.com/ja/li-yong-gui-yue
https://createmy-qr.com/ko/seobiseu-yaggwan
https://createmy-qr.com/ms/syarat-perkhidmatan
https://createmy-qr.com/nl/servicevoorwaarden
https://createmy-qr.com/no/vilkar-for-bruk
https://createmy-qr.com/pl/warunki-swiadczenia-uslug
https://createmy-qr.com/pt/termos-de-servico
https://createmy-qr.com/ro/termeni-si-conditii
https://createmy-qr.com/ru/usloviya-obsluzhivaniya
https://createmy-qr.com/sv/anvandarvillkor
https://createmy-qr.com/terms
https://createmy-qr.com/terms
https://createmy-qr.com/th/kh-kamhndainkaaraihbrikaar
https://createmy-qr.com/tl/mga-tuntunin-ng-serbisyo
https://createmy-qr.com/tr/hizmet-sartlari
https://createmy-qr.com/uk/umovi-nadannya-poslug
https://createmy-qr.com/vi/dieu-khoan-dich-vu
https://createmy-qr.com/zh/fu-wu-tiao-kuan","200
200
200
200
200
200
200
200
200
200
200
200
200
200
200
200
200
200
200
200
200
200
200
200
200
200
200
200
200
200
200",Some pages don't include hreflang links to all the other pages of the group,11872068519236183580,28,91
21,https://createmy-qr.com/th/ekhruue-ngmuue-sraangkhiw-aarokhd-nailnfrii,"เครื่องสร้างบาร์โค้ดออนไลน์ฟรี - สร้างบาร์โค้ด 1D
types.barcode เครื่องสร้างโค้ด QR - ฟรีและกำหนดเอง | CreateMy-QR
barcode - เครื่องมือสร้างคิวอาร์โค้ดออนไลน์ฟรี - CreateMy-QR",text/html; charset=utf-8,false,200,0,true,"https://createmy-qr.com/ar/mwld-rmz-lstjb-lsryaa-mjny
https://createmy-qr.com/barcode-generator
https://createmy-qr.com/barcode-generator
https://createmy-qr.com/bn/phri-anlaain-kiuaar-kodd-jenaarettr
https://createmy-qr.com/cs/zdarma-online-generator-qr-kodu
https://createmy-qr.com/da/gratis-qr-kode-generator-online
https://createmy-qr.com/de/kostenloser-qr-code-generator-online
https://createmy-qr.com/el/dorean-dimioyrgia-qr-code-online
https://createmy-qr.com/es/generador-de-codigos-qr-gratis-online
https://createmy-qr.com/fi/ilmainen-qr-koodigeneraattori-netissa
https://createmy-qr.com/fr/generateur-de-code-qr-gratuit-en-ligne
https://createmy-qr.com/hi/muph-t-onnlaain-kyuuaar-kodd-jnrettr
https://createmy-qr.com/hu/ingyenes-online-qr-kod-generator
https://createmy-qr.com/id/generator-qr-code-gratis-online
https://createmy-qr.com/it/generatore-di-codici-qr-gratis-online
https://createmy-qr.com/ja/wu-liao-qrkodozuo-cheng-zienereta
https://createmy-qr.com/ko/muryo-onrain-qr-kodeu-saengseonggi
https://createmy-qr.com/ms/penjana-kod-qr-percuma-dalam-talian
https://createmy-qr.com/nl/gratis-qr-code-generator-online
https://createmy-qr.com/no/gratis-qr-kode-generator-online
https://createmy-qr.com/pl/darmowy-generator-kodow-qr-online
https://createmy-qr.com/pt/gerador-de-codigo-qr-gratis-online
https://createmy-qr.com/ro/generator-de-coduri-qr-gratuit-online
https://createmy-qr.com/ru/besplatnyy-generator-qr-kodov-onlayn
https://createmy-qr.com/sv/gratis-qr-kod-generator-online
https://createmy-qr.com/th/ekhruue-ngmuue-sraangkhiw-aarokhd-nailnfrii
https://createmy-qr.com/tl/libreng-online-qr-code-generator
https://createmy-qr.com/tr/ucretsiz-cevrimici-qr-kod-olusturucu
https://createmy-qr.com/uk/bezkoshtovniy-generator-qr-kodiv-onlayn
https://createmy-qr.com/vi/tao-ma-qr-mien-phi-truc-tuyen
https://createmy-qr.com/zh/mian-fei-zai-xian-er-wei-ma-sheng-cheng-qi","200
200
200
200
200
200
200
200
200
200
200
200
200
200
200
200
200
200
200
200
200
200
200
200
200
200
200
200
200
200
200",Some pages don't include hreflang links to all the other pages of the group,8617637658849271563,28,91
21,https://createmy-qr.com/tl/patakaran-sa-privacy,"Libreng Online QR Code Generator - CreateMy-QR (No Signup) | Patakaran sa Privacy
types.privacy QR Code Generator - Libre at Custom | CreateMy-QR
Patakaran sa Privacy | CreateMy-QR",text/html; charset=utf-8,false,200,0,true,"https://createmy-qr.com/ar/sys-lkhswsy
https://createmy-qr.com/bn/gopniiy-taa-niiti
https://createmy-qr.com/cs/zasady-ochrany-osobnich-udaju
https://createmy-qr.com/da/privatlivspolitik
https://createmy-qr.com/de/datenschutzrichtlinie
https://createmy-qr.com/el/politiki-aporritoy
https://createmy-qr.com/es/politica-de-privacidad
https://createmy-qr.com/fi/tietosuojakaytanto
https://createmy-qr.com/fr/politique-de-confidentialite
https://createmy-qr.com/hi/gopniiytaa-niiti
https://createmy-qr.com/hu/adatvedelmi-szabalyzat
https://createmy-qr.com/id/kebijakan-privasi
https://createmy-qr.com/it/informativa-sulla-privacy
https://createmy-qr.com/ja/puraibasi-porisi
https://createmy-qr.com/ko/gaein-jeongbo-boho-jeongcaeg
https://createmy-qr.com/ms/dasar-privasi
https://createmy-qr.com/nl/privacybeleid
https://createmy-qr.com/no/personvernerklaering
https://createmy-qr.com/pl/polityka-prywatnosci
https://createmy-qr.com/privacy
https://createmy-qr.com/privacy
https://createmy-qr.com/pt/politica-de-privacidade
https://createmy-qr.com/ro/politica-de-confidentialitate
https://createmy-qr.com/ru/politika-konfidencialnosti
https://createmy-qr.com/sv/sekretesspolicy
https://createmy-qr.com/th/noybaaykhwaamepnswntaw
https://createmy-qr.com/tl/patakaran-sa-privacy
https://createmy-qr.com/tr/gizlilik-politikasi
https://createmy-qr.com/uk/politika-konfidenciynosti
https://createmy-qr.com/vi/chinh-sach-bao-mat
https://createmy-qr.com/zh/yin-si-zheng-ce","200
200
200
200
200
200
200
200
200
200
200
200
200
200
200
200
200
200
200
200
200
200
200
200
200
200
200
200
200
200
200",Some pages don't include hreflang links to all the other pages of the group,11074429451265500583,28,91
21,https://createmy-qr.com/ru/besplatnyy-generator-qr-kodov-onlayn,"Бесплатный онлайн-генератор штрих-кодов — создание 1D-штрих-кодов
types.barcode Генератор QR-кодов — бесплатный и настраиваемый | CreateMy-QR
barcode - Бесплатный генератор QR-кодов онлайн - CreateMy-QR",text/html; charset=utf-8,false,200,0,true,"https://createmy-qr.com/ar/mwld-rmz-lstjb-lsryaa-mjny
https://createmy-qr.com/barcode-generator
https://createmy-qr.com/barcode-generator
https://createmy-qr.com/bn/phri-anlaain-kiuaar-kodd-jenaarettr
https://createmy-qr.com/cs/zdarma-online-generator-qr-kodu
https://createmy-qr.com/da/gratis-qr-kode-generator-online
https://createmy-qr.com/de/kostenloser-qr-code-generator-online
https://createmy-qr.com/el/dorean-dimioyrgia-qr-code-online
https://createmy-qr.com/es/generador-de-codigos-qr-gratis-online
https://createmy-qr.com/fi/ilmainen-qr-koodigeneraattori-netissa
https://createmy-qr.com/fr/generateur-de-code-qr-gratuit-en-ligne
https://createmy-qr.com/hi/muph-t-onnlaain-kyuuaar-kodd-jnrettr
https://createmy-qr.com/hu/ingyenes-online-qr-kod-generator
https://createmy-qr.com/id/generator-qr-code-gratis-online
https://createmy-qr.com/it/generatore-di-codici-qr-gratis-online
https://createmy-qr.com/ja/wu-liao-qrkodozuo-cheng-zienereta
https://createmy-qr.com/ko/muryo-onrain-qr-kodeu-saengseonggi
https://createmy-qr.com/ms/penjana-kod-qr-percuma-dalam-talian
https://createmy-qr.com/nl/gratis-qr-code-generator-online
https://createmy-qr.com/no/gratis-qr-kode-generator-online
https://createmy-qr.com/pl/darmowy-generator-kodow-qr-online
https://createmy-qr.com/pt/gerador-de-codigo-qr-gratis-online
https://createmy-qr.com/ro/generator-de-coduri-qr-gratuit-online
https://createmy-qr.com/ru/besplatnyy-generator-qr-kodov-onlayn
https://createmy-qr.com/sv/gratis-qr-kod-generator-online
https://createmy-qr.com/th/ekhruue-ngmuue-sraangkhiw-aarokhd-nailnfrii
https://createmy-qr.com/tl/libreng-online-qr-code-generator
https://createmy-qr.com/tr/ucretsiz-cevrimici-qr-kod-olusturucu
https://createmy-qr.com/uk/bezkoshtovniy-generator-qr-kodiv-onlayn
https://createmy-qr.com/vi/tao-ma-qr-mien-phi-truc-tuyen
https://createmy-qr.com/zh/mian-fei-zai-xian-er-wei-ma-sheng-cheng-qi","200
200
200
200
200
200
200
200
200
200
200
200
200
200
200
200
200
200
200
200
200
200
200
200
200
200
200
200
200
200
200",Some pages don't include hreflang links to all the other pages of the group,8617637658849271563,28,91
21,https://createmy-qr.com/nl/hulpmiddelen-vergelijken,"Gratis QR Code Generator Online - CreateMy-QR (No Signup) | Hulpmiddelen vergelijken
types.compare QR-codegenerator - gratis en aangepast | CreateMy-QR
Hulpmiddelen vergelijken | CreateMy-QR",text/html; charset=utf-8,false,200,0,true,"https://createmy-qr.com/ar/dwt-lmqrn
https://createmy-qr.com/bn/ttul-tulnaa-krun
https://createmy-qr.com/compare
https://createmy-qr.com/compare
https://createmy-qr.com/cs/nastroje-pro-porovnani
https://createmy-qr.com/da/sammenlign-vaerktojer
https://createmy-qr.com/de/tools-vergleichen
https://createmy-qr.com/el/ergaleia-sygkrisis
https://createmy-qr.com/es/comparar-herramientas
https://createmy-qr.com/fi/vertaa-tyokaluja
https://createmy-qr.com/fr/comparer-les-outils
https://createmy-qr.com/hi/ttuuls-kii-tulnaa-kren
https://createmy-qr.com/hu/eszkozok-osszehasonlitasa
https://createmy-qr.com/id/bandingkan-alat
https://createmy-qr.com/it/confronta-strumenti
https://createmy-qr.com/ja/bi-jiao-turu
https://createmy-qr.com/ko/dogu-bigyo
https://createmy-qr.com/ms/bandingkan-alat
https://createmy-qr.com/nl/hulpmiddelen-vergelijken
https://createmy-qr.com/no/sammenlign-verktoy
https://createmy-qr.com/pl/porownaj-narzedzia
https://createmy-qr.com/pt/comparar-ferramentas
https://createmy-qr.com/ro/instrumente-de-comparare
https://createmy-qr.com/ru/sravnit-instrumenty
https://createmy-qr.com/sv/jamfor-verktyg
https://createmy-qr.com/th/epriiybethiiybekhruue-ngmuue
https://createmy-qr.com/tl/paghambingin-ang-mga-tool
https://createmy-qr.com/tr/araclari-karsilastir
https://createmy-qr.com/uk/instrumenti-porivnyannya
https://createmy-qr.com/vi/cong-cu-so-sanh
https://createmy-qr.com/zh/bi-jiao-gong-ju","200
200
200
200
200
200
200
200
200
200
200
200
200
200
200
200
200
200
200
200
200
200
200
200
200
200
200
200
200
200
200",Some pages don't include hreflang links to all the other pages of the group,625790584758697065,28,91
21,https://createmy-qr.com/ru/usloviya-obsluzhivaniya,"Бесплатный генератор QR-кодов онлайн - CreateMy-QR (No Signup) | Условия обслуживания
types.terms Генератор QR-кодов — бесплатный и настраиваемый | CreateMy-QR
Условия обслуживания | CreateMy-QR",text/html; charset=utf-8,false,200,0,true,"https://createmy-qr.com/ar/shrwt-lkhdm
https://createmy-qr.com/bn/prissebaar-shrtaablii
https://createmy-qr.com/cs/podminky-sluzby
https://createmy-qr.com/da/servicevilkar
https://createmy-qr.com/de/nutzungsbedingungen
https://createmy-qr.com/el/oroi-parohis-ypiresion
https://createmy-qr.com/es/terminos-de-servicio
https://createmy-qr.com/fi/palveluehdot
https://createmy-qr.com/fr/conditions-d-utilisation
https://createmy-qr.com/hi/sevaa-kii-shrten
https://createmy-qr.com/hu/szolgaltatasi-feltetelek
https://createmy-qr.com/id/ketentuan-layanan
https://createmy-qr.com/it/termini-di-servizio
https://createmy-qr.com/ja/li-yong-gui-yue
https://createmy-qr.com/ko/seobiseu-yaggwan
https://createmy-qr.com/ms/syarat-perkhidmatan
https://createmy-qr.com/nl/servicevoorwaarden
https://createmy-qr.com/no/vilkar-for-bruk
https://createmy-qr.com/pl/warunki-swiadczenia-uslug
https://createmy-qr.com/pt/termos-de-servico
https://createmy-qr.com/ro/termeni-si-conditii
https://createmy-qr.com/ru/usloviya-obsluzhivaniya
https://createmy-qr.com/sv/anvandarvillkor
https://createmy-qr.com/terms
https://createmy-qr.com/terms
https://createmy-qr.com/th/kh-kamhndainkaaraihbrikaar
https://createmy-qr.com/tl/mga-tuntunin-ng-serbisyo
https://createmy-qr.com/tr/hizmet-sartlari
https://createmy-qr.com/uk/umovi-nadannya-poslug
https://createmy-qr.com/vi/dieu-khoan-dich-vu
https://createmy-qr.com/zh/fu-wu-tiao-kuan","200
200
200
200
200
200
200
200
200
200
200
200
200
200
200
200
200
200
200
200
200
200
200
200
200
200
200
200
200
200
200",Some pages don't include hreflang links to all the other pages of the group,11872068519236183580,28,91
21,https://createmy-qr.com/fi/palveluehdot,"Ilmainen QR-koodigeneraattori Netissä - CreateMy-QR (No Signup) | Palveluehdot
types.terms QR-koodigeneraattori - ilmainen ja räätälöity | CreateMy-QR
Palveluehdot | CreateMy-QR",text/html; charset=utf-8,false,200,0,true,"https://createmy-qr.com/ar/shrwt-lkhdm
https://createmy-qr.com/bn/prissebaar-shrtaablii
https://createmy-qr.com/cs/podminky-sluzby
https://createmy-qr.com/da/servicevilkar
https://createmy-qr.com/de/nutzungsbedingungen
https://createmy-qr.com/el/oroi-parohis-ypiresion
https://createmy-qr.com/es/terminos-de-servicio
https://createmy-qr.com/fi/palveluehdot
https://createmy-qr.com/fr/conditions-d-utilisation
https://createmy-qr.com/hi/sevaa-kii-shrten
https://createmy-qr.com/hu/szolgaltatasi-feltetelek
https://createmy-qr.com/id/ketentuan-layanan
https://createmy-qr.com/it/termini-di-servizio
https://createmy-qr.com/ja/li-yong-gui-yue
https://createmy-qr.com/ko/seobiseu-yaggwan
https://createmy-qr.com/ms/syarat-perkhidmatan
https://createmy-qr.com/nl/servicevoorwaarden
https://createmy-qr.com/no/vilkar-for-bruk
https://createmy-qr.com/pl/warunki-swiadczenia-uslug
https://createmy-qr.com/pt/termos-de-servico
https://createmy-qr.com/ro/termeni-si-conditii
https://createmy-qr.com/ru/usloviya-obsluzhivaniya
https://createmy-qr.com/sv/anvandarvillkor
https://createmy-qr.com/terms
https://createmy-qr.com/terms
https://createmy-qr.com/th/kh-kamhndainkaaraihbrikaar
https://createmy-qr.com/tl/mga-tuntunin-ng-serbisyo
https://createmy-qr.com/tr/hizmet-sartlari
https://createmy-qr.com/uk/umovi-nadannya-poslug
https://createmy-qr.com/vi/dieu-khoan-dich-vu
https://createmy-qr.com/zh/fu-wu-tiao-kuan","200
200
200
200
200
200
200
200
200
200
200
200
200
200
200
200
200
200
200
200
200
200
200
200
200
200
200
200
200
200
200",Some pages don't include hreflang links to all the other pages of the group,11872068519236183580,28,91
21,https://createmy-qr.com/hu/ingyenes-online-qr-kod-generator-3,"Free Barcode Scanner Online - Scan UPC & EAN
Barcode Scanner QR-kód generátor - ingyenes és egyedi | CreateMy-QR
scanbarcode - Ingyenes Online QR-kód Generátor - CreateMy-QR",text/html; charset=utf-8,false,200,0,true,"https://createmy-qr.com/ar/msh-lbrkwd-mwld-rmz-lstjb-lsryaa-mjny
https://createmy-qr.com/bn/baarkodd-skyaanaar-phri-anlaain-kiuaar-kodd-jenaarettr
https://createmy-qr.com/cs/skener-carovych-kodu-zdarma-online-generator-qr-kodu
https://createmy-qr.com/da/stregkodescanner-gratis-qr-kode-generator-online
https://createmy-qr.com/de/barcode-scanner-kostenloser-qr-code-generator-online
https://createmy-qr.com/el/barcode-scanner-dorean-dimioyrgia-qr-code-online
https://createmy-qr.com/es/escaner-de-codigo-de-barras-generador-de-codigos-qr-gratis-online
https://createmy-qr.com/fi/viivakoodinlukija-ilmainen-qr-koodigeneraattori-netissa
https://createmy-qr.com/fr/lecteur-de-codes-a-barres-generateur-de-code-qr-gratuit-en-ligne
https://createmy-qr.com/hi/baarkodd-skainr-muph-t-onnlaain-kyuuaar-kodd-jnrettr
https://createmy-qr.com/hu/ingyenes-online-qr-kod-generator-3
https://createmy-qr.com/id/pemindai-kode-batang-generator-qr-code-gratis-online
https://createmy-qr.com/it/lettore-di-codici-a-barre-generatore-di-codici-qr-gratis-online
https://createmy-qr.com/ja/bakodosukiyana-wu-liao-qrkodozuo-cheng-zienereta
https://createmy-qr.com/ko/bakodeu-seukaeneo-muryo-onrain-qr-kodeu-saengseonggi
https://createmy-qr.com/ms/pengimbas-kod-bar-penjana-kod-qr-percuma-dalam-talian
https://createmy-qr.com/nl/barcodescanner-gratis-qr-code-generator-online
https://createmy-qr.com/no/strekkodeskanner-gratis-qr-kode-generator-online
https://createmy-qr.com/pl/skaner-kodow-kreskowych-darmowy-generator-kodow-qr-online
https://createmy-qr.com/pt/leitor-de-codigo-de-barras-gerador-de-codigo-qr-gratis-online
https://createmy-qr.com/ro/generator-de-coduri-qr-gratuit-online-3
https://createmy-qr.com/ru/skaner-shtrih-koda-besplatnyy-generator-qr-kodov-onlayn
https://createmy-qr.com/scan-barcode
https://createmy-qr.com/scan-barcode
https://createmy-qr.com/sv/streckkodslasare-gratis-qr-kod-generator-online
https://createmy-qr.com/th/ekhruue-ngsaeknbaarokhd-ekhruue-ngmuue-sraangkhiw-aarokhd-nailnfrii
https://createmy-qr.com/tl/barcode-scanner-libreng-online-qr-code-generator
https://createmy-qr.com/tr/barkod-tarayici-ucretsiz-cevrimici-qr-kod-olusturucu
https://createmy-qr.com/uk/skaner-shtrih-kodiv-bezkoshtovniy-generator-qr-kodiv-onlayn
https://createmy-qr.com/vi/may-quet-ma-vach-tao-ma-qr-mien-phi-truc-tuyen
https://createmy-qr.com/zh/tiao-ma-sao-miao-yi-mian-fei-zai-xian-er-wei-ma-sheng-cheng-qi","200
200
200
200
200
200
200
200
200
200
200
200
200
200
200
200
200
200
200
200
200
200
200
200
200
200
200
200
200
200
200",Some pages don't include hreflang links to all the other pages of the group,14730038909064693129,28,91
21,https://createmy-qr.com/id/generator-qr-code-gratis-online,"Generator Barcode Online Gratis - Membuat Barcode 1D
types.barcode Pembuat Kode QR - Gratis & Khusus | CreateMy-QR
barcode - Generator QR Code Gratis Online - CreateMy-QR",text/html; charset=utf-8,false,200,0,true,"https://createmy-qr.com/ar/mwld-rmz-lstjb-lsryaa-mjny
https://createmy-qr.com/barcode-generator
https://createmy-qr.com/barcode-generator
https://createmy-qr.com/bn/phri-anlaain-kiuaar-kodd-jenaarettr
https://createmy-qr.com/cs/zdarma-online-generator-qr-kodu
https://createmy-qr.com/da/gratis-qr-kode-generator-online
https://createmy-qr.com/de/kostenloser-qr-code-generator-online
https://createmy-qr.com/el/dorean-dimioyrgia-qr-code-online
https://createmy-qr.com/es/generador-de-codigos-qr-gratis-online
https://createmy-qr.com/fi/ilmainen-qr-koodigeneraattori-netissa
https://createmy-qr.com/fr/generateur-de-code-qr-gratuit-en-ligne
https://createmy-qr.com/hi/muph-t-onnlaain-kyuuaar-kodd-jnrettr
https://createmy-qr.com/hu/ingyenes-online-qr-kod-generator
https://createmy-qr.com/id/generator-qr-code-gratis-online
https://createmy-qr.com/it/generatore-di-codici-qr-gratis-online
https://createmy-qr.com/ja/wu-liao-qrkodozuo-cheng-zienereta
https://createmy-qr.com/ko/muryo-onrain-qr-kodeu-saengseonggi
https://createmy-qr.com/ms/penjana-kod-qr-percuma-dalam-talian
https://createmy-qr.com/nl/gratis-qr-code-generator-online
https://createmy-qr.com/no/gratis-qr-kode-generator-online
https://createmy-qr.com/pl/darmowy-generator-kodow-qr-online
https://createmy-qr.com/pt/gerador-de-codigo-qr-gratis-online
https://createmy-qr.com/ro/generator-de-coduri-qr-gratuit-online
https://createmy-qr.com/ru/besplatnyy-generator-qr-kodov-onlayn
https://createmy-qr.com/sv/gratis-qr-kod-generator-online
https://createmy-qr.com/th/ekhruue-ngmuue-sraangkhiw-aarokhd-nailnfrii
https://createmy-qr.com/tl/libreng-online-qr-code-generator
https://createmy-qr.com/tr/ucretsiz-cevrimici-qr-kod-olusturucu
https://createmy-qr.com/uk/bezkoshtovniy-generator-qr-kodiv-onlayn
https://createmy-qr.com/vi/tao-ma-qr-mien-phi-truc-tuyen
https://createmy-qr.com/zh/mian-fei-zai-xian-er-wei-ma-sheng-cheng-qi","200
200
200
200
200
200
200
200
200
200
200
200
200
200
200
200
200
200
200
200
200
200
200
200
200
200
200
200
200
200
200",Some pages don't include hreflang links to all the other pages of the group,8617637658849271563,28,91
21,https://createmy-qr.com/ru/besplatnyy-generator-qr-kodov-onlayn-2,"Бесплатный онлайн-сканер QR-кода — мгновенное сканирование QR-кода
types.scanqr Генератор QR-кодов — бесплатный и настраиваемый | CreateMy-QR
scanqr - Бесплатный генератор QR-кодов онлайн - CreateMy-QR",text/html; charset=utf-8,false,200,0,true,"https://createmy-qr.com/ar/mwld-rmz-lstjb-lsryaa-mjny-2
https://createmy-qr.com/bn/phri-anlaain-kiuaar-kodd-jenaarettr-2
https://createmy-qr.com/cs/zdarma-online-generator-qr-kodu-2
https://createmy-qr.com/da/gratis-qr-kode-generator-online-2
https://createmy-qr.com/de/kostenloser-qr-code-generator-online-2
https://createmy-qr.com/el/dorean-dimioyrgia-qr-code-online-2
https://createmy-qr.com/es/generador-de-codigos-qr-gratis-online-2
https://createmy-qr.com/fi/ilmainen-qr-koodigeneraattori-netissa-2
https://createmy-qr.com/fr/generateur-de-code-qr-gratuit-en-ligne-2
https://createmy-qr.com/hi/muph-t-onnlaain-kyuuaar-kodd-jnrettr-2
https://createmy-qr.com/hu/ingyenes-online-qr-kod-generator-2
https://createmy-qr.com/id/generator-qr-code-gratis-online-2
https://createmy-qr.com/it/generatore-di-codici-qr-gratis-online-2
https://createmy-qr.com/ja/wu-liao-qrkodozuo-cheng-zienereta-2
https://createmy-qr.com/ko/muryo-onrain-qr-kodeu-saengseonggi-2
https://createmy-qr.com/ms/penjana-kod-qr-percuma-dalam-talian-2
https://createmy-qr.com/nl/gratis-qr-code-generator-online-2
https://createmy-qr.com/no/gratis-qr-kode-generator-online-2
https://createmy-qr.com/pl/darmowy-generator-kodow-qr-online-2
https://createmy-qr.com/pt/gerador-de-codigo-qr-gratis-online-2
https://createmy-qr.com/ro/generator-de-coduri-qr-gratuit-online-2
https://createmy-qr.com/ru/besplatnyy-generator-qr-kodov-onlayn-2
https://createmy-qr.com/scan-qr
https://createmy-qr.com/scan-qr
https://createmy-qr.com/sv/gratis-qr-kod-generator-online-2
https://createmy-qr.com/th/ekhruue-ngmuue-sraangkhiw-aarokhd-nailnfrii-2
https://createmy-qr.com/tl/libreng-online-qr-code-generator-2
https://createmy-qr.com/tr/ucretsiz-cevrimici-qr-kod-olusturucu-2
https://createmy-qr.com/uk/bezkoshtovniy-generator-qr-kodiv-onlayn-2
https://createmy-qr.com/vi/tao-ma-qr-mien-phi-truc-tuyen-2
https://createmy-qr.com/zh/mian-fei-zai-xian-er-wei-ma-sheng-cheng-qi-2","200
200
200
200
200
200
200
200
200
200
200
200
200
200
200
200
200
200
200
200
200
200
200
200
200
200
200
200
200
200
200",Some pages don't include hreflang links to all the other pages of the group,5057633309447319644,28,91
21,https://createmy-qr.com/ms/penjana-kod-qr-percuma-dalam-talian,"Penjana Kod Bar Percuma Dalam Talian - Cipta Kod Bar 1D
Penjana Kod QR types.barcode - Percuma & Tersuai | CreateMy-QR
barcode - Penjana Kod QR Percuma Dalam Talian - CreateMy-QR",text/html; charset=utf-8,false,200,0,true,"https://createmy-qr.com/ar/mwld-rmz-lstjb-lsryaa-mjny
https://createmy-qr.com/barcode-generator
https://createmy-qr.com/barcode-generator
https://createmy-qr.com/bn/phri-anlaain-kiuaar-kodd-jenaarettr
https://createmy-qr.com/cs/zdarma-online-generator-qr-kodu
https://createmy-qr.com/da/gratis-qr-kode-generator-online
https://createmy-qr.com/de/kostenloser-qr-code-generator-online
https://createmy-qr.com/el/dorean-dimioyrgia-qr-code-online
https://createmy-qr.com/es/generador-de-codigos-qr-gratis-online
https://createmy-qr.com/fi/ilmainen-qr-koodigeneraattori-netissa
https://createmy-qr.com/fr/generateur-de-code-qr-gratuit-en-ligne
https://createmy-qr.com/hi/muph-t-onnlaain-kyuuaar-kodd-jnrettr
https://createmy-qr.com/hu/ingyenes-online-qr-kod-generator
https://createmy-qr.com/id/generator-qr-code-gratis-online
https://createmy-qr.com/it/generatore-di-codici-qr-gratis-online
https://createmy-qr.com/ja/wu-liao-qrkodozuo-cheng-zienereta
https://createmy-qr.com/ko/muryo-onrain-qr-kodeu-saengseonggi
https://createmy-qr.com/ms/penjana-kod-qr-percuma-dalam-talian
https://createmy-qr.com/nl/gratis-qr-code-generator-online
https://createmy-qr.com/no/gratis-qr-kode-generator-online
https://createmy-qr.com/pl/darmowy-generator-kodow-qr-online
https://createmy-qr.com/pt/gerador-de-codigo-qr-gratis-online
https://createmy-qr.com/ro/generator-de-coduri-qr-gratuit-online
https://createmy-qr.com/ru/besplatnyy-generator-qr-kodov-onlayn
https://createmy-qr.com/sv/gratis-qr-kod-generator-online
https://createmy-qr.com/th/ekhruue-ngmuue-sraangkhiw-aarokhd-nailnfrii
https://createmy-qr.com/tl/libreng-online-qr-code-generator
https://createmy-qr.com/tr/ucretsiz-cevrimici-qr-kod-olusturucu
https://createmy-qr.com/uk/bezkoshtovniy-generator-qr-kodiv-onlayn
https://createmy-qr.com/vi/tao-ma-qr-mien-phi-truc-tuyen
https://createmy-qr.com/zh/mian-fei-zai-xian-er-wei-ma-sheng-cheng-qi","200
200
200
200
200
200
200
200
200
200
200
200
200
200
200
200
200
200
200
200
200
200
200
200
200
200
200
200
200
200
200",Some pages don't include hreflang links to all the other pages of the group,8617637658849271563,28,91
21,https://createmy-qr.com/fr/generateur-de-code-qr-gratuit-en-ligne-2,"Scanner de code QR gratuit en ligne - Scannez le QR instantanément
Générateur de code QR types.scanqr - Gratuit et personnalisé | CreateMy-QR
scanqr - Générateur de Code QR Gratuit en Ligne - CreateMy-QR",text/html; charset=utf-8,false,200,0,true,"https://createmy-qr.com/ar/mwld-rmz-lstjb-lsryaa-mjny-2
https://createmy-qr.com/bn/phri-anlaain-kiuaar-kodd-jenaarettr-2
https://createmy-qr.com/cs/zdarma-online-generator-qr-kodu-2
https://createmy-qr.com/da/gratis-qr-kode-generator-online-2
https://createmy-qr.com/de/kostenloser-qr-code-generator-online-2
https://createmy-qr.com/el/dorean-dimioyrgia-qr-code-online-2
https://createmy-qr.com/es/generador-de-codigos-qr-gratis-online-2
https://createmy-qr.com/fi/ilmainen-qr-koodigeneraattori-netissa-2
https://createmy-qr.com/fr/generateur-de-code-qr-gratuit-en-ligne-2
https://createmy-qr.com/hi/muph-t-onnlaain-kyuuaar-kodd-jnrettr-2
https://createmy-qr.com/hu/ingyenes-online-qr-kod-generator-2
https://createmy-qr.com/id/generator-qr-code-gratis-online-2
https://createmy-qr.com/it/generatore-di-codici-qr-gratis-online-2
https://createmy-qr.com/ja/wu-liao-qrkodozuo-cheng-zienereta-2
https://createmy-qr.com/ko/muryo-onrain-qr-kodeu-saengseonggi-2
https://createmy-qr.com/ms/penjana-kod-qr-percuma-dalam-talian-2
https://createmy-qr.com/nl/gratis-qr-code-generator-online-2
https://createmy-qr.com/no/gratis-qr-kode-generator-online-2
https://createmy-qr.com/pl/darmowy-generator-kodow-qr-online-2
https://createmy-qr.com/pt/gerador-de-codigo-qr-gratis-online-2
https://createmy-qr.com/ro/generator-de-coduri-qr-gratuit-online-2
https://createmy-qr.com/ru/besplatnyy-generator-qr-kodov-onlayn-2
https://createmy-qr.com/scan-qr
https://createmy-qr.com/scan-qr
https://createmy-qr.com/sv/gratis-qr-kod-generator-online-2
https://createmy-qr.com/th/ekhruue-ngmuue-sraangkhiw-aarokhd-nailnfrii-2
https://createmy-qr.com/tl/libreng-online-qr-code-generator-2
https://createmy-qr.com/tr/ucretsiz-cevrimici-qr-kod-olusturucu-2
https://createmy-qr.com/uk/bezkoshtovniy-generator-qr-kodiv-onlayn-2
https://createmy-qr.com/vi/tao-ma-qr-mien-phi-truc-tuyen-2
https://createmy-qr.com/zh/mian-fei-zai-xian-er-wei-ma-sheng-cheng-qi-2","200
200
200
200
200
200
200
200
200
200
200
200
200
200
200
200
200
200
200
200
200
200
200
200
200
200
200
200
200
200
200",Some pages don't include hreflang links to all the other pages of the group,5057633309447319644,28,91
21,https://createmy-qr.com/uk/skaner-shtrih-kodiv-bezkoshtovniy-generator-qr-kodiv-onlayn,"Безкоштовний онлайн-сканер штрих-кодів - сканування UPC і EAN
Генератор QR-коду Сканер штрих-кодів – безкоштовний і користувацький | CreateMy-QR
Сканер штрих-кодів - Безкоштовний Генератор QR-кодів Онлайн - CreateMy-QR",text/html; charset=utf-8,false,200,0,true,"https://createmy-qr.com/ar/msh-lbrkwd-mwld-rmz-lstjb-lsryaa-mjny
https://createmy-qr.com/bn/baarkodd-skyaanaar-phri-anlaain-kiuaar-kodd-jenaarettr
https://createmy-qr.com/cs/skener-carovych-kodu-zdarma-online-generator-qr-kodu
https://createmy-qr.com/da/stregkodescanner-gratis-qr-kode-generator-online
https://createmy-qr.com/de/barcode-scanner-kostenloser-qr-code-generator-online
https://createmy-qr.com/el/barcode-scanner-dorean-dimioyrgia-qr-code-online
https://createmy-qr.com/es/escaner-de-codigo-de-barras-generador-de-codigos-qr-gratis-online
https://createmy-qr.com/fi/viivakoodinlukija-ilmainen-qr-koodigeneraattori-netissa
https://createmy-qr.com/fr/lecteur-de-codes-a-barres-generateur-de-code-qr-gratuit-en-ligne
https://createmy-qr.com/hi/baarkodd-skainr-muph-t-onnlaain-kyuuaar-kodd-jnrettr
https://createmy-qr.com/hu/ingyenes-online-qr-kod-generator-3
https://createmy-qr.com/id/pemindai-kode-batang-generator-qr-code-gratis-online
https://createmy-qr.com/it/lettore-di-codici-a-barre-generatore-di-codici-qr-gratis-online
https://createmy-qr.com/ja/bakodosukiyana-wu-liao-qrkodozuo-cheng-zienereta
https://createmy-qr.com/ko/bakodeu-seukaeneo-muryo-onrain-qr-kodeu-saengseonggi
https://createmy-qr.com/ms/pengimbas-kod-bar-penjana-kod-qr-percuma-dalam-talian
https://createmy-qr.com/nl/barcodescanner-gratis-qr-code-generator-online
https://createmy-qr.com/no/strekkodeskanner-gratis-qr-kode-generator-online
https://createmy-qr.com/pl/skaner-kodow-kreskowych-darmowy-generator-kodow-qr-online
https://createmy-qr.com/pt/leitor-de-codigo-de-barras-gerador-de-codigo-qr-gratis-online
https://createmy-qr.com/ro/generator-de-coduri-qr-gratuit-online-3
https://createmy-qr.com/ru/skaner-shtrih-koda-besplatnyy-generator-qr-kodov-onlayn
https://createmy-qr.com/scan-barcode
https://createmy-qr.com/scan-barcode
https://createmy-qr.com/sv/streckkodslasare-gratis-qr-kod-generator-online
https://createmy-qr.com/th/ekhruue-ngsaeknbaarokhd-ekhruue-ngmuue-sraangkhiw-aarokhd-nailnfrii
https://createmy-qr.com/tl/barcode-scanner-libreng-online-qr-code-generator
https://createmy-qr.com/tr/barkod-tarayici-ucretsiz-cevrimici-qr-kod-olusturucu
https://createmy-qr.com/uk/skaner-shtrih-kodiv-bezkoshtovniy-generator-qr-kodiv-onlayn
https://createmy-qr.com/vi/may-quet-ma-vach-tao-ma-qr-mien-phi-truc-tuyen
https://createmy-qr.com/zh/tiao-ma-sao-miao-yi-mian-fei-zai-xian-er-wei-ma-sheng-cheng-qi","200
200
200
200
200
200
200
200
200
200
200
200
200
200
200
200
200
200
200
200
200
200
200
200
200
200
200
200
200
200
200",Some pages don't include hreflang links to all the other pages of the group,14730038909064693129,28,91
21,https://createmy-qr.com/ro/instrumente-de-comparare,"Generator de Coduri QR Gratuit Online - CreateMy-QR (No Signup) | Instrumente de comparare
types.compare QR Code Generator - Gratuit și personalizat | CreateMy-QR
Instrumente de comparare | CreateMy-QR",text/html; charset=utf-8,false,200,0,true,"https://createmy-qr.com/ar/dwt-lmqrn
https://createmy-qr.com/bn/ttul-tulnaa-krun
https://createmy-qr.com/compare
https://createmy-qr.com/compare
https://createmy-qr.com/cs/nastroje-pro-porovnani
https://createmy-qr.com/da/sammenlign-vaerktojer
https://createmy-qr.com/de/tools-vergleichen
https://createmy-qr.com/el/ergaleia-sygkrisis
https://createmy-qr.com/es/comparar-herramientas
https://createmy-qr.com/fi/vertaa-tyokaluja
https://createmy-qr.com/fr/comparer-les-outils
https://createmy-qr.com/hi/ttuuls-kii-tulnaa-kren
https://createmy-qr.com/hu/eszkozok-osszehasonlitasa
https://createmy-qr.com/id/bandingkan-alat
https://createmy-qr.com/it/confronta-strumenti
https://createmy-qr.com/ja/bi-jiao-turu
https://createmy-qr.com/ko/dogu-bigyo
https://createmy-qr.com/ms/bandingkan-alat
https://createmy-qr.com/nl/hulpmiddelen-vergelijken
https://createmy-qr.com/no/sammenlign-verktoy
https://createmy-qr.com/pl/porownaj-narzedzia
https://createmy-qr.com/pt/comparar-ferramentas
https://createmy-qr.com/ro/instrumente-de-comparare
https://createmy-qr.com/ru/sravnit-instrumenty
https://createmy-qr.com/sv/jamfor-verktyg
https://createmy-qr.com/th/epriiybethiiybekhruue-ngmuue
https://createmy-qr.com/tl/paghambingin-ang-mga-tool
https://createmy-qr.com/tr/araclari-karsilastir
https://createmy-qr.com/uk/instrumenti-porivnyannya
https://createmy-qr.com/vi/cong-cu-so-sanh
https://createmy-qr.com/zh/bi-jiao-gong-ju","200
200
200
200
200
200
200
200
200
200
200
200
200
200
200
200
200
200
200
200
200
200
200
200
200
200
200
200
200
200
200",Some pages don't include hreflang links to all the other pages of the group,625790584758697065,28,91
21,https://createmy-qr.com/cs/skener-carovych-kodu-zdarma-online-generator-qr-kodu,"Bezplatný skener čárových kódů online – skenování UPC a EAN
Skener čárových kódů generátor QR kódu – zdarma a na míru | CreateMy-QR
Skener čárových kódů - Zdarma Online Generátor QR Kódů - CreateMy-QR",text/html; charset=utf-8,false,200,0,true,"https://createmy-qr.com/ar/msh-lbrkwd-mwld-rmz-lstjb-lsryaa-mjny
https://createmy-qr.com/bn/baarkodd-skyaanaar-phri-anlaain-kiuaar-kodd-jenaarettr
https://createmy-qr.com/cs/skener-carovych-kodu-zdarma-online-generator-qr-kodu
https://createmy-qr.com/da/stregkodescanner-gratis-qr-kode-generator-online
https://createmy-qr.com/de/barcode-scanner-kostenloser-qr-code-generator-online
https://createmy-qr.com/el/barcode-scanner-dorean-dimioyrgia-qr-code-online
https://createmy-qr.com/es/escaner-de-codigo-de-barras-generador-de-codigos-qr-gratis-online
https://createmy-qr.com/fi/viivakoodinlukija-ilmainen-qr-koodigeneraattori-netissa
https://createmy-qr.com/fr/lecteur-de-codes-a-barres-generateur-de-code-qr-gratuit-en-ligne
https://createmy-qr.com/hi/baarkodd-skainr-muph-t-onnlaain-kyuuaar-kodd-jnrettr
https://createmy-qr.com/hu/ingyenes-online-qr-kod-generator-3
https://createmy-qr.com/id/pemindai-kode-batang-generator-qr-code-gratis-online
https://createmy-qr.com/it/lettore-di-codici-a-barre-generatore-di-codici-qr-gratis-online
https://createmy-qr.com/ja/bakodosukiyana-wu-liao-qrkodozuo-cheng-zienereta
https://createmy-qr.com/ko/bakodeu-seukaeneo-muryo-onrain-qr-kodeu-saengseonggi
https://createmy-qr.com/ms/pengimbas-kod-bar-penjana-kod-qr-percuma-dalam-talian
https://createmy-qr.com/nl/barcodescanner-gratis-qr-code-generator-online
https://createmy-qr.com/no/strekkodeskanner-gratis-qr-kode-generator-online
https://createmy-qr.com/pl/skaner-kodow-kreskowych-darmowy-generator-kodow-qr-online
https://createmy-qr.com/pt/leitor-de-codigo-de-barras-gerador-de-codigo-qr-gratis-online
https://createmy-qr.com/ro/generator-de-coduri-qr-gratuit-online-3
https://createmy-qr.com/ru/skaner-shtrih-koda-besplatnyy-generator-qr-kodov-onlayn
https://createmy-qr.com/scan-barcode
https://createmy-qr.com/scan-barcode
https://createmy-qr.com/sv/streckkodslasare-gratis-qr-kod-generator-online
https://createmy-qr.com/th/ekhruue-ngsaeknbaarokhd-ekhruue-ngmuue-sraangkhiw-aarokhd-nailnfrii
https://createmy-qr.com/tl/barcode-scanner-libreng-online-qr-code-generator
https://createmy-qr.com/tr/barkod-tarayici-ucretsiz-cevrimici-qr-kod-olusturucu
https://createmy-qr.com/uk/skaner-shtrih-kodiv-bezkoshtovniy-generator-qr-kodiv-onlayn
https://createmy-qr.com/vi/may-quet-ma-vach-tao-ma-qr-mien-phi-truc-tuyen
https://createmy-qr.com/zh/tiao-ma-sao-miao-yi-mian-fei-zai-xian-er-wei-ma-sheng-cheng-qi","200
200
200
200
200
200
200
200
200
200
200
200
200
200
200
200
200
200
200
200
200
200
200
200
200
200
200
200
200
200
200",Some pages don't include hreflang links to all the other pages of the group,14730038909064693129,28,91
21,https://createmy-qr.com/ru/sravnit-instrumenty,"Бесплатный генератор QR-кодов онлайн - CreateMy-QR (No Signup) | Сравнить инструменты
types.compare Генератор QR-кодов — бесплатный и настраиваемый | CreateMy-QR
Сравнить инструменты | CreateMy-QR",text/html; charset=utf-8,false,200,0,true,"https://createmy-qr.com/ar/dwt-lmqrn
https://createmy-qr.com/bn/ttul-tulnaa-krun
https://createmy-qr.com/compare
https://createmy-qr.com/compare
https://createmy-qr.com/cs/nastroje-pro-porovnani
https://createmy-qr.com/da/sammenlign-vaerktojer
https://createmy-qr.com/de/tools-vergleichen
https://createmy-qr.com/el/ergaleia-sygkrisis
https://createmy-qr.com/es/comparar-herramientas
https://createmy-qr.com/fi/vertaa-tyokaluja
https://createmy-qr.com/fr/comparer-les-outils
https://createmy-qr.com/hi/ttuuls-kii-tulnaa-kren
https://createmy-qr.com/hu/eszkozok-osszehasonlitasa
https://createmy-qr.com/id/bandingkan-alat
https://createmy-qr.com/it/confronta-strumenti
https://createmy-qr.com/ja/bi-jiao-turu
https://createmy-qr.com/ko/dogu-bigyo
https://createmy-qr.com/ms/bandingkan-alat
https://createmy-qr.com/nl/hulpmiddelen-vergelijken
https://createmy-qr.com/no/sammenlign-verktoy
https://createmy-qr.com/pl/porownaj-narzedzia
https://createmy-qr.com/pt/comparar-ferramentas
https://createmy-qr.com/ro/instrumente-de-comparare
https://createmy-qr.com/ru/sravnit-instrumenty
https://createmy-qr.com/sv/jamfor-verktyg
https://createmy-qr.com/th/epriiybethiiybekhruue-ngmuue
https://createmy-qr.com/tl/paghambingin-ang-mga-tool
https://createmy-qr.com/tr/araclari-karsilastir
https://createmy-qr.com/uk/instrumenti-porivnyannya
https://createmy-qr.com/vi/cong-cu-so-sanh
https://createmy-qr.com/zh/bi-jiao-gong-ju","200
200
200
200
200
200
200
200
200
200
200
200
200
200
200
200
200
200
200
200
200
200
200
200
200
200
200
200
200
200
200",Some pages don't include hreflang links to all the other pages of the group,625790584758697065,28,91
21,https://createmy-qr.com/pl/darmowy-generator-kodow-qr-online,"Darmowy generator kodów kreskowych online — twórz kody kreskowe 1D
Generator kodów QR types.barcode — bezpłatny i niestandardowy | CreateMy-QR
barcode - Darmowy Generator Kodów QR Online - CreateMy-QR",text/html; charset=utf-8,false,200,0,true,"https://createmy-qr.com/ar/mwld-rmz-lstjb-lsryaa-mjny
https://createmy-qr.com/barcode-generator
https://createmy-qr.com/barcode-generator
https://createmy-qr.com/bn/phri-anlaain-kiuaar-kodd-jenaarettr
https://createmy-qr.com/cs/zdarma-online-generator-qr-kodu
https://createmy-qr.com/da/gratis-qr-kode-generator-online
https://createmy-qr.com/de/kostenloser-qr-code-generator-online
https://createmy-qr.com/el/dorean-dimioyrgia-qr-code-online
https://createmy-qr.com/es/generador-de-codigos-qr-gratis-online
https://createmy-qr.com/fi/ilmainen-qr-koodigeneraattori-netissa
https://createmy-qr.com/fr/generateur-de-code-qr-gratuit-en-ligne
https://createmy-qr.com/hi/muph-t-onnlaain-kyuuaar-kodd-jnrettr
https://createmy-qr.com/hu/ingyenes-online-qr-kod-generator
https://createmy-qr.com/id/generator-qr-code-gratis-online
https://createmy-qr.com/it/generatore-di-codici-qr-gratis-online
https://createmy-qr.com/ja/wu-liao-qrkodozuo-cheng-zienereta
https://createmy-qr.com/ko/muryo-onrain-qr-kodeu-saengseonggi
https://createmy-qr.com/ms/penjana-kod-qr-percuma-dalam-talian
https://createmy-qr.com/nl/gratis-qr-code-generator-online
https://createmy-qr.com/no/gratis-qr-kode-generator-online
https://createmy-qr.com/pl/darmowy-generator-kodow-qr-online
https://createmy-qr.com/pt/gerador-de-codigo-qr-gratis-online
https://createmy-qr.com/ro/generator-de-coduri-qr-gratuit-online
https://createmy-qr.com/ru/besplatnyy-generator-qr-kodov-onlayn
https://createmy-qr.com/sv/gratis-qr-kod-generator-online
https://createmy-qr.com/th/ekhruue-ngmuue-sraangkhiw-aarokhd-nailnfrii
https://createmy-qr.com/tl/libreng-online-qr-code-generator
https://createmy-qr.com/tr/ucretsiz-cevrimici-qr-kod-olusturucu
https://createmy-qr.com/uk/bezkoshtovniy-generator-qr-kodiv-onlayn
https://createmy-qr.com/vi/tao-ma-qr-mien-phi-truc-tuyen
https://createmy-qr.com/zh/mian-fei-zai-xian-er-wei-ma-sheng-cheng-qi","200
200
200
200
200
200
200
200
200
200
200
200
200
200
200
200
200
200
200
200
200
200
200
200
200
200
200
200
200
200
200",Some pages don't include hreflang links to all the other pages of the group,8617637658849271563,28,91
21,https://createmy-qr.com/fi/viivakoodinlukija-ilmainen-qr-koodigeneraattori-netissa,"Ilmainen viivakoodilukija verkossa - Skannaa UPC & EAN
Viivakoodinlukija QR-koodigeneraattori - ilmainen ja räätälöity | CreateMy-QR
Viivakoodinlukija - Ilmainen QR-koodigeneraattori Netissä - CreateMy-QR",text/html; charset=utf-8,false,200,0,true,"https://createmy-qr.com/ar/msh-lbrkwd-mwld-rmz-lstjb-lsryaa-mjny
https://createmy-qr.com/bn/baarkodd-skyaanaar-phri-anlaain-kiuaar-kodd-jenaarettr
https://createmy-qr.com/cs/skener-carovych-kodu-zdarma-online-generator-qr-kodu
https://createmy-qr.com/da/stregkodescanner-gratis-qr-kode-generator-online
https://createmy-qr.com/de/barcode-scanner-kostenloser-qr-code-generator-online
https://createmy-qr.com/el/barcode-scanner-dorean-dimioyrgia-qr-code-online
https://createmy-qr.com/es/escaner-de-codigo-de-barras-generador-de-codigos-qr-gratis-online
https://createmy-qr.com/fi/viivakoodinlukija-ilmainen-qr-koodigeneraattori-netissa
https://createmy-qr.com/fr/lecteur-de-codes-a-barres-generateur-de-code-qr-gratuit-en-ligne
https://createmy-qr.com/hi/baarkodd-skainr-muph-t-onnlaain-kyuuaar-kodd-jnrettr
https://createmy-qr.com/hu/ingyenes-online-qr-kod-generator-3
https://createmy-qr.com/id/pemindai-kode-batang-generator-qr-code-gratis-online
https://createmy-qr.com/it/lettore-di-codici-a-barre-generatore-di-codici-qr-gratis-online
https://createmy-qr.com/ja/bakodosukiyana-wu-liao-qrkodozuo-cheng-zienereta
https://createmy-qr.com/ko/bakodeu-seukaeneo-muryo-onrain-qr-kodeu-saengseonggi
https://createmy-qr.com/ms/pengimbas-kod-bar-penjana-kod-qr-percuma-dalam-talian
https://createmy-qr.com/nl/barcodescanner-gratis-qr-code-generator-online
https://createmy-qr.com/no/strekkodeskanner-gratis-qr-kode-generator-online
https://createmy-qr.com/pl/skaner-kodow-kreskowych-darmowy-generator-kodow-qr-online
https://createmy-qr.com/pt/leitor-de-codigo-de-barras-gerador-de-codigo-qr-gratis-online
https://createmy-qr.com/ro/generator-de-coduri-qr-gratuit-online-3
https://createmy-qr.com/ru/skaner-shtrih-koda-besplatnyy-generator-qr-kodov-onlayn
https://createmy-qr.com/scan-barcode
https://createmy-qr.com/scan-barcode
https://createmy-qr.com/sv/streckkodslasare-gratis-qr-kod-generator-online
https://createmy-qr.com/th/ekhruue-ngsaeknbaarokhd-ekhruue-ngmuue-sraangkhiw-aarokhd-nailnfrii
https://createmy-qr.com/tl/barcode-scanner-libreng-online-qr-code-generator
https://createmy-qr.com/tr/barkod-tarayici-ucretsiz-cevrimici-qr-kod-olusturucu
https://createmy-qr.com/uk/skaner-shtrih-kodiv-bezkoshtovniy-generator-qr-kodiv-onlayn
https://createmy-qr.com/vi/may-quet-ma-vach-tao-ma-qr-mien-phi-truc-tuyen
https://createmy-qr.com/zh/tiao-ma-sao-miao-yi-mian-fei-zai-xian-er-wei-ma-sheng-cheng-qi","200
200
200
200
200
200
200
200
200
200
200
200
200
200
200
200
200
200
200
200
200
200
200
200
200
200
200
200
200
200
200",Some pages don't include hreflang links to all the other pages of the group,14730038909064693129,28,91
21,https://createmy-qr.com/ms/mengenai-kami,"Penjana Kod QR Percuma Dalam Talian - CreateMy-QR (No Signup) | Mengenai Kami
Penjana Kod QR types.about - Percuma & Tersuai | CreateMy-QR
Mengenai Kami | CreateMy-QR",text/html; charset=utf-8,false,200,0,true,"https://createmy-qr.com/about
https://createmy-qr.com/about
https://createmy-qr.com/ar/mn-nhn
https://createmy-qr.com/bn/aamaader-smprke
https://createmy-qr.com/cs/o-nas
https://createmy-qr.com/da/om-os
https://createmy-qr.com/de/uber-uns
https://createmy-qr.com/el/shetika-me-emas
https://createmy-qr.com/es/sobre-nosotros
https://createmy-qr.com/fi/meista
https://createmy-qr.com/fr/a-propos-de-nous
https://createmy-qr.com/hi/hmaare-baare-men
https://createmy-qr.com/hu/rolunk
https://createmy-qr.com/id/tentang-kami
https://createmy-qr.com/it/chi-siamo
https://createmy-qr.com/ja/si-tatinituite
https://createmy-qr.com/ko/hoesa-sogae
https://createmy-qr.com/ms/mengenai-kami
https://createmy-qr.com/nl/over-ons
https://createmy-qr.com/no/om-oss
https://createmy-qr.com/pl/o-nas
https://createmy-qr.com/pt/sobre-nos
https://createmy-qr.com/ro/despre-noi
https://createmy-qr.com/ru/o-nas
https://createmy-qr.com/sv/om-oss
https://createmy-qr.com/th/ekiiywkaberaa
https://createmy-qr.com/tl/tungkol-sa-amin
https://createmy-qr.com/tr/hakkimizda
https://createmy-qr.com/uk/pro-nas
https://createmy-qr.com/vi/ve-chung-toi
https://createmy-qr.com/zh/guan-yu-wo-men","200
200
200
200
200
200
200
200
200
200
200
200
200
200
200
200
200
200
200
200
200
200
200
200
200
200
200
200
200
200
200",Some pages don't include hreflang links to all the other pages of the group,1484275197122503531,28,91
21,https://createmy-qr.com/pt/comparar-ferramentas,"Gerador de Código QR Grátis Online - CreateMy-QR (No Signup) | Comparar ferramentas
Gerador de código QR types.compare - gratuito e personalizado | CreateMy-QR
Comparar ferramentas | CreateMy-QR",text/html; charset=utf-8,false,200,0,true,"https://createmy-qr.com/ar/dwt-lmqrn
https://createmy-qr.com/bn/ttul-tulnaa-krun
https://createmy-qr.com/compare
https://createmy-qr.com/compare
https://createmy-qr.com/cs/nastroje-pro-porovnani
https://createmy-qr.com/da/sammenlign-vaerktojer
https://createmy-qr.com/de/tools-vergleichen
https://createmy-qr.com/el/ergaleia-sygkrisis
https://createmy-qr.com/es/comparar-herramientas
https://createmy-qr.com/fi/vertaa-tyokaluja
https://createmy-qr.com/fr/comparer-les-outils
https://createmy-qr.com/hi/ttuuls-kii-tulnaa-kren
https://createmy-qr.com/hu/eszkozok-osszehasonlitasa
https://createmy-qr.com/id/bandingkan-alat
https://createmy-qr.com/it/confronta-strumenti
https://createmy-qr.com/ja/bi-jiao-turu
https://createmy-qr.com/ko/dogu-bigyo
https://createmy-qr.com/ms/bandingkan-alat
https://createmy-qr.com/nl/hulpmiddelen-vergelijken
https://createmy-qr.com/no/sammenlign-verktoy
https://createmy-qr.com/pl/porownaj-narzedzia
https://createmy-qr.com/pt/comparar-ferramentas
https://createmy-qr.com/ro/instrumente-de-comparare
https://createmy-qr.com/ru/sravnit-instrumenty
https://createmy-qr.com/sv/jamfor-verktyg
https://createmy-qr.com/th/epriiybethiiybekhruue-ngmuue
https://createmy-qr.com/tl/paghambingin-ang-mga-tool
https://createmy-qr.com/tr/araclari-karsilastir
https://createmy-qr.com/uk/instrumenti-porivnyannya
https://createmy-qr.com/vi/cong-cu-so-sanh
https://createmy-qr.com/zh/bi-jiao-gong-ju","200
200
200
200
200
200
200
200
200
200
200
200
200
200
200
200
200
200
200
200
200
200
200
200
200
200
200
200
200
200
200",Some pages don't include hreflang links to all the other pages of the group,625790584758697065,28,91
21,https://createmy-qr.com/it/informativa-sulla-privacy,"Generatore di Codici QR Gratis Online - CreateMy-QR (No Signup) | Informativa sulla privacy
Generatore di codici QR types.privacy - Gratuito e personalizzato | CreateMy-QR
Informativa sulla privacy | CreateMy-QR",text/html; charset=utf-8,false,200,0,true,"https://createmy-qr.com/ar/sys-lkhswsy
https://createmy-qr.com/bn/gopniiy-taa-niiti
https://createmy-qr.com/cs/zasady-ochrany-osobnich-udaju
https://createmy-qr.com/da/privatlivspolitik
https://createmy-qr.com/de/datenschutzrichtlinie
https://createmy-qr.com/el/politiki-aporritoy
https://createmy-qr.com/es/politica-de-privacidad
https://createmy-qr.com/fi/tietosuojakaytanto
https://createmy-qr.com/fr/politique-de-confidentialite
https://createmy-qr.com/hi/gopniiytaa-niiti
https://createmy-qr.com/hu/adatvedelmi-szabalyzat
https://createmy-qr.com/id/kebijakan-privasi
https://createmy-qr.com/it/informativa-sulla-privacy
https://createmy-qr.com/ja/puraibasi-porisi
https://createmy-qr.com/ko/gaein-jeongbo-boho-jeongcaeg
https://createmy-qr.com/ms/dasar-privasi
https://createmy-qr.com/nl/privacybeleid
https://createmy-qr.com/no/personvernerklaering
https://createmy-qr.com/pl/polityka-prywatnosci
https://createmy-qr.com/privacy
https://createmy-qr.com/privacy
https://createmy-qr.com/pt/politica-de-privacidade
https://createmy-qr.com/ro/politica-de-confidentialitate
https://createmy-qr.com/ru/politika-konfidencialnosti
https://createmy-qr.com/sv/sekretesspolicy
https://createmy-qr.com/th/noybaaykhwaamepnswntaw
https://createmy-qr.com/tl/patakaran-sa-privacy
https://createmy-qr.com/tr/gizlilik-politikasi
https://createmy-qr.com/uk/politika-konfidenciynosti
https://createmy-qr.com/vi/chinh-sach-bao-mat
https://createmy-qr.com/zh/yin-si-zheng-ce","200
200
200
200
200
200
200
200
200
200
200
200
200
200
200
200
200
200
200
200
200
200
200
200
200
200
200
200
200
200
200",Some pages don't include hreflang links to all the other pages of the group,11074429451265500583,28,91
21,https://createmy-qr.com/ro/generator-de-coduri-qr-gratuit-online-2,"Scaner online gratuit de coduri QR - Scanează QR instantaneu
types.scanqr QR Code Generator - Gratuit și personalizat | CreateMy-QR
scanqr - Generator de Coduri QR Gratuit Online - CreateMy-QR",text/html; charset=utf-8,false,200,0,true,"https://createmy-qr.com/ar/mwld-rmz-lstjb-lsryaa-mjny-2
https://createmy-qr.com/bn/phri-anlaain-kiuaar-kodd-jenaarettr-2
https://createmy-qr.com/cs/zdarma-online-generator-qr-kodu-2
https://createmy-qr.com/da/gratis-qr-kode-generator-online-2
https://createmy-qr.com/de/kostenloser-qr-code-generator-online-2
https://createmy-qr.com/el/dorean-dimioyrgia-qr-code-online-2
https://createmy-qr.com/es/generador-de-codigos-qr-gratis-online-2
https://createmy-qr.com/fi/ilmainen-qr-koodigeneraattori-netissa-2
https://createmy-qr.com/fr/generateur-de-code-qr-gratuit-en-ligne-2
https://createmy-qr.com/hi/muph-t-onnlaain-kyuuaar-kodd-jnrettr-2
https://createmy-qr.com/hu/ingyenes-online-qr-kod-generator-2
https://createmy-qr.com/id/generator-qr-code-gratis-online-2
https://createmy-qr.com/it/generatore-di-codici-qr-gratis-online-2
https://createmy-qr.com/ja/wu-liao-qrkodozuo-cheng-zienereta-2
https://createmy-qr.com/ko/muryo-onrain-qr-kodeu-saengseonggi-2
https://createmy-qr.com/ms/penjana-kod-qr-percuma-dalam-talian-2
https://createmy-qr.com/nl/gratis-qr-code-generator-online-2
https://createmy-qr.com/no/gratis-qr-kode-generator-online-2
https://createmy-qr.com/pl/darmowy-generator-kodow-qr-online-2
https://createmy-qr.com/pt/gerador-de-codigo-qr-gratis-online-2
https://createmy-qr.com/ro/generator-de-coduri-qr-gratuit-online-2
https://createmy-qr.com/ru/besplatnyy-generator-qr-kodov-onlayn-2
https://createmy-qr.com/scan-qr
https://createmy-qr.com/scan-qr
https://createmy-qr.com/sv/gratis-qr-kod-generator-online-2
https://createmy-qr.com/th/ekhruue-ngmuue-sraangkhiw-aarokhd-nailnfrii-2
https://createmy-qr.com/tl/libreng-online-qr-code-generator-2
https://createmy-qr.com/tr/ucretsiz-cevrimici-qr-kod-olusturucu-2
https://createmy-qr.com/uk/bezkoshtovniy-generator-qr-kodiv-onlayn-2
https://createmy-qr.com/vi/tao-ma-qr-mien-phi-truc-tuyen-2
https://createmy-qr.com/zh/mian-fei-zai-xian-er-wei-ma-sheng-cheng-qi-2","200
200
200
200
200
200
200
200
200
200
200
200
200
200
200
200
200
200
200
200
200
200
200
200
200
200
200
200
200
200
200",Some pages don't include hreflang links to all the other pages of the group,5057633309447319644,28,91
21,https://createmy-qr.com/id/ketentuan-layanan,"Generator QR Code Gratis Online - CreateMy-QR (No Signup) | Ketentuan Layanan
types.terms Pembuat Kode QR - Gratis & Khusus | CreateMy-QR
Ketentuan Layanan | CreateMy-QR",text/html; charset=utf-8,false,200,0,true,"https://createmy-qr.com/ar/shrwt-lkhdm
https://createmy-qr.com/bn/prissebaar-shrtaablii
https://createmy-qr.com/cs/podminky-sluzby
https://createmy-qr.com/da/servicevilkar
https://createmy-qr.com/de/nutzungsbedingungen
https://createmy-qr.com/el/oroi-parohis-ypiresion
https://createmy-qr.com/es/terminos-de-servicio
https://createmy-qr.com/fi/palveluehdot
https://createmy-qr.com/fr/conditions-d-utilisation
https://createmy-qr.com/hi/sevaa-kii-shrten
https://createmy-qr.com/hu/szolgaltatasi-feltetelek
https://createmy-qr.com/id/ketentuan-layanan
https://createmy-qr.com/it/termini-di-servizio
https://createmy-qr.com/ja/li-yong-gui-yue
https://createmy-qr.com/ko/seobiseu-yaggwan
https://createmy-qr.com/ms/syarat-perkhidmatan
https://createmy-qr.com/nl/servicevoorwaarden
https://createmy-qr.com/no/vilkar-for-bruk
https://createmy-qr.com/pl/warunki-swiadczenia-uslug
https://createmy-qr.com/pt/termos-de-servico
https://createmy-qr.com/ro/termeni-si-conditii
https://createmy-qr.com/ru/usloviya-obsluzhivaniya
https://createmy-qr.com/sv/anvandarvillkor
https://createmy-qr.com/terms
https://createmy-qr.com/terms
https://createmy-qr.com/th/kh-kamhndainkaaraihbrikaar
https://createmy-qr.com/tl/mga-tuntunin-ng-serbisyo
https://createmy-qr.com/tr/hizmet-sartlari
https://createmy-qr.com/uk/umovi-nadannya-poslug
https://createmy-qr.com/vi/dieu-khoan-dich-vu
https://createmy-qr.com/zh/fu-wu-tiao-kuan","200
200
200
200
200
200
200
200
200
200
200
200
200
200
200
200
200
200
200
200
200
200
200
200
200
200
200
200
200
200
200",Some pages don't include hreflang links to all the other pages of the group,11872068519236183580,28,91
21,https://createmy-qr.com/ms/bandingkan-alat,"Penjana Kod QR Percuma Dalam Talian - CreateMy-QR (No Signup) | Bandingkan Alat
Penjana Kod QR types.compare - Percuma & Tersuai | CreateMy-QR
Bandingkan Alat | CreateMy-QR",text/html; charset=utf-8,false,200,0,true,"https://createmy-qr.com/ar/dwt-lmqrn
https://createmy-qr.com/bn/ttul-tulnaa-krun
https://createmy-qr.com/compare
https://createmy-qr.com/compare
https://createmy-qr.com/cs/nastroje-pro-porovnani
https://createmy-qr.com/da/sammenlign-vaerktojer
https://createmy-qr.com/de/tools-vergleichen
https://createmy-qr.com/el/ergaleia-sygkrisis
https://createmy-qr.com/es/comparar-herramientas
https://createmy-qr.com/fi/vertaa-tyokaluja
https://createmy-qr.com/fr/comparer-les-outils
https://createmy-qr.com/hi/ttuuls-kii-tulnaa-kren
https://createmy-qr.com/hu/eszkozok-osszehasonlitasa
https://createmy-qr.com/id/bandingkan-alat
https://createmy-qr.com/it/confronta-strumenti
https://createmy-qr.com/ja/bi-jiao-turu
https://createmy-qr.com/ko/dogu-bigyo
https://createmy-qr.com/ms/bandingkan-alat
https://createmy-qr.com/nl/hulpmiddelen-vergelijken
https://createmy-qr.com/no/sammenlign-verktoy
https://createmy-qr.com/pl/porownaj-narzedzia
https://createmy-qr.com/pt/comparar-ferramentas
https://createmy-qr.com/ro/instrumente-de-comparare
https://createmy-qr.com/ru/sravnit-instrumenty
https://createmy-qr.com/sv/jamfor-verktyg
https://createmy-qr.com/th/epriiybethiiybekhruue-ngmuue
https://createmy-qr.com/tl/paghambingin-ang-mga-tool
https://createmy-qr.com/tr/araclari-karsilastir
https://createmy-qr.com/uk/instrumenti-porivnyannya
https://createmy-qr.com/vi/cong-cu-so-sanh
https://createmy-qr.com/zh/bi-jiao-gong-ju","200
200
200
200
200
200
200
200
200
200
200
200
200
200
200
200
200
200
200
200
200
200
200
200
200
200
200
200
200
200
200",Some pages don't include hreflang links to all the other pages of the group,625790584758697065,28,91
21,https://createmy-qr.com/no/vilkar-for-bruk,"Gratis QR-kode Generator Online - CreateMy-QR (No Signup) | Vilkår for bruk
types.terms QR Code Generator - Gratis og tilpasset | CreateMy-QR
Vilkår for bruk | CreateMy-QR",text/html; charset=utf-8,false,200,0,true,"https://createmy-qr.com/ar/shrwt-lkhdm
https://createmy-qr.com/bn/prissebaar-shrtaablii
https://createmy-qr.com/cs/podminky-sluzby
https://createmy-qr.com/da/servicevilkar
https://createmy-qr.com/de/nutzungsbedingungen
https://createmy-qr.com/el/oroi-parohis-ypiresion
https://createmy-qr.com/es/terminos-de-servicio
https://createmy-qr.com/fi/palveluehdot
https://createmy-qr.com/fr/conditions-d-utilisation
https://createmy-qr.com/hi/sevaa-kii-shrten
https://createmy-qr.com/hu/szolgaltatasi-feltetelek
https://createmy-qr.com/id/ketentuan-layanan
https://createmy-qr.com/it/termini-di-servizio
https://createmy-qr.com/ja/li-yong-gui-yue
https://createmy-qr.com/ko/seobiseu-yaggwan
https://createmy-qr.com/ms/syarat-perkhidmatan
https://createmy-qr.com/nl/servicevoorwaarden
https://createmy-qr.com/no/vilkar-for-bruk
https://createmy-qr.com/pl/warunki-swiadczenia-uslug
https://createmy-qr.com/pt/termos-de-servico
https://createmy-qr.com/ro/termeni-si-conditii
https://createmy-qr.com/ru/usloviya-obsluzhivaniya
https://createmy-qr.com/sv/anvandarvillkor
https://createmy-qr.com/terms
https://createmy-qr.com/terms
https://createmy-qr.com/th/kh-kamhndainkaaraihbrikaar
https://createmy-qr.com/tl/mga-tuntunin-ng-serbisyo
https://createmy-qr.com/tr/hizmet-sartlari
https://createmy-qr.com/uk/umovi-nadannya-poslug
https://createmy-qr.com/vi/dieu-khoan-dich-vu
https://createmy-qr.com/zh/fu-wu-tiao-kuan","200
200
200
200
200
200
200
200
200
200
200
200
200
200
200
200
200
200
200
200
200
200
200
200
200
200
200
200
200
200
200",Some pages don't include hreflang links to all the other pages of the group,11872068519236183580,28,91
21,https://createmy-qr.com/de/tools-vergleichen,"Kostenloser QR-Code Generator Online - CreateMy-QR (No Signup) | Tools vergleichen
types.compare QR-Code-Generator – kostenlos und benutzerdefiniert | CreateMy-QR
Tools vergleichen | CreateMy-QR",text/html; charset=utf-8,false,200,0,true,"https://createmy-qr.com/ar/dwt-lmqrn
https://createmy-qr.com/bn/ttul-tulnaa-krun
https://createmy-qr.com/compare
https://createmy-qr.com/compare
https://createmy-qr.com/cs/nastroje-pro-porovnani
https://createmy-qr.com/da/sammenlign-vaerktojer
https://createmy-qr.com/de/tools-vergleichen
https://createmy-qr.com/el/ergaleia-sygkrisis
https://createmy-qr.com/es/comparar-herramientas
https://createmy-qr.com/fi/vertaa-tyokaluja
https://createmy-qr.com/fr/comparer-les-outils
https://createmy-qr.com/hi/ttuuls-kii-tulnaa-kren
https://createmy-qr.com/hu/eszkozok-osszehasonlitasa
https://createmy-qr.com/id/bandingkan-alat
https://createmy-qr.com/it/confronta-strumenti
https://createmy-qr.com/ja/bi-jiao-turu
https://createmy-qr.com/ko/dogu-bigyo
https://createmy-qr.com/ms/bandingkan-alat
https://createmy-qr.com/nl/hulpmiddelen-vergelijken
https://createmy-qr.com/no/sammenlign-verktoy
https://createmy-qr.com/pl/porownaj-narzedzia
https://createmy-qr.com/pt/comparar-ferramentas
https://createmy-qr.com/ro/instrumente-de-comparare
https://createmy-qr.com/ru/sravnit-instrumenty
https://createmy-qr.com/sv/jamfor-verktyg
https://createmy-qr.com/th/epriiybethiiybekhruue-ngmuue
https://createmy-qr.com/tl/paghambingin-ang-mga-tool
https://createmy-qr.com/tr/araclari-karsilastir
https://createmy-qr.com/uk/instrumenti-porivnyannya
https://createmy-qr.com/vi/cong-cu-so-sanh
https://createmy-qr.com/zh/bi-jiao-gong-ju","200
200
200
200
200
200
200
200
200
200
200
200
200
200
200
200
200
200
200
200
200
200
200
200
200
200
200
200
200
200
200",Some pages don't include hreflang links to all the other pages of the group,625790584758697065,28,91
21,https://createmy-qr.com/es/generador-de-codigos-qr-gratis-online,"Generador de códigos de barras gratuito en línea: cree códigos de barras 1D
Generador de códigos QR types.barcode: gratuito y personalizado | CreateMy-QR
barcode - Generador de Códigos QR Gratis Online - CreateMy-QR",text/html; charset=utf-8,false,200,0,true,"https://createmy-qr.com/ar/mwld-rmz-lstjb-lsryaa-mjny
https://createmy-qr.com/barcode-generator
https://createmy-qr.com/barcode-generator
https://createmy-qr.com/bn/phri-anlaain-kiuaar-kodd-jenaarettr
https://createmy-qr.com/cs/zdarma-online-generator-qr-kodu
https://createmy-qr.com/da/gratis-qr-kode-generator-online
https://createmy-qr.com/de/kostenloser-qr-code-generator-online
https://createmy-qr.com/el/dorean-dimioyrgia-qr-code-online
https://createmy-qr.com/es/generador-de-codigos-qr-gratis-online
https://createmy-qr.com/fi/ilmainen-qr-koodigeneraattori-netissa
https://createmy-qr.com/fr/generateur-de-code-qr-gratuit-en-ligne
https://createmy-qr.com/hi/muph-t-onnlaain-kyuuaar-kodd-jnrettr
https://createmy-qr.com/hu/ingyenes-online-qr-kod-generator
https://createmy-qr.com/id/generator-qr-code-gratis-online
https://createmy-qr.com/it/generatore-di-codici-qr-gratis-online
https://createmy-qr.com/ja/wu-liao-qrkodozuo-cheng-zienereta
https://createmy-qr.com/ko/muryo-onrain-qr-kodeu-saengseonggi
https://createmy-qr.com/ms/penjana-kod-qr-percuma-dalam-talian
https://createmy-qr.com/nl/gratis-qr-code-generator-online
https://createmy-qr.com/no/gratis-qr-kode-generator-online
https://createmy-qr.com/pl/darmowy-generator-kodow-qr-online
https://createmy-qr.com/pt/gerador-de-codigo-qr-gratis-online
https://createmy-qr.com/ro/generator-de-coduri-qr-gratuit-online
https://createmy-qr.com/ru/besplatnyy-generator-qr-kodov-onlayn
https://createmy-qr.com/sv/gratis-qr-kod-generator-online
https://createmy-qr.com/th/ekhruue-ngmuue-sraangkhiw-aarokhd-nailnfrii
https://createmy-qr.com/tl/libreng-online-qr-code-generator
https://createmy-qr.com/tr/ucretsiz-cevrimici-qr-kod-olusturucu
https://createmy-qr.com/uk/bezkoshtovniy-generator-qr-kodiv-onlayn
https://createmy-qr.com/vi/tao-ma-qr-mien-phi-truc-tuyen
https://createmy-qr.com/zh/mian-fei-zai-xian-er-wei-ma-sheng-cheng-qi","200
200
200
200
200
200
200
200
200
200
200
200
200
200
200
200
200
200
200
200
200
200
200
200
200
200
200
200
200
200
200",Some pages don't include hreflang links to all the other pages of the group,8617637658849271563,28,91
21,https://createmy-qr.com/ko/bakodeu-seukaeneo-muryo-onrain-qr-kodeu-saengseonggi,"무료 온라인 바코드 스캐너 - UPC 및 EAN 스캔
바코드 스캐너 QR 코드 생성기 - 무료 및 사용자 정의 | CreateMy-QR
바코드 스캐너 - 무료 온라인 QR 코드 생성기 - CreateMy-QR",text/html; charset=utf-8,false,200,0,true,"https://createmy-qr.com/ar/msh-lbrkwd-mwld-rmz-lstjb-lsryaa-mjny
https://createmy-qr.com/bn/baarkodd-skyaanaar-phri-anlaain-kiuaar-kodd-jenaarettr
https://createmy-qr.com/cs/skener-carovych-kodu-zdarma-online-generator-qr-kodu
https://createmy-qr.com/da/stregkodescanner-gratis-qr-kode-generator-online
https://createmy-qr.com/de/barcode-scanner-kostenloser-qr-code-generator-online
https://createmy-qr.com/el/barcode-scanner-dorean-dimioyrgia-qr-code-online
https://createmy-qr.com/es/escaner-de-codigo-de-barras-generador-de-codigos-qr-gratis-online
https://createmy-qr.com/fi/viivakoodinlukija-ilmainen-qr-koodigeneraattori-netissa
https://createmy-qr.com/fr/lecteur-de-codes-a-barres-generateur-de-code-qr-gratuit-en-ligne
https://createmy-qr.com/hi/baarkodd-skainr-muph-t-onnlaain-kyuuaar-kodd-jnrettr
https://createmy-qr.com/hu/ingyenes-online-qr-kod-generator-3
https://createmy-qr.com/id/pemindai-kode-batang-generator-qr-code-gratis-online
https://createmy-qr.com/it/lettore-di-codici-a-barre-generatore-di-codici-qr-gratis-online
https://createmy-qr.com/ja/bakodosukiyana-wu-liao-qrkodozuo-cheng-zienereta
https://createmy-qr.com/ko/bakodeu-seukaeneo-muryo-onrain-qr-kodeu-saengseonggi
https://createmy-qr.com/ms/pengimbas-kod-bar-penjana-kod-qr-percuma-dalam-talian
https://createmy-qr.com/nl/barcodescanner-gratis-qr-code-generator-online
https://createmy-qr.com/no/strekkodeskanner-gratis-qr-kode-generator-online
https://createmy-qr.com/pl/skaner-kodow-kreskowych-darmowy-generator-kodow-qr-online
https://createmy-qr.com/pt/leitor-de-codigo-de-barras-gerador-de-codigo-qr-gratis-online
https://createmy-qr.com/ro/generator-de-coduri-qr-gratuit-online-3
https://createmy-qr.com/ru/skaner-shtrih-koda-besplatnyy-generator-qr-kodov-onlayn
https://createmy-qr.com/scan-barcode
https://createmy-qr.com/scan-barcode
https://createmy-qr.com/sv/streckkodslasare-gratis-qr-kod-generator-online
https://createmy-qr.com/th/ekhruue-ngsaeknbaarokhd-ekhruue-ngmuue-sraangkhiw-aarokhd-nailnfrii
https://createmy-qr.com/tl/barcode-scanner-libreng-online-qr-code-generator
https://createmy-qr.com/tr/barkod-tarayici-ucretsiz-cevrimici-qr-kod-olusturucu
https://createmy-qr.com/uk/skaner-shtrih-kodiv-bezkoshtovniy-generator-qr-kodiv-onlayn
https://createmy-qr.com/vi/may-quet-ma-vach-tao-ma-qr-mien-phi-truc-tuyen
https://createmy-qr.com/zh/tiao-ma-sao-miao-yi-mian-fei-zai-xian-er-wei-ma-sheng-cheng-qi","200
200
200
200
200
200
200
200
200
200
200
200
200
200
200
200
200
200
200
200
200
200
200
200
200
200
200
200
200
200
200",Some pages don't include hreflang links to all the other pages of the group,14730038909064693129,28,91
21,https://createmy-qr.com/cs/podminky-sluzby,"Zdarma Online Generátor QR Kódů - CreateMy-QR (No Signup) | Podmínky služby
types.terms generátor QR kódu – zdarma a na míru | CreateMy-QR
Podmínky služby | CreateMy-QR",text/html; charset=utf-8,false,200,0,true,"https://createmy-qr.com/ar/shrwt-lkhdm
https://createmy-qr.com/bn/prissebaar-shrtaablii
https://createmy-qr.com/cs/podminky-sluzby
https://createmy-qr.com/da/servicevilkar
https://createmy-qr.com/de/nutzungsbedingungen
https://createmy-qr.com/el/oroi-parohis-ypiresion
https://createmy-qr.com/es/terminos-de-servicio
https://createmy-qr.com/fi/palveluehdot
https://createmy-qr.com/fr/conditions-d-utilisation
https://createmy-qr.com/hi/sevaa-kii-shrten
https://createmy-qr.com/hu/szolgaltatasi-feltetelek
https://createmy-qr.com/id/ketentuan-layanan
https://createmy-qr.com/it/termini-di-servizio
https://createmy-qr.com/ja/li-yong-gui-yue
https://createmy-qr.com/ko/seobiseu-yaggwan
https://createmy-qr.com/ms/syarat-perkhidmatan
https://createmy-qr.com/nl/servicevoorwaarden
https://createmy-qr.com/no/vilkar-for-bruk
https://createmy-qr.com/pl/warunki-swiadczenia-uslug
https://createmy-qr.com/pt/termos-de-servico
https://createmy-qr.com/ro/termeni-si-conditii
https://createmy-qr.com/ru/usloviya-obsluzhivaniya
https://createmy-qr.com/sv/anvandarvillkor
https://createmy-qr.com/terms
https://createmy-qr.com/terms
https://createmy-qr.com/th/kh-kamhndainkaaraihbrikaar
https://createmy-qr.com/tl/mga-tuntunin-ng-serbisyo
https://createmy-qr.com/tr/hizmet-sartlari
https://createmy-qr.com/uk/umovi-nadannya-poslug
https://createmy-qr.com/vi/dieu-khoan-dich-vu
https://createmy-qr.com/zh/fu-wu-tiao-kuan","200
200
200
200
200
200
200
200
200
200
200
200
200
200
200
200
200
200
200
200
200
200
200
200
200
200
200
200
200
200
200",Some pages don't include hreflang links to all the other pages of the group,11872068519236183580,28,91
21,https://createmy-qr.com/zh/mian-fei-zai-xian-er-wei-ma-sheng-cheng-qi-2,"免费在线二维码扫描仪 - 立即扫描二维码
types.scanqr QR 代码生成器 - 免费和自定义 | CreateMy-QR
scanqr - 免费在线二维码生成器 - CreateMy-QR",text/html; charset=utf-8,false,200,0,true,"https://createmy-qr.com/ar/mwld-rmz-lstjb-lsryaa-mjny-2
https://createmy-qr.com/bn/phri-anlaain-kiuaar-kodd-jenaarettr-2
https://createmy-qr.com/cs/zdarma-online-generator-qr-kodu-2
https://createmy-qr.com/da/gratis-qr-kode-generator-online-2
https://createmy-qr.com/de/kostenloser-qr-code-generator-online-2
https://createmy-qr.com/el/dorean-dimioyrgia-qr-code-online-2
https://createmy-qr.com/es/generador-de-codigos-qr-gratis-online-2
https://createmy-qr.com/fi/ilmainen-qr-koodigeneraattori-netissa-2
https://createmy-qr.com/fr/generateur-de-code-qr-gratuit-en-ligne-2
https://createmy-qr.com/hi/muph-t-onnlaain-kyuuaar-kodd-jnrettr-2
https://createmy-qr.com/hu/ingyenes-online-qr-kod-generator-2
https://createmy-qr.com/id/generator-qr-code-gratis-online-2
https://createmy-qr.com/it/generatore-di-codici-qr-gratis-online-2
https://createmy-qr.com/ja/wu-liao-qrkodozuo-cheng-zienereta-2
https://createmy-qr.com/ko/muryo-onrain-qr-kodeu-saengseonggi-2
https://createmy-qr.com/ms/penjana-kod-qr-percuma-dalam-talian-2
https://createmy-qr.com/nl/gratis-qr-code-generator-online-2
https://createmy-qr.com/no/gratis-qr-kode-generator-online-2
https://createmy-qr.com/pl/darmowy-generator-kodow-qr-online-2
https://createmy-qr.com/pt/gerador-de-codigo-qr-gratis-online-2
https://createmy-qr.com/ro/generator-de-coduri-qr-gratuit-online-2
https://createmy-qr.com/ru/besplatnyy-generator-qr-kodov-onlayn-2
https://createmy-qr.com/scan-qr
https://createmy-qr.com/scan-qr
https://createmy-qr.com/sv/gratis-qr-kod-generator-online-2
https://createmy-qr.com/th/ekhruue-ngmuue-sraangkhiw-aarokhd-nailnfrii-2
https://createmy-qr.com/tl/libreng-online-qr-code-generator-2
https://createmy-qr.com/tr/ucretsiz-cevrimici-qr-kod-olusturucu-2
https://createmy-qr.com/uk/bezkoshtovniy-generator-qr-kodiv-onlayn-2
https://createmy-qr.com/vi/tao-ma-qr-mien-phi-truc-tuyen-2
https://createmy-qr.com/zh/mian-fei-zai-xian-er-wei-ma-sheng-cheng-qi-2","200
200
200
200
200
200
200
200
200
200
200
200
200
200
200
200
200
200
200
200
200
200
200
200
200
200
200
200
200
200
200",Some pages don't include hreflang links to all the other pages of the group,5057633309447319644,28,91
21,https://createmy-qr.com/vi/cong-cu-so-sanh,"Tạo Mã QR Miễn Phí Trực Tuyến - CreateMy-QR (No Signup) | Công cụ so sánh
Trình tạo mã QR types.compare - Miễn phí & Tùy chỉnh | CreateMy-QR
Công cụ so sánh | CreateMy-QR",text/html; charset=utf-8,false,200,0,true,"https://createmy-qr.com/ar/dwt-lmqrn
https://createmy-qr.com/bn/ttul-tulnaa-krun
https://createmy-qr.com/compare
https://createmy-qr.com/compare
https://createmy-qr.com/cs/nastroje-pro-porovnani
https://createmy-qr.com/da/sammenlign-vaerktojer
https://createmy-qr.com/de/tools-vergleichen
https://createmy-qr.com/el/ergaleia-sygkrisis
https://createmy-qr.com/es/comparar-herramientas
https://createmy-qr.com/fi/vertaa-tyokaluja
https://createmy-qr.com/fr/comparer-les-outils
https://createmy-qr.com/hi/ttuuls-kii-tulnaa-kren
https://createmy-qr.com/hu/eszkozok-osszehasonlitasa
https://createmy-qr.com/id/bandingkan-alat
https://createmy-qr.com/it/confronta-strumenti
https://createmy-qr.com/ja/bi-jiao-turu
https://createmy-qr.com/ko/dogu-bigyo
https://createmy-qr.com/ms/bandingkan-alat
https://createmy-qr.com/nl/hulpmiddelen-vergelijken
https://createmy-qr.com/no/sammenlign-verktoy
https://createmy-qr.com/pl/porownaj-narzedzia
https://createmy-qr.com/pt/comparar-ferramentas
https://createmy-qr.com/ro/instrumente-de-comparare
https://createmy-qr.com/ru/sravnit-instrumenty
https://createmy-qr.com/sv/jamfor-verktyg
https://createmy-qr.com/th/epriiybethiiybekhruue-ngmuue
https://createmy-qr.com/tl/paghambingin-ang-mga-tool
https://createmy-qr.com/tr/araclari-karsilastir
https://createmy-qr.com/uk/instrumenti-porivnyannya
https://createmy-qr.com/vi/cong-cu-so-sanh
https://createmy-qr.com/zh/bi-jiao-gong-ju","200
200
200
200
200
200
200
200
200
200
200
200
200
200
200
200
200
200
200
200
200
200
200
200
200
200
200
200
200
200
200",Some pages don't include hreflang links to all the other pages of the group,625790584758697065,28,91
21,https://createmy-qr.com/nl/gratis-qr-code-generator-online,"Gratis barcodegenerator online - Maak 1D-streepjescodes
types.barcode QR-codegenerator - gratis en aangepast | CreateMy-QR
barcode - Gratis QR Code Generator Online - CreateMy-QR",text/html; charset=utf-8,false,200,0,true,"https://createmy-qr.com/ar/mwld-rmz-lstjb-lsryaa-mjny
https://createmy-qr.com/barcode-generator
https://createmy-qr.com/barcode-generator
https://createmy-qr.com/bn/phri-anlaain-kiuaar-kodd-jenaarettr
https://createmy-qr.com/cs/zdarma-online-generator-qr-kodu
https://createmy-qr.com/da/gratis-qr-kode-generator-online
https://createmy-qr.com/de/kostenloser-qr-code-generator-online
https://createmy-qr.com/el/dorean-dimioyrgia-qr-code-online
https://createmy-qr.com/es/generador-de-codigos-qr-gratis-online
https://createmy-qr.com/fi/ilmainen-qr-koodigeneraattori-netissa
https://createmy-qr.com/fr/generateur-de-code-qr-gratuit-en-ligne
https://createmy-qr.com/hi/muph-t-onnlaain-kyuuaar-kodd-jnrettr
https://createmy-qr.com/hu/ingyenes-online-qr-kod-generator
https://createmy-qr.com/id/generator-qr-code-gratis-online
https://createmy-qr.com/it/generatore-di-codici-qr-gratis-online
https://createmy-qr.com/ja/wu-liao-qrkodozuo-cheng-zienereta
https://createmy-qr.com/ko/muryo-onrain-qr-kodeu-saengseonggi
https://createmy-qr.com/ms/penjana-kod-qr-percuma-dalam-talian
https://createmy-qr.com/nl/gratis-qr-code-generator-online
https://createmy-qr.com/no/gratis-qr-kode-generator-online
https://createmy-qr.com/pl/darmowy-generator-kodow-qr-online
https://createmy-qr.com/pt/gerador-de-codigo-qr-gratis-online
https://createmy-qr.com/ro/generator-de-coduri-qr-gratuit-online
https://createmy-qr.com/ru/besplatnyy-generator-qr-kodov-onlayn
https://createmy-qr.com/sv/gratis-qr-kod-generator-online
https://createmy-qr.com/th/ekhruue-ngmuue-sraangkhiw-aarokhd-nailnfrii
https://createmy-qr.com/tl/libreng-online-qr-code-generator
https://createmy-qr.com/tr/ucretsiz-cevrimici-qr-kod-olusturucu
https://createmy-qr.com/uk/bezkoshtovniy-generator-qr-kodiv-onlayn
https://createmy-qr.com/vi/tao-ma-qr-mien-phi-truc-tuyen
https://createmy-qr.com/zh/mian-fei-zai-xian-er-wei-ma-sheng-cheng-qi","200
200
200
200
200
200
200
200
200
200
200
200
200
200
200
200
200
200
200
200
200
200
200
200
200
200
200
200
200
200
200",Some pages don't include hreflang links to all the other pages of the group,8617637658849271563,28,91
21,https://createmy-qr.com/pl/darmowy-generator-kodow-qr-online-2,"Bezpłatny skaner kodów QR online — natychmiastowe skanowanie kodów QR
Generator kodów QR types.scanqr — bezpłatny i niestandardowy | CreateMy-QR
scanqr - Darmowy Generator Kodów QR Online - CreateMy-QR",text/html; charset=utf-8,false,200,0,true,"https://createmy-qr.com/ar/mwld-rmz-lstjb-lsryaa-mjny-2
https://createmy-qr.com/bn/phri-anlaain-kiuaar-kodd-jenaarettr-2
https://createmy-qr.com/cs/zdarma-online-generator-qr-kodu-2
https://createmy-qr.com/da/gratis-qr-kode-generator-online-2
https://createmy-qr.com/de/kostenloser-qr-code-generator-online-2
https://createmy-qr.com/el/dorean-dimioyrgia-qr-code-online-2
https://createmy-qr.com/es/generador-de-codigos-qr-gratis-online-2
https://createmy-qr.com/fi/ilmainen-qr-koodigeneraattori-netissa-2
https://createmy-qr.com/fr/generateur-de-code-qr-gratuit-en-ligne-2
https://createmy-qr.com/hi/muph-t-onnlaain-kyuuaar-kodd-jnrettr-2
https://createmy-qr.com/hu/ingyenes-online-qr-kod-generator-2
https://createmy-qr.com/id/generator-qr-code-gratis-online-2
https://createmy-qr.com/it/generatore-di-codici-qr-gratis-online-2
https://createmy-qr.com/ja/wu-liao-qrkodozuo-cheng-zienereta-2
https://createmy-qr.com/ko/muryo-onrain-qr-kodeu-saengseonggi-2
https://createmy-qr.com/ms/penjana-kod-qr-percuma-dalam-talian-2
https://createmy-qr.com/nl/gratis-qr-code-generator-online-2
https://createmy-qr.com/no/gratis-qr-kode-generator-online-2
https://createmy-qr.com/pl/darmowy-generator-kodow-qr-online-2
https://createmy-qr.com/pt/gerador-de-codigo-qr-gratis-online-2
https://createmy-qr.com/ro/generator-de-coduri-qr-gratuit-online-2
https://createmy-qr.com/ru/besplatnyy-generator-qr-kodov-onlayn-2
https://createmy-qr.com/scan-qr
https://createmy-qr.com/scan-qr
https://createmy-qr.com/sv/gratis-qr-kod-generator-online-2
https://createmy-qr.com/th/ekhruue-ngmuue-sraangkhiw-aarokhd-nailnfrii-2
https://createmy-qr.com/tl/libreng-online-qr-code-generator-2
https://createmy-qr.com/tr/ucretsiz-cevrimici-qr-kod-olusturucu-2
https://createmy-qr.com/uk/bezkoshtovniy-generator-qr-kodiv-onlayn-2
https://createmy-qr.com/vi/tao-ma-qr-mien-phi-truc-tuyen-2
https://createmy-qr.com/zh/mian-fei-zai-xian-er-wei-ma-sheng-cheng-qi-2","200
200
200
200
200
200
200
200
200
200
200
200
200
200
200
200
200
200
200
200
200
200
200
200
200
200
200
200
200
200
200",Some pages don't include hreflang links to all the other pages of the group,5057633309447319644,28,91
21,https://createmy-qr.com/fr/lecteur-de-codes-a-barres-generateur-de-code-qr-gratuit-en-ligne,"Scanner de codes-barres gratuit en ligne - Scannez UPC et EAN
Générateur de code QR Lecteur de codes à barres - Gratuit et personnalisé | CreateMy-QR
Lecteur de codes à barres - Générateur de Code QR Gratuit en Ligne - CreateMy-QR",text/html; charset=utf-8,false,200,0,true,"https://createmy-qr.com/ar/msh-lbrkwd-mwld-rmz-lstjb-lsryaa-mjny
https://createmy-qr.com/bn/baarkodd-skyaanaar-phri-anlaain-kiuaar-kodd-jenaarettr
https://createmy-qr.com/cs/skener-carovych-kodu-zdarma-online-generator-qr-kodu
https://createmy-qr.com/da/stregkodescanner-gratis-qr-kode-generator-online
https://createmy-qr.com/de/barcode-scanner-kostenloser-qr-code-generator-online
https://createmy-qr.com/el/barcode-scanner-dorean-dimioyrgia-qr-code-online
https://createmy-qr.com/es/escaner-de-codigo-de-barras-generador-de-codigos-qr-gratis-online
https://createmy-qr.com/fi/viivakoodinlukija-ilmainen-qr-koodigeneraattori-netissa
https://createmy-qr.com/fr/lecteur-de-codes-a-barres-generateur-de-code-qr-gratuit-en-ligne
https://createmy-qr.com/hi/baarkodd-skainr-muph-t-onnlaain-kyuuaar-kodd-jnrettr
https://createmy-qr.com/hu/ingyenes-online-qr-kod-generator-3
https://createmy-qr.com/id/pemindai-kode-batang-generator-qr-code-gratis-online
https://createmy-qr.com/it/lettore-di-codici-a-barre-generatore-di-codici-qr-gratis-online
https://createmy-qr.com/ja/bakodosukiyana-wu-liao-qrkodozuo-cheng-zienereta
https://createmy-qr.com/ko/bakodeu-seukaeneo-muryo-onrain-qr-kodeu-saengseonggi
https://createmy-qr.com/ms/pengimbas-kod-bar-penjana-kod-qr-percuma-dalam-talian
https://createmy-qr.com/nl/barcodescanner-gratis-qr-code-generator-online
https://createmy-qr.com/no/strekkodeskanner-gratis-qr-kode-generator-online
https://createmy-qr.com/pl/skaner-kodow-kreskowych-darmowy-generator-kodow-qr-online
https://createmy-qr.com/pt/leitor-de-codigo-de-barras-gerador-de-codigo-qr-gratis-online
https://createmy-qr.com/ro/generator-de-coduri-qr-gratuit-online-3
https://createmy-qr.com/ru/skaner-shtrih-koda-besplatnyy-generator-qr-kodov-onlayn
https://createmy-qr.com/scan-barcode
https://createmy-qr.com/scan-barcode
https://createmy-qr.com/sv/streckkodslasare-gratis-qr-kod-generator-online
https://createmy-qr.com/th/ekhruue-ngsaeknbaarokhd-ekhruue-ngmuue-sraangkhiw-aarokhd-nailnfrii
https://createmy-qr.com/tl/barcode-scanner-libreng-online-qr-code-generator
https://createmy-qr.com/tr/barkod-tarayici-ucretsiz-cevrimici-qr-kod-olusturucu
https://createmy-qr.com/uk/skaner-shtrih-kodiv-bezkoshtovniy-generator-qr-kodiv-onlayn
https://createmy-qr.com/vi/may-quet-ma-vach-tao-ma-qr-mien-phi-truc-tuyen
https://createmy-qr.com/zh/tiao-ma-sao-miao-yi-mian-fei-zai-xian-er-wei-ma-sheng-cheng-qi","200
200
200
200
200
200
200
200
200
200
200
200
200
200
200
200
200
200
200
200
200
200
200
200
200
200
200
200
200
200
200",Some pages don't include hreflang links to all the other pages of the group,14730038909064693129,28,91
21,https://createmy-qr.com/bn/prissebaar-shrtaablii,"ফ্রি অনলাইন কিউআর কোড জেনারেটর - CreateMy-QR (No Signup) | পরিষেবার শর্তাবলী
types.terms QR কোড জেনারেটর - বিনামূল্যে এবং কাস্টম | CreateMy-QR
পরিষেবার শর্তাবলী | CreateMy-QR",text/html; charset=utf-8,false,200,0,true,"https://createmy-qr.com/ar/shrwt-lkhdm
https://createmy-qr.com/bn/prissebaar-shrtaablii
https://createmy-qr.com/cs/podminky-sluzby
https://createmy-qr.com/da/servicevilkar
https://createmy-qr.com/de/nutzungsbedingungen
https://createmy-qr.com/el/oroi-parohis-ypiresion
https://createmy-qr.com/es/terminos-de-servicio
https://createmy-qr.com/fi/palveluehdot
https://createmy-qr.com/fr/conditions-d-utilisation
https://createmy-qr.com/hi/sevaa-kii-shrten
https://createmy-qr.com/hu/szolgaltatasi-feltetelek
https://createmy-qr.com/id/ketentuan-layanan
https://createmy-qr.com/it/termini-di-servizio
https://createmy-qr.com/ja/li-yong-gui-yue
https://createmy-qr.com/ko/seobiseu-yaggwan
https://createmy-qr.com/ms/syarat-perkhidmatan
https://createmy-qr.com/nl/servicevoorwaarden
https://createmy-qr.com/no/vilkar-for-bruk
https://createmy-qr.com/pl/warunki-swiadczenia-uslug
https://createmy-qr.com/pt/termos-de-servico
https://createmy-qr.com/ro/termeni-si-conditii
https://createmy-qr.com/ru/usloviya-obsluzhivaniya
https://createmy-qr.com/sv/anvandarvillkor
https://createmy-qr.com/terms
https://createmy-qr.com/terms
https://createmy-qr.com/th/kh-kamhndainkaaraihbrikaar
https://createmy-qr.com/tl/mga-tuntunin-ng-serbisyo
https://createmy-qr.com/tr/hizmet-sartlari
https://createmy-qr.com/uk/umovi-nadannya-poslug
https://createmy-qr.com/vi/dieu-khoan-dich-vu
https://createmy-qr.com/zh/fu-wu-tiao-kuan","200
200
200
200
200
200
200
200
200
200
200
200
200
200
200
200
200
200
200
200
200
200
200
200
200
200
200
200
200
200
200",Some pages don't include hreflang links to all the other pages of the group,11872068519236183580,28,91
21,https://createmy-qr.com/fi/ilmainen-qr-koodigeneraattori-netissa-2,"Ilmainen QR-koodinlukija verkossa - Skannaa QR-koodi heti
types.scanqr QR-koodigeneraattori - ilmainen ja räätälöity | CreateMy-QR
scanqr - Ilmainen QR-koodigeneraattori Netissä - CreateMy-QR",text/html; charset=utf-8,false,200,0,true,"https://createmy-qr.com/ar/mwld-rmz-lstjb-lsryaa-mjny-2
https://createmy-qr.com/bn/phri-anlaain-kiuaar-kodd-jenaarettr-2
https://createmy-qr.com/cs/zdarma-online-generator-qr-kodu-2
https://createmy-qr.com/da/gratis-qr-kode-generator-online-2
https://createmy-qr.com/de/kostenloser-qr-code-generator-online-2
https://createmy-qr.com/el/dorean-dimioyrgia-qr-code-online-2
https://createmy-qr.com/es/generador-de-codigos-qr-gratis-online-2
https://createmy-qr.com/fi/ilmainen-qr-koodigeneraattori-netissa-2
https://createmy-qr.com/fr/generateur-de-code-qr-gratuit-en-ligne-2
https://createmy-qr.com/hi/muph-t-onnlaain-kyuuaar-kodd-jnrettr-2
https://createmy-qr.com/hu/ingyenes-online-qr-kod-generator-2
https://createmy-qr.com/id/generator-qr-code-gratis-online-2
https://createmy-qr.com/it/generatore-di-codici-qr-gratis-online-2
https://createmy-qr.com/ja/wu-liao-qrkodozuo-cheng-zienereta-2
https://createmy-qr.com/ko/muryo-onrain-qr-kodeu-saengseonggi-2
https://createmy-qr.com/ms/penjana-kod-qr-percuma-dalam-talian-2
https://createmy-qr.com/nl/gratis-qr-code-generator-online-2
https://createmy-qr.com/no/gratis-qr-kode-generator-online-2
https://createmy-qr.com/pl/darmowy-generator-kodow-qr-online-2
https://createmy-qr.com/pt/gerador-de-codigo-qr-gratis-online-2
https://createmy-qr.com/ro/generator-de-coduri-qr-gratuit-online-2
https://createmy-qr.com/ru/besplatnyy-generator-qr-kodov-onlayn-2
https://createmy-qr.com/scan-qr
https://createmy-qr.com/scan-qr
https://createmy-qr.com/sv/gratis-qr-kod-generator-online-2
https://createmy-qr.com/th/ekhruue-ngmuue-sraangkhiw-aarokhd-nailnfrii-2
https://createmy-qr.com/tl/libreng-online-qr-code-generator-2
https://createmy-qr.com/tr/ucretsiz-cevrimici-qr-kod-olusturucu-2
https://createmy-qr.com/uk/bezkoshtovniy-generator-qr-kodiv-onlayn-2
https://createmy-qr.com/vi/tao-ma-qr-mien-phi-truc-tuyen-2
https://createmy-qr.com/zh/mian-fei-zai-xian-er-wei-ma-sheng-cheng-qi-2","200
200
200
200
200
200
200
200
200
200
200
200
200
200
200
200
200
200
200
200
200
200
200
200
200
200
200
200
200
200
200",Some pages don't include hreflang links to all the other pages of the group,5057633309447319644,28,91
21,https://createmy-qr.com/vi/tao-ma-qr-mien-phi-truc-tuyen-2,"Máy quét mã QR trực tuyến miễn phí - Quét QR ngay lập tức
Trình tạo mã QR types.scanqr - Miễn phí & Tùy chỉnh | CreateMy-QR
scanqr - Tạo Mã QR Miễn Phí Trực Tuyến - CreateMy-QR",text/html; charset=utf-8,false,200,0,true,"https://createmy-qr.com/ar/mwld-rmz-lstjb-lsryaa-mjny-2
https://createmy-qr.com/bn/phri-anlaain-kiuaar-kodd-jenaarettr-2
https://createmy-qr.com/cs/zdarma-online-generator-qr-kodu-2
https://createmy-qr.com/da/gratis-qr-kode-generator-online-2
https://createmy-qr.com/de/kostenloser-qr-code-generator-online-2
https://createmy-qr.com/el/dorean-dimioyrgia-qr-code-online-2
https://createmy-qr.com/es/generador-de-codigos-qr-gratis-online-2
https://createmy-qr.com/fi/ilmainen-qr-koodigeneraattori-netissa-2
https://createmy-qr.com/fr/generateur-de-code-qr-gratuit-en-ligne-2
https://createmy-qr.com/hi/muph-t-onnlaain-kyuuaar-kodd-jnrettr-2
https://createmy-qr.com/hu/ingyenes-online-qr-kod-generator-2
https://createmy-qr.com/id/generator-qr-code-gratis-online-2
https://createmy-qr.com/it/generatore-di-codici-qr-gratis-online-2
https://createmy-qr.com/ja/wu-liao-qrkodozuo-cheng-zienereta-2
https://createmy-qr.com/ko/muryo-onrain-qr-kodeu-saengseonggi-2
https://createmy-qr.com/ms/penjana-kod-qr-percuma-dalam-talian-2
https://createmy-qr.com/nl/gratis-qr-code-generator-online-2
https://createmy-qr.com/no/gratis-qr-kode-generator-online-2
https://createmy-qr.com/pl/darmowy-generator-kodow-qr-online-2
https://createmy-qr.com/pt/gerador-de-codigo-qr-gratis-online-2
https://createmy-qr.com/ro/generator-de-coduri-qr-gratuit-online-2
https://createmy-qr.com/ru/besplatnyy-generator-qr-kodov-onlayn-2
https://createmy-qr.com/scan-qr
https://createmy-qr.com/scan-qr
https://createmy-qr.com/sv/gratis-qr-kod-generator-online-2
https://createmy-qr.com/th/ekhruue-ngmuue-sraangkhiw-aarokhd-nailnfrii-2
https://createmy-qr.com/tl/libreng-online-qr-code-generator-2
https://createmy-qr.com/tr/ucretsiz-cevrimici-qr-kod-olusturucu-2
https://createmy-qr.com/uk/bezkoshtovniy-generator-qr-kodiv-onlayn-2
https://createmy-qr.com/vi/tao-ma-qr-mien-phi-truc-tuyen-2
https://createmy-qr.com/zh/mian-fei-zai-xian-er-wei-ma-sheng-cheng-qi-2","200
200
200
200
200
200
200
200
200
200
200
200
200
200
200
200
200
200
200
200
200
200
200
200
200
200
200
200
200
200
200",Some pages don't include hreflang links to all the other pages of the group,5057633309447319644,28,91
21,https://createmy-qr.com/es/comparar-herramientas,"Generador de Códigos QR Gratis Online - CreateMy-QR (No Signup) | Comparar herramientas
Generador de códigos QR types.compare: gratuito y personalizado | CreateMy-QR
Comparar herramientas | CreateMy-QR",text/html; charset=utf-8,false,200,0,true,"https://createmy-qr.com/ar/dwt-lmqrn
https://createmy-qr.com/bn/ttul-tulnaa-krun
https://createmy-qr.com/compare
https://createmy-qr.com/compare
https://createmy-qr.com/cs/nastroje-pro-porovnani
https://createmy-qr.com/da/sammenlign-vaerktojer
https://createmy-qr.com/de/tools-vergleichen
https://createmy-qr.com/el/ergaleia-sygkrisis
https://createmy-qr.com/es/comparar-herramientas
https://createmy-qr.com/fi/vertaa-tyokaluja
https://createmy-qr.com/fr/comparer-les-outils
https://createmy-qr.com/hi/ttuuls-kii-tulnaa-kren
https://createmy-qr.com/hu/eszkozok-osszehasonlitasa
https://createmy-qr.com/id/bandingkan-alat
https://createmy-qr.com/it/confronta-strumenti
https://createmy-qr.com/ja/bi-jiao-turu
https://createmy-qr.com/ko/dogu-bigyo
https://createmy-qr.com/ms/bandingkan-alat
https://createmy-qr.com/nl/hulpmiddelen-vergelijken
https://createmy-qr.com/no/sammenlign-verktoy
https://createmy-qr.com/pl/porownaj-narzedzia
https://createmy-qr.com/pt/comparar-ferramentas
https://createmy-qr.com/ro/instrumente-de-comparare
https://createmy-qr.com/ru/sravnit-instrumenty
https://createmy-qr.com/sv/jamfor-verktyg
https://createmy-qr.com/th/epriiybethiiybekhruue-ngmuue
https://createmy-qr.com/tl/paghambingin-ang-mga-tool
https://createmy-qr.com/tr/araclari-karsilastir
https://createmy-qr.com/uk/instrumenti-porivnyannya
https://createmy-qr.com/vi/cong-cu-so-sanh
https://createmy-qr.com/zh/bi-jiao-gong-ju","200
200
200
200
200
200
200
200
200
200
200
200
200
200
200
200
200
200
200
200
200
200
200
200
200
200
200
200
200
200
200",Some pages don't include hreflang links to all the other pages of the group,625790584758697065,28,91
21,https://createmy-qr.com/ro/generator-de-coduri-qr-gratuit-online-3,"Free Barcode Scanner Online - Scan UPC & EAN
Barcode Scanner QR Code Generator - Gratuit și personalizat | CreateMy-QR
scanbarcode - Generator de Coduri QR Gratuit Online - CreateMy-QR",text/html; charset=utf-8,false,200,0,true,"https://createmy-qr.com/ar/msh-lbrkwd-mwld-rmz-lstjb-lsryaa-mjny
https://createmy-qr.com/bn/baarkodd-skyaanaar-phri-anlaain-kiuaar-kodd-jenaarettr
https://createmy-qr.com/cs/skener-carovych-kodu-zdarma-online-generator-qr-kodu
https://createmy-qr.com/da/stregkodescanner-gratis-qr-kode-generator-online
https://createmy-qr.com/de/barcode-scanner-kostenloser-qr-code-generator-online
https://createmy-qr.com/el/barcode-scanner-dorean-dimioyrgia-qr-code-online
https://createmy-qr.com/es/escaner-de-codigo-de-barras-generador-de-codigos-qr-gratis-online
https://createmy-qr.com/fi/viivakoodinlukija-ilmainen-qr-koodigeneraattori-netissa
https://createmy-qr.com/fr/lecteur-de-codes-a-barres-generateur-de-code-qr-gratuit-en-ligne
https://createmy-qr.com/hi/baarkodd-skainr-muph-t-onnlaain-kyuuaar-kodd-jnrettr
https://createmy-qr.com/hu/ingyenes-online-qr-kod-generator-3
https://createmy-qr.com/id/pemindai-kode-batang-generator-qr-code-gratis-online
https://createmy-qr.com/it/lettore-di-codici-a-barre-generatore-di-codici-qr-gratis-online
https://createmy-qr.com/ja/bakodosukiyana-wu-liao-qrkodozuo-cheng-zienereta
https://createmy-qr.com/ko/bakodeu-seukaeneo-muryo-onrain-qr-kodeu-saengseonggi
https://createmy-qr.com/ms/pengimbas-kod-bar-penjana-kod-qr-percuma-dalam-talian
https://createmy-qr.com/nl/barcodescanner-gratis-qr-code-generator-online
https://createmy-qr.com/no/strekkodeskanner-gratis-qr-kode-generator-online
https://createmy-qr.com/pl/skaner-kodow-kreskowych-darmowy-generator-kodow-qr-online
https://createmy-qr.com/pt/leitor-de-codigo-de-barras-gerador-de-codigo-qr-gratis-online
https://createmy-qr.com/ro/generator-de-coduri-qr-gratuit-online-3
https://createmy-qr.com/ru/skaner-shtrih-koda-besplatnyy-generator-qr-kodov-onlayn
https://createmy-qr.com/scan-barcode
https://createmy-qr.com/scan-barcode
https://createmy-qr.com/sv/streckkodslasare-gratis-qr-kod-generator-online
https://createmy-qr.com/th/ekhruue-ngsaeknbaarokhd-ekhruue-ngmuue-sraangkhiw-aarokhd-nailnfrii
https://createmy-qr.com/tl/barcode-scanner-libreng-online-qr-code-generator
https://createmy-qr.com/tr/barkod-tarayici-ucretsiz-cevrimici-qr-kod-olusturucu
https://createmy-qr.com/uk/skaner-shtrih-kodiv-bezkoshtovniy-generator-qr-kodiv-onlayn
https://createmy-qr.com/vi/may-quet-ma-vach-tao-ma-qr-mien-phi-truc-tuyen
https://createmy-qr.com/zh/tiao-ma-sao-miao-yi-mian-fei-zai-xian-er-wei-ma-sheng-cheng-qi","200
200
200
200
200
200
200
200
200
200
200
200
200
200
200
200
200
200
200
200
200
200
200
200
200
200
200
200
200
200
200",Some pages don't include hreflang links to all the other pages of the group,14730038909064693129,28,91
21,https://createmy-qr.com/tl/barcode-scanner-libreng-online-qr-code-generator,"Libreng Barcode Scanner Online - I-scan ang UPC at EAN
Barcode Scanner QR Code Generator - Libre at Custom | CreateMy-QR
Barcode Scanner - Libreng Online QR Code Generator - CreateMy-QR",text/html; charset=utf-8,false,200,0,true,"https://createmy-qr.com/ar/msh-lbrkwd-mwld-rmz-lstjb-lsryaa-mjny
https://createmy-qr.com/bn/baarkodd-skyaanaar-phri-anlaain-kiuaar-kodd-jenaarettr
https://createmy-qr.com/cs/skener-carovych-kodu-zdarma-online-generator-qr-kodu
https://createmy-qr.com/da/stregkodescanner-gratis-qr-kode-generator-online
https://createmy-qr.com/de/barcode-scanner-kostenloser-qr-code-generator-online
https://createmy-qr.com/el/barcode-scanner-dorean-dimioyrgia-qr-code-online
https://createmy-qr.com/es/escaner-de-codigo-de-barras-generador-de-codigos-qr-gratis-online
https://createmy-qr.com/fi/viivakoodinlukija-ilmainen-qr-koodigeneraattori-netissa
https://createmy-qr.com/fr/lecteur-de-codes-a-barres-generateur-de-code-qr-gratuit-en-ligne
https://createmy-qr.com/hi/baarkodd-skainr-muph-t-onnlaain-kyuuaar-kodd-jnrettr
https://createmy-qr.com/hu/ingyenes-online-qr-kod-generator-3
https://createmy-qr.com/id/pemindai-kode-batang-generator-qr-code-gratis-online
https://createmy-qr.com/it/lettore-di-codici-a-barre-generatore-di-codici-qr-gratis-online
https://createmy-qr.com/ja/bakodosukiyana-wu-liao-qrkodozuo-cheng-zienereta
https://createmy-qr.com/ko/bakodeu-seukaeneo-muryo-onrain-qr-kodeu-saengseonggi
https://createmy-qr.com/ms/pengimbas-kod-bar-penjana-kod-qr-percuma-dalam-talian
https://createmy-qr.com/nl/barcodescanner-gratis-qr-code-generator-online
https://createmy-qr.com/no/strekkodeskanner-gratis-qr-kode-generator-online
https://createmy-qr.com/pl/skaner-kodow-kreskowych-darmowy-generator-kodow-qr-online
https://createmy-qr.com/pt/leitor-de-codigo-de-barras-gerador-de-codigo-qr-gratis-online
https://createmy-qr.com/ro/generator-de-coduri-qr-gratuit-online-3
https://createmy-qr.com/ru/skaner-shtrih-koda-besplatnyy-generator-qr-kodov-onlayn
https://createmy-qr.com/scan-barcode
https://createmy-qr.com/scan-barcode
https://createmy-qr.com/sv/streckkodslasare-gratis-qr-kod-generator-online
https://createmy-qr.com/th/ekhruue-ngsaeknbaarokhd-ekhruue-ngmuue-sraangkhiw-aarokhd-nailnfrii
https://createmy-qr.com/tl/barcode-scanner-libreng-online-qr-code-generator
https://createmy-qr.com/tr/barkod-tarayici-ucretsiz-cevrimici-qr-kod-olusturucu
https://createmy-qr.com/uk/skaner-shtrih-kodiv-bezkoshtovniy-generator-qr-kodiv-onlayn
https://createmy-qr.com/vi/may-quet-ma-vach-tao-ma-qr-mien-phi-truc-tuyen
https://createmy-qr.com/zh/tiao-ma-sao-miao-yi-mian-fei-zai-xian-er-wei-ma-sheng-cheng-qi","200
200
200
200
200
200
200
200
200
200
200
200
200
200
200
200
200
200
200
200
200
200
200
200
200
200
200
200
200
200
200",Some pages don't include hreflang links to all the other pages of the group,14730038909064693129,28,91
21,https://createmy-qr.com/bn/gopniiy-taa-niiti,"ফ্রি অনলাইন কিউআর কোড জেনারেটর - CreateMy-QR (No Signup) | গোপনীয়তা নীতি
types.privacy QR কোড জেনারেটর - বিনামূল্যে এবং কাস্টম | CreateMy-QR
গোপনীয়তা নীতি | CreateMy-QR",text/html; charset=utf-8,false,200,0,true,"https://createmy-qr.com/ar/sys-lkhswsy
https://createmy-qr.com/bn/gopniiy-taa-niiti
https://createmy-qr.com/cs/zasady-ochrany-osobnich-udaju
https://createmy-qr.com/da/privatlivspolitik
https://createmy-qr.com/de/datenschutzrichtlinie
https://createmy-qr.com/el/politiki-aporritoy
https://createmy-qr.com/es/politica-de-privacidad
https://createmy-qr.com/fi/tietosuojakaytanto
https://createmy-qr.com/fr/politique-de-confidentialite
https://createmy-qr.com/hi/gopniiytaa-niiti
https://createmy-qr.com/hu/adatvedelmi-szabalyzat
https://createmy-qr.com/id/kebijakan-privasi
https://createmy-qr.com/it/informativa-sulla-privacy
https://createmy-qr.com/ja/puraibasi-porisi
https://createmy-qr.com/ko/gaein-jeongbo-boho-jeongcaeg
https://createmy-qr.com/ms/dasar-privasi
https://createmy-qr.com/nl/privacybeleid
https://createmy-qr.com/no/personvernerklaering
https://createmy-qr.com/pl/polityka-prywatnosci
https://createmy-qr.com/privacy
https://createmy-qr.com/privacy
https://createmy-qr.com/pt/politica-de-privacidade
https://createmy-qr.com/ro/politica-de-confidentialitate
https://createmy-qr.com/ru/politika-konfidencialnosti
https://createmy-qr.com/sv/sekretesspolicy
https://createmy-qr.com/th/noybaaykhwaamepnswntaw
https://createmy-qr.com/tl/patakaran-sa-privacy
https://createmy-qr.com/tr/gizlilik-politikasi
https://createmy-qr.com/uk/politika-konfidenciynosti
https://createmy-qr.com/vi/chinh-sach-bao-mat
https://createmy-qr.com/zh/yin-si-zheng-ce","200
200
200
200
200
200
200
200
200
200
200
200
200
200
200
200
200
200
200
200
200
200
200
200
200
200
200
200
200
200
200",Some pages don't include hreflang links to all the other pages of the group,11074429451265500583,28,91
21,https://createmy-qr.com/zh/yin-si-zheng-ce,"免费在线二维码生成器 - CreateMy-QR (No Signup) | 隐私政策
types.privacy QR 代码生成器 - 免费和自定义 | CreateMy-QR
隐私政策 | CreateMy-QR",text/html; charset=utf-8,false,200,0,true,"https://createmy-qr.com/ar/sys-lkhswsy
https://createmy-qr.com/bn/gopniiy-taa-niiti
https://createmy-qr.com/cs/zasady-ochrany-osobnich-udaju
https://createmy-qr.com/da/privatlivspolitik
https://createmy-qr.com/de/datenschutzrichtlinie
https://createmy-qr.com/el/politiki-aporritoy
https://createmy-qr.com/es/politica-de-privacidad
https://createmy-qr.com/fi/tietosuojakaytanto
https://createmy-qr.com/fr/politique-de-confidentialite
https://createmy-qr.com/hi/gopniiytaa-niiti
https://createmy-qr.com/hu/adatvedelmi-szabalyzat
https://createmy-qr.com/id/kebijakan-privasi
https://createmy-qr.com/it/informativa-sulla-privacy
https://createmy-qr.com/ja/puraibasi-porisi
https://createmy-qr.com/ko/gaein-jeongbo-boho-jeongcaeg
https://createmy-qr.com/ms/dasar-privasi
https://createmy-qr.com/nl/privacybeleid
https://createmy-qr.com/no/personvernerklaering
https://createmy-qr.com/pl/polityka-prywatnosci
https://createmy-qr.com/privacy
https://createmy-qr.com/privacy
https://createmy-qr.com/pt/politica-de-privacidade
https://createmy-qr.com/ro/politica-de-confidentialitate
https://createmy-qr.com/ru/politika-konfidencialnosti
https://createmy-qr.com/sv/sekretesspolicy
https://createmy-qr.com/th/noybaaykhwaamepnswntaw
https://createmy-qr.com/tl/patakaran-sa-privacy
https://createmy-qr.com/tr/gizlilik-politikasi
https://createmy-qr.com/uk/politika-konfidenciynosti
https://createmy-qr.com/vi/chinh-sach-bao-mat
https://createmy-qr.com/zh/yin-si-zheng-ce","200
200
200
200
200
200
200
200
200
200
200
200
200
200
200
200
200
200
200
200
200
200
200
200
200
200
200
200
200
200
200",Some pages don't include hreflang links to all the other pages of the group,11074429451265500583,28,91
21,https://createmy-qr.com/sv/gratis-qr-kod-generator-online-2,"Gratis QR-kodskanner online - Skanna QR direkt
types.scanqr QR Code Generator - Gratis & anpassad | CreateMy-QR
scanqr - Gratis QR-kod Generator Online - CreateMy-QR",text/html; charset=utf-8,false,200,0,true,"https://createmy-qr.com/ar/mwld-rmz-lstjb-lsryaa-mjny-2
https://createmy-qr.com/bn/phri-anlaain-kiuaar-kodd-jenaarettr-2
https://createmy-qr.com/cs/zdarma-online-generator-qr-kodu-2
https://createmy-qr.com/da/gratis-qr-kode-generator-online-2
https://createmy-qr.com/de/kostenloser-qr-code-generator-online-2
https://createmy-qr.com/el/dorean-dimioyrgia-qr-code-online-2
https://createmy-qr.com/es/generador-de-codigos-qr-gratis-online-2
https://createmy-qr.com/fi/ilmainen-qr-koodigeneraattori-netissa-2
https://createmy-qr.com/fr/generateur-de-code-qr-gratuit-en-ligne-2
https://createmy-qr.com/hi/muph-t-onnlaain-kyuuaar-kodd-jnrettr-2
https://createmy-qr.com/hu/ingyenes-online-qr-kod-generator-2
https://createmy-qr.com/id/generator-qr-code-gratis-online-2
https://createmy-qr.com/it/generatore-di-codici-qr-gratis-online-2
https://createmy-qr.com/ja/wu-liao-qrkodozuo-cheng-zienereta-2
https://createmy-qr.com/ko/muryo-onrain-qr-kodeu-saengseonggi-2
https://createmy-qr.com/ms/penjana-kod-qr-percuma-dalam-talian-2
https://createmy-qr.com/nl/gratis-qr-code-generator-online-2
https://createmy-qr.com/no/gratis-qr-kode-generator-online-2
https://createmy-qr.com/pl/darmowy-generator-kodow-qr-online-2
https://createmy-qr.com/pt/gerador-de-codigo-qr-gratis-online-2
https://createmy-qr.com/ro/generator-de-coduri-qr-gratuit-online-2
https://createmy-qr.com/ru/besplatnyy-generator-qr-kodov-onlayn-2
https://createmy-qr.com/scan-qr
https://createmy-qr.com/scan-qr
https://createmy-qr.com/sv/gratis-qr-kod-generator-online-2
https://createmy-qr.com/th/ekhruue-ngmuue-sraangkhiw-aarokhd-nailnfrii-2
https://createmy-qr.com/tl/libreng-online-qr-code-generator-2
https://createmy-qr.com/tr/ucretsiz-cevrimici-qr-kod-olusturucu-2
https://createmy-qr.com/uk/bezkoshtovniy-generator-qr-kodiv-onlayn-2
https://createmy-qr.com/vi/tao-ma-qr-mien-phi-truc-tuyen-2
https://createmy-qr.com/zh/mian-fei-zai-xian-er-wei-ma-sheng-cheng-qi-2","200
200
200
200
200
200
200
200
200
200
200
200
200
200
200
200
200
200
200
200
200
200
200
200
200
200
200
200
200
200
200",Some pages don't include hreflang links to all the other pages of the group,5057633309447319644,28,91
21,https://createmy-qr.com/ja/puraibasi-porisi,"無料QRコード作成・ジェネレーター - CreateMy-QR (No Signup) | プライバシー ポリシー
types.privacy QR コード ジェネレーター - 無料 & カスタム | CreateMy-QR
プライバシー ポリシー | CreateMy-QR",text/html; charset=utf-8,false,200,0,true,"https://createmy-qr.com/ar/sys-lkhswsy
https://createmy-qr.com/bn/gopniiy-taa-niiti
https://createmy-qr.com/cs/zasady-ochrany-osobnich-udaju
https://createmy-qr.com/da/privatlivspolitik
https://createmy-qr.com/de/datenschutzrichtlinie
https://createmy-qr.com/el/politiki-aporritoy
https://createmy-qr.com/es/politica-de-privacidad
https://createmy-qr.com/fi/tietosuojakaytanto
https://createmy-qr.com/fr/politique-de-confidentialite
https://createmy-qr.com/hi/gopniiytaa-niiti
https://createmy-qr.com/hu/adatvedelmi-szabalyzat
https://createmy-qr.com/id/kebijakan-privasi
https://createmy-qr.com/it/informativa-sulla-privacy
https://createmy-qr.com/ja/puraibasi-porisi
https://createmy-qr.com/ko/gaein-jeongbo-boho-jeongcaeg
https://createmy-qr.com/ms/dasar-privasi
https://createmy-qr.com/nl/privacybeleid
https://createmy-qr.com/no/personvernerklaering
https://createmy-qr.com/pl/polityka-prywatnosci
https://createmy-qr.com/privacy
https://createmy-qr.com/privacy
https://createmy-qr.com/pt/politica-de-privacidade
https://createmy-qr.com/ro/politica-de-confidentialitate
https://createmy-qr.com/ru/politika-konfidencialnosti
https://createmy-qr.com/sv/sekretesspolicy
https://createmy-qr.com/th/noybaaykhwaamepnswntaw
https://createmy-qr.com/tl/patakaran-sa-privacy
https://createmy-qr.com/tr/gizlilik-politikasi
https://createmy-qr.com/uk/politika-konfidenciynosti
https://createmy-qr.com/vi/chinh-sach-bao-mat
https://createmy-qr.com/zh/yin-si-zheng-ce","200
200
200
200
200
200
200
200
200
200
200
200
200
200
200
200
200
200
200
200
200
200
200
200
200
200
200
200
200
200
200",Some pages don't include hreflang links to all the other pages of the group,11074429451265500583,28,91
21,https://createmy-qr.com/pl/warunki-swiadczenia-uslug,"Darmowy Generator Kodów QR Online - CreateMy-QR (No Signup) | Warunki świadczenia usług
Generator kodów QR types.terms — bezpłatny i niestandardowy | CreateMy-QR
Warunki świadczenia usług | CreateMy-QR",text/html; charset=utf-8,false,200,0,true,"https://createmy-qr.com/ar/shrwt-lkhdm
https://createmy-qr.com/bn/prissebaar-shrtaablii
https://createmy-qr.com/cs/podminky-sluzby
https://createmy-qr.com/da/servicevilkar
https://createmy-qr.com/de/nutzungsbedingungen
https://createmy-qr.com/el/oroi-parohis-ypiresion
https://createmy-qr.com/es/terminos-de-servicio
https://createmy-qr.com/fi/palveluehdot
https://createmy-qr.com/fr/conditions-d-utilisation
https://createmy-qr.com/hi/sevaa-kii-shrten
https://createmy-qr.com/hu/szolgaltatasi-feltetelek
https://createmy-qr.com/id/ketentuan-layanan
https://createmy-qr.com/it/termini-di-servizio
https://createmy-qr.com/ja/li-yong-gui-yue
https://createmy-qr.com/ko/seobiseu-yaggwan
https://createmy-qr.com/ms/syarat-perkhidmatan
https://createmy-qr.com/nl/servicevoorwaarden
https://createmy-qr.com/no/vilkar-for-bruk
https://createmy-qr.com/pl/warunki-swiadczenia-uslug
https://createmy-qr.com/pt/termos-de-servico
https://createmy-qr.com/ro/termeni-si-conditii
https://createmy-qr.com/ru/usloviya-obsluzhivaniya
https://createmy-qr.com/sv/anvandarvillkor
https://createmy-qr.com/terms
https://createmy-qr.com/terms
https://createmy-qr.com/th/kh-kamhndainkaaraihbrikaar
https://createmy-qr.com/tl/mga-tuntunin-ng-serbisyo
https://createmy-qr.com/tr/hizmet-sartlari
https://createmy-qr.com/uk/umovi-nadannya-poslug
https://createmy-qr.com/vi/dieu-khoan-dich-vu
https://createmy-qr.com/zh/fu-wu-tiao-kuan","200
200
200
200
200
200
200
200
200
200
200
200
200
200
200
200
200
200
200
200
200
200
200
200
200
200
200
200
200
200
200",Some pages don't include hreflang links to all the other pages of the group,11872068519236183580,28,91
21,https://createmy-qr.com/uk/instrumenti-porivnyannya,"Безкоштовний Генератор QR-кодів Онлайн - CreateMy-QR (No Signup) | Інструменти порівняння
Генератор QR-коду types.compare – безкоштовний і користувацький | CreateMy-QR
Інструменти порівняння | CreateMy-QR",text/html; charset=utf-8,false,200,0,true,"https://createmy-qr.com/ar/dwt-lmqrn
https://createmy-qr.com/bn/ttul-tulnaa-krun
https://createmy-qr.com/compare
https://createmy-qr.com/compare
https://createmy-qr.com/cs/nastroje-pro-porovnani
https://createmy-qr.com/da/sammenlign-vaerktojer
https://createmy-qr.com/de/tools-vergleichen
https://createmy-qr.com/el/ergaleia-sygkrisis
https://createmy-qr.com/es/comparar-herramientas
https://createmy-qr.com/fi/vertaa-tyokaluja
https://createmy-qr.com/fr/comparer-les-outils
https://createmy-qr.com/hi/ttuuls-kii-tulnaa-kren
https://createmy-qr.com/hu/eszkozok-osszehasonlitasa
https://createmy-qr.com/id/bandingkan-alat
https://createmy-qr.com/it/confronta-strumenti
https://createmy-qr.com/ja/bi-jiao-turu
https://createmy-qr.com/ko/dogu-bigyo
https://createmy-qr.com/ms/bandingkan-alat
https://createmy-qr.com/nl/hulpmiddelen-vergelijken
https://createmy-qr.com/no/sammenlign-verktoy
https://createmy-qr.com/pl/porownaj-narzedzia
https://createmy-qr.com/pt/comparar-ferramentas
https://createmy-qr.com/ro/instrumente-de-comparare
https://createmy-qr.com/ru/sravnit-instrumenty
https://createmy-qr.com/sv/jamfor-verktyg
https://createmy-qr.com/th/epriiybethiiybekhruue-ngmuue
https://createmy-qr.com/tl/paghambingin-ang-mga-tool
https://createmy-qr.com/tr/araclari-karsilastir
https://createmy-qr.com/uk/instrumenti-porivnyannya
https://createmy-qr.com/vi/cong-cu-so-sanh
https://createmy-qr.com/zh/bi-jiao-gong-ju","200
200
200
200
200
200
200
200
200
200
200
200
200
200
200
200
200
200
200
200
200
200
200
200
200
200
200
200
200
200
200",Some pages don't include hreflang links to all the other pages of the group,625790584758697065,28,91
21,https://createmy-qr.com/da/servicevilkar,"Gratis QR Kode Generator Online - CreateMy-QR (No Signup) | Servicevilkår
types.terms QR Code Generator - Gratis og brugerdefineret | CreateMy-QR
Servicevilkår | CreateMy-QR",text/html; charset=utf-8,false,200,0,true,"https://createmy-qr.com/ar/shrwt-lkhdm
https://createmy-qr.com/bn/prissebaar-shrtaablii
https://createmy-qr.com/cs/podminky-sluzby
https://createmy-qr.com/da/servicevilkar
https://createmy-qr.com/de/nutzungsbedingungen
https://createmy-qr.com/el/oroi-parohis-ypiresion
https://createmy-qr.com/es/terminos-de-servicio
https://createmy-qr.com/fi/palveluehdot
https://createmy-qr.com/fr/conditions-d-utilisation
https://createmy-qr.com/hi/sevaa-kii-shrten
https://createmy-qr.com/hu/szolgaltatasi-feltetelek
https://createmy-qr.com/id/ketentuan-layanan
https://createmy-qr.com/it/termini-di-servizio
https://createmy-qr.com/ja/li-yong-gui-yue
https://createmy-qr.com/ko/seobiseu-yaggwan
https://createmy-qr.com/ms/syarat-perkhidmatan
https://createmy-qr.com/nl/servicevoorwaarden
https://createmy-qr.com/no/vilkar-for-bruk
https://createmy-qr.com/pl/warunki-swiadczenia-uslug
https://createmy-qr.com/pt/termos-de-servico
https://createmy-qr.com/ro/termeni-si-conditii
https://createmy-qr.com/ru/usloviya-obsluzhivaniya
https://createmy-qr.com/sv/anvandarvillkor
https://createmy-qr.com/terms
https://createmy-qr.com/terms
https://createmy-qr.com/th/kh-kamhndainkaaraihbrikaar
https://createmy-qr.com/tl/mga-tuntunin-ng-serbisyo
https://createmy-qr.com/tr/hizmet-sartlari
https://createmy-qr.com/uk/umovi-nadannya-poslug
https://createmy-qr.com/vi/dieu-khoan-dich-vu
https://createmy-qr.com/zh/fu-wu-tiao-kuan","200
200
200
200
200
200
200
200
200
200
200
200
200
200
200
200
200
200
200
200
200
200
200
200
200
200
200
200
200
200
200",Some pages don't include hreflang links to all the other pages of the group,11872068519236183580,28,91
21,https://createmy-qr.com/fi/meista,"Ilmainen QR-koodigeneraattori Netissä - CreateMy-QR (No Signup) | Meistä
types.about QR-koodigeneraattori - ilmainen ja räätälöity | CreateMy-QR
Meistä | CreateMy-QR",text/html; charset=utf-8,false,200,0,true,"https://createmy-qr.com/about
https://createmy-qr.com/about
https://createmy-qr.com/ar/mn-nhn
https://createmy-qr.com/bn/aamaader-smprke
https://createmy-qr.com/cs/o-nas
https://createmy-qr.com/da/om-os
https://createmy-qr.com/de/uber-uns
https://createmy-qr.com/el/shetika-me-emas
https://createmy-qr.com/es/sobre-nosotros
https://createmy-qr.com/fi/meista
https://createmy-qr.com/fr/a-propos-de-nous
https://createmy-qr.com/hi/hmaare-baare-men
https://createmy-qr.com/hu/rolunk
https://createmy-qr.com/id/tentang-kami
https://createmy-qr.com/it/chi-siamo
https://createmy-qr.com/ja/si-tatinituite
https://createmy-qr.com/ko/hoesa-sogae
https://createmy-qr.com/ms/mengenai-kami
https://createmy-qr.com/nl/over-ons
https://createmy-qr.com/no/om-oss
https://createmy-qr.com/pl/o-nas
https://createmy-qr.com/pt/sobre-nos
https://createmy-qr.com/ro/despre-noi
https://createmy-qr.com/ru/o-nas
https://createmy-qr.com/sv/om-oss
https://createmy-qr.com/th/ekiiywkaberaa
https://createmy-qr.com/tl/tungkol-sa-amin
https://createmy-qr.com/tr/hakkimizda
https://createmy-qr.com/uk/pro-nas
https://createmy-qr.com/vi/ve-chung-toi
https://createmy-qr.com/zh/guan-yu-wo-men","200
200
200
200
200
200
200
200
200
200
200
200
200
200
200
200
200
200
200
200
200
200
200
200
200
200
200
200
200
200
200",Some pages don't include hreflang links to all the other pages of the group,1484275197122503531,28,91
21,https://createmy-qr.com/fr/a-propos-de-nous,"Générateur de Code QR Gratuit en Ligne - CreateMy-QR (No Signup) | À propos de nous
Générateur de code QR types.about - Gratuit et personnalisé | CreateMy-QR
À propos de nous | CreateMy-QR",text/html; charset=utf-8,false,200,0,true,"https://createmy-qr.com/about
https://createmy-qr.com/about
https://createmy-qr.com/ar/mn-nhn
https://createmy-qr.com/bn/aamaader-smprke
https://createmy-qr.com/cs/o-nas
https://createmy-qr.com/da/om-os
https://createmy-qr.com/de/uber-uns
https://createmy-qr.com/el/shetika-me-emas
https://createmy-qr.com/es/sobre-nosotros
https://createmy-qr.com/fi/meista
https://createmy-qr.com/fr/a-propos-de-nous
https://createmy-qr.com/hi/hmaare-baare-men
https://createmy-qr.com/hu/rolunk
https://createmy-qr.com/id/tentang-kami
https://createmy-qr.com/it/chi-siamo
https://createmy-qr.com/ja/si-tatinituite
https://createmy-qr.com/ko/hoesa-sogae
https://createmy-qr.com/ms/mengenai-kami
https://createmy-qr.com/nl/over-ons
https://createmy-qr.com/no/om-oss
https://createmy-qr.com/pl/o-nas
https://createmy-qr.com/pt/sobre-nos
https://createmy-qr.com/ro/despre-noi
https://createmy-qr.com/ru/o-nas
https://createmy-qr.com/sv/om-oss
https://createmy-qr.com/th/ekiiywkaberaa
https://createmy-qr.com/tl/tungkol-sa-amin
https://createmy-qr.com/tr/hakkimizda
https://createmy-qr.com/uk/pro-nas
https://createmy-qr.com/vi/ve-chung-toi
https://createmy-qr.com/zh/guan-yu-wo-men","200
200
200
200
200
200
200
200
200
200
200
200
200
200
200
200
200
200
200
200
200
200
200
200
200
200
200
200
200
200
200",Some pages don't include hreflang links to all the other pages of the group,1484275197122503531,28,91
21,https://createmy-qr.com/zh/bi-jiao-gong-ju,"免费在线二维码生成器 - CreateMy-QR (No Signup) | 比较工具
types.compare QR 代码生成器 - 免费和自定义 | CreateMy-QR
比较工具 | CreateMy-QR",text/html; charset=utf-8,false,200,0,true,"https://createmy-qr.com/ar/dwt-lmqrn
https://createmy-qr.com/bn/ttul-tulnaa-krun
https://createmy-qr.com/compare
https://createmy-qr.com/compare
https://createmy-qr.com/cs/nastroje-pro-porovnani
https://createmy-qr.com/da/sammenlign-vaerktojer
https://createmy-qr.com/de/tools-vergleichen
https://createmy-qr.com/el/ergaleia-sygkrisis
https://createmy-qr.com/es/comparar-herramientas
https://createmy-qr.com/fi/vertaa-tyokaluja
https://createmy-qr.com/fr/comparer-les-outils
https://createmy-qr.com/hi/ttuuls-kii-tulnaa-kren
https://createmy-qr.com/hu/eszkozok-osszehasonlitasa
https://createmy-qr.com/id/bandingkan-alat
https://createmy-qr.com/it/confronta-strumenti
https://createmy-qr.com/ja/bi-jiao-turu
https://createmy-qr.com/ko/dogu-bigyo
https://createmy-qr.com/ms/bandingkan-alat
https://createmy-qr.com/nl/hulpmiddelen-vergelijken
https://createmy-qr.com/no/sammenlign-verktoy
https://createmy-qr.com/pl/porownaj-narzedzia
https://createmy-qr.com/pt/comparar-ferramentas
https://createmy-qr.com/ro/instrumente-de-comparare
https://createmy-qr.com/ru/sravnit-instrumenty
https://createmy-qr.com/sv/jamfor-verktyg
https://createmy-qr.com/th/epriiybethiiybekhruue-ngmuue
https://createmy-qr.com/tl/paghambingin-ang-mga-tool
https://createmy-qr.com/tr/araclari-karsilastir
https://createmy-qr.com/uk/instrumenti-porivnyannya
https://createmy-qr.com/vi/cong-cu-so-sanh
https://createmy-qr.com/zh/bi-jiao-gong-ju","200
200
200
200
200
200
200
200
200
200
200
200
200
200
200
200
200
200
200
200
200
200
200
200
200
200
200
200
200
200
200",Some pages don't include hreflang links to all the other pages of the group,625790584758697065,28,91
21,https://createmy-qr.com/hi/sevaa-kii-shrten,"मुफ़्त ऑनलाइन क्यूआर कोड जनरेटर - CreateMy-QR (No Signup) | सेवा की शर्तें
types.terms QR कोड जेनरेटर - मुफ़्त और कस्टम | CreateMy-QR
सेवा की शर्तें | CreateMy-QR",text/html; charset=utf-8,false,200,0,true,"https://createmy-qr.com/ar/shrwt-lkhdm
https://createmy-qr.com/bn/prissebaar-shrtaablii
https://createmy-qr.com/cs/podminky-sluzby
https://createmy-qr.com/da/servicevilkar
https://createmy-qr.com/de/nutzungsbedingungen
https://createmy-qr.com/el/oroi-parohis-ypiresion
https://createmy-qr.com/es/terminos-de-servicio
https://createmy-qr.com/fi/palveluehdot
https://createmy-qr.com/fr/conditions-d-utilisation
https://createmy-qr.com/hi/sevaa-kii-shrten
https://createmy-qr.com/hu/szolgaltatasi-feltetelek
https://createmy-qr.com/id/ketentuan-layanan
https://createmy-qr.com/it/termini-di-servizio
https://createmy-qr.com/ja/li-yong-gui-yue
https://createmy-qr.com/ko/seobiseu-yaggwan
https://createmy-qr.com/ms/syarat-perkhidmatan
https://createmy-qr.com/nl/servicevoorwaarden
https://createmy-qr.com/no/vilkar-for-bruk
https://createmy-qr.com/pl/warunki-swiadczenia-uslug
https://createmy-qr.com/pt/termos-de-servico
https://createmy-qr.com/ro/termeni-si-conditii
https://createmy-qr.com/ru/usloviya-obsluzhivaniya
https://createmy-qr.com/sv/anvandarvillkor
https://createmy-qr.com/terms
https://createmy-qr.com/terms
https://createmy-qr.com/th/kh-kamhndainkaaraihbrikaar
https://createmy-qr.com/tl/mga-tuntunin-ng-serbisyo
https://createmy-qr.com/tr/hizmet-sartlari
https://createmy-qr.com/uk/umovi-nadannya-poslug
https://createmy-qr.com/vi/dieu-khoan-dich-vu
https://createmy-qr.com/zh/fu-wu-tiao-kuan","200
200
200
200
200
200
200
200
200
200
200
200
200
200
200
200
200
200
200
200
200
200
200
200
200
200
200
200
200
200
200",Some pages don't include hreflang links to all the other pages of the group,11872068519236183580,28,91
21,https://createmy-qr.com/sv/sekretesspolicy,"Gratis QR-kod Generator Online - CreateMy-QR (No Signup) | Sekretesspolicy
types.privacy QR Code Generator - Gratis & anpassad | CreateMy-QR
Sekretesspolicy | CreateMy-QR",text/html; charset=utf-8,false,200,0,true,"https://createmy-qr.com/ar/sys-lkhswsy
https://createmy-qr.com/bn/gopniiy-taa-niiti
https://createmy-qr.com/cs/zasady-ochrany-osobnich-udaju
https://createmy-qr.com/da/privatlivspolitik
https://createmy-qr.com/de/datenschutzrichtlinie
https://createmy-qr.com/el/politiki-aporritoy
https://createmy-qr.com/es/politica-de-privacidad
https://createmy-qr.com/fi/tietosuojakaytanto
https://createmy-qr.com/fr/politique-de-confidentialite
https://createmy-qr.com/hi/gopniiytaa-niiti
https://createmy-qr.com/hu/adatvedelmi-szabalyzat
https://createmy-qr.com/id/kebijakan-privasi
https://createmy-qr.com/it/informativa-sulla-privacy
https://createmy-qr.com/ja/puraibasi-porisi
https://createmy-qr.com/ko/gaein-jeongbo-boho-jeongcaeg
https://createmy-qr.com/ms/dasar-privasi
https://createmy-qr.com/nl/privacybeleid
https://createmy-qr.com/no/personvernerklaering
https://createmy-qr.com/pl/polityka-prywatnosci
https://createmy-qr.com/privacy
https://createmy-qr.com/privacy
https://createmy-qr.com/pt/politica-de-privacidade
https://createmy-qr.com/ro/politica-de-confidentialitate
https://createmy-qr.com/ru/politika-konfidencialnosti
https://createmy-qr.com/sv/sekretesspolicy
https://createmy-qr.com/th/noybaaykhwaamepnswntaw
https://createmy-qr.com/tl/patakaran-sa-privacy
https://createmy-qr.com/tr/gizlilik-politikasi
https://createmy-qr.com/uk/politika-konfidenciynosti
https://createmy-qr.com/vi/chinh-sach-bao-mat
https://createmy-qr.com/zh/yin-si-zheng-ce","200
200
200
200
200
200
200
200
200
200
200
200
200
200
200
200
200
200
200
200
200
200
200
200
200
200
200
200
200
200
200",Some pages don't include hreflang links to all the other pages of the group,11074429451265500583,28,91
21,https://createmy-qr.com/hi/muph-t-onnlaain-kyuuaar-kodd-jnrettr,"निःशुल्क बारकोड जेनरेटर ऑनलाइन - 1डी बारकोड बनाएं
types.barcode QR कोड जेनरेटर - मुफ़्त और कस्टम | CreateMy-QR
barcode - मुफ़्त ऑनलाइन क्यूआर कोड जनरेटर - CreateMy-QR",text/html; charset=utf-8,false,200,0,true,"https://createmy-qr.com/ar/mwld-rmz-lstjb-lsryaa-mjny
https://createmy-qr.com/barcode-generator
https://createmy-qr.com/barcode-generator
https://createmy-qr.com/bn/phri-anlaain-kiuaar-kodd-jenaarettr
https://createmy-qr.com/cs/zdarma-online-generator-qr-kodu
https://createmy-qr.com/da/gratis-qr-kode-generator-online
https://createmy-qr.com/de/kostenloser-qr-code-generator-online
https://createmy-qr.com/el/dorean-dimioyrgia-qr-code-online
https://createmy-qr.com/es/generador-de-codigos-qr-gratis-online
https://createmy-qr.com/fi/ilmainen-qr-koodigeneraattori-netissa
https://createmy-qr.com/fr/generateur-de-code-qr-gratuit-en-ligne
https://createmy-qr.com/hi/muph-t-onnlaain-kyuuaar-kodd-jnrettr
https://createmy-qr.com/hu/ingyenes-online-qr-kod-generator
https://createmy-qr.com/id/generator-qr-code-gratis-online
https://createmy-qr.com/it/generatore-di-codici-qr-gratis-online
https://createmy-qr.com/ja/wu-liao-qrkodozuo-cheng-zienereta
https://createmy-qr.com/ko/muryo-onrain-qr-kodeu-saengseonggi
https://createmy-qr.com/ms/penjana-kod-qr-percuma-dalam-talian
https://createmy-qr.com/nl/gratis-qr-code-generator-online
https://createmy-qr.com/no/gratis-qr-kode-generator-online
https://createmy-qr.com/pl/darmowy-generator-kodow-qr-online
https://createmy-qr.com/pt/gerador-de-codigo-qr-gratis-online
https://createmy-qr.com/ro/generator-de-coduri-qr-gratuit-online
https://createmy-qr.com/ru/besplatnyy-generator-qr-kodov-onlayn
https://createmy-qr.com/sv/gratis-qr-kod-generator-online
https://createmy-qr.com/th/ekhruue-ngmuue-sraangkhiw-aarokhd-nailnfrii
https://createmy-qr.com/tl/libreng-online-qr-code-generator
https://createmy-qr.com/tr/ucretsiz-cevrimici-qr-kod-olusturucu
https://createmy-qr.com/uk/bezkoshtovniy-generator-qr-kodiv-onlayn
https://createmy-qr.com/vi/tao-ma-qr-mien-phi-truc-tuyen
https://createmy-qr.com/zh/mian-fei-zai-xian-er-wei-ma-sheng-cheng-qi","200
200
200
200
200
200
200
200
200
200
200
200
200
200
200
200
200
200
200
200
200
200
200
200
200
200
200
200
200
200
200",Some pages don't include hreflang links to all the other pages of the group,8617637658849271563,28,91
21,https://createmy-qr.com/tr/hizmet-sartlari,"Ücretsiz Çevrimiçi QR Kod Oluşturucu - CreateMy-QR (No Signup) | Hizmet Şartları
types.terms QR Kod Oluşturucu - Ücretsiz ve Özel | CreateMy-QR
Hizmet Şartları | CreateMy-QR",text/html; charset=utf-8,false,200,0,true,"https://createmy-qr.com/ar/shrwt-lkhdm
https://createmy-qr.com/bn/prissebaar-shrtaablii
https://createmy-qr.com/cs/podminky-sluzby
https://createmy-qr.com/da/servicevilkar
https://createmy-qr.com/de/nutzungsbedingungen
https://createmy-qr.com/el/oroi-parohis-ypiresion
https://createmy-qr.com/es/terminos-de-servicio
https://createmy-qr.com/fi/palveluehdot
https://createmy-qr.com/fr/conditions-d-utilisation
https://createmy-qr.com/hi/sevaa-kii-shrten
https://createmy-qr.com/hu/szolgaltatasi-feltetelek
https://createmy-qr.com/id/ketentuan-layanan
https://createmy-qr.com/it/termini-di-servizio
https://createmy-qr.com/ja/li-yong-gui-yue
https://createmy-qr.com/ko/seobiseu-yaggwan
https://createmy-qr.com/ms/syarat-perkhidmatan
https://createmy-qr.com/nl/servicevoorwaarden
https://createmy-qr.com/no/vilkar-for-bruk
https://createmy-qr.com/pl/warunki-swiadczenia-uslug
https://createmy-qr.com/pt/termos-de-servico
https://createmy-qr.com/ro/termeni-si-conditii
https://createmy-qr.com/ru/usloviya-obsluzhivaniya
https://createmy-qr.com/sv/anvandarvillkor
https://createmy-qr.com/terms
https://createmy-qr.com/terms
https://createmy-qr.com/th/kh-kamhndainkaaraihbrikaar
https://createmy-qr.com/tl/mga-tuntunin-ng-serbisyo
https://createmy-qr.com/tr/hizmet-sartlari
https://createmy-qr.com/uk/umovi-nadannya-poslug
https://createmy-qr.com/vi/dieu-khoan-dich-vu
https://createmy-qr.com/zh/fu-wu-tiao-kuan","200
200
200
200
200
200
200
200
200
200
200
200
200
200
200
200
200
200
200
200
200
200
200
200
200
200
200
200
200
200
200",Some pages don't include hreflang links to all the other pages of the group,11872068519236183580,28,91
21,https://createmy-qr.com/tl/paghambingin-ang-mga-tool,"Libreng Online QR Code Generator - CreateMy-QR (No Signup) | Paghambingin ang Mga Tool
types.compare QR Code Generator - Libre at Custom | CreateMy-QR
Paghambingin ang Mga Tool | CreateMy-QR",text/html; charset=utf-8,false,200,0,true,"https://createmy-qr.com/ar/dwt-lmqrn
https://createmy-qr.com/bn/ttul-tulnaa-krun
https://createmy-qr.com/compare
https://createmy-qr.com/compare
https://createmy-qr.com/cs/nastroje-pro-porovnani
https://createmy-qr.com/da/sammenlign-vaerktojer
https://createmy-qr.com/de/tools-vergleichen
https://createmy-qr.com/el/ergaleia-sygkrisis
https://createmy-qr.com/es/comparar-herramientas
https://createmy-qr.com/fi/vertaa-tyokaluja
https://createmy-qr.com/fr/comparer-les-outils
https://createmy-qr.com/hi/ttuuls-kii-tulnaa-kren
https://createmy-qr.com/hu/eszkozok-osszehasonlitasa
https://createmy-qr.com/id/bandingkan-alat
https://createmy-qr.com/it/confronta-strumenti
https://createmy-qr.com/ja/bi-jiao-turu
https://createmy-qr.com/ko/dogu-bigyo
https://createmy-qr.com/ms/bandingkan-alat
https://createmy-qr.com/nl/hulpmiddelen-vergelijken
https://createmy-qr.com/no/sammenlign-verktoy
https://createmy-qr.com/pl/porownaj-narzedzia
https://createmy-qr.com/pt/comparar-ferramentas
https://createmy-qr.com/ro/instrumente-de-comparare
https://createmy-qr.com/ru/sravnit-instrumenty
https://createmy-qr.com/sv/jamfor-verktyg
https://createmy-qr.com/th/epriiybethiiybekhruue-ngmuue
https://createmy-qr.com/tl/paghambingin-ang-mga-tool
https://createmy-qr.com/tr/araclari-karsilastir
https://createmy-qr.com/uk/instrumenti-porivnyannya
https://createmy-qr.com/vi/cong-cu-so-sanh
https://createmy-qr.com/zh/bi-jiao-gong-ju","200
200
200
200
200
200
200
200
200
200
200
200
200
200
200
200
200
200
200
200
200
200
200
200
200
200
200
200
200
200
200",Some pages don't include hreflang links to all the other pages of the group,625790584758697065,28,91
21,https://createmy-qr.com/fr/comparer-les-outils,"Générateur de Code QR Gratuit en Ligne - CreateMy-QR (No Signup) | Comparer les outils
Générateur de code QR types.compare - Gratuit et personnalisé | CreateMy-QR
Comparer les outils | CreateMy-QR",text/html; charset=utf-8,false,200,0,true,"https://createmy-qr.com/ar/dwt-lmqrn
https://createmy-qr.com/bn/ttul-tulnaa-krun
https://createmy-qr.com/compare
https://createmy-qr.com/compare
https://createmy-qr.com/cs/nastroje-pro-porovnani
https://createmy-qr.com/da/sammenlign-vaerktojer
https://createmy-qr.com/de/tools-vergleichen
https://createmy-qr.com/el/ergaleia-sygkrisis
https://createmy-qr.com/es/comparar-herramientas
https://createmy-qr.com/fi/vertaa-tyokaluja
https://createmy-qr.com/fr/comparer-les-outils
https://createmy-qr.com/hi/ttuuls-kii-tulnaa-kren
https://createmy-qr.com/hu/eszkozok-osszehasonlitasa
https://createmy-qr.com/id/bandingkan-alat
https://createmy-qr.com/it/confronta-strumenti
https://createmy-qr.com/ja/bi-jiao-turu
https://createmy-qr.com/ko/dogu-bigyo
https://createmy-qr.com/ms/bandingkan-alat
https://createmy-qr.com/nl/hulpmiddelen-vergelijken
https://createmy-qr.com/no/sammenlign-verktoy
https://createmy-qr.com/pl/porownaj-narzedzia
https://createmy-qr.com/pt/comparar-ferramentas
https://createmy-qr.com/ro/instrumente-de-comparare
https://createmy-qr.com/ru/sravnit-instrumenty
https://createmy-qr.com/sv/jamfor-verktyg
https://createmy-qr.com/th/epriiybethiiybekhruue-ngmuue
https://createmy-qr.com/tl/paghambingin-ang-mga-tool
https://createmy-qr.com/tr/araclari-karsilastir
https://createmy-qr.com/uk/instrumenti-porivnyannya
https://createmy-qr.com/vi/cong-cu-so-sanh
https://createmy-qr.com/zh/bi-jiao-gong-ju","200
200
200
200
200
200
200
200
200
200
200
200
200
200
200
200
200
200
200
200
200
200
200
200
200
200
200
200
200
200
200",Some pages don't include hreflang links to all the other pages of the group,625790584758697065,28,91
21,https://createmy-qr.com/tr/ucretsiz-cevrimici-qr-kod-olusturucu-2,"Ücretsiz Çevrimiçi QR Kod Tarayıcı - QR'yi Anında Tarayın
types.scanqr QR Kod Oluşturucu - Ücretsiz ve Özel | CreateMy-QR
scanqr - Ücretsiz Çevrimiçi QR Kod Oluşturucu - CreateMy-QR",text/html; charset=utf-8,false,200,0,true,"https://createmy-qr.com/ar/mwld-rmz-lstjb-lsryaa-mjny-2
https://createmy-qr.com/bn/phri-anlaain-kiuaar-kodd-jenaarettr-2
https://createmy-qr.com/cs/zdarma-online-generator-qr-kodu-2
https://createmy-qr.com/da/gratis-qr-kode-generator-online-2
https://createmy-qr.com/de/kostenloser-qr-code-generator-online-2
https://createmy-qr.com/el/dorean-dimioyrgia-qr-code-online-2
https://createmy-qr.com/es/generador-de-codigos-qr-gratis-online-2
https://createmy-qr.com/fi/ilmainen-qr-koodigeneraattori-netissa-2
https://createmy-qr.com/fr/generateur-de-code-qr-gratuit-en-ligne-2
https://createmy-qr.com/hi/muph-t-onnlaain-kyuuaar-kodd-jnrettr-2
https://createmy-qr.com/hu/ingyenes-online-qr-kod-generator-2
https://createmy-qr.com/id/generator-qr-code-gratis-online-2
https://createmy-qr.com/it/generatore-di-codici-qr-gratis-online-2
https://createmy-qr.com/ja/wu-liao-qrkodozuo-cheng-zienereta-2
https://createmy-qr.com/ko/muryo-onrain-qr-kodeu-saengseonggi-2
https://createmy-qr.com/ms/penjana-kod-qr-percuma-dalam-talian-2
https://createmy-qr.com/nl/gratis-qr-code-generator-online-2
https://createmy-qr.com/no/gratis-qr-kode-generator-online-2
https://createmy-qr.com/pl/darmowy-generator-kodow-qr-online-2
https://createmy-qr.com/pt/gerador-de-codigo-qr-gratis-online-2
https://createmy-qr.com/ro/generator-de-coduri-qr-gratuit-online-2
https://createmy-qr.com/ru/besplatnyy-generator-qr-kodov-onlayn-2
https://createmy-qr.com/scan-qr
https://createmy-qr.com/scan-qr
https://createmy-qr.com/sv/gratis-qr-kod-generator-online-2
https://createmy-qr.com/th/ekhruue-ngmuue-sraangkhiw-aarokhd-nailnfrii-2
https://createmy-qr.com/tl/libreng-online-qr-code-generator-2
https://createmy-qr.com/tr/ucretsiz-cevrimici-qr-kod-olusturucu-2
https://createmy-qr.com/uk/bezkoshtovniy-generator-qr-kodiv-onlayn-2
https://createmy-qr.com/vi/tao-ma-qr-mien-phi-truc-tuyen-2
https://createmy-qr.com/zh/mian-fei-zai-xian-er-wei-ma-sheng-cheng-qi-2","200
200
200
200
200
200
200
200
200
200
200
200
200
200
200
200
200
200
200
200
200
200
200
200
200
200
200
200
200
200
200",Some pages don't include hreflang links to all the other pages of the group,5057633309447319644,28,91
21,https://createmy-qr.com/ru/skaner-shtrih-koda-besplatnyy-generator-qr-kodov-onlayn,"Бесплатный онлайн-сканер штрих-кодов — сканирование UPC и EAN
Сканер штрих-кода Генератор QR-кодов — бесплатный и настраиваемый | CreateMy-QR
Сканер штрих-кода - Бесплатный генератор QR-кодов онлайн - CreateMy-QR",text/html; charset=utf-8,false,200,0,true,"https://createmy-qr.com/ar/msh-lbrkwd-mwld-rmz-lstjb-lsryaa-mjny
https://createmy-qr.com/bn/baarkodd-skyaanaar-phri-anlaain-kiuaar-kodd-jenaarettr
https://createmy-qr.com/cs/skener-carovych-kodu-zdarma-online-generator-qr-kodu
https://createmy-qr.com/da/stregkodescanner-gratis-qr-kode-generator-online
https://createmy-qr.com/de/barcode-scanner-kostenloser-qr-code-generator-online
https://createmy-qr.com/el/barcode-scanner-dorean-dimioyrgia-qr-code-online
https://createmy-qr.com/es/escaner-de-codigo-de-barras-generador-de-codigos-qr-gratis-online
https://createmy-qr.com/fi/viivakoodinlukija-ilmainen-qr-koodigeneraattori-netissa
https://createmy-qr.com/fr/lecteur-de-codes-a-barres-generateur-de-code-qr-gratuit-en-ligne
https://createmy-qr.com/hi/baarkodd-skainr-muph-t-onnlaain-kyuuaar-kodd-jnrettr
https://createmy-qr.com/hu/ingyenes-online-qr-kod-generator-3
https://createmy-qr.com/id/pemindai-kode-batang-generator-qr-code-gratis-online
https://createmy-qr.com/it/lettore-di-codici-a-barre-generatore-di-codici-qr-gratis-online
https://createmy-qr.com/ja/bakodosukiyana-wu-liao-qrkodozuo-cheng-zienereta
https://createmy-qr.com/ko/bakodeu-seukaeneo-muryo-onrain-qr-kodeu-saengseonggi
https://createmy-qr.com/ms/pengimbas-kod-bar-penjana-kod-qr-percuma-dalam-talian
https://createmy-qr.com/nl/barcodescanner-gratis-qr-code-generator-online
https://createmy-qr.com/no/strekkodeskanner-gratis-qr-kode-generator-online
https://createmy-qr.com/pl/skaner-kodow-kreskowych-darmowy-generator-kodow-qr-online
https://createmy-qr.com/pt/leitor-de-codigo-de-barras-gerador-de-codigo-qr-gratis-online
https://createmy-qr.com/ro/generator-de-coduri-qr-gratuit-online-3
https://createmy-qr.com/ru/skaner-shtrih-koda-besplatnyy-generator-qr-kodov-onlayn
https://createmy-qr.com/scan-barcode
https://createmy-qr.com/scan-barcode
https://createmy-qr.com/sv/streckkodslasare-gratis-qr-kod-generator-online
https://createmy-qr.com/th/ekhruue-ngsaeknbaarokhd-ekhruue-ngmuue-sraangkhiw-aarokhd-nailnfrii
https://createmy-qr.com/tl/barcode-scanner-libreng-online-qr-code-generator
https://createmy-qr.com/tr/barkod-tarayici-ucretsiz-cevrimici-qr-kod-olusturucu
https://createmy-qr.com/uk/skaner-shtrih-kodiv-bezkoshtovniy-generator-qr-kodiv-onlayn
https://createmy-qr.com/vi/may-quet-ma-vach-tao-ma-qr-mien-phi-truc-tuyen
https://createmy-qr.com/zh/tiao-ma-sao-miao-yi-mian-fei-zai-xian-er-wei-ma-sheng-cheng-qi","200
200
200
200
200
200
200
200
200
200
200
200
200
200
200
200
200
200
200
200
200
200
200
200
200
200
200
200
200
200
200",Some pages don't include hreflang links to all the other pages of the group,14730038909064693129,28,91
21,https://createmy-qr.com/bn/phri-anlaain-kiuaar-kodd-jenaarettr,"বিনামূল্যে বারকোড জেনারেটর অনলাইন - 1D বারকোড তৈরি করুন
types.barcode QR কোড জেনারেটর - বিনামূল্যে এবং কাস্টম | CreateMy-QR
barcode - ফ্রি অনলাইন কিউআর কোড জেনারেটর - CreateMy-QR",text/html; charset=utf-8,false,200,0,true,"https://createmy-qr.com/ar/mwld-rmz-lstjb-lsryaa-mjny
https://createmy-qr.com/barcode-generator
https://createmy-qr.com/barcode-generator
https://createmy-qr.com/bn/phri-anlaain-kiuaar-kodd-jenaarettr
https://createmy-qr.com/cs/zdarma-online-generator-qr-kodu
https://createmy-qr.com/da/gratis-qr-kode-generator-online
https://createmy-qr.com/de/kostenloser-qr-code-generator-online
https://createmy-qr.com/el/dorean-dimioyrgia-qr-code-online
https://createmy-qr.com/es/generador-de-codigos-qr-gratis-online
https://createmy-qr.com/fi/ilmainen-qr-koodigeneraattori-netissa
https://createmy-qr.com/fr/generateur-de-code-qr-gratuit-en-ligne
https://createmy-qr.com/hi/muph-t-onnlaain-kyuuaar-kodd-jnrettr
https://createmy-qr.com/hu/ingyenes-online-qr-kod-generator
https://createmy-qr.com/id/generator-qr-code-gratis-online
https://createmy-qr.com/it/generatore-di-codici-qr-gratis-online
https://createmy-qr.com/ja/wu-liao-qrkodozuo-cheng-zienereta
https://createmy-qr.com/ko/muryo-onrain-qr-kodeu-saengseonggi
https://createmy-qr.com/ms/penjana-kod-qr-percuma-dalam-talian
https://createmy-qr.com/nl/gratis-qr-code-generator-online
https://createmy-qr.com/no/gratis-qr-kode-generator-online
https://createmy-qr.com/pl/darmowy-generator-kodow-qr-online
https://createmy-qr.com/pt/gerador-de-codigo-qr-gratis-online
https://createmy-qr.com/ro/generator-de-coduri-qr-gratuit-online
https://createmy-qr.com/ru/besplatnyy-generator-qr-kodov-onlayn
https://createmy-qr.com/sv/gratis-qr-kod-generator-online
https://createmy-qr.com/th/ekhruue-ngmuue-sraangkhiw-aarokhd-nailnfrii
https://createmy-qr.com/tl/libreng-online-qr-code-generator
https://createmy-qr.com/tr/ucretsiz-cevrimici-qr-kod-olusturucu
https://createmy-qr.com/uk/bezkoshtovniy-generator-qr-kodiv-onlayn
https://createmy-qr.com/vi/tao-ma-qr-mien-phi-truc-tuyen
https://createmy-qr.com/zh/mian-fei-zai-xian-er-wei-ma-sheng-cheng-qi","200
200
200
200
200
200
200
200
200
200
200
200
200
200
200
200
200
200
200
200
200
200
200
200
200
200
200
200
200
200
200",Some pages don't include hreflang links to all the other pages of the group,8617637658849271563,28,91
21,https://createmy-qr.com/th/ekhruue-ngmuue-sraangkhiw-aarokhd-nailnfrii-2,"เครื่องสแกนรหัส QR ออนไลน์ฟรี - สแกน QR ทันที
types.scanqr เครื่องสร้างโค้ด QR - ฟรีและกำหนดเอง | CreateMy-QR
scanqr - เครื่องมือสร้างคิวอาร์โค้ดออนไลน์ฟรี - CreateMy-QR",text/html; charset=utf-8,false,200,0,true,"https://createmy-qr.com/ar/mwld-rmz-lstjb-lsryaa-mjny-2
https://createmy-qr.com/bn/phri-anlaain-kiuaar-kodd-jenaarettr-2
https://createmy-qr.com/cs/zdarma-online-generator-qr-kodu-2
https://createmy-qr.com/da/gratis-qr-kode-generator-online-2
https://createmy-qr.com/de/kostenloser-qr-code-generator-online-2
https://createmy-qr.com/el/dorean-dimioyrgia-qr-code-online-2
https://createmy-qr.com/es/generador-de-codigos-qr-gratis-online-2
https://createmy-qr.com/fi/ilmainen-qr-koodigeneraattori-netissa-2
https://createmy-qr.com/fr/generateur-de-code-qr-gratuit-en-ligne-2
https://createmy-qr.com/hi/muph-t-onnlaain-kyuuaar-kodd-jnrettr-2
https://createmy-qr.com/hu/ingyenes-online-qr-kod-generator-2
https://createmy-qr.com/id/generator-qr-code-gratis-online-2
https://createmy-qr.com/it/generatore-di-codici-qr-gratis-online-2
https://createmy-qr.com/ja/wu-liao-qrkodozuo-cheng-zienereta-2
https://createmy-qr.com/ko/muryo-onrain-qr-kodeu-saengseonggi-2
https://createmy-qr.com/ms/penjana-kod-qr-percuma-dalam-talian-2
https://createmy-qr.com/nl/gratis-qr-code-generator-online-2
https://createmy-qr.com/no/gratis-qr-kode-generator-online-2
https://createmy-qr.com/pl/darmowy-generator-kodow-qr-online-2
https://createmy-qr.com/pt/gerador-de-codigo-qr-gratis-online-2
https://createmy-qr.com/ro/generator-de-coduri-qr-gratuit-online-2
https://createmy-qr.com/ru/besplatnyy-generator-qr-kodov-onlayn-2
https://createmy-qr.com/scan-qr
https://createmy-qr.com/scan-qr
https://createmy-qr.com/sv/gratis-qr-kod-generator-online-2
https://createmy-qr.com/th/ekhruue-ngmuue-sraangkhiw-aarokhd-nailnfrii-2
https://createmy-qr.com/tl/libreng-online-qr-code-generator-2
https://createmy-qr.com/tr/ucretsiz-cevrimici-qr-kod-olusturucu-2
https://createmy-qr.com/uk/bezkoshtovniy-generator-qr-kodiv-onlayn-2
https://createmy-qr.com/vi/tao-ma-qr-mien-phi-truc-tuyen-2
https://createmy-qr.com/zh/mian-fei-zai-xian-er-wei-ma-sheng-cheng-qi-2","200
200
200
200
200
200
200
200
200
200
200
200
200
200
200
200
200
200
200
200
200
200
200
200
200
200
200
200
200
200
200",Some pages don't include hreflang links to all the other pages of the group,5057633309447319644,28,91
21,https://createmy-qr.com/tr/hakkimizda,"Ücretsiz Çevrimiçi QR Kod Oluşturucu - CreateMy-QR (No Signup) | Hakkımızda
types.about QR Kod Oluşturucu - Ücretsiz ve Özel | CreateMy-QR
Hakkımızda | CreateMy-QR",text/html; charset=utf-8,false,200,0,true,"https://createmy-qr.com/about
https://createmy-qr.com/about
https://createmy-qr.com/ar/mn-nhn
https://createmy-qr.com/bn/aamaader-smprke
https://createmy-qr.com/cs/o-nas
https://createmy-qr.com/da/om-os
https://createmy-qr.com/de/uber-uns
https://createmy-qr.com/el/shetika-me-emas
https://createmy-qr.com/es/sobre-nosotros
https://createmy-qr.com/fi/meista
https://createmy-qr.com/fr/a-propos-de-nous
https://createmy-qr.com/hi/hmaare-baare-men
https://createmy-qr.com/hu/rolunk
https://createmy-qr.com/id/tentang-kami
https://createmy-qr.com/it/chi-siamo
https://createmy-qr.com/ja/si-tatinituite
https://createmy-qr.com/ko/hoesa-sogae
https://createmy-qr.com/ms/mengenai-kami
https://createmy-qr.com/nl/over-ons
https://createmy-qr.com/no/om-oss
https://createmy-qr.com/pl/o-nas
https://createmy-qr.com/pt/sobre-nos
https://createmy-qr.com/ro/despre-noi
https://createmy-qr.com/ru/o-nas
https://createmy-qr.com/sv/om-oss
https://createmy-qr.com/th/ekiiywkaberaa
https://createmy-qr.com/tl/tungkol-sa-amin
https://createmy-qr.com/tr/hakkimizda
https://createmy-qr.com/uk/pro-nas
https://createmy-qr.com/vi/ve-chung-toi
https://createmy-qr.com/zh/guan-yu-wo-men","200
200
200
200
200
200
200
200
200
200
200
200
200
200
200
200
200
200
200
200
200
200
200
200
200
200
200
200
200
200
200",Some pages don't include hreflang links to all the other pages of the group,1484275197122503531,28,91
21,https://createmy-qr.com/es/generador-de-codigos-qr-gratis-online-2,"Escáner de códigos QR gratuito en línea: escanee QR al instante
Generador de códigos QR types.scanqr: gratuito y personalizado | CreateMy-QR
scanqr - Generador de Códigos QR Gratis Online - CreateMy-QR",text/html; charset=utf-8,false,200,0,true,"https://createmy-qr.com/ar/mwld-rmz-lstjb-lsryaa-mjny-2
https://createmy-qr.com/bn/phri-anlaain-kiuaar-kodd-jenaarettr-2
https://createmy-qr.com/cs/zdarma-online-generator-qr-kodu-2
https://createmy-qr.com/da/gratis-qr-kode-generator-online-2
https://createmy-qr.com/de/kostenloser-qr-code-generator-online-2
https://createmy-qr.com/el/dorean-dimioyrgia-qr-code-online-2
https://createmy-qr.com/es/generador-de-codigos-qr-gratis-online-2
https://createmy-qr.com/fi/ilmainen-qr-koodigeneraattori-netissa-2
https://createmy-qr.com/fr/generateur-de-code-qr-gratuit-en-ligne-2
https://createmy-qr.com/hi/muph-t-onnlaain-kyuuaar-kodd-jnrettr-2
https://createmy-qr.com/hu/ingyenes-online-qr-kod-generator-2
https://createmy-qr.com/id/generator-qr-code-gratis-online-2
https://createmy-qr.com/it/generatore-di-codici-qr-gratis-online-2
https://createmy-qr.com/ja/wu-liao-qrkodozuo-cheng-zienereta-2
https://createmy-qr.com/ko/muryo-onrain-qr-kodeu-saengseonggi-2
https://createmy-qr.com/ms/penjana-kod-qr-percuma-dalam-talian-2
https://createmy-qr.com/nl/gratis-qr-code-generator-online-2
https://createmy-qr.com/no/gratis-qr-kode-generator-online-2
https://createmy-qr.com/pl/darmowy-generator-kodow-qr-online-2
https://createmy-qr.com/pt/gerador-de-codigo-qr-gratis-online-2
https://createmy-qr.com/ro/generator-de-coduri-qr-gratuit-online-2
https://createmy-qr.com/ru/besplatnyy-generator-qr-kodov-onlayn-2
https://createmy-qr.com/scan-qr
https://createmy-qr.com/scan-qr
https://createmy-qr.com/sv/gratis-qr-kod-generator-online-2
https://createmy-qr.com/th/ekhruue-ngmuue-sraangkhiw-aarokhd-nailnfrii-2
https://createmy-qr.com/tl/libreng-online-qr-code-generator-2
https://createmy-qr.com/tr/ucretsiz-cevrimici-qr-kod-olusturucu-2
https://createmy-qr.com/uk/bezkoshtovniy-generator-qr-kodiv-onlayn-2
https://createmy-qr.com/vi/tao-ma-qr-mien-phi-truc-tuyen-2
https://createmy-qr.com/zh/mian-fei-zai-xian-er-wei-ma-sheng-cheng-qi-2","200
200
200
200
200
200
200
200
200
200
200
200
200
200
200
200
200
200
200
200
200
200
200
200
200
200
200
200
200
200
200",Some pages don't include hreflang links to all the other pages of the group,5057633309447319644,28,91
21,https://createmy-qr.com/ja/wu-liao-qrkodozuo-cheng-zienereta,"無料のオンライン バーコード ジェネレーター - 1D バーコードを作成
types.barcode QR コード ジェネレーター - 無料 & カスタム | CreateMy-QR
barcode - 無料QRコード作成・ジェネレーター - CreateMy-QR",text/html; charset=utf-8,false,200,0,true,"https://createmy-qr.com/ar/mwld-rmz-lstjb-lsryaa-mjny
https://createmy-qr.com/barcode-generator
https://createmy-qr.com/barcode-generator
https://createmy-qr.com/bn/phri-anlaain-kiuaar-kodd-jenaarettr
https://createmy-qr.com/cs/zdarma-online-generator-qr-kodu
https://createmy-qr.com/da/gratis-qr-kode-generator-online
https://createmy-qr.com/de/kostenloser-qr-code-generator-online
https://createmy-qr.com/el/dorean-dimioyrgia-qr-code-online
https://createmy-qr.com/es/generador-de-codigos-qr-gratis-online
https://createmy-qr.com/fi/ilmainen-qr-koodigeneraattori-netissa
https://createmy-qr.com/fr/generateur-de-code-qr-gratuit-en-ligne
https://createmy-qr.com/hi/muph-t-onnlaain-kyuuaar-kodd-jnrettr
https://createmy-qr.com/hu/ingyenes-online-qr-kod-generator
https://createmy-qr.com/id/generator-qr-code-gratis-online
https://createmy-qr.com/it/generatore-di-codici-qr-gratis-online
https://createmy-qr.com/ja/wu-liao-qrkodozuo-cheng-zienereta
https://createmy-qr.com/ko/muryo-onrain-qr-kodeu-saengseonggi
https://createmy-qr.com/ms/penjana-kod-qr-percuma-dalam-talian
https://createmy-qr.com/nl/gratis-qr-code-generator-online
https://createmy-qr.com/no/gratis-qr-kode-generator-online
https://createmy-qr.com/pl/darmowy-generator-kodow-qr-online
https://createmy-qr.com/pt/gerador-de-codigo-qr-gratis-online
https://createmy-qr.com/ro/generator-de-coduri-qr-gratuit-online
https://createmy-qr.com/ru/besplatnyy-generator-qr-kodov-onlayn
https://createmy-qr.com/sv/gratis-qr-kod-generator-online
https://createmy-qr.com/th/ekhruue-ngmuue-sraangkhiw-aarokhd-nailnfrii
https://createmy-qr.com/tl/libreng-online-qr-code-generator
https://createmy-qr.com/tr/ucretsiz-cevrimici-qr-kod-olusturucu
https://createmy-qr.com/uk/bezkoshtovniy-generator-qr-kodiv-onlayn
https://createmy-qr.com/vi/tao-ma-qr-mien-phi-truc-tuyen
https://createmy-qr.com/zh/mian-fei-zai-xian-er-wei-ma-sheng-cheng-qi","200
200
200
200
200
200
200
200
200
200
200
200
200
200
200
200
200
200
200
200
200
200
200
200
200
200
200
200
200
200
200",Some pages don't include hreflang links to all the other pages of the group,8617637658849271563,28,91
21,https://createmy-qr.com/ms/dasar-privasi,"Penjana Kod QR Percuma Dalam Talian - CreateMy-QR (No Signup) | Dasar Privasi
Penjana Kod QR types.privacy - Percuma & Tersuai | CreateMy-QR
Dasar Privasi | CreateMy-QR",text/html; charset=utf-8,false,200,0,true,"https://createmy-qr.com/ar/sys-lkhswsy
https://createmy-qr.com/bn/gopniiy-taa-niiti
https://createmy-qr.com/cs/zasady-ochrany-osobnich-udaju
https://createmy-qr.com/da/privatlivspolitik
https://createmy-qr.com/de/datenschutzrichtlinie
https://createmy-qr.com/el/politiki-aporritoy
https://createmy-qr.com/es/politica-de-privacidad
https://createmy-qr.com/fi/tietosuojakaytanto
https://createmy-qr.com/fr/politique-de-confidentialite
https://createmy-qr.com/hi/gopniiytaa-niiti
https://createmy-qr.com/hu/adatvedelmi-szabalyzat
https://createmy-qr.com/id/kebijakan-privasi
https://createmy-qr.com/it/informativa-sulla-privacy
https://createmy-qr.com/ja/puraibasi-porisi
https://createmy-qr.com/ko/gaein-jeongbo-boho-jeongcaeg
https://createmy-qr.com/ms/dasar-privasi
https://createmy-qr.com/nl/privacybeleid
https://createmy-qr.com/no/personvernerklaering
https://createmy-qr.com/pl/polityka-prywatnosci
https://createmy-qr.com/privacy
https://createmy-qr.com/privacy
https://createmy-qr.com/pt/politica-de-privacidade
https://createmy-qr.com/ro/politica-de-confidentialitate
https://createmy-qr.com/ru/politika-konfidencialnosti
https://createmy-qr.com/sv/sekretesspolicy
https://createmy-qr.com/th/noybaaykhwaamepnswntaw
https://createmy-qr.com/tl/patakaran-sa-privacy
https://createmy-qr.com/tr/gizlilik-politikasi
https://createmy-qr.com/uk/politika-konfidenciynosti
https://createmy-qr.com/vi/chinh-sach-bao-mat
https://createmy-qr.com/zh/yin-si-zheng-ce","200
200
200
200
200
200
200
200
200
200
200
200
200
200
200
200
200
200
200
200
200
200
200
200
200
200
200
200
200
200
200",Some pages don't include hreflang links to all the other pages of the group,11074429451265500583,28,91
21,https://createmy-qr.com/el/dorean-dimioyrgia-qr-code-online-2,"Δωρεάν σαρωτής κωδικών QR Online - Σάρωση QR άμεσα
types.scanqr QR Code Generator - Δωρεάν & Προσαρμοσμένο | CreateMy-QR
scanqr - Δωρεάν Δημιουργία QR Code Online - CreateMy-QR",text/html; charset=utf-8,false,200,0,true,"https://createmy-qr.com/ar/mwld-rmz-lstjb-lsryaa-mjny-2
https://createmy-qr.com/bn/phri-anlaain-kiuaar-kodd-jenaarettr-2
https://createmy-qr.com/cs/zdarma-online-generator-qr-kodu-2
https://createmy-qr.com/da/gratis-qr-kode-generator-online-2
https://createmy-qr.com/de/kostenloser-qr-code-generator-online-2
https://createmy-qr.com/el/dorean-dimioyrgia-qr-code-online-2
https://createmy-qr.com/es/generador-de-codigos-qr-gratis-online-2
https://createmy-qr.com/fi/ilmainen-qr-koodigeneraattori-netissa-2
https://createmy-qr.com/fr/generateur-de-code-qr-gratuit-en-ligne-2
https://createmy-qr.com/hi/muph-t-onnlaain-kyuuaar-kodd-jnrettr-2
https://createmy-qr.com/hu/ingyenes-online-qr-kod-generator-2
https://createmy-qr.com/id/generator-qr-code-gratis-online-2
https://createmy-qr.com/it/generatore-di-codici-qr-gratis-online-2
https://createmy-qr.com/ja/wu-liao-qrkodozuo-cheng-zienereta-2
https://createmy-qr.com/ko/muryo-onrain-qr-kodeu-saengseonggi-2
https://createmy-qr.com/ms/penjana-kod-qr-percuma-dalam-talian-2
https://createmy-qr.com/nl/gratis-qr-code-generator-online-2
https://createmy-qr.com/no/gratis-qr-kode-generator-online-2
https://createmy-qr.com/pl/darmowy-generator-kodow-qr-online-2
https://createmy-qr.com/pt/gerador-de-codigo-qr-gratis-online-2
https://createmy-qr.com/ro/generator-de-coduri-qr-gratuit-online-2
https://createmy-qr.com/ru/besplatnyy-generator-qr-kodov-onlayn-2
https://createmy-qr.com/scan-qr
https://createmy-qr.com/scan-qr
https://createmy-qr.com/sv/gratis-qr-kod-generator-online-2
https://createmy-qr.com/th/ekhruue-ngmuue-sraangkhiw-aarokhd-nailnfrii-2
https://createmy-qr.com/tl/libreng-online-qr-code-generator-2
https://createmy-qr.com/tr/ucretsiz-cevrimici-qr-kod-olusturucu-2
https://createmy-qr.com/uk/bezkoshtovniy-generator-qr-kodiv-onlayn-2
https://createmy-qr.com/vi/tao-ma-qr-mien-phi-truc-tuyen-2
https://createmy-qr.com/zh/mian-fei-zai-xian-er-wei-ma-sheng-cheng-qi-2","200
200
200
200
200
200
200
200
200
200
200
200
200
200
200
200
200
200
200
200
200
200
200
200
200
200
200
200
200
200
200",Some pages don't include hreflang links to all the other pages of the group,5057633309447319644,28,91
21,https://createmy-qr.com/ro/politica-de-confidentialitate,"Generator de Coduri QR Gratuit Online - CreateMy-QR (No Signup) | Politica de confidențialitate
types.privacy QR Code Generator - Gratuit și personalizat | CreateMy-QR
Politica de confidențialitate | CreateMy-QR",text/html; charset=utf-8,false,200,0,true,"https://createmy-qr.com/ar/sys-lkhswsy
https://createmy-qr.com/bn/gopniiy-taa-niiti
https://createmy-qr.com/cs/zasady-ochrany-osobnich-udaju
https://createmy-qr.com/da/privatlivspolitik
https://createmy-qr.com/de/datenschutzrichtlinie
https://createmy-qr.com/el/politiki-aporritoy
https://createmy-qr.com/es/politica-de-privacidad
https://createmy-qr.com/fi/tietosuojakaytanto
https://createmy-qr.com/fr/politique-de-confidentialite
https://createmy-qr.com/hi/gopniiytaa-niiti
https://createmy-qr.com/hu/adatvedelmi-szabalyzat
https://createmy-qr.com/id/kebijakan-privasi
https://createmy-qr.com/it/informativa-sulla-privacy
https://createmy-qr.com/ja/puraibasi-porisi
https://createmy-qr.com/ko/gaein-jeongbo-boho-jeongcaeg
https://createmy-qr.com/ms/dasar-privasi
https://createmy-qr.com/nl/privacybeleid
https://createmy-qr.com/no/personvernerklaering
https://createmy-qr.com/pl/polityka-prywatnosci
https://createmy-qr.com/privacy
https://createmy-qr.com/privacy
https://createmy-qr.com/pt/politica-de-privacidade
https://createmy-qr.com/ro/politica-de-confidentialitate
https://createmy-qr.com/ru/politika-konfidencialnosti
https://createmy-qr.com/sv/sekretesspolicy
https://createmy-qr.com/th/noybaaykhwaamepnswntaw
https://createmy-qr.com/tl/patakaran-sa-privacy
https://createmy-qr.com/tr/gizlilik-politikasi
https://createmy-qr.com/uk/politika-konfidenciynosti
https://createmy-qr.com/vi/chinh-sach-bao-mat
https://createmy-qr.com/zh/yin-si-zheng-ce","200
200
200
200
200
200
200
200
200
200
200
200
200
200
200
200
200
200
200
200
200
200
200
200
200
200
200
200
200
200
200",Some pages don't include hreflang links to all the other pages of the group,11074429451265500583,28,91
21,https://createmy-qr.com/tl/tungkol-sa-amin,"Libreng Online QR Code Generator - CreateMy-QR (No Signup) | Tungkol sa Amin
types.about QR Code Generator - Libre at Custom | CreateMy-QR
Tungkol sa Amin | CreateMy-QR",text/html; charset=utf-8,false,200,0,true,"https://createmy-qr.com/about
https://createmy-qr.com/about
https://createmy-qr.com/ar/mn-nhn
https://createmy-qr.com/bn/aamaader-smprke
https://createmy-qr.com/cs/o-nas
https://createmy-qr.com/da/om-os
https://createmy-qr.com/de/uber-uns
https://createmy-qr.com/el/shetika-me-emas
https://createmy-qr.com/es/sobre-nosotros
https://createmy-qr.com/fi/meista
https://createmy-qr.com/fr/a-propos-de-nous
https://createmy-qr.com/hi/hmaare-baare-men
https://createmy-qr.com/hu/rolunk
https://createmy-qr.com/id/tentang-kami
https://createmy-qr.com/it/chi-siamo
https://createmy-qr.com/ja/si-tatinituite
https://createmy-qr.com/ko/hoesa-sogae
https://createmy-qr.com/ms/mengenai-kami
https://createmy-qr.com/nl/over-ons
https://createmy-qr.com/no/om-oss
https://createmy-qr.com/pl/o-nas
https://createmy-qr.com/pt/sobre-nos
https://createmy-qr.com/ro/despre-noi
https://createmy-qr.com/ru/o-nas
https://createmy-qr.com/sv/om-oss
https://createmy-qr.com/th/ekiiywkaberaa
https://createmy-qr.com/tl/tungkol-sa-amin
https://createmy-qr.com/tr/hakkimizda
https://createmy-qr.com/uk/pro-nas
https://createmy-qr.com/vi/ve-chung-toi
https://createmy-qr.com/zh/guan-yu-wo-men","200
200
200
200
200
200
200
200
200
200
200
200
200
200
200
200
200
200
200
200
200
200
200
200
200
200
200
200
200
200
200",Some pages don't include hreflang links to all the other pages of the group,1484275197122503531,28,91
21,https://createmy-qr.com/nl/over-ons,"Gratis QR Code Generator Online - CreateMy-QR (No Signup) | Over ons
types.about QR-codegenerator - gratis en aangepast | CreateMy-QR
Over ons | CreateMy-QR",text/html; charset=utf-8,false,200,0,true,"https://createmy-qr.com/about
https://createmy-qr.com/about
https://createmy-qr.com/ar/mn-nhn
https://createmy-qr.com/bn/aamaader-smprke
https://createmy-qr.com/cs/o-nas
https://createmy-qr.com/da/om-os
https://createmy-qr.com/de/uber-uns
https://createmy-qr.com/el/shetika-me-emas
https://createmy-qr.com/es/sobre-nosotros
https://createmy-qr.com/fi/meista
https://createmy-qr.com/fr/a-propos-de-nous
https://createmy-qr.com/hi/hmaare-baare-men
https://createmy-qr.com/hu/rolunk
https://createmy-qr.com/id/tentang-kami
https://createmy-qr.com/it/chi-siamo
https://createmy-qr.com/ja/si-tatinituite
https://createmy-qr.com/ko/hoesa-sogae
https://createmy-qr.com/ms/mengenai-kami
https://createmy-qr.com/nl/over-ons
https://createmy-qr.com/no/om-oss
https://createmy-qr.com/pl/o-nas
https://createmy-qr.com/pt/sobre-nos
https://createmy-qr.com/ro/despre-noi
https://createmy-qr.com/ru/o-nas
https://createmy-qr.com/sv/om-oss
https://createmy-qr.com/th/ekiiywkaberaa
https://createmy-qr.com/tl/tungkol-sa-amin
https://createmy-qr.com/tr/hakkimizda
https://createmy-qr.com/uk/pro-nas
https://createmy-qr.com/vi/ve-chung-toi
https://createmy-qr.com/zh/guan-yu-wo-men","200
200
200
200
200
200
200
200
200
200
200
200
200
200
200
200
200
200
200
200
200
200
200
200
200
200
200
200
200
200
200",Some pages don't include hreflang links to all the other pages of the group,1484275197122503531,28,91
21,https://createmy-qr.com/ko/seobiseu-yaggwan,"무료 온라인 QR 코드 생성기 - CreateMy-QR (No Signup) | 서비스 약관
types.terms QR 코드 생성기 - 무료 및 사용자 정의 | CreateMy-QR
서비스 약관 | CreateMy-QR",text/html; charset=utf-8,false,200,0,true,"https://createmy-qr.com/ar/shrwt-lkhdm
https://createmy-qr.com/bn/prissebaar-shrtaablii
https://createmy-qr.com/cs/podminky-sluzby
https://createmy-qr.com/da/servicevilkar
https://createmy-qr.com/de/nutzungsbedingungen
https://createmy-qr.com/el/oroi-parohis-ypiresion
https://createmy-qr.com/es/terminos-de-servicio
https://createmy-qr.com/fi/palveluehdot
https://createmy-qr.com/fr/conditions-d-utilisation
https://createmy-qr.com/hi/sevaa-kii-shrten
https://createmy-qr.com/hu/szolgaltatasi-feltetelek
https://createmy-qr.com/id/ketentuan-layanan
https://createmy-qr.com/it/termini-di-servizio
https://createmy-qr.com/ja/li-yong-gui-yue
https://createmy-qr.com/ko/seobiseu-yaggwan
https://createmy-qr.com/ms/syarat-perkhidmatan
https://createmy-qr.com/nl/servicevoorwaarden
https://createmy-qr.com/no/vilkar-for-bruk
https://createmy-qr.com/pl/warunki-swiadczenia-uslug
https://createmy-qr.com/pt/termos-de-servico
https://createmy-qr.com/ro/termeni-si-conditii
https://createmy-qr.com/ru/usloviya-obsluzhivaniya
https://createmy-qr.com/sv/anvandarvillkor
https://createmy-qr.com/terms
https://createmy-qr.com/terms
https://createmy-qr.com/th/kh-kamhndainkaaraihbrikaar
https://createmy-qr.com/tl/mga-tuntunin-ng-serbisyo
https://createmy-qr.com/tr/hizmet-sartlari
https://createmy-qr.com/uk/umovi-nadannya-poslug
https://createmy-qr.com/vi/dieu-khoan-dich-vu
https://createmy-qr.com/zh/fu-wu-tiao-kuan","200
200
200
200
200
200
200
200
200
200
200
200
200
200
200
200
200
200
200
200
200
200
200
200
200
200
200
200
200
200
200",Some pages don't include hreflang links to all the other pages of the group,11872068519236183580,28,91
21,https://createmy-qr.com/pt/sobre-nos,"Gerador de Código QR Grátis Online - CreateMy-QR (No Signup) | Sobre nós
Gerador de código QR types.about - gratuito e personalizado | CreateMy-QR
Sobre nós | CreateMy-QR",text/html; charset=utf-8,false,200,0,true,"https://createmy-qr.com/about
https://createmy-qr.com/about
https://createmy-qr.com/ar/mn-nhn
https://createmy-qr.com/bn/aamaader-smprke
https://createmy-qr.com/cs/o-nas
https://createmy-qr.com/da/om-os
https://createmy-qr.com/de/uber-uns
https://createmy-qr.com/el/shetika-me-emas
https://createmy-qr.com/es/sobre-nosotros
https://createmy-qr.com/fi/meista
https://createmy-qr.com/fr/a-propos-de-nous
https://createmy-qr.com/hi/hmaare-baare-men
https://createmy-qr.com/hu/rolunk
https://createmy-qr.com/id/tentang-kami
https://createmy-qr.com/it/chi-siamo
https://createmy-qr.com/ja/si-tatinituite
https://createmy-qr.com/ko/hoesa-sogae
https://createmy-qr.com/ms/mengenai-kami
https://createmy-qr.com/nl/over-ons
https://createmy-qr.com/no/om-oss
https://createmy-qr.com/pl/o-nas
https://createmy-qr.com/pt/sobre-nos
https://createmy-qr.com/ro/despre-noi
https://createmy-qr.com/ru/o-nas
https://createmy-qr.com/sv/om-oss
https://createmy-qr.com/th/ekiiywkaberaa
https://createmy-qr.com/tl/tungkol-sa-amin
https://createmy-qr.com/tr/hakkimizda
https://createmy-qr.com/uk/pro-nas
https://createmy-qr.com/vi/ve-chung-toi
https://createmy-qr.com/zh/guan-yu-wo-men","200
200
200
200
200
200
200
200
200
200
200
200
200
200
200
200
200
200
200
200
200
200
200
200
200
200
200
200
200
200
200",Some pages don't include hreflang links to all the other pages of the group,1484275197122503531,28,91
21,https://createmy-qr.com/fr/generateur-de-code-qr-gratuit-en-ligne,"Générateur de codes-barres gratuit en ligne - Créez des codes-barres 1D
Générateur de code QR types.barcode - Gratuit et personnalisé | CreateMy-QR
barcode - Générateur de Code QR Gratuit en Ligne - CreateMy-QR",text/html; charset=utf-8,false,200,0,true,"https://createmy-qr.com/ar/mwld-rmz-lstjb-lsryaa-mjny
https://createmy-qr.com/barcode-generator
https://createmy-qr.com/barcode-generator
https://createmy-qr.com/bn/phri-anlaain-kiuaar-kodd-jenaarettr
https://createmy-qr.com/cs/zdarma-online-generator-qr-kodu
https://createmy-qr.com/da/gratis-qr-kode-generator-online
https://createmy-qr.com/de/kostenloser-qr-code-generator-online
https://createmy-qr.com/el/dorean-dimioyrgia-qr-code-online
https://createmy-qr.com/es/generador-de-codigos-qr-gratis-online
https://createmy-qr.com/fi/ilmainen-qr-koodigeneraattori-netissa
https://createmy-qr.com/fr/generateur-de-code-qr-gratuit-en-ligne
https://createmy-qr.com/hi/muph-t-onnlaain-kyuuaar-kodd-jnrettr
https://createmy-qr.com/hu/ingyenes-online-qr-kod-generator
https://createmy-qr.com/id/generator-qr-code-gratis-online
https://createmy-qr.com/it/generatore-di-codici-qr-gratis-online
https://createmy-qr.com/ja/wu-liao-qrkodozuo-cheng-zienereta
https://createmy-qr.com/ko/muryo-onrain-qr-kodeu-saengseonggi
https://createmy-qr.com/ms/penjana-kod-qr-percuma-dalam-talian
https://createmy-qr.com/nl/gratis-qr-code-generator-online
https://createmy-qr.com/no/gratis-qr-kode-generator-online
https://createmy-qr.com/pl/darmowy-generator-kodow-qr-online
https://createmy-qr.com/pt/gerador-de-codigo-qr-gratis-online
https://createmy-qr.com/ro/generator-de-coduri-qr-gratuit-online
https://createmy-qr.com/ru/besplatnyy-generator-qr-kodov-onlayn
https://createmy-qr.com/sv/gratis-qr-kod-generator-online
https://createmy-qr.com/th/ekhruue-ngmuue-sraangkhiw-aarokhd-nailnfrii
https://createmy-qr.com/tl/libreng-online-qr-code-generator
https://createmy-qr.com/tr/ucretsiz-cevrimici-qr-kod-olusturucu
https://createmy-qr.com/uk/bezkoshtovniy-generator-qr-kodiv-onlayn
https://createmy-qr.com/vi/tao-ma-qr-mien-phi-truc-tuyen
https://createmy-qr.com/zh/mian-fei-zai-xian-er-wei-ma-sheng-cheng-qi","200
200
200
200
200
200
200
200
200
200
200
200
200
200
200
200
200
200
200
200
200
200
200
200
200
200
200
200
200
200
200",Some pages don't include hreflang links to all the other pages of the group,8617637658849271563,28,91
