PR,URL,Title,Content type,Is rendered page,HTTP status code,Organic traffic,Depth,Title patch,Title patch status,Title length,No. of titles,Is indexable page
22,https://createmy-qr.com/compare,"Free QR Code Generator Online - CreateMy-QR (No Signup) | Compare Tools
types.compare QR Code Generator - Free & Custom | CreateMy-QR
Compare Plans - CreateMy-QR",text/html; charset=utf-8,false,200,0,0,,,"71
61
27",3,true
22,https://createmy-qr.com/pricing,"Free QR Code Generator Online - CreateMy-QR (No Signup) | 100% Free Pricing
types.pricing QR Code Generator - Free & Custom | CreateMy-QR
100% Free Pricing | CreateMy-QR",text/html; charset=utf-8,false,200,0,0,,,"75
61
31",3,true
22,https://createmy-qr.com/languages,"Free QR Code Generator Online - CreateMy-QR (No Signup) | Supported Languages
types.languages QR Code Generator - Free & Custom | CreateMy-QR
Supported Languages | CreateMy-QR",text/html; charset=utf-8,false,200,0,0,,,"77
63
33",3,true
22,https://createmy-qr.com/privacy,"Free QR Code Generator Online - CreateMy-QR (No Signup) | Privacy Policy
types.privacy QR Code Generator - Free & Custom | CreateMy-QR
Privacy Policy - CreateMy-QR",text/html; charset=utf-8,false,200,0,0,,,"72
61
28",3,true
22,https://createmy-qr.com/terms,"Free QR Code Generator Online - CreateMy-QR (No Signup) | Terms of Service
types.terms QR Code Generator - Free & Custom | CreateMy-QR
Terms of Service - CreateMy-QR",text/html; charset=utf-8,false,200,0,0,,,"74
59
30",3,true
22,https://createmy-qr.com/security,"Free QR Code Generator Online - CreateMy-QR (No Signup) | Security Architecture
types.security QR Code Generator - Free & Custom | CreateMy-QR
Security Architecture | CreateMy-QR",text/html; charset=utf-8,false,200,0,0,,,"79
62
35",3,true
21,https://createmy-qr.com/fi/tietosuojakaytanto,"Ilmainen QR-koodigeneraattori Netissä - CreateMy-QR (No Signup) | Tietosuojakäytäntö
types.privacy QR-koodigeneraattori - ilmainen ja räätälöity | CreateMy-QR
Tietosuojakäytäntö | CreateMy-QR",text/html; charset=utf-8,false,200,0,0,,,"84
73
32",3,true
21,https://createmy-qr.com/it/app-store-generatore-di-codici-qr-gratis-online,"Generatore di codici QR App Store - Gratuito e personalizzato | CreateMy-QR
App Store - Generatore di Codici QR Gratis Online - CreateMy-QR",text/html; charset=utf-8,false,200,0,0,,,"75
63",2,true
21,https://createmy-qr.com/fr/reservation-generateur-de-code-qr-gratuit-en-ligne,"Générateur de code QR Réservation - Gratuit et personnalisé | CreateMy-QR
Réservation - Générateur de Code QR Gratuit en Ligne - CreateMy-QR",text/html; charset=utf-8,false,200,0,0,,,"73
66",2,true
21,https://createmy-qr.com/pl/polityka-prywatnosci,"Darmowy Generator Kodów QR Online - CreateMy-QR (No Signup) | Polityka prywatności
Generator kodów QR types.privacy — bezpłatny i niestandardowy | CreateMy-QR
Polityka prywatności | CreateMy-QR",text/html; charset=utf-8,false,200,0,0,,,"82
75
34",3,true
21,https://createmy-qr.com/de/telegram-kostenloser-qr-code-generator-online,"Telegramm QR-Code-Generator – kostenlos und benutzerdefiniert | CreateMy-QR
Telegramm - Kostenloser QR-Code Generator Online - CreateMy-QR",text/html; charset=utf-8,false,200,0,0,,,"75
62",2,true
21,https://createmy-qr.com/de/google-review-kostenloser-qr-code-generator-online,"Google-Rezension QR-Code-Generator – kostenlos und benutzerdefiniert | CreateMy-QR
Google-Rezension - Kostenloser QR-Code Generator Online - CreateMy-QR",text/html; charset=utf-8,false,200,0,0,,,"82
69",2,true
21,https://createmy-qr.com/de/ereignis-kostenloser-qr-code-generator-online,"Ereignis QR-Code-Generator – kostenlos und benutzerdefiniert | CreateMy-QR
Ereignis - Kostenloser QR-Code Generator Online - CreateMy-QR",text/html; charset=utf-8,false,200,0,0,,,"74
61",2,true
21,https://createmy-qr.com/it/lettore-di-codici-a-barre-generatore-di-codici-qr-gratis-online,"Scanner di codici a barre online gratuito: scansiona UPC e EAN
Generatore di codici QR Lettore di codici a barre - Gratuito e personalizzato | CreateMy-QR
Lettore di codici a barre - Generatore di Codici QR Gratis Online - CreateMy-QR",text/html; charset=utf-8,false,200,0,0,,,"62
91
79",3,true
21,https://createmy-qr.com/da/gratis-qr-kode-generator-online-2,"Gratis QR-kodescanner online - Scan QR øjeblikkeligt
types.scanqr QR Code Generator - Gratis og brugerdefineret | CreateMy-QR
scanqr - Gratis QR Kode Generator Online - CreateMy-QR",text/html; charset=utf-8,false,200,0,0,,,"52
72
54",3,true
21,https://createmy-qr.com/pt/politica-de-privacidade,"Gerador de Código QR Grátis Online - CreateMy-QR (No Signup) | Política de Privacidade
Gerador de código QR types.privacy - gratuito e personalizado | CreateMy-QR
Política de Privacidade | CreateMy-QR",text/html; charset=utf-8,false,200,0,0,,,"86
75
37",3,true
21,https://createmy-qr.com/tr/100-ucretsiz-fiyatlandirma,"Ücretsiz Çevrimiçi QR Kod Oluşturucu - CreateMy-QR (No Signup) | %100 Ücretsiz Fiyatlandırma
types.pricing QR Kod Oluşturucu - Ücretsiz ve Özel | CreateMy-QR
%100 Ücretsiz Fiyatlandırma | CreateMy-QR",text/html; charset=utf-8,false,200,0,0,,,"92
64
41",3,true
21,https://createmy-qr.com/de/kostenloser-qr-code-generator-online-2,"Kostenloser QR-Code-Scanner online – QR sofort scannen
types.scanqr QR-Code-Generator – kostenlos und benutzerdefiniert | CreateMy-QR
scanqr - Kostenloser QR-Code Generator Online - CreateMy-QR",text/html; charset=utf-8,false,200,0,0,,,"54
78
59",3,true
21,https://createmy-qr.com/fr/politique-de-confidentialite,"Générateur de Code QR Gratuit en Ligne - CreateMy-QR (No Signup) | Politique de confidentialité
Générateur de code QR types.privacy - Gratuit et personnalisé | CreateMy-QR
Politique de confidentialité | CreateMy-QR",text/html; charset=utf-8,false,200,0,0,,,"95
75
42",3,true
21,https://createmy-qr.com/it/discord-generatore-di-codici-qr-gratis-online,"Generatore di codici QR Discordia - Gratuito e personalizzato | CreateMy-QR
Discordia - Generatore di Codici QR Gratis Online - CreateMy-QR",text/html; charset=utf-8,false,200,0,0,,,"75
63",2,true
21,https://createmy-qr.com/fr/x-twitter-generateur-de-code-qr-gratuit-en-ligne,"Générateur de code QR X (Twitter) - Gratuit et personnalisé | CreateMy-QR
X (Twitter) - Générateur de Code QR Gratuit en Ligne - CreateMy-QR",text/html; charset=utf-8,false,200,0,0,,,"73
66",2,true
21,https://createmy-qr.com/de/standort-kostenloser-qr-code-generator-online,"Standort QR-Code-Generator – kostenlos und benutzerdefiniert | CreateMy-QR
Standort - Kostenloser QR-Code Generator Online - CreateMy-QR",text/html; charset=utf-8,false,200,0,0,,,"74
61",2,true
21,https://createmy-qr.com/ro/termeni-si-conditii,"Generator de Coduri QR Gratuit Online - CreateMy-QR (No Signup) | Termeni și condiții
types.terms QR Code Generator - Gratuit și personalizat | CreateMy-QR
Termeni și condiții | CreateMy-QR",text/html; charset=utf-8,false,200,0,0,,,"85
69
33",3,true
21,https://createmy-qr.com/uk/url-link-bezkoshtovniy-generator-qr-kodiv-onlayn,"Безкоштовний Генератор QR-кодів Онлайн - CreateMy-QR (No Signup) | CreateMy-QR
Безкоштовний Генератор QR-кодів Онлайн - CreateMy-QR (No Signup)",text/html; charset=utf-8,false,200,0,0,,,"78
64",2,true
21,https://createmy-qr.com/vi/dieu-khoan-dich-vu,"Tạo Mã QR Miễn Phí Trực Tuyến - CreateMy-QR (No Signup) | Điều khoản dịch vụ
Trình tạo mã QR types.terms - Miễn phí & Tùy chỉnh | CreateMy-QR
Điều khoản dịch vụ | CreateMy-QR",text/html; charset=utf-8,false,200,0,0,,,"76
64
32",3,true
21,https://createmy-qr.com/ms/syarat-perkhidmatan,"Penjana Kod QR Percuma Dalam Talian - CreateMy-QR (No Signup) | Syarat Perkhidmatan
Penjana Kod QR types.terms - Percuma & Tersuai | CreateMy-QR
Syarat Perkhidmatan | CreateMy-QR",text/html; charset=utf-8,false,200,0,0,,,"83
60
33",3,true
21,https://createmy-qr.com/vi/chinh-sach-bao-mat,"Tạo Mã QR Miễn Phí Trực Tuyến - CreateMy-QR (No Signup) | Chính sách bảo mật
Trình tạo mã QR types.privacy - Miễn phí & Tùy chỉnh | CreateMy-QR
Chính sách bảo mật | CreateMy-QR",text/html; charset=utf-8,false,200,0,0,,,"76
66
32",3,true
21,https://createmy-qr.com/uk/whatsapp-bezkoshtovniy-generator-qr-kodiv-onlayn,"Генератор QR-коду WhatsApp – безкоштовний і користувацький | CreateMy-QR
WhatsApp - Безкоштовний Генератор QR-кодів Онлайн - CreateMy-QR",text/html; charset=utf-8,false,200,0,0,,,"72
63",2,true
21,https://createmy-qr.com/fr/cas-d-utilisation,"Générateur de Code QR Gratuit en Ligne - CreateMy-QR (No Signup) | Cas d'utilisation
Générateur de code QR types.usecases - Gratuit et personnalisé | CreateMy-QR
Cas d'utilisation | CreateMy-QR",text/html; charset=utf-8,false,200,0,0,,,"84
76
31",3,true
21,https://createmy-qr.com/fr/telephone-generateur-de-code-qr-gratuit-en-ligne,"Générateur de code QR Téléphone - Gratuit et personnalisé | CreateMy-QR
Téléphone - Générateur de Code QR Gratuit en Ligne - CreateMy-QR",text/html; charset=utf-8,false,200,0,0,,,"71
64",2,true
21,https://createmy-qr.com/uk/100-bezkoshtovni-cini,"Безкоштовний Генератор QR-кодів Онлайн - CreateMy-QR (No Signup) | 100% безкоштовні ціни
Генератор QR-коду types.pricing – безкоштовний і користувацький | CreateMy-QR
100% безкоштовні ціни | CreateMy-QR",text/html; charset=utf-8,false,200,0,0,,,"88
77
35",3,true
21,https://createmy-qr.com/fi/url-link-ilmainen-qr-koodigeneraattori-netissa,"Ilmainen QR-koodigeneraattori Netissä - CreateMy-QR (No Signup) | CreateMy-QR
Ilmainen QR-koodigeneraattori Netissä - CreateMy-QR (No Signup)",text/html; charset=utf-8,false,200,0,0,,,"77
63",2,true
21,https://createmy-qr.com/tr/araclari-karsilastir,"Ücretsiz Çevrimiçi QR Kod Oluşturucu - CreateMy-QR (No Signup) | Araçları Karşılaştır
types.compare QR Kod Oluşturucu - Ücretsiz ve Özel | CreateMy-QR
Araçları Karşılaştır | CreateMy-QR",text/html; charset=utf-8,false,200,0,0,,,"85
64
34",3,true
21,https://createmy-qr.com/fr/langues-prises-en-charge,"Générateur de Code QR Gratuit en Ligne - CreateMy-QR (No Signup) | Langues prises en charge
Générateur de code QR types.languages - Gratuit et personnalisé | CreateMy-QR
Langues prises en charge | CreateMy-QR",text/html; charset=utf-8,false,200,0,0,,,"91
77
38",3,true
21,https://createmy-qr.com/de/video-kostenloser-qr-code-generator-online,"Video QR-Code-Generator – kostenlos und benutzerdefiniert | CreateMy-QR
Video - Kostenloser QR-Code Generator Online - CreateMy-QR",text/html; charset=utf-8,false,200,0,0,,,"71
58",2,true
21,https://createmy-qr.com/de/venmo-kostenloser-qr-code-generator-online,"Venmo QR-Code-Generator – kostenlos und benutzerdefiniert | CreateMy-QR
Venmo - Kostenloser QR-Code Generator Online - CreateMy-QR",text/html; charset=utf-8,false,200,0,0,,,"71
58",2,true
21,https://createmy-qr.com/de/audio-kostenloser-qr-code-generator-online,"Audio QR-Code-Generator – kostenlos und benutzerdefiniert | CreateMy-QR
Audio - Kostenloser QR-Code Generator Online - CreateMy-QR",text/html; charset=utf-8,false,200,0,0,,,"71
58",2,true
21,https://createmy-qr.com/it/whatsapp-generatore-di-codici-qr-gratis-online,"Generatore di codici QR Whatsapp - Gratuito e personalizzato | CreateMy-QR
Whatsapp - Generatore di Codici QR Gratis Online - CreateMy-QR",text/html; charset=utf-8,false,200,0,0,,,"74
62",2,true
21,https://createmy-qr.com/it/chi-siamo,"Generatore di Codici QR Gratis Online - CreateMy-QR (No Signup) | Chi siamo
Generatore di codici QR types.about - Gratuito e personalizzato | CreateMy-QR
Chi siamo | CreateMy-QR",text/html; charset=utf-8,false,200,0,0,,,"75
77
23",3,true
21,https://createmy-qr.com/it/amazon-generatore-di-codici-qr-gratis-online,"Generatore di codici QR Amazzonia - Gratuito e personalizzato | CreateMy-QR
Amazzonia - Generatore di Codici QR Gratis Online - CreateMy-QR",text/html; charset=utf-8,false,200,0,0,,,"75
63",2,true
21,https://createmy-qr.com/it/spotify-generatore-di-codici-qr-gratis-online,"Generatore di codici QR Spotify - Gratuito e personalizzato | CreateMy-QR
Spotify - Generatore di Codici QR Gratis Online - CreateMy-QR",text/html; charset=utf-8,false,200,0,0,,,"73
61",2,true
21,https://createmy-qr.com/no/personvernerklaering,"Gratis QR-kode Generator Online - CreateMy-QR (No Signup) | Personvernerklæring
types.privacy QR Code Generator - Gratis og tilpasset | CreateMy-QR
Personvernerklæring | CreateMy-QR",text/html; charset=utf-8,false,200,0,0,,,"79
67
33",3,true
21,https://createmy-qr.com/it/crypto-generatore-di-codici-qr-gratis-online,"Generatore di codici QR Cripto - Gratuito e personalizzato | CreateMy-QR
Cripto - Generatore di Codici QR Gratis Online - CreateMy-QR",text/html; charset=utf-8,false,200,0,0,,,"72
60",2,true
21,https://createmy-qr.com/sv/sakerhetsarkitektur,"Gratis QR-kod Generator Online - CreateMy-QR (No Signup) | Säkerhetsarkitektur
types.security QR Code Generator - Gratis & anpassad | CreateMy-QR
Säkerhetsarkitektur | CreateMy-QR",text/html; charset=utf-8,false,200,0,0,,,"78
66
33",3,true
21,https://createmy-qr.com/cs/zasady-ochrany-osobnich-udaju,"Zdarma Online Generátor QR Kódů - CreateMy-QR (No Signup) | Zásady ochrany osobních údajů
types.privacy generátor QR kódu – zdarma a na míru | CreateMy-QR
Zásady ochrany osobních údajů | CreateMy-QR",text/html; charset=utf-8,false,200,0,0,,,"89
64
43",3,true
21,https://createmy-qr.com/sv/sprak-som-stods,"Gratis QR-kod Generator Online - CreateMy-QR (No Signup) | Språk som stöds
types.languages QR Code Generator - Gratis & anpassad | CreateMy-QR
Språk som stöds | CreateMy-QR",text/html; charset=utf-8,false,200,0,0,,,"74
67
29",3,true
21,https://createmy-qr.com/it/lingue-supportate,"Generatore di Codici QR Gratis Online - CreateMy-QR (No Signup) | Lingue supportate
Generatore di codici QR types.languages - Gratuito e personalizzato | CreateMy-QR
Lingue supportate | CreateMy-QR",text/html; charset=utf-8,false,200,0,0,,,"83
81
31",3,true
21,https://createmy-qr.com/de/whatsapp-kostenloser-qr-code-generator-online,"WhatsApp QR-Code-Generator – kostenlos und benutzerdefiniert | CreateMy-QR
WhatsApp - Kostenloser QR-Code Generator Online - CreateMy-QR",text/html; charset=utf-8,false,200,0,0,,,"74
61",2,true
21,https://createmy-qr.com/fr/google-review-generateur-de-code-qr-gratuit-en-ligne,"Générateur de code QR Avis Google - Gratuit et personnalisé | CreateMy-QR
Avis Google - Générateur de Code QR Gratuit en Ligne - CreateMy-QR",text/html; charset=utf-8,false,200,0,0,,,"73
66",2,true
21,https://createmy-qr.com/no/sammenlign-verktoy,"Gratis QR-kode Generator Online - CreateMy-QR (No Signup) | Sammenlign verktøy
types.compare QR Code Generator - Gratis og tilpasset | CreateMy-QR
Sammenlign verktøy | CreateMy-QR",text/html; charset=utf-8,false,200,0,0,,,"78
67
32",3,true
21,https://createmy-qr.com/it/generatore-di-codici-qr-gratis-online,"Generatore di codici a barre online gratuito - Crea codici a barre 1D
Generatore di codici QR types.barcode - Gratuito e personalizzato | CreateMy-QR
barcode - Generatore di Codici QR Gratis Online - CreateMy-QR",text/html; charset=utf-8,false,200,0,0,,,"69
79
61",3,true
21,https://createmy-qr.com/th/ekiiywkaberaa,"เครื่องมือสร้างคิวอาร์โค้ดออนไลน์ฟรี - CreateMy-QR (No Signup) | เกี่ยวกับเรา
types.about เครื่องสร้างโค้ด QR - ฟรีและกำหนดเอง | CreateMy-QR
เกี่ยวกับเรา | CreateMy-QR",text/html; charset=utf-8,false,200,0,0,,,"77
62
26",3,true
21,https://createmy-qr.com/es/arquitectura-de-seguridad,"Generador de Códigos QR Gratis Online - CreateMy-QR (No Signup) | Arquitectura de seguridad
Generador de códigos QR types.security: gratuito y personalizado | CreateMy-QR
Arquitectura de seguridad | CreateMy-QR",text/html; charset=utf-8,false,200,0,0,,,"91
78
39",3,true
21,https://createmy-qr.com/nl/beveiligingsarchitectuur,"Gratis QR Code Generator Online - CreateMy-QR (No Signup) | Beveiligingsarchitectuur
types.security QR-codegenerator - gratis en aangepast | CreateMy-QR
Beveiligingsarchitectuur | CreateMy-QR",text/html; charset=utf-8,false,200,0,0,,,"84
67
38",3,true
21,https://createmy-qr.com/ar/url-link-mwld-rmz-lstjb-lsryaa-mjny,"مولد رمز الاستجابة السريعة مجاني - CreateMy-QR (No Signup) | CreateMy-QR
مولد رمز الاستجابة السريعة مجاني - CreateMy-QR (No Signup)",text/html; charset=utf-8,false,200,0,0,,,"72
58",2,true
21,https://createmy-qr.com/es/discord-generador-de-codigos-qr-gratis-online,"Generador de códigos QR Discordia: gratuito y personalizado | CreateMy-QR
Discordia - Generador de Códigos QR Gratis Online - CreateMy-QR",text/html; charset=utf-8,false,200,0,0,,,"73
63",2,true
21,https://createmy-qr.com/ru/google-forms-besplatnyy-generator-qr-kodov-onlayn,"Google Формы Генератор QR-кодов — бесплатный и настраиваемый | CreateMy-QR
Google Формы - Бесплатный генератор QR-кодов онлайн - CreateMy-QR",text/html; charset=utf-8,false,200,0,0,,,"74
65",2,true
21,https://createmy-qr.com/pl/lokalizacja-darmowy-generator-kodow-qr-online,"Generator kodów QR Lokalizacja — bezpłatny i niestandardowy | CreateMy-QR
Lokalizacja - Darmowy Generator Kodów QR Online - CreateMy-QR",text/html; charset=utf-8,false,200,0,0,,,"73
61",2,true
21,https://createmy-qr.com/pl/url-link-darmowy-generator-kodow-qr-online,"Darmowy Generator Kodów QR Online - CreateMy-QR (No Signup) | CreateMy-QR
Darmowy Generator Kodów QR Online - CreateMy-QR (No Signup)",text/html; charset=utf-8,false,200,0,0,,,"73
59",2,true
21,https://createmy-qr.com/th/epriiybethiiybekhruue-ngmuue,"เครื่องมือสร้างคิวอาร์โค้ดออนไลน์ฟรี - CreateMy-QR (No Signup) | เปรียบเทียบเครื่องมือ
types.compare เครื่องสร้างโค้ด QR - ฟรีและกำหนดเอง | CreateMy-QR
เปรียบเทียบเครื่องมือ | CreateMy-QR",text/html; charset=utf-8,false,200,0,0,,,"86
64
35",3,true
21,https://createmy-qr.com/ru/politika-konfidencialnosti,"Бесплатный генератор QR-кодов онлайн - CreateMy-QR (No Signup) | Политика конфиденциальности
types.privacy Генератор QR-кодов — бесплатный и настраиваемый | CreateMy-QR
Политика конфиденциальности | CreateMy-QR",text/html; charset=utf-8,false,200,0,0,,,"92
75
41",3,true
21,https://createmy-qr.com/da/url-link-gratis-qr-kode-generator-online,"Gratis QR Kode Generator Online - CreateMy-QR (No Signup) | CreateMy-QR
Gratis QR Kode Generator Online - CreateMy-QR (No Signup)",text/html; charset=utf-8,false,200,0,0,,,"71
57",2,true
21,https://createmy-qr.com/es/idiomas-admitidos,"Generador de Códigos QR Gratis Online - CreateMy-QR (No Signup) | Idiomas admitidos
Generador de códigos QR types.languages: gratuito y personalizado | CreateMy-QR
Idiomas admitidos | CreateMy-QR",text/html; charset=utf-8,false,200,0,0,,,"83
79
31",3,true
21,https://createmy-qr.com/it/telegram-generatore-di-codici-qr-gratis-online,"Generatore di codici QR Telegramma - Gratuito e personalizzato | CreateMy-QR
Telegramma - Generatore di Codici QR Gratis Online - CreateMy-QR",text/html; charset=utf-8,false,200,0,0,,,"76
64",2,true
21,https://createmy-qr.com/da/sikkerhedsarkitektur,"Gratis QR Kode Generator Online - CreateMy-QR (No Signup) | Sikkerhedsarkitektur
types.security QR Code Generator - Gratis og brugerdefineret | CreateMy-QR
Sikkerhedsarkitektur | CreateMy-QR",text/html; charset=utf-8,false,200,0,0,,,"80
74
34",3,true
21,https://createmy-qr.com/uk/youtube-bezkoshtovniy-generator-qr-kodiv-onlayn,"Генератор QR-коду YouTube – безкоштовний і користувацький | CreateMy-QR
YouTube - Безкоштовний Генератор QR-кодів Онлайн - CreateMy-QR",text/html; charset=utf-8,false,200,0,0,,,"71
62",2,true
21,https://createmy-qr.com/es/ubicacion-generador-de-codigos-qr-gratis-online,"Generador de códigos QR Ubicación: gratuito y personalizado | CreateMy-QR
Ubicación - Generador de Códigos QR Gratis Online - CreateMy-QR",text/html; charset=utf-8,false,200,0,0,,,"73
63",2,true
21,https://createmy-qr.com/pt/crypto-gerador-de-codigo-qr-gratis-online,"Gerador de código QR Criptografia - gratuito e personalizado | CreateMy-QR
Criptografia - Gerador de Código QR Grátis Online - CreateMy-QR",text/html; charset=utf-8,false,200,0,0,,,"74
63",2,true
21,https://createmy-qr.com/ro/google-review-generator-de-coduri-qr-gratuit-online,"Google Review QR Code Generator - Gratuit și personalizat | CreateMy-QR
Google Review - Generator de Coduri QR Gratuit Online - CreateMy-QR",text/html; charset=utf-8,false,200,0,0,,,"71
67",2,true
21,https://createmy-qr.com/fi/ilmainen-qr-koodigeneraattori-netissa,"Ilmainen viivakoodigeneraattori verkossa - Luo 1D-viivakoodeja
types.barcode QR-koodigeneraattori - ilmainen ja räätälöity | CreateMy-QR
barcode - Ilmainen QR-koodigeneraattori Netissä - CreateMy-QR",text/html; charset=utf-8,false,200,0,0,,,"62
73
61",3,true
21,https://createmy-qr.com/es/app-store-generador-de-codigos-qr-gratis-online,"Generador de códigos QR Tienda de aplicaciones: gratuito y personalizado | CreateMy-QR
Tienda de aplicaciones - Generador de Códigos QR Gratis Online - CreateMy-QR",text/html; charset=utf-8,false,200,0,0,,,"86
76",2,true
21,https://createmy-qr.com/es/whatsapp-generador-de-codigos-qr-gratis-online,"Generador de códigos QR Whatsapp: gratuito y personalizado | CreateMy-QR
Whatsapp - Generador de Códigos QR Gratis Online - CreateMy-QR",text/html; charset=utf-8,false,200,0,0,,,"72
62",2,true
21,https://createmy-qr.com/it/immagine-generatore-di-codici-qr-gratis-online,"Generatore di codici QR Immagine - Gratuito e personalizzato | CreateMy-QR
Immagine - Generatore di Codici QR Gratis Online - CreateMy-QR",text/html; charset=utf-8,false,200,0,0,,,"74
62",2,true
21,https://createmy-qr.com/de/x-twitter-kostenloser-qr-code-generator-online,"X (Twitter) QR-Code-Generator – kostenlos und benutzerdefiniert | CreateMy-QR
X (Twitter) - Kostenloser QR-Code Generator Online - CreateMy-QR",text/html; charset=utf-8,false,200,0,0,,,"77
64",2,true
21,https://createmy-qr.com/pl/skaner-kodow-kreskowych-darmowy-generator-kodow-qr-online,"Bezpłatny skaner kodów kreskowych online — skanuj kody UPC i EAN
Generator kodów QR Skaner kodów kreskowych — bezpłatny i niestandardowy | CreateMy-QR
Skaner kodów kreskowych - Darmowy Generator Kodów QR Online - CreateMy-QR",text/html; charset=utf-8,false,200,0,0,,,"64
85
73",3,true
21,https://createmy-qr.com/uk/politika-konfidenciynosti,"Безкоштовний Генератор QR-кодів Онлайн - CreateMy-QR (No Signup) | Політика конфіденційності
Генератор QR-коду types.privacy – безкоштовний і користувацький | CreateMy-QR
Політика конфіденційності | CreateMy-QR",text/html; charset=utf-8,false,200,0,0,,,"92
77
39",3,true
21,https://createmy-qr.com/tl/mga-sinusuportahang-wika,"Libreng Online QR Code Generator - CreateMy-QR (No Signup) | Mga Sinusuportahang Wika
types.languages QR Code Generator - Libre at Custom | CreateMy-QR
Mga Sinusuportahang Wika | CreateMy-QR",text/html; charset=utf-8,false,200,0,0,,,"85
65
38",3,true
21,https://createmy-qr.com/hu/url-ingyenes-online-qr-kod-generator,"Ingyenes Online QR-kód Generátor - CreateMy-QR (No Signup) | CreateMy-QR
Ingyenes Online QR-kód Generátor - CreateMy-QR (No Signup)",text/html; charset=utf-8,false,200,0,0,,,"72
58",2,true
21,https://createmy-qr.com/cs/bezpecnostni-architektura,"Zdarma Online Generátor QR Kódů - CreateMy-QR (No Signup) | Bezpečnostní architektura
types.security generátor QR kódu – zdarma a na míru | CreateMy-QR
Bezpečnostní architektura | CreateMy-QR",text/html; charset=utf-8,false,200,0,0,,,"85
65
39",3,true
21,https://createmy-qr.com/tr/desteklenen-diller,"Ücretsiz Çevrimiçi QR Kod Oluşturucu - CreateMy-QR (No Signup) | Desteklenen Diller
types.languages QR Kod Oluşturucu - Ücretsiz ve Özel | CreateMy-QR
Desteklenen Diller | CreateMy-QR",text/html; charset=utf-8,false,200,0,0,,,"83
66
32",3,true
21,https://createmy-qr.com/es/facebook-generador-de-codigos-qr-gratis-online,"Generador de códigos QR Facebook: gratuito y personalizado | CreateMy-QR
Facebook - Generador de Códigos QR Gratis Online - CreateMy-QR",text/html; charset=utf-8,false,200,0,0,,,"72
62",2,true
21,https://createmy-qr.com/pt/,"CreateMy-QR | Todas as Ferramentas QR & Código de Barras em Um Só Lugar
CreateMy-QR | Todas as Ferramentas QR & Código de Barras em Um Só Lugar
home - Gerador de Código QR Grátis Online - CreateMy-QR",text/html; charset=utf-8,false,200,0,1,,,"71
71
55",3,true
21,https://createmy-qr.com/uk/telegram-bezkoshtovniy-generator-qr-kodiv-onlayn,"Генератор QR-коду Телеграма – безкоштовний і користувацький | CreateMy-QR
Телеграма - Безкоштовний Генератор QR-кодів Онлайн - CreateMy-QR",text/html; charset=utf-8,false,200,0,0,,,"73
64",2,true
21,https://createmy-qr.com/it/vcard-generatore-di-codici-qr-gratis-online,"Generatore di codici QR vCard - Gratuito e personalizzato | CreateMy-QR
vCard - Generatore di Codici QR Gratis Online - CreateMy-QR",text/html; charset=utf-8,false,200,0,0,,,"71
59",2,true
21,https://createmy-qr.com/ar/dwt-lmqrn,"مولد رمز الاستجابة السريعة مجاني - CreateMy-QR (No Signup) | أدوات المقارنة
types.compare QR Code Generator - مجاني ومخصص | CreateMy-QR
أدوات المقارنة | CreateMy-QR",text/html; charset=utf-8,false,200,0,0,,,"75
59
28",3,true
21,https://createmy-qr.com/nl/100-gratis-prijzen,"Gratis QR Code Generator Online - CreateMy-QR (No Signup) | 100% gratis prijzen
types.pricing QR-codegenerator - gratis en aangepast | CreateMy-QR
100% gratis prijzen | CreateMy-QR",text/html; charset=utf-8,false,200,0,0,,,"79
66
33",3,true
21,https://createmy-qr.com/pl/snapchat-darmowy-generator-kodow-qr-online,"Generator kodów QR Snapchata — bezpłatny i niestandardowy | CreateMy-QR
Snapchata - Darmowy Generator Kodów QR Online - CreateMy-QR",text/html; charset=utf-8,false,200,0,0,,,"71
59",2,true
21,https://createmy-qr.com/es/politica-de-privacidad,"Generador de Códigos QR Gratis Online - CreateMy-QR (No Signup) | Política de privacidad
Generador de códigos QR types.privacy: gratuito y personalizado | CreateMy-QR
Política de privacidad | CreateMy-QR",text/html; charset=utf-8,false,200,0,0,,,"88
77
36",3,true
21,https://createmy-qr.com/fi/kayttotapaukset,"Ilmainen QR-koodigeneraattori Netissä - CreateMy-QR (No Signup) | Käyttötapaukset
types.usecases QR-koodigeneraattori - ilmainen ja räätälöity | CreateMy-QR
Käyttötapaukset | CreateMy-QR",text/html; charset=utf-8,false,200,0,0,,,"81
74
29",3,true
21,https://createmy-qr.com/th/kh-kamhndainkaaraihbrikaar,"เครื่องมือสร้างคิวอาร์โค้ดออนไลน์ฟรี - CreateMy-QR (No Signup) | ข้อกำหนดในการให้บริการ
types.terms เครื่องสร้างโค้ด QR - ฟรีและกำหนดเอง | CreateMy-QR
ข้อกำหนดในการให้บริการ | CreateMy-QR",text/html; charset=utf-8,false,200,0,0,,,"87
62
36",3,true
21,https://createmy-qr.com/da/use-cases,"Gratis QR Kode Generator Online - CreateMy-QR (No Signup) | Use Cases
types.usecases QR Code Generator - Gratis og brugerdefineret | CreateMy-QR
Use Cases | CreateMy-QR",text/html; charset=utf-8,false,200,0,0,,,"69
74
23",3,true
21,https://createmy-qr.com/es/spotify-generador-de-codigos-qr-gratis-online,"Generador de códigos QR Spotify: gratuito y personalizado | CreateMy-QR
Spotify - Generador de Códigos QR Gratis Online - CreateMy-QR",text/html; charset=utf-8,false,200,0,0,,,"71
61",2,true
21,https://createmy-qr.com/id/url-link-generator-qr-code-gratis-online,"Generator QR Code Gratis Online - CreateMy-QR (No Signup) | CreateMy-QR
Generator QR Code Gratis Online - CreateMy-QR (No Signup)",text/html; charset=utf-8,false,200,0,0,,,"71
57",2,true
21,https://createmy-qr.com/uk/posilannya-v-bio-bezkoshtovniy-generator-qr-kodiv-onlayn,"Генератор QR-коду Посилання в біо – безкоштовний і користувацький | CreateMy-QR
Посилання в біо - Безкоштовний Генератор QR-кодів Онлайн - CreateMy-QR",text/html; charset=utf-8,false,200,0,0,,,"79
70",2,true
21,https://createmy-qr.com/fi/google-review-ilmainen-qr-koodigeneraattori-netissa,"Google-arvostelu QR-koodigeneraattori - ilmainen ja räätälöity | CreateMy-QR
Google-arvostelu - Ilmainen QR-koodigeneraattori Netissä - CreateMy-QR",text/html; charset=utf-8,false,200,0,0,,,"76
70",2,true
21,https://createmy-qr.com/cs/100-bezplatna-cena,"Zdarma Online Generátor QR Kódů - CreateMy-QR (No Signup) | 100% bezplatná cena
types.pricing generátor QR kódu – zdarma a na míru | CreateMy-QR
100% bezplatná cena | CreateMy-QR",text/html; charset=utf-8,false,200,0,0,,,"79
64
33",3,true
21,https://createmy-qr.com/de/buchung-kostenloser-qr-code-generator-online,"Buchung QR-Code-Generator – kostenlos und benutzerdefiniert | CreateMy-QR
Buchung - Kostenloser QR-Code Generator Online - CreateMy-QR",text/html; charset=utf-8,false,200,0,0,,,"73
60",2,true
21,https://createmy-qr.com/pt/casos-de-uso,"Gerador de Código QR Grátis Online - CreateMy-QR (No Signup) | Casos de uso
Gerador de código QR types.usecases - gratuito e personalizado | CreateMy-QR
Casos de uso | CreateMy-QR",text/html; charset=utf-8,false,200,0,0,,,"75
76
26",3,true
21,https://createmy-qr.com/bn/ttul-tulnaa-krun,"ফ্রি অনলাইন কিউআর কোড জেনারেটর - CreateMy-QR (No Signup) | টুল তুলনা করুন
types.compare QR কোড জেনারেটর - বিনামূল্যে এবং কাস্টম | CreateMy-QR
টুল তুলনা করুন | CreateMy-QR",text/html; charset=utf-8,false,200,0,0,,,"73
67
28",3,true
21,https://createmy-qr.com/vi/kien-truc-bao-mat,"Tạo Mã QR Miễn Phí Trực Tuyến - CreateMy-QR (No Signup) | Kiến trúc bảo mật
Trình tạo mã QR types.security - Miễn phí & Tùy chỉnh | CreateMy-QR
Kiến trúc bảo mật | CreateMy-QR",text/html; charset=utf-8,false,200,0,0,,,"75
67
31",3,true
21,https://createmy-qr.com/uk/zobrazhennya-bezkoshtovniy-generator-qr-kodiv-onlayn,"Генератор QR-коду Зображення – безкоштовний і користувацький | CreateMy-QR
Зображення - Безкоштовний Генератор QR-кодів Онлайн - CreateMy-QR",text/html; charset=utf-8,false,200,0,0,,,"74
65",2,true
21,https://createmy-qr.com/pl/link-w-bio-darmowy-generator-kodow-qr-online,"Generator kodów QR Link w Bio — bezpłatny i niestandardowy | CreateMy-QR
Link w Bio - Darmowy Generator Kodów QR Online - CreateMy-QR",text/html; charset=utf-8,false,200,0,0,,,"72
60",2,true
21,https://createmy-qr.com/uk/bronyuvannya-bezkoshtovniy-generator-qr-kodiv-onlayn,"Генератор QR-коду Бронювання – безкоштовний і користувацький | CreateMy-QR
Бронювання - Безкоштовний Генератор QR-кодів Онлайн - CreateMy-QR",text/html; charset=utf-8,false,200,0,0,,,"74
65",2,true
21,https://createmy-qr.com/da/100-gratis-pris,"Gratis QR Kode Generator Online - CreateMy-QR (No Signup) | 100 % gratis pris
types.pricing QR Code Generator - Gratis og brugerdefineret | CreateMy-QR
100 % gratis pris | CreateMy-QR",text/html; charset=utf-8,false,200,0,0,,,"77
73
31",3,true
21,https://createmy-qr.com/th/wi-fi-ekhruue-ngmuue-sraangkhiw-aarokhd-nailnfrii,"อินเตอร์เน็ตไร้สาย เครื่องสร้างโค้ด QR - ฟรีและกำหนดเอง | CreateMy-QR
อินเตอร์เน็ตไร้สาย - เครื่องมือสร้างคิวอาร์โค้ดออนไลน์ฟรี - CreateMy-QR",text/html; charset=utf-8,false,200,0,0,,,"69
71",2,true
21,https://createmy-qr.com/ar/lrbt-fy-lsyr-ldhty-mwld-rmz-lstjb-lsryaa-mjny,"الرابط في السيرة الذاتية QR Code Generator - مجاني ومخصص | CreateMy-QR
الرابط في السيرة الذاتية - مولد رمز الاستجابة السريعة مجاني - CreateMy-QR",text/html; charset=utf-8,false,200,0,0,,,"70
73",2,true
21,https://createmy-qr.com/it/confronta-strumenti,"Generatore di Codici QR Gratis Online - CreateMy-QR (No Signup) | Confronta strumenti
Generatore di codici QR types.compare - Gratuito e personalizzato | CreateMy-QR
Confronta strumenti | CreateMy-QR",text/html; charset=utf-8,false,200,0,0,,,"85
79
33",3,true
21,https://createmy-qr.com/uk/linkedin-bezkoshtovniy-generator-qr-kodiv-onlayn,"Генератор QR-коду LinkedIn – безкоштовний і користувацький | CreateMy-QR
LinkedIn - Безкоштовний Генератор QR-кодів Онлайн - CreateMy-QR",text/html; charset=utf-8,false,200,0,0,,,"72
63",2,true
21,https://createmy-qr.com/da/gratis-qr-kode-generator-online,"Gratis stregkodegenerator online - Opret 1D stregkoder
types.barcode QR Code Generator - Gratis og brugerdefineret | CreateMy-QR
barcode - Gratis QR Kode Generator Online - CreateMy-QR",text/html; charset=utf-8,false,200,0,0,,,"54
73
55",3,true
21,https://createmy-qr.com/fi/100-ilmainen-hinnoittelu,"Ilmainen QR-koodigeneraattori Netissä - CreateMy-QR (No Signup) | 100 % ilmainen hinnoittelu
types.pricing QR-koodigeneraattori - ilmainen ja räätälöity | CreateMy-QR
100 % ilmainen hinnoittelu | CreateMy-QR",text/html; charset=utf-8,false,200,0,0,,,"92
73
40",3,true
21,https://createmy-qr.com/hu/adatvedelmi-szabalyzat,"Ingyenes Online QR-kód Generátor - CreateMy-QR (No Signup) | Adatvédelmi szabályzat
types.privacy QR-kód generátor - ingyenes és egyedi | CreateMy-QR
Adatvédelmi szabályzat | CreateMy-QR",text/html; charset=utf-8,false,200,0,0,,,"83
65
36",3,true
21,https://createmy-qr.com/es/tiktok-generador-de-codigos-qr-gratis-online,"Generador de códigos QR Tik Tok: gratuito y personalizado | CreateMy-QR
Tik Tok - Generador de Códigos QR Gratis Online - CreateMy-QR",text/html; charset=utf-8,false,200,0,0,,,"71
61",2,true
21,https://createmy-qr.com/pl/crypto-darmowy-generator-kodow-qr-online,"Generator kodów QR Kryptowaluty — bezpłatny i niestandardowy | CreateMy-QR
Kryptowaluty - Darmowy Generator Kodów QR Online - CreateMy-QR",text/html; charset=utf-8,false,200,0,0,,,"74
62",2,true
21,https://createmy-qr.com/de/anwendungsfalle,"Kostenloser QR-Code Generator Online - CreateMy-QR (No Signup) | Anwendungsfälle
types.usecases QR-Code-Generator – kostenlos und benutzerdefiniert | CreateMy-QR
Anwendungsfälle | CreateMy-QR",text/html; charset=utf-8,false,200,0,0,,,"80
80
29",3,true
21,https://createmy-qr.com/el/syndesmos-sto-bio-dorean-dimioyrgia-qr-code-online,"Σύνδεσμος στο Bio QR Code Generator - Δωρεάν & Προσαρμοσμένο | CreateMy-QR
Σύνδεσμος στο Bio - Δωρεάν Δημιουργία QR Code Online - CreateMy-QR",text/html; charset=utf-8,false,200,0,0,,,"74
66",2,true
21,https://createmy-qr.com/nl/servicevoorwaarden,"Gratis QR Code Generator Online - CreateMy-QR (No Signup) | Servicevoorwaarden
types.terms QR-codegenerator - gratis en aangepast | CreateMy-QR
Servicevoorwaarden | CreateMy-QR",text/html; charset=utf-8,false,200,0,0,,,"78
64
32",3,true
21,https://createmy-qr.com/id/kasus-penggunaan,"Generator QR Code Gratis Online - CreateMy-QR (No Signup) | Kasus Penggunaan
types.usecases Pembuat Kode QR - Gratis & Khusus | CreateMy-QR
Kasus Penggunaan | CreateMy-QR",text/html; charset=utf-8,false,200,0,0,,,"76
62
30",3,true
21,https://createmy-qr.com/ru/app-store-besplatnyy-generator-qr-kodov-onlayn,"Магазин приложений Генератор QR-кодов — бесплатный и настраиваемый | CreateMy-QR
Магазин приложений - Бесплатный генератор QR-кодов онлайн - CreateMy-QR",text/html; charset=utf-8,false,200,0,0,,,"80
71",2,true
21,https://createmy-qr.com/uk/instagram-bezkoshtovniy-generator-qr-kodiv-onlayn,"Генератор QR-коду Instagram – безкоштовний і користувацький | CreateMy-QR
Instagram - Безкоштовний Генератор QR-кодів Онлайн - CreateMy-QR",text/html; charset=utf-8,false,200,0,0,,,"73
64",2,true
21,https://createmy-qr.com/no/google-review-gratis-qr-kode-generator-online,"Google-anmeldelse QR Code Generator - Gratis og tilpasset | CreateMy-QR
Google-anmeldelse - Gratis QR-kode Generator Online - CreateMy-QR",text/html; charset=utf-8,false,200,0,0,,,"71
65",2,true
21,https://createmy-qr.com/de/link-in-bio-kostenloser-qr-code-generator-online,"Link in Bio QR-Code-Generator – kostenlos und benutzerdefiniert | CreateMy-QR
Link in Bio - Kostenloser QR-Code Generator Online - CreateMy-QR",text/html; charset=utf-8,false,200,0,0,,,"77
64",2,true
21,https://createmy-qr.com/da/google-forms-gratis-qr-kode-generator-online,"Google Forms QR Code Generator - Gratis og brugerdefineret | CreateMy-QR
Google Forms - Gratis QR Kode Generator Online - CreateMy-QR",text/html; charset=utf-8,false,200,0,0,,,"72
60",2,true
21,https://createmy-qr.com/fi/turvallisuusarkkitehtuuri,"Ilmainen QR-koodigeneraattori Netissä - CreateMy-QR (No Signup) | Turvallisuusarkkitehtuuri
types.security QR-koodigeneraattori - ilmainen ja räätälöity | CreateMy-QR
Turvallisuusarkkitehtuuri | CreateMy-QR",text/html; charset=utf-8,false,200,0,0,,,"91
74
39",3,true
21,https://createmy-qr.com/cs/url-link-zdarma-online-generator-qr-kodu,"Zdarma Online Generátor QR Kódů - CreateMy-QR (No Signup) | CreateMy-QR
Zdarma Online Generátor QR Kódů - CreateMy-QR (No Signup)",text/html; charset=utf-8,false,200,0,0,,,"71
57",2,true
21,https://createmy-qr.com/de/amazon-kostenloser-qr-code-generator-online,"Amazon QR-Code-Generator – kostenlos und benutzerdefiniert | CreateMy-QR
Amazon - Kostenloser QR-Code Generator Online - CreateMy-QR",text/html; charset=utf-8,false,200,0,0,,,"72
59",2,true
21,https://createmy-qr.com/uk/snapchat-bezkoshtovniy-generator-qr-kodiv-onlayn,"Генератор QR-коду Snapchat – безкоштовний і користувацький | CreateMy-QR
Snapchat - Безкоштовний Генератор QR-кодів Онлайн - CreateMy-QR",text/html; charset=utf-8,false,200,0,0,,,"72
63",2,true
21,https://createmy-qr.com/de/uber-uns,"Kostenloser QR-Code Generator Online - CreateMy-QR (No Signup) | Über uns
types.about QR-Code-Generator – kostenlos und benutzerdefiniert | CreateMy-QR
Über uns | CreateMy-QR",text/html; charset=utf-8,false,200,0,0,,,"73
77
22",3,true
21,https://createmy-qr.com/it/wi-fi-generatore-di-codici-qr-gratis-online,"Generatore di codici QR Wi-Fi - Gratuito e personalizzato | CreateMy-QR
Wi-Fi - Generatore di Codici QR Gratis Online - CreateMy-QR",text/html; charset=utf-8,false,200,0,0,,,"71
59",2,true
21,https://createmy-qr.com/de/datenschutzrichtlinie,"Kostenloser QR-Code Generator Online - CreateMy-QR (No Signup) | Datenschutzrichtlinie
types.privacy QR-Code-Generator – kostenlos und benutzerdefiniert | CreateMy-QR
Datenschutzrichtlinie | CreateMy-QR",text/html; charset=utf-8,false,200,0,0,,,"86
79
35",3,true
21,https://createmy-qr.com/hi/gopniiytaa-niiti,"मुफ़्त ऑनलाइन क्यूआर कोड जनरेटर - CreateMy-QR (No Signup) | गोपनीयता नीति
types.privacy QR कोड जेनरेटर - मुफ़्त और कस्टम | CreateMy-QR
गोपनीयता नीति | CreateMy-QR",text/html; charset=utf-8,false,200,0,0,,,"73
60
27",3,true
21,https://createmy-qr.com/it/instagram-generatore-di-codici-qr-gratis-online,"Generatore di codici QR Instagram - Gratuito e personalizzato | CreateMy-QR
Instagram - Generatore di Codici QR Gratis Online - CreateMy-QR",text/html; charset=utf-8,false,200,0,0,,,"75
63",2,true
21,https://createmy-qr.com/el/ergaleia-sygkrisis,"Δωρεάν Δημιουργία QR Code Online - CreateMy-QR (No Signup) | Εργαλεία σύγκρισης
types.compare QR Code Generator - Δωρεάν & Προσαρμοσμένο | CreateMy-QR
Εργαλεία σύγκρισης | CreateMy-QR",text/html; charset=utf-8,false,200,0,0,,,"79
70
32",3,true
21,https://createmy-qr.com/da/sammenlign-vaerktojer,"Gratis QR Kode Generator Online - CreateMy-QR (No Signup) | Sammenlign værktøjer
types.compare QR Code Generator - Gratis og brugerdefineret | CreateMy-QR
Sammenlign værktøjer | CreateMy-QR",text/html; charset=utf-8,false,200,0,0,,,"80
73
34",3,true
21,https://createmy-qr.com/fi/vertaa-tyokaluja,"Ilmainen QR-koodigeneraattori Netissä - CreateMy-QR (No Signup) | Vertaa työkaluja
types.compare QR-koodigeneraattori - ilmainen ja räätälöity | CreateMy-QR
Vertaa työkaluja | CreateMy-QR",text/html; charset=utf-8,false,200,0,0,,,"82
73
30",3,true
21,https://createmy-qr.com/cs/pripady-pouziti,"Zdarma Online Generátor QR Kódů - CreateMy-QR (No Signup) | Případy použití
types.usecases generátor QR kódu – zdarma a na míru | CreateMy-QR
Případy použití | CreateMy-QR",text/html; charset=utf-8,false,200,0,0,,,"75
65
29",3,true
21,https://createmy-qr.com/pl/google-review-darmowy-generator-kodow-qr-online,"Generator kodów QR Recenzja Google — bezpłatny i niestandardowy | CreateMy-QR
Recenzja Google - Darmowy Generator Kodów QR Online - CreateMy-QR",text/html; charset=utf-8,false,200,0,0,,,"77
65",2,true
21,https://createmy-qr.com/es/youtube-generador-de-codigos-qr-gratis-online,"Generador de códigos QR Youtube: gratuito y personalizado | CreateMy-QR
Youtube - Generador de Códigos QR Gratis Online - CreateMy-QR",text/html; charset=utf-8,false,200,0,0,,,"71
61",2,true
21,https://createmy-qr.com/ro/limbi-acceptate,"Generator de Coduri QR Gratuit Online - CreateMy-QR (No Signup) | Limbi acceptate
types.languages QR Code Generator - Gratuit și personalizat | CreateMy-QR
Limbi acceptate | CreateMy-QR",text/html; charset=utf-8,false,200,0,0,,,"81
73
29",3,true
21,https://createmy-qr.com/es/escaner-de-codigo-de-barras-generador-de-codigos-qr-gratis-online,"Escáner de códigos de barras gratuito en línea: escanee UPC y EAN
Generador de códigos QR Escáner de código de barras: gratuito y personalizado | CreateMy-QR
Escáner de código de barras - Generador de Códigos QR Gratis Online - CreateMy-QR",text/html; charset=utf-8,false,200,0,0,,,"65
91
81",3,true
21,https://createmy-qr.com/ru/varianty-ispolzovaniya,"Бесплатный генератор QR-кодов онлайн - CreateMy-QR (No Signup) | Варианты использования
types.usecases Генератор QR-кодов — бесплатный и настраиваемый | CreateMy-QR
Варианты использования | CreateMy-QR",text/html; charset=utf-8,false,200,0,0,,,"87
76
36",3,true
21,https://createmy-qr.com/it/google-review-generatore-di-codici-qr-gratis-online,"Generatore di codici QR Recensione Google - Gratuito e personalizzato | CreateMy-QR
Recensione Google - Generatore di Codici QR Gratis Online - CreateMy-QR",text/html; charset=utf-8,false,200,0,0,,,"83
71",2,true
21,https://createmy-qr.com/ru/bronirovanie-besplatnyy-generator-qr-kodov-onlayn,"Бронирование Генератор QR-кодов — бесплатный и настраиваемый | CreateMy-QR
Бронирование - Бесплатный генератор QR-кодов онлайн - CreateMy-QR",text/html; charset=utf-8,false,200,0,0,,,"74
65",2,true
21,https://createmy-qr.com/fi/linkki-biossa-ilmainen-qr-koodigeneraattori-netissa,"Linkki Biossa QR-koodigeneraattori - ilmainen ja räätälöity | CreateMy-QR
Linkki Biossa - Ilmainen QR-koodigeneraattori Netissä - CreateMy-QR",text/html; charset=utf-8,false,200,0,0,,,"73
67",2,true
21,https://createmy-qr.com/id/bandingkan-alat,"Generator QR Code Gratis Online - CreateMy-QR (No Signup) | Bandingkan Alat
types.compare Pembuat Kode QR - Gratis & Khusus | CreateMy-QR
Bandingkan Alat | CreateMy-QR",text/html; charset=utf-8,false,200,0,0,,,"75
61
29",3,true
21,https://createmy-qr.com/ar/llgt-lmdaawm,"مولد رمز الاستجابة السريعة مجاني - CreateMy-QR (No Signup) | اللغات المدعومة
types.languages QR Code Generator - مجاني ومخصص | CreateMy-QR
اللغات المدعومة | CreateMy-QR",text/html; charset=utf-8,false,200,0,0,,,"76
61
29",3,true
21,https://createmy-qr.com/el/100-dorean-timologisi,"Δωρεάν Δημιουργία QR Code Online - CreateMy-QR (No Signup) | 100% Δωρεάν Τιμολόγηση
types.pricing QR Code Generator - Δωρεάν & Προσαρμοσμένο | CreateMy-QR
100% Δωρεάν Τιμολόγηση | CreateMy-QR",text/html; charset=utf-8,false,200,0,0,,,"83
70
36",3,true
21,https://createmy-qr.com/nl/privacybeleid,"Gratis QR Code Generator Online - CreateMy-QR (No Signup) | Privacybeleid
types.privacy QR-codegenerator - gratis en aangepast | CreateMy-QR
Privacybeleid | CreateMy-QR",text/html; charset=utf-8,false,200,0,0,,,"73
66
27",3,true
21,https://createmy-qr.com/it/url-link-generatore-di-codici-qr-gratis-online,"Generatore di Codici QR Gratis Online - CreateMy-QR (No Signup) | CreateMy-QR
Generatore di Codici QR Gratis Online - CreateMy-QR (No Signup)",text/html; charset=utf-8,false,200,0,0,,,"77
63",2,true
21,https://createmy-qr.com/uk/bezkoshtovniy-generator-qr-kodiv-onlayn-2,"Безкоштовний онлайн-сканер QR-коду - миттєво скануйте QR-код
Генератор QR-коду types.scanqr – безкоштовний і користувацький | CreateMy-QR
scanqr - Безкоштовний Генератор QR-кодів Онлайн - CreateMy-QR",text/html; charset=utf-8,false,200,0,0,,,"60
76
61",3,true
21,https://createmy-qr.com/ar/shrwt-lkhdm,"مولد رمز الاستجابة السريعة مجاني - CreateMy-QR (No Signup) | شروط الخدمة
types.terms QR Code Generator - مجاني ومخصص | CreateMy-QR
شروط الخدمة | CreateMy-QR",text/html; charset=utf-8,false,200,0,0,,,"72
57
25",3,true
21,https://createmy-qr.com/uk/arhitektura-bezpeki,"Безкоштовний Генератор QR-кодів Онлайн - CreateMy-QR (No Signup) | Архітектура безпеки
Генератор QR-коду types.security – безкоштовний і користувацький | CreateMy-QR
Архітектура безпеки | CreateMy-QR",text/html; charset=utf-8,false,200,0,0,,,"86
78
33",3,true
21,https://createmy-qr.com/fr/conditions-d-utilisation,"Générateur de Code QR Gratuit en Ligne - CreateMy-QR (No Signup) | Conditions d'utilisation
Générateur de code QR types.terms - Gratuit et personnalisé | CreateMy-QR
Conditions d'utilisation | CreateMy-QR",text/html; charset=utf-8,false,200,0,0,,,"91
73
38",3,true
21,https://createmy-qr.com/vi/ngon-ngu-duoc-ho-tro,"Tạo Mã QR Miễn Phí Trực Tuyến - CreateMy-QR (No Signup) | Ngôn ngữ được hỗ trợ
Trình tạo mã QR types.languages - Miễn phí & Tùy chỉnh | CreateMy-QR
Ngôn ngữ được hỗ trợ | CreateMy-QR",text/html; charset=utf-8,false,200,0,0,,,"78
68
34",3,true
21,https://createmy-qr.com/pl/instagram-darmowy-generator-kodow-qr-online,"Generator kodów QR Instagramie — bezpłatny i niestandardowy | CreateMy-QR
Instagramie - Darmowy Generator Kodów QR Online - CreateMy-QR",text/html; charset=utf-8,false,200,0,0,,,"73
61",2,true
21,https://createmy-qr.com/de/telefon-kostenloser-qr-code-generator-online,"Telefon QR-Code-Generator – kostenlos und benutzerdefiniert | CreateMy-QR
Telefon - Kostenloser QR-Code Generator Online - CreateMy-QR",text/html; charset=utf-8,false,200,0,0,,,"73
60",2,true
21,https://createmy-qr.com/pl/x-twitter-darmowy-generator-kodow-qr-online,"Generator kodów QR X (Twitter) — bezpłatny i niestandardowy | CreateMy-QR
X (Twitter) - Darmowy Generator Kodów QR Online - CreateMy-QR",text/html; charset=utf-8,false,200,0,0,,,"73
61",2,true
21,https://createmy-qr.com/tr/gizlilik-politikasi,"Ücretsiz Çevrimiçi QR Kod Oluşturucu - CreateMy-QR (No Signup) | Gizlilik Politikası
types.privacy QR Kod Oluşturucu - Ücretsiz ve Özel | CreateMy-QR
Gizlilik Politikası | CreateMy-QR",text/html; charset=utf-8,false,200,0,0,,,"84
64
33",3,true
21,https://createmy-qr.com/id/100-harga-gratis,"Generator QR Code Gratis Online - CreateMy-QR (No Signup) | 100% Harga Gratis
types.pricing Pembuat Kode QR - Gratis & Khusus | CreateMy-QR
100% Harga Gratis | CreateMy-QR",text/html; charset=utf-8,false,200,0,0,,,"77
61
31",3,true
21,https://createmy-qr.com/fr/crypto-generateur-de-code-qr-gratuit-en-ligne,"Générateur de code QR Cryptographie - Gratuit et personnalisé | CreateMy-QR
Cryptographie - Générateur de Code QR Gratuit en Ligne - CreateMy-QR",text/html; charset=utf-8,false,200,0,0,,,"75
68",2,true
21,https://createmy-qr.com/da/understottede-sprog,"Gratis QR Kode Generator Online - CreateMy-QR (No Signup) | Understøttede sprog
types.languages QR Code Generator - Gratis og brugerdefineret | CreateMy-QR
Understøttede sprog | CreateMy-QR",text/html; charset=utf-8,false,200,0,0,,,"79
75
33",3,true
21,https://createmy-qr.com/hi/hmaare-baare-men,"मुफ़्त ऑनलाइन क्यूआर कोड जनरेटर - CreateMy-QR (No Signup) | हमारे बारे में
types.about QR कोड जेनरेटर - मुफ़्त और कस्टम | CreateMy-QR
हमारे बारे में | CreateMy-QR",text/html; charset=utf-8,false,200,0,0,,,"74
58
28",3,true
21,https://createmy-qr.com/no/brukstilfeller,"Gratis QR-kode Generator Online - CreateMy-QR (No Signup) | Brukstilfeller
types.usecases QR Code Generator - Gratis og tilpasset | CreateMy-QR
Brukstilfeller | CreateMy-QR",text/html; charset=utf-8,false,200,0,0,,,"74
68
28",3,true
21,https://createmy-qr.com/it/telefono-generatore-di-codici-qr-gratis-online,"Generatore di codici QR Telefono - Gratuito e personalizzato | CreateMy-QR
Telefono - Generatore di Codici QR Gratis Online - CreateMy-QR",text/html; charset=utf-8,false,200,0,0,,,"74
62",2,true
21,https://createmy-qr.com/da/stregkodescanner-gratis-qr-kode-generator-online,"Gratis stregkodescanner online - Scan UPC & EAN
Stregkodescanner QR Code Generator - Gratis og brugerdefineret | CreateMy-QR
Stregkodescanner - Gratis QR Kode Generator Online - CreateMy-QR",text/html; charset=utf-8,false,200,0,0,,,"47
76
64",3,true
21,https://createmy-qr.com/pt/app-store-gerador-de-codigo-qr-gratis-online,"Gerador de código QR Loja de aplicativos - gratuito e personalizado | CreateMy-QR
Loja de aplicativos - Gerador de Código QR Grátis Online - CreateMy-QR",text/html; charset=utf-8,false,200,0,0,,,"81
70",2,true
21,https://createmy-qr.com/el/barcode-scanner-dorean-dimioyrgia-qr-code-online,"Δωρεάν Online Scanner Barcode - Σάρωση UPC & EAN
Barcode Scanner QR Code Generator - Δωρεάν & Προσαρμοσμένο | CreateMy-QR
Barcode Scanner - Δωρεάν Δημιουργία QR Code Online - CreateMy-QR",text/html; charset=utf-8,false,200,0,0,,,"48
72
64",3,true
21,https://createmy-qr.com/ru/google-review-besplatnyy-generator-qr-kodov-onlayn,"Обзор Google Генератор QR-кодов — бесплатный и настраиваемый | CreateMy-QR
Обзор Google - Бесплатный генератор QR-кодов онлайн - CreateMy-QR",text/html; charset=utf-8,false,200,0,0,,,"74
65",2,true
21,https://createmy-qr.com/vi/lien-ket-trong-bio-tao-ma-qr-mien-phi-truc-tuyen,"Trình tạo mã QR Liên kết trong Bio - Miễn phí & Tùy chỉnh | CreateMy-QR
Liên kết trong Bio - Tạo Mã QR Miễn Phí Trực Tuyến - CreateMy-QR",text/html; charset=utf-8,false,200,0,0,,,"71
64",2,true
21,https://createmy-qr.com/da/beliggenhed-gratis-qr-kode-generator-online,"Beliggenhed QR Code Generator - Gratis og brugerdefineret | CreateMy-QR
Beliggenhed - Gratis QR Kode Generator Online - CreateMy-QR",text/html; charset=utf-8,false,200,0,0,,,"71
59",2,true
21,https://createmy-qr.com/pt/idiomas-suportados,"Gerador de Código QR Grátis Online - CreateMy-QR (No Signup) | Idiomas Suportados
Gerador de código QR types.languages - gratuito e personalizado | CreateMy-QR
Idiomas Suportados | CreateMy-QR",text/html; charset=utf-8,false,200,0,0,,,"81
77
32",3,true
21,https://createmy-qr.com/pt/google-review-gerador-de-codigo-qr-gratis-online,"Gerador de código QR Revisão do Google - gratuito e personalizado | CreateMy-QR
Revisão do Google - Gerador de Código QR Grátis Online - CreateMy-QR",text/html; charset=utf-8,false,200,0,0,,,"79
68",2,true
21,https://createmy-qr.com/ru/100-besplatnye-ceny,"Бесплатный генератор QR-кодов онлайн - CreateMy-QR (No Signup) | 100% бесплатные цены
types.pricing Генератор QR-кодов — бесплатный и настраиваемый | CreateMy-QR
100% бесплатные цены | CreateMy-QR",text/html; charset=utf-8,false,200,0,0,,,"85
75
34",3,true
21,https://createmy-qr.com/pl/app-store-darmowy-generator-kodow-qr-online,"Generator kodów QR Sklep z aplikacjami — bezpłatny i niestandardowy | CreateMy-QR
Sklep z aplikacjami - Darmowy Generator Kodów QR Online - CreateMy-QR",text/html; charset=utf-8,false,200,0,0,,,"81
69",2,true
21,https://createmy-qr.com/pt/preco-100-gratuito,"Gerador de Código QR Grátis Online - CreateMy-QR (No Signup) | Preço 100% Gratuito
Gerador de código QR types.pricing - gratuito e personalizado | CreateMy-QR
Preço 100% Gratuito | CreateMy-QR",text/html; charset=utf-8,false,200,0,0,,,"82
75
33",3,true
21,https://createmy-qr.com/uk/app-store-bezkoshtovniy-generator-qr-kodiv-onlayn,"Генератор QR-коду App Store – безкоштовний і користувацький | CreateMy-QR
App Store - Безкоштовний Генератор QR-кодів Онлайн - CreateMy-QR",text/html; charset=utf-8,false,200,0,0,,,"73
64",2,true
21,https://createmy-qr.com/es/google-review-generador-de-codigos-qr-gratis-online,"Generador de códigos QR Revisión de Google: gratuito y personalizado | CreateMy-QR
Revisión de Google - Generador de Códigos QR Gratis Online - CreateMy-QR",text/html; charset=utf-8,false,200,0,0,,,"82
72",2,true
21,https://createmy-qr.com/uk/bezkoshtovniy-generator-qr-kodiv-onlayn,"Безкоштовний онлайн-генератор штрих-кодів - створюйте одновимірні штрих-коди
Генератор QR-коду types.barcode – безкоштовний і користувацький | CreateMy-QR
barcode - Безкоштовний Генератор QR-кодів Онлайн - CreateMy-QR",text/html; charset=utf-8,false,200,0,0,,,"76
77
62",3,true
21,https://createmy-qr.com/ms/bahasa-yang-disokong,"Penjana Kod QR Percuma Dalam Talian - CreateMy-QR (No Signup) | Bahasa yang Disokong
Penjana Kod QR types.languages - Percuma & Tersuai | CreateMy-QR
Bahasa yang Disokong | CreateMy-QR",text/html; charset=utf-8,false,200,0,0,,,"84
64
34",3,true
21,https://createmy-qr.com/uk/umovi-nadannya-poslug,"Безкоштовний Генератор QR-кодів Онлайн - CreateMy-QR (No Signup) | Умови надання послуг
Генератор QR-коду types.terms – безкоштовний і користувацький | CreateMy-QR
Умови надання послуг | CreateMy-QR",text/html; charset=utf-8,false,200,0,0,,,"87
75
34",3,true
21,https://createmy-qr.com/id/tentang-kami,"Generator QR Code Gratis Online - CreateMy-QR (No Signup) | Tentang Kami
types.about Pembuat Kode QR - Gratis & Khusus | CreateMy-QR
Tentang Kami | CreateMy-QR",text/html; charset=utf-8,false,200,0,0,,,"72
59
26",3,true
21,https://createmy-qr.com/th/ekhruue-ngsaeknbaarokhd-ekhruue-ngmuue-sraangkhiw-aarokhd-nailnfrii,"เครื่องสแกนบาร์โค้ดออนไลน์ฟรี - สแกน UPC และ EAN
เครื่องสแกนบาร์โค้ด เครื่องสร้างโค้ด QR - ฟรีและกำหนดเอง | CreateMy-QR
เครื่องสแกนบาร์โค้ด - เครื่องมือสร้างคิวอาร์โค้ดออนไลน์ฟรี - CreateMy-QR",text/html; charset=utf-8,false,200,0,0,,,"48
70
72",3,true
21,https://createmy-qr.com/ru/o-nas,"Бесплатный генератор QR-кодов онлайн - CreateMy-QR (No Signup) | О нас
types.about Генератор QR-кодов — бесплатный и настраиваемый | CreateMy-QR
О нас | CreateMy-QR",text/html; charset=utf-8,false,200,0,0,,,"70
73
19",3,true
21,https://createmy-qr.com/es/telefono-generador-de-codigos-qr-gratis-online,"Generador de códigos QR Teléfono: gratuito y personalizado | CreateMy-QR
Teléfono - Generador de Códigos QR Gratis Online - CreateMy-QR",text/html; charset=utf-8,false,200,0,0,,,"72
62",2,true
21,https://createmy-qr.com/fr/instagram-generateur-de-code-qr-gratuit-en-ligne,"Générateur de code QR Instagram - Gratuit et personnalisé | CreateMy-QR
Instagram - Générateur de Code QR Gratuit en Ligne - CreateMy-QR",text/html; charset=utf-8,false,200,0,0,,,"71
64",2,true
21,https://createmy-qr.com/de/paypal-kostenloser-qr-code-generator-online,"PayPal QR-Code-Generator – kostenlos und benutzerdefiniert | CreateMy-QR
PayPal - Kostenloser QR-Code Generator Online - CreateMy-QR",text/html; charset=utf-8,false,200,0,0,,,"72
59",2,true
21,https://createmy-qr.com/fr/google-forms-generateur-de-code-qr-gratuit-en-ligne,"Générateur de code QR Formulaires Google - Gratuit et personnalisé | CreateMy-QR
Formulaires Google - Générateur de Code QR Gratuit en Ligne - CreateMy-QR",text/html; charset=utf-8,false,200,0,0,,,"80
73",2,true
21,https://createmy-qr.com/ms/kes-penggunaan,"Penjana Kod QR Percuma Dalam Talian - CreateMy-QR (No Signup) | Kes Penggunaan
Penjana Kod QR types.usecases - Percuma & Tersuai | CreateMy-QR
Kes Penggunaan | CreateMy-QR",text/html; charset=utf-8,false,200,0,0,,,"78
63
28",3,true
21,https://createmy-qr.com/it/link-nella-biografia-generatore-di-codici-qr-gratis-online,"Generatore di codici QR Link nella biografia - Gratuito e personalizzato | CreateMy-QR
Link nella biografia - Generatore di Codici QR Gratis Online - CreateMy-QR",text/html; charset=utf-8,false,200,0,0,,,"86
74",2,true
21,https://createmy-qr.com/pt/leitor-de-codigo-de-barras-gerador-de-codigo-qr-gratis-online,"Scanner de código de barras online gratuito - Digitalize UPC e EAN
Gerador de código QR Leitor de código de barras - gratuito e personalizado | CreateMy-QR
Leitor de código de barras - Gerador de Código QR Grátis Online - CreateMy-QR",text/html; charset=utf-8,false,200,0,0,,,"66
88
77",3,true
21,https://createmy-qr.com/da/privatlivspolitik,"Gratis QR Kode Generator Online - CreateMy-QR (No Signup) | Privatlivspolitik
types.privacy QR Code Generator - Gratis og brugerdefineret | CreateMy-QR
Privatlivspolitik | CreateMy-QR",text/html; charset=utf-8,false,200,0,0,,,"77
73
31",3,true
21,https://createmy-qr.com/hi/ttuuls-kii-tulnaa-kren,"मुफ़्त ऑनलाइन क्यूआर कोड जनरेटर - CreateMy-QR (No Signup) | टूल्स की तुलना करें
types.compare QR कोड जेनरेटर - मुफ़्त और कस्टम | CreateMy-QR
टूल्स की तुलना करें | CreateMy-QR",text/html; charset=utf-8,false,200,0,0,,,"79
60
33",3,true
21,https://createmy-qr.com/de/datei-kostenloser-qr-code-generator-online,"Datei QR-Code-Generator – kostenlos und benutzerdefiniert | CreateMy-QR
Datei - Kostenloser QR-Code Generator Online - CreateMy-QR",text/html; charset=utf-8,false,200,0,0,,,"71
58",2,true
21,https://createmy-qr.com/hu/eszkozok-osszehasonlitasa,"Ingyenes Online QR-kód Generátor - CreateMy-QR (No Signup) | Eszközök összehasonlítása
types.compare QR-kód generátor - ingyenes és egyedi | CreateMy-QR
Eszközök összehasonlítása | CreateMy-QR",text/html; charset=utf-8,false,200,0,0,,,"86
65
39",3,true
21,https://createmy-qr.com/de/linkedin-kostenloser-qr-code-generator-online,"LinkedIn QR-Code-Generator – kostenlos und benutzerdefiniert | CreateMy-QR
LinkedIn - Kostenloser QR-Code Generator Online - CreateMy-QR",text/html; charset=utf-8,false,200,0,0,,,"74
61",2,true
21,https://createmy-qr.com/da/google-review-gratis-qr-kode-generator-online,"Google anmeldelse QR Code Generator - Gratis og brugerdefineret | CreateMy-QR
Google anmeldelse - Gratis QR Kode Generator Online - CreateMy-QR",text/html; charset=utf-8,false,200,0,0,,,"77
65",2,true
21,https://createmy-qr.com/ru/izobrazhenie-besplatnyy-generator-qr-kodov-onlayn,"Изображение Генератор QR-кодов — бесплатный и настраиваемый | CreateMy-QR
Изображение - Бесплатный генератор QR-кодов онлайн - CreateMy-QR",text/html; charset=utf-8,false,200,0,0,,,"73
64",2,true
21,https://createmy-qr.com/tl/arkitektura-ng-seguridad,"Libreng Online QR Code Generator - CreateMy-QR (No Signup) | Arkitektura ng Seguridad
types.security QR Code Generator - Libre at Custom | CreateMy-QR
Arkitektura ng Seguridad | CreateMy-QR",text/html; charset=utf-8,false,200,0,0,,,"85
64
38",3,true
21,https://createmy-qr.com/es/casos-de-uso,"Generador de Códigos QR Gratis Online - CreateMy-QR (No Signup) | Casos de uso
Generador de códigos QR types.usecases: gratuito y personalizado | CreateMy-QR
Casos de uso | CreateMy-QR",text/html; charset=utf-8,false,200,0,0,,,"78
78
26",3,true
21,https://createmy-qr.com/uk/telefon-bezkoshtovniy-generator-qr-kodiv-onlayn,"Генератор QR-коду Телефон – безкоштовний і користувацький | CreateMy-QR
Телефон - Безкоштовний Генератор QR-кодів Онлайн - CreateMy-QR",text/html; charset=utf-8,false,200,0,0,,,"71
62",2,true
21,https://createmy-qr.com/fr/evenement-generateur-de-code-qr-gratuit-en-ligne,"Générateur de code QR Événement - Gratuit et personnalisé | CreateMy-QR
Événement - Générateur de Code QR Gratuit en Ligne - CreateMy-QR",text/html; charset=utf-8,false,200,0,0,,,"71
64",2,true
21,https://createmy-qr.com/es/enlace-en-biografia-generador-de-codigos-qr-gratis-online,"Generador de códigos QR Enlace en biografía: gratuito y personalizado | CreateMy-QR
Enlace en biografía - Generador de Códigos QR Gratis Online - CreateMy-QR",text/html; charset=utf-8,false,200,0,0,,,"83
73",2,true
21,https://createmy-qr.com/it/venmo-generatore-di-codici-qr-gratis-online,"Generatore di codici QR Venmo - Gratuito e personalizzato | CreateMy-QR
Venmo - Generatore di Codici QR Gratis Online - CreateMy-QR",text/html; charset=utf-8,false,200,0,0,,,"71
59",2,true
21,https://createmy-qr.com/pt/gerador-de-codigo-qr-gratis-online,"Gerador de código de barras online gratuito - Crie códigos de barras 1D
Gerador de código QR types.barcode - gratuito e personalizado | CreateMy-QR
barcode - Gerador de Código QR Grátis Online - CreateMy-QR",text/html; charset=utf-8,false,200,0,0,,,"71
75
58",3,true
21,https://createmy-qr.com/th/phaasaathiir-ngrab,"เครื่องมือสร้างคิวอาร์โค้ดออนไลน์ฟรี - CreateMy-QR (No Signup) | ภาษาที่รองรับ
types.languages เครื่องสร้างโค้ด QR - ฟรีและกำหนดเอง | CreateMy-QR
ภาษาที่รองรับ | CreateMy-QR",text/html; charset=utf-8,false,200,0,0,,,"78
66
27",3,true
21,https://createmy-qr.com/sv/anvandarvillkor,"Gratis QR-kod Generator Online - CreateMy-QR (No Signup) | Användarvillkor
types.terms QR Code Generator - Gratis & anpassad | CreateMy-QR
Användarvillkor | CreateMy-QR",text/html; charset=utf-8,false,200,0,0,,,"74
63
29",3,true
21,https://createmy-qr.com/vi/dinh-gia-mien-phi-100,"Tạo Mã QR Miễn Phí Trực Tuyến - CreateMy-QR (No Signup) | Định giá miễn phí 100%
Trình tạo mã QR types.pricing - Miễn phí & Tùy chỉnh | CreateMy-QR
Định giá miễn phí 100% | CreateMy-QR",text/html; charset=utf-8,false,200,0,0,,,"80
66
36",3,true
21,https://createmy-qr.com/de/barcode-scanner-kostenloser-qr-code-generator-online,"Kostenloser Barcode-Scanner online – Scannen Sie UPC und EAN
Barcode-Scanner QR-Code-Generator – kostenlos und benutzerdefiniert | CreateMy-QR
Barcode-Scanner - Kostenloser QR-Code Generator Online - CreateMy-QR",text/html; charset=utf-8,false,200,0,0,,,"60
81
68",3,true
21,https://createmy-qr.com/da/x-twitter-gratis-qr-kode-generator-online,"X (Twitter) QR Code Generator - Gratis og brugerdefineret | CreateMy-QR
X (Twitter) - Gratis QR Kode Generator Online - CreateMy-QR",text/html; charset=utf-8,false,200,0,0,,,"71
59",2,true
21,https://createmy-qr.com/da/om-os,"Gratis QR Kode Generator Online - CreateMy-QR (No Signup) | Om os
types.about QR Code Generator - Gratis og brugerdefineret | CreateMy-QR
Om os | CreateMy-QR",text/html; charset=utf-8,false,200,0,0,,,"65
71
19",3,true
21,https://createmy-qr.com/no/100-gratis-priser,"Gratis QR-kode Generator Online - CreateMy-QR (No Signup) | 100 % gratis priser
types.pricing QR Code Generator - Gratis og tilpasset | CreateMy-QR
100 % gratis priser | CreateMy-QR",text/html; charset=utf-8,false,200,0,0,,,"79
67
33",3,true
21,https://createmy-qr.com/es/google-forms-generador-de-codigos-qr-gratis-online,"Generador de códigos QR Formularios de Google: gratuito y personalizado | CreateMy-QR
Formularios de Google - Generador de Códigos QR Gratis Online - CreateMy-QR",text/html; charset=utf-8,false,200,0,0,,,"85
75",2,true
21,https://createmy-qr.com/bn/smrthit-bhaassaasmuuh,"ফ্রি অনলাইন কিউআর কোড জেনারেটর - CreateMy-QR (No Signup) | সমর্থিত ভাষাসমূহ
types.languages QR কোড জেনারেটর - বিনামূল্যে এবং কাস্টম | CreateMy-QR
সমর্থিত ভাষাসমূহ | CreateMy-QR",text/html; charset=utf-8,false,200,0,0,,,"75
69
30",3,true
21,https://createmy-qr.com/bn/aamaader-smprke,"ফ্রি অনলাইন কিউআর কোড জেনারেটর - CreateMy-QR (No Signup) | আমাদের সম্পর্কে
types.about QR কোড জেনারেটর - বিনামূল্যে এবং কাস্টম | CreateMy-QR
আমাদের সম্পর্কে | CreateMy-QR",text/html; charset=utf-8,false,200,0,0,,,"74
65
29",3,true
21,https://createmy-qr.com/de/unterstutzte-sprachen,"Kostenloser QR-Code Generator Online - CreateMy-QR (No Signup) | Unterstützte Sprachen
types.languages QR-Code-Generator – kostenlos und benutzerdefiniert | CreateMy-QR
Unterstützte Sprachen | CreateMy-QR",text/html; charset=utf-8,false,200,0,0,,,"86
81
35",3,true
21,https://createmy-qr.com/hi/kes-kaa-pryog-kren,"मुफ़्त ऑनलाइन क्यूआर कोड जनरेटर - CreateMy-QR (No Signup) | केस का प्रयोग करें
types.usecases QR कोड जेनरेटर - मुफ़्त और कस्टम | CreateMy-QR
केस का प्रयोग करें | CreateMy-QR",text/html; charset=utf-8,false,200,0,0,,,"78
61
32",3,true
21,https://createmy-qr.com/uk/spotify-bezkoshtovniy-generator-qr-kodiv-onlayn,"Генератор QR-коду Spotify – безкоштовний і користувацький | CreateMy-QR
Spotify - Безкоштовний Генератор QR-кодів Онлайн - CreateMy-QR",text/html; charset=utf-8,false,200,0,0,,,"71
62",2,true
21,https://createmy-qr.com/it/tiktok-generatore-di-codici-qr-gratis-online,"Generatore di codici QR TikTok - Gratuito e personalizzato | CreateMy-QR
TikTok - Generatore di Codici QR Gratis Online - CreateMy-QR",text/html; charset=utf-8,false,200,0,0,,,"72
60",2,true
21,https://createmy-qr.com/ro/google-forms-generator-de-coduri-qr-gratuit-online,"Formulare Google QR Code Generator - Gratuit și personalizat | CreateMy-QR
Formulare Google - Generator de Coduri QR Gratuit Online - CreateMy-QR",text/html; charset=utf-8,false,200,0,0,,,"74
70",2,true
21,https://createmy-qr.com/es/reserva-generador-de-codigos-qr-gratis-online,"Generador de códigos QR Reserva: gratuito y personalizado | CreateMy-QR
Reserva - Generador de Códigos QR Gratis Online - CreateMy-QR",text/html; charset=utf-8,false,200,0,0,,,"71
61",2,true
21,https://createmy-qr.com/tl/mga-tuntunin-ng-serbisyo,"Libreng Online QR Code Generator - CreateMy-QR (No Signup) | Mga Tuntunin ng Serbisyo
types.terms QR Code Generator - Libre at Custom | CreateMy-QR
Mga Tuntunin ng Serbisyo | CreateMy-QR",text/html; charset=utf-8,false,200,0,0,,,"85
61
38",3,true
21,https://createmy-qr.com/id/kebijakan-privasi,"Generator QR Code Gratis Online - CreateMy-QR (No Signup) | Kebijakan Privasi
types.privacy Pembuat Kode QR - Gratis & Khusus | CreateMy-QR
Kebijakan Privasi | CreateMy-QR",text/html; charset=utf-8,false,200,0,0,,,"77
61
31",3,true
21,https://createmy-qr.com/pl/rezerwacja-darmowy-generator-kodow-qr-online,"Generator kodów QR Rezerwacja — bezpłatny i niestandardowy | CreateMy-QR
Rezerwacja - Darmowy Generator Kodów QR Online - CreateMy-QR",text/html; charset=utf-8,false,200,0,0,,,"72
60",2,true
21,https://createmy-qr.com/pl/o-nas,"Darmowy Generator Kodów QR Online - CreateMy-QR (No Signup) | O nas
Generator kodów QR types.about — bezpłatny i niestandardowy | CreateMy-QR
O nas | CreateMy-QR",text/html; charset=utf-8,false,200,0,0,,,"67
73
19",3,true
21,https://createmy-qr.com/hu/biztonsagi-architektura,"Ingyenes Online QR-kód Generátor - CreateMy-QR (No Signup) | Biztonsági architektúra
types.security QR-kód generátor - ingyenes és egyedi | CreateMy-QR
Biztonsági architektúra | CreateMy-QR",text/html; charset=utf-8,false,200,0,0,,,"84
66
37",3,true
21,https://createmy-qr.com/pl/google-forms-darmowy-generator-kodow-qr-online,"Generator kodów QR Formularze Google — bezpłatny i niestandardowy | CreateMy-QR
Formularze Google - Darmowy Generator Kodów QR Online - CreateMy-QR",text/html; charset=utf-8,false,200,0,0,,,"79
67",2,true
21,https://createmy-qr.com/it/snapchat-generatore-di-codici-qr-gratis-online,"Generatore di codici QR Snapchat - Gratuito e personalizzato | CreateMy-QR
Snapchat - Generatore di Codici QR Gratis Online - CreateMy-QR",text/html; charset=utf-8,false,200,0,0,,,"74
62",2,true
21,https://createmy-qr.com/el/politiki-aporritoy,"Δωρεάν Δημιουργία QR Code Online - CreateMy-QR (No Signup) | Πολιτική Απορρήτου
types.privacy QR Code Generator - Δωρεάν & Προσαρμοσμένο | CreateMy-QR
Πολιτική Απορρήτου | CreateMy-QR",text/html; charset=utf-8,false,200,0,0,,,"79
70
32",3,true
21,https://createmy-qr.com/de/nutzungsbedingungen,"Kostenloser QR-Code Generator Online - CreateMy-QR (No Signup) | Nutzungsbedingungen
types.terms QR-Code-Generator – kostenlos und benutzerdefiniert | CreateMy-QR
Nutzungsbedingungen | CreateMy-QR",text/html; charset=utf-8,false,200,0,0,,,"84
77
33",3,true
21,https://createmy-qr.com/it/testo-generatore-di-codici-qr-gratis-online,"Generatore di codici QR Testo - Gratuito e personalizzato | CreateMy-QR
Testo - Generatore di Codici QR Gratis Online - CreateMy-QR",text/html; charset=utf-8,false,200,0,0,,,"71
59",2,true
21,https://createmy-qr.com/uk/pidtrimuvani-movi,"Безкоштовний Генератор QR-кодів Онлайн - CreateMy-QR (No Signup) | Підтримувані мови
Генератор QR-коду types.languages – безкоштовний і користувацький | CreateMy-QR
Підтримувані мови | CreateMy-QR",text/html; charset=utf-8,false,200,0,0,,,"84
79
31",3,true
21,https://createmy-qr.com/it/architettura-di-sicurezza,"Generatore di Codici QR Gratis Online - CreateMy-QR (No Signup) | Architettura di sicurezza
Generatore di codici QR types.security - Gratuito e personalizzato | CreateMy-QR
Architettura di sicurezza | CreateMy-QR",text/html; charset=utf-8,false,200,0,0,,,"91
80
39",3,true
21,https://createmy-qr.com/es/terminos-de-servicio,"Generador de Códigos QR Gratis Online - CreateMy-QR (No Signup) | Términos de servicio
Generador de códigos QR types.terms: gratuito y personalizado | CreateMy-QR
Términos de servicio | CreateMy-QR",text/html; charset=utf-8,false,200,0,0,,,"86
75
34",3,true
21,https://createmy-qr.com/ar/sys-lkhswsy,"مولد رمز الاستجابة السريعة مجاني - CreateMy-QR (No Signup) | سياسة الخصوصية
types.privacy QR Code Generator - مجاني ومخصص | CreateMy-QR
سياسة الخصوصية | CreateMy-QR",text/html; charset=utf-8,false,200,0,0,,,"75
59
28",3,true
21,https://createmy-qr.com/es/sobre-nosotros,"Generador de Códigos QR Gratis Online - CreateMy-QR (No Signup) | Sobre nosotros
Generador de códigos QR types.about: gratuito y personalizado | CreateMy-QR
Sobre nosotros | CreateMy-QR",text/html; charset=utf-8,false,200,0,0,,,"80
75
28",3,true
21,https://createmy-qr.com/uk/x-tvitter-bezkoshtovniy-generator-qr-kodiv-onlayn,"Генератор QR-коду X (Твіттер) – безкоштовний і користувацький | CreateMy-QR
X (Твіттер) - Безкоштовний Генератор QR-кодів Онлайн - CreateMy-QR",text/html; charset=utf-8,false,200,0,0,,,"75
66",2,true
21,https://createmy-qr.com/fi/discord-ilmainen-qr-koodigeneraattori-netissa,"Erimielisyys QR-koodigeneraattori - ilmainen ja räätälöity | CreateMy-QR
Erimielisyys - Ilmainen QR-koodigeneraattori Netissä - CreateMy-QR",text/html; charset=utf-8,false,200,0,0,,,"72
66",2,true
21,https://createmy-qr.com/ro/,"CreateMy-QR | Toate QR și coduri de bare Instrumente într-un singur loc
CreateMy-QR | Toate QR și coduri de bare Instrumente într-un singur loc
home - Generator de Coduri QR Gratuit Online - CreateMy-QR",text/html; charset=utf-8,false,200,0,1,,,"71
71
58",3,true
21,https://createmy-qr.com/it/posizione-generatore-di-codici-qr-gratis-online,"Generatore di codici QR Posizione - Gratuito e personalizzato | CreateMy-QR
Posizione - Generatore di Codici QR Gratis Online - CreateMy-QR",text/html; charset=utf-8,false,200,0,0,,,"75
63",2,true
21,https://createmy-qr.com/vi/google-review-tao-ma-qr-mien-phi-truc-tuyen,"Trình tạo mã QR Đánh giá của Google - Miễn phí & Tùy chỉnh | CreateMy-QR
Đánh giá của Google - Tạo Mã QR Miễn Phí Trực Tuyến - CreateMy-QR",text/html; charset=utf-8,false,200,0,0,,,"72
65",2,true
21,https://createmy-qr.com/bn/niraapttaa-aarkittekcaar,"ফ্রি অনলাইন কিউআর কোড জেনারেটর - CreateMy-QR (No Signup) | নিরাপত্তা আর্কিটেকচার
types.security QR কোড জেনারেটর - বিনামূল্যে এবং কাস্টম | CreateMy-QR
নিরাপত্তা আর্কিটেকচার | CreateMy-QR",text/html; charset=utf-8,false,200,0,0,,,"80
68
35",3,true
21,https://createmy-qr.com/hu/hasznalati-esetek,"Ingyenes Online QR-kód Generátor - CreateMy-QR (No Signup) | Használati esetek
types.usecases QR-kód generátor - ingyenes és egyedi | CreateMy-QR
Használati esetek | CreateMy-QR",text/html; charset=utf-8,false,200,0,0,,,"78
66
31",3,true
21,https://createmy-qr.com/el/shetika-me-emas,"Δωρεάν Δημιουργία QR Code Online - CreateMy-QR (No Signup) | Σχετικά με εμάς
types.about QR Code Generator - Δωρεάν & Προσαρμοσμένο | CreateMy-QR
Σχετικά με εμάς | CreateMy-QR",text/html; charset=utf-8,false,200,0,0,,,"76
68
29",3,true
21,https://createmy-qr.com/bn/100-binaamuulye-muuly,"ফ্রি অনলাইন কিউআর কোড জেনারেটর - CreateMy-QR (No Signup) | 100% বিনামূল্যে মূল্য
types.pricing QR কোড জেনারেটর - বিনামূল্যে এবং কাস্টম | CreateMy-QR
100% বিনামূল্যে মূল্য | CreateMy-QR",text/html; charset=utf-8,false,200,0,0,,,"80
67
35",3,true
21,https://createmy-qr.com/pl/porownaj-narzedzia,"Darmowy Generator Kodów QR Online - CreateMy-QR (No Signup) | Porównaj narzędzia
Generator kodów QR types.compare — bezpłatny i niestandardowy | CreateMy-QR
Porównaj narzędzia | CreateMy-QR",text/html; charset=utf-8,false,200,0,0,,,"80
75
32",3,true
21,https://createmy-qr.com/hu/100-ingyenes-ar,"Ingyenes Online QR-kód Generátor - CreateMy-QR (No Signup) | 100% ingyenes ár
types.pricing QR-kód generátor - ingyenes és egyedi | CreateMy-QR
100% ingyenes ár | CreateMy-QR",text/html; charset=utf-8,false,200,0,0,,,"77
65
30",3,true
21,https://createmy-qr.com/de/youtube-kostenloser-qr-code-generator-online,"YouTube QR-Code-Generator – kostenlos und benutzerdefiniert | CreateMy-QR
YouTube - Kostenloser QR-Code Generator Online - CreateMy-QR",text/html; charset=utf-8,false,200,0,0,,,"73
60",2,true
21,https://createmy-qr.com/cs/nastroje-pro-porovnani,"Zdarma Online Generátor QR Kódů - CreateMy-QR (No Signup) | Nástroje pro porovnání
types.compare generátor QR kódu – zdarma a na míru | CreateMy-QR
Nástroje pro porovnání | CreateMy-QR",text/html; charset=utf-8,false,200,0,0,,,"82
64
36",3,true
21,https://createmy-qr.com/uk/google-forms-bezkoshtovniy-generator-qr-kodiv-onlayn,"Генератор QR-коду Форми Google – безкоштовний і користувацький | CreateMy-QR
Форми Google - Безкоштовний Генератор QR-кодів Онлайн - CreateMy-QR",text/html; charset=utf-8,false,200,0,0,,,"76
67",2,true
21,https://createmy-qr.com/it/termini-di-servizio,"Generatore di Codici QR Gratis Online - CreateMy-QR (No Signup) | Termini di servizio
Generatore di codici QR types.terms - Gratuito e personalizzato | CreateMy-QR
Termini di servizio | CreateMy-QR",text/html; charset=utf-8,false,200,0,0,,,"85
77
33",3,true
21,https://createmy-qr.com/de/kostenloser-qr-code-generator-online,"Kostenloser Online-Barcode-Generator – Erstellen Sie 1D-Barcodes
types.barcode QR-Code-Generator – kostenlos und benutzerdefiniert | CreateMy-QR
barcode - Kostenloser QR-Code Generator Online - CreateMy-QR",text/html; charset=utf-8,false,200,0,0,,,"64
79
60",3,true
21,https://createmy-qr.com/es/url-link-generador-de-codigos-qr-gratis-online,"Generador de Códigos QR Gratis Online - CreateMy-QR (No Signup) | CreateMy-QR
Generador de Códigos QR Gratis Online - CreateMy-QR (No Signup)",text/html; charset=utf-8,false,200,0,0,,,"77
63",2,true
21,https://createmy-qr.com/tl/url-link-libreng-online-qr-code-generator,"Libreng Online QR Code Generator - CreateMy-QR (No Signup) | CreateMy-QR
Libreng Online QR Code Generator - CreateMy-QR (No Signup)",text/html; charset=utf-8,false,200,0,0,,,"72
58",2,true
21,https://createmy-qr.com/it/linkedin-generatore-di-codici-qr-gratis-online,"Generatore di codici QR LinkedIn - Gratuito e personalizzato | CreateMy-QR
LinkedIn - Generatore di Codici QR Gratis Online - CreateMy-QR",text/html; charset=utf-8,false,200,0,0,,,"74
62",2,true
21,https://createmy-qr.com/ar/laamr-l-mny,"مولد رمز الاستجابة السريعة مجاني - CreateMy-QR (No Signup) | العمارة الأمنية
types.security QR Code Generator - مجاني ومخصص | CreateMy-QR
العمارة الأمنية | CreateMy-QR",text/html; charset=utf-8,false,200,0,0,,,"76
60
29",3,true
21,https://createmy-qr.com/ro/generator-de-coduri-qr-gratuit-online,"Generator online gratuit de coduri de bare - Creați coduri de bare 1D
types.barcode QR Code Generator - Gratuit și personalizat | CreateMy-QR
barcode - Generator de Coduri QR Gratuit Online - CreateMy-QR",text/html; charset=utf-8,false,200,0,0,,,"69
71
61",3,true
21,https://createmy-qr.com/th/sthaapatykrrmkaarraksaakhwaampl-dphay,"เครื่องมือสร้างคิวอาร์โค้ดออนไลน์ฟรี - CreateMy-QR (No Signup) | สถาปัตยกรรมการรักษาความปลอดภัย
types.security เครื่องสร้างโค้ด QR - ฟรีและกำหนดเอง | CreateMy-QR
สถาปัตยกรรมการรักษาความปลอดภัย | CreateMy-QR",text/html; charset=utf-8,false,200,0,0,,,"95
65
44",3,true
21,https://createmy-qr.com/pt/discord-gerador-de-codigo-qr-gratis-online,"Gerador de código QR Discórdia - gratuito e personalizado | CreateMy-QR
Discórdia - Gerador de Código QR Grátis Online - CreateMy-QR",text/html; charset=utf-8,false,200,0,0,,,"71
60",2,true
21,https://createmy-qr.com/it/generatore-di-codici-qr-gratis-online-2,"Scanner di codici QR online gratuito: scansiona QR istantaneamente
Generatore di codici QR types.scanqr - Gratuito e personalizzato | CreateMy-QR
scanqr - Generatore di Codici QR Gratis Online - CreateMy-QR",text/html; charset=utf-8,false,200,0,0,,,"66
78
60",3,true
21,https://createmy-qr.com/no/stottede-sprak,"Gratis QR-kode Generator Online - CreateMy-QR (No Signup) | Støttede språk
types.languages QR Code Generator - Gratis og tilpasset | CreateMy-QR
Støttede språk | CreateMy-QR",text/html; charset=utf-8,false,200,0,0,,,"74
69
28",3,true
21,https://createmy-qr.com/pl/architektura-bezpieczenstwa,"Darmowy Generator Kodów QR Online - CreateMy-QR (No Signup) | Architektura Bezpieczeństwa
Generator kodów QR types.security — bezpłatny i niestandardowy | CreateMy-QR
Architektura Bezpieczeństwa | CreateMy-QR",text/html; charset=utf-8,false,200,0,0,,,"89
76
41",3,true
21,https://createmy-qr.com/uk/pro-nas,"Безкоштовний Генератор QR-кодів Онлайн - CreateMy-QR (No Signup) | Про нас
Генератор QR-коду types.about – безкоштовний і користувацький | CreateMy-QR
Про нас | CreateMy-QR",text/html; charset=utf-8,false,200,0,0,,,"74
75
21",3,true
21,https://createmy-qr.com/pt/termos-de-servico,"Gerador de Código QR Grátis Online - CreateMy-QR (No Signup) | Termos de Serviço
Gerador de código QR types.terms - gratuito e personalizado | CreateMy-QR
Termos de Serviço | CreateMy-QR",text/html; charset=utf-8,false,200,0,0,,,"80
73
31",3,true
21,https://createmy-qr.com/es/linkedin-generador-de-codigos-qr-gratis-online,"Generador de códigos QR LinkedIn: gratuito y personalizado | CreateMy-QR
LinkedIn - Generador de Códigos QR Gratis Online - CreateMy-QR",text/html; charset=utf-8,false,200,0,0,,,"72
62",2,true
21,https://createmy-qr.com/uk/google-review-bezkoshtovniy-generator-qr-kodiv-onlayn,"Генератор QR-коду Огляд Google – безкоштовний і користувацький | CreateMy-QR
Огляд Google - Безкоштовний Генератор QR-кодів Онлайн - CreateMy-QR",text/html; charset=utf-8,false,200,0,0,,,"76
67",2,true
21,https://createmy-qr.com/hu/szolgaltatasi-feltetelek,"Ingyenes Online QR-kód Generátor - CreateMy-QR (No Signup) | Szolgáltatási feltételek
types.terms QR-kód generátor - ingyenes és egyedi | CreateMy-QR
Szolgáltatási feltételek | CreateMy-QR",text/html; charset=utf-8,false,200,0,0,,,"85
63
38",3,true
21,https://createmy-qr.com/sv/anvandningsfall,"Gratis QR-kod Generator Online - CreateMy-QR (No Signup) | Användningsfall
types.usecases QR Code Generator - Gratis & anpassad | CreateMy-QR
Användningsfall | CreateMy-QR",text/html; charset=utf-8,false,200,0,0,,,"74
66
29",3,true
21,https://createmy-qr.com/ru/email-besplatnyy-generator-qr-kodov-onlayn,"Электронная почта Генератор QR-кодов — бесплатный и настраиваемый | CreateMy-QR
Электронная почта - Бесплатный генератор QR-кодов онлайн - CreateMy-QR",text/html; charset=utf-8,false,200,0,0,,,"79
70",2,true
21,https://createmy-qr.com/pt/arquitetura-de-seguranca,"Gerador de Código QR Grátis Online - CreateMy-QR (No Signup) | Arquitetura de Segurança
Gerador de código QR types.security - gratuito e personalizado | CreateMy-QR
Arquitetura de Segurança | CreateMy-QR",text/html; charset=utf-8,false,200,0,0,,,"87
76
38",3,true
21,https://createmy-qr.com/it/youtube-generatore-di-codici-qr-gratis-online,"Generatore di codici QR YouTube - Gratuito e personalizzato | CreateMy-QR
YouTube - Generatore di Codici QR Gratis Online - CreateMy-QR",text/html; charset=utf-8,false,200,0,0,,,"73
61",2,true
21,https://createmy-qr.com/ro/despre-noi,"Generator de Coduri QR Gratuit Online - CreateMy-QR (No Signup) | Despre noi
types.about QR Code Generator - Gratuit și personalizat | CreateMy-QR
Despre noi | CreateMy-QR",text/html; charset=utf-8,false,200,0,0,,,"76
69
24",3,true
21,https://createmy-qr.com/th/noybaaykhwaamepnswntaw,"เครื่องมือสร้างคิวอาร์โค้ดออนไลน์ฟรี - CreateMy-QR (No Signup) | นโยบายความเป็นส่วนตัว
types.privacy เครื่องสร้างโค้ด QR - ฟรีและกำหนดเอง | CreateMy-QR
นโยบายความเป็นส่วนตัว | CreateMy-QR",text/html; charset=utf-8,false,200,0,0,,,"86
64
35",3,true
21,https://createmy-qr.com/uk/email-bezkoshtovniy-generator-qr-kodiv-onlayn,"Генератор QR-коду Електронна пошта – безкоштовний і користувацький | CreateMy-QR
Електронна пошта - Безкоштовний Генератор QR-кодів Онлайн - CreateMy-QR",text/html; charset=utf-8,false,200,0,0,,,"80
71",2,true
21,https://createmy-qr.com/pt/google-forms-gerador-de-codigo-qr-gratis-online,"Gerador de código QR Formulários Google - gratuito e personalizado | CreateMy-QR
Formulários Google - Gerador de Código QR Grátis Online - CreateMy-QR",text/html; charset=utf-8,false,200,0,0,,,"80
69",2,true
21,https://createmy-qr.com/pt/gerador-de-codigo-qr-gratis-online-2,"Scanner de código QR gratuito online - Digitalize QR instantaneamente
Gerador de código QR types.scanqr - gratuito e personalizado | CreateMy-QR
scanqr - Gerador de Código QR Grátis Online - CreateMy-QR",text/html; charset=utf-8,false,200,0,0,,,"69
74
57",3,true
21,https://createmy-qr.com/pl/100-darmowe-ceny,"Darmowy Generator Kodów QR Online - CreateMy-QR (No Signup) | 100% darmowe ceny
Generator kodów QR types.pricing — bezpłatny i niestandardowy | CreateMy-QR
100% darmowe ceny | CreateMy-QR",text/html; charset=utf-8,false,200,0,0,,,"79
75
31",3,true
21,https://createmy-qr.com/sv/jamfor-verktyg,"Gratis QR-kod Generator Online - CreateMy-QR (No Signup) | Jämför verktyg
types.compare QR Code Generator - Gratis & anpassad | CreateMy-QR
Jämför verktyg | CreateMy-QR",text/html; charset=utf-8,false,200,0,0,,,"73
65
28",3,true
21,https://createmy-qr.com/el/oroi-parohis-ypiresion,"Δωρεάν Δημιουργία QR Code Online - CreateMy-QR (No Signup) | Όροι Παροχής Υπηρεσιών
types.terms QR Code Generator - Δωρεάν & Προσαρμοσμένο | CreateMy-QR
Όροι Παροχής Υπηρεσιών | CreateMy-QR",text/html; charset=utf-8,false,200,0,0,,,"83
68
36",3,true
21,https://createmy-qr.com/pt/link-na-bio-gerador-de-codigo-qr-gratis-online,"Gerador de código QR Link na Bio - gratuito e personalizado | CreateMy-QR
Link na Bio - Gerador de Código QR Grátis Online - CreateMy-QR",text/html; charset=utf-8,false,200,0,0,,,"73
62",2,true
21,https://createmy-qr.com/ms/url-link-penjana-kod-qr-percuma-dalam-talian,"Penjana Kod QR Percuma Dalam Talian - CreateMy-QR (No Signup) | CreateMy-QR
Penjana Kod QR Percuma Dalam Talian - CreateMy-QR (No Signup)",text/html; charset=utf-8,false,200,0,0,,,"75
61",2,true
21,https://createmy-qr.com/pt/instagram-gerador-de-codigo-qr-gratis-online,"Gerador de código QR Instagram - gratuito e personalizado | CreateMy-QR
Instagram - Gerador de Código QR Grátis Online - CreateMy-QR",text/html; charset=utf-8,false,200,0,0,,,"71
60",2,true
21,https://createmy-qr.com/pl/facebook-darmowy-generator-kodow-qr-online,"Generator kodów QR Facebooku — bezpłatny i niestandardowy | CreateMy-QR
Facebooku - Darmowy Generator Kodów QR Online - CreateMy-QR",text/html; charset=utf-8,false,200,0,0,,,"71
59",2,true
21,https://createmy-qr.com/no/sikkerhetsarkitektur,"Gratis QR-kode Generator Online - CreateMy-QR (No Signup) | Sikkerhetsarkitektur
types.security QR Code Generator - Gratis og tilpasset | CreateMy-QR
Sikkerhetsarkitektur | CreateMy-QR",text/html; charset=utf-8,false,200,0,0,,,"80
68
34",3,true
21,https://createmy-qr.com/ru/iks-tvitter-besplatnyy-generator-qr-kodov-onlayn,"Икс (Твиттер) Генератор QR-кодов — бесплатный и настраиваемый | CreateMy-QR
Икс (Твиттер) - Бесплатный генератор QR-кодов онлайн - CreateMy-QR",text/html; charset=utf-8,false,200,0,0,,,"75
66",2,true
21,https://createmy-qr.com/ru/instagram-besplatnyy-generator-qr-kodov-onlayn,"Инстаграм Генератор QR-кодов — бесплатный и настраиваемый | CreateMy-QR
Инстаграм - Бесплатный генератор QR-кодов онлайн - CreateMy-QR",text/html; charset=utf-8,false,200,0,0,,,"71
62",2,true
21,https://createmy-qr.com/es/precios-100-gratuitos,"Generador de Códigos QR Gratis Online - CreateMy-QR (No Signup) | Precios 100% gratuitos
Generador de códigos QR types.pricing: gratuito y personalizado | CreateMy-QR
Precios 100% gratuitos | CreateMy-QR",text/html; charset=utf-8,false,200,0,0,,,"88
77
36",3,true
21,https://createmy-qr.com/th/aichkrnii,"เครื่องมือสร้างคิวอาร์โค้ดออนไลน์ฟรี - CreateMy-QR (No Signup) | ใช้กรณี
types.usecases เครื่องสร้างโค้ด QR - ฟรีและกำหนดเอง | CreateMy-QR
ใช้กรณี | CreateMy-QR",text/html; charset=utf-8,false,200,0,0,,,"72
65
21",3,true
21,https://createmy-qr.com/es/snapchat-generador-de-codigos-qr-gratis-online,"Generador de códigos QR Snapchat: gratuito y personalizado | CreateMy-QR
Snapchat - Generador de Códigos QR Gratis Online - CreateMy-QR",text/html; charset=utf-8,false,200,0,0,,,"72
62",2,true
21,https://createmy-qr.com/no/url-link-gratis-qr-kode-generator-online,"Gratis QR-kode Generator Online - CreateMy-QR (No Signup) | CreateMy-QR
Gratis QR-kode Generator Online - CreateMy-QR (No Signup)",text/html; charset=utf-8,false,200,0,0,,,"71
57",2,true
21,https://createmy-qr.com/ru/url-link-besplatnyy-generator-qr-kodov-onlayn,"Бесплатный генератор QR-кодов онлайн - CreateMy-QR (No Signup) | CreateMy-QR
Бесплатный генератор QR-кодов онлайн - CreateMy-QR (No Signup)",text/html; charset=utf-8,false,200,0,0,,,"76
62",2,true
21,https://createmy-qr.com/tl/patakaran-sa-privacy,"Libreng Online QR Code Generator - CreateMy-QR (No Signup) | Patakaran sa Privacy
types.privacy QR Code Generator - Libre at Custom | CreateMy-QR
Patakaran sa Privacy | CreateMy-QR",text/html; charset=utf-8,false,200,0,0,,,"81
63
34",3,true
21,https://createmy-qr.com/vi/truong-hop-su-dung,"Tạo Mã QR Miễn Phí Trực Tuyến - CreateMy-QR (No Signup) | Trường hợp sử dụng
Trình tạo mã QR types.usecases - Miễn phí & Tùy chỉnh | CreateMy-QR
Trường hợp sử dụng | CreateMy-QR",text/html; charset=utf-8,false,200,0,0,,,"76
67
32",3,true
21,https://createmy-qr.com/ru/besplatnyy-generator-qr-kodov-onlayn,"Бесплатный онлайн-генератор штрих-кодов — создание 1D-штрих-кодов
types.barcode Генератор QR-кодов — бесплатный и настраиваемый | CreateMy-QR
barcode - Бесплатный генератор QR-кодов онлайн - CreateMy-QR",text/html; charset=utf-8,false,200,0,0,,,"65
75
60",3,true
21,https://createmy-qr.com/pt/x-twitter-gerador-de-codigo-qr-gratis-online,"Gerador de código QR X (Twitter) - gratuito e personalizado | CreateMy-QR
X (Twitter) - Gerador de Código QR Grátis Online - CreateMy-QR",text/html; charset=utf-8,false,200,0,0,,,"73
62",2,true
21,https://createmy-qr.com/ru/ssylka-v-bio-besplatnyy-generator-qr-kodov-onlayn,"Ссылка в био Генератор QR-кодов — бесплатный и настраиваемый | CreateMy-QR
Ссылка в био - Бесплатный генератор QR-кодов онлайн - CreateMy-QR",text/html; charset=utf-8,false,200,0,0,,,"74
65",2,true
21,https://createmy-qr.com/de/crypto-kostenloser-qr-code-generator-online,"Krypto QR-Code-Generator – kostenlos und benutzerdefiniert | CreateMy-QR
Krypto - Kostenloser QR-Code Generator Online - CreateMy-QR",text/html; charset=utf-8,false,200,0,0,,,"72
59",2,true
21,https://createmy-qr.com/fr/lien-dans-la-bio-generateur-de-code-qr-gratuit-en-ligne,"Générateur de code QR Lien dans la bio - Gratuit et personnalisé | CreateMy-QR
Lien dans la bio - Générateur de Code QR Gratuit en Ligne - CreateMy-QR",text/html; charset=utf-8,false,200,0,0,,,"78
71",2,true
21,https://createmy-qr.com/ro/url-link-generator-de-coduri-qr-gratuit-online,"Generator de Coduri QR Gratuit Online - CreateMy-QR (No Signup) | CreateMy-QR
Generator de Coduri QR Gratuit Online - CreateMy-QR (No Signup)",text/html; charset=utf-8,false,200,0,0,,,"77
63",2,true
21,https://createmy-qr.com/cs/podporovane-jazyky,"Zdarma Online Generátor QR Kódů - CreateMy-QR (No Signup) | Podporované jazyky
types.languages generátor QR kódu – zdarma a na míru | CreateMy-QR
Podporované jazyky | CreateMy-QR",text/html; charset=utf-8,false,200,0,0,,,"78
66
32",3,true
21,https://createmy-qr.com/de/sicherheitsarchitektur,"Kostenloser QR-Code Generator Online - CreateMy-QR (No Signup) | Sicherheitsarchitektur
types.security QR-Code-Generator – kostenlos und benutzerdefiniert | CreateMy-QR
Sicherheitsarchitektur | CreateMy-QR",text/html; charset=utf-8,false,200,0,0,,,"87
80
36",3,true
21,https://createmy-qr.com/nl/hulpmiddelen-vergelijken,"Gratis QR Code Generator Online - CreateMy-QR (No Signup) | Hulpmiddelen vergelijken
types.compare QR-codegenerator - gratis en aangepast | CreateMy-QR
Hulpmiddelen vergelijken | CreateMy-QR",text/html; charset=utf-8,false,200,0,0,,,"84
66
38",3,true
21,https://createmy-qr.com/ru/usloviya-obsluzhivaniya,"Бесплатный генератор QR-кодов онлайн - CreateMy-QR (No Signup) | Условия обслуживания
types.terms Генератор QR-кодов — бесплатный и настраиваемый | CreateMy-QR
Условия обслуживания | CreateMy-QR",text/html; charset=utf-8,false,200,0,0,,,"85
73
34",3,true
21,https://createmy-qr.com/fi/palveluehdot,"Ilmainen QR-koodigeneraattori Netissä - CreateMy-QR (No Signup) | Palveluehdot
types.terms QR-koodigeneraattori - ilmainen ja räätälöity | CreateMy-QR
Palveluehdot | CreateMy-QR",text/html; charset=utf-8,false,200,0,0,,,"78
71
26",3,true
21,https://createmy-qr.com/th/url-link-ekhruue-ngmuue-sraangkhiw-aarokhd-nailnfrii,"เครื่องมือสร้างคิวอาร์โค้ดออนไลน์ฟรี - CreateMy-QR (No Signup) | CreateMy-QR
เครื่องมือสร้างคิวอาร์โค้ดออนไลน์ฟรี - CreateMy-QR (No Signup)",text/html; charset=utf-8,false,200,0,0,,,"76
62",2,true
21,https://createmy-qr.com/de/100-kostenlose-preisgestaltung,"Kostenloser QR-Code Generator Online - CreateMy-QR (No Signup) | 100 % kostenlose Preisgestaltung
types.pricing QR-Code-Generator – kostenlos und benutzerdefiniert | CreateMy-QR
100 % kostenlose Preisgestaltung | CreateMy-QR",text/html; charset=utf-8,false,200,0,0,,,"97
79
46",3,true
21,https://createmy-qr.com/ru/besplatnyy-generator-qr-kodov-onlayn-2,"Бесплатный онлайн-сканер QR-кода — мгновенное сканирование QR-кода
types.scanqr Генератор QR-кодов — бесплатный и настраиваемый | CreateMy-QR
scanqr - Бесплатный генератор QR-кодов онлайн - CreateMy-QR",text/html; charset=utf-8,false,200,0,0,,,"66
74
59",3,true
21,https://createmy-qr.com/fr/app-store-generateur-de-code-qr-gratuit-en-ligne,"Générateur de code QR Magasin d'applications - Gratuit et personnalisé | CreateMy-QR
Magasin d'applications - Générateur de Code QR Gratuit en Ligne - CreateMy-QR",text/html; charset=utf-8,false,200,0,0,,,"84
77",2,true
21,https://createmy-qr.com/nl/ondersteunde-talen,"Gratis QR Code Generator Online - CreateMy-QR (No Signup) | Ondersteunde talen
types.languages QR-codegenerator - gratis en aangepast | CreateMy-QR
Ondersteunde talen | CreateMy-QR",text/html; charset=utf-8,false,200,0,0,,,"78
68
32",3,true
21,https://createmy-qr.com/fr/generateur-de-code-qr-gratuit-en-ligne-2,"Scanner de code QR gratuit en ligne - Scannez le QR instantanément
Générateur de code QR types.scanqr - Gratuit et personnalisé | CreateMy-QR
scanqr - Générateur de Code QR Gratuit en Ligne - CreateMy-QR",text/html; charset=utf-8,false,200,0,0,,,"66
74
61",3,true
21,https://createmy-qr.com/uk/skaner-shtrih-kodiv-bezkoshtovniy-generator-qr-kodiv-onlayn,"Безкоштовний онлайн-сканер штрих-кодів - сканування UPC і EAN
Генератор QR-коду Сканер штрих-кодів – безкоштовний і користувацький | CreateMy-QR
Сканер штрих-кодів - Безкоштовний Генератор QR-кодів Онлайн - CreateMy-QR",text/html; charset=utf-8,false,200,0,0,,,"61
82
73",3,true
21,https://createmy-qr.com/tr/kullanim-durumlari,"Ücretsiz Çevrimiçi QR Kod Oluşturucu - CreateMy-QR (No Signup) | Kullanım Durumları
types.usecases QR Kod Oluşturucu - Ücretsiz ve Özel | CreateMy-QR
Kullanım Durumları | CreateMy-QR",text/html; charset=utf-8,false,200,0,0,,,"83
65
32",3,true
21,https://createmy-qr.com/ru/raspolozhenie-besplatnyy-generator-qr-kodov-onlayn,"Расположение Генератор QR-кодов — бесплатный и настраиваемый | CreateMy-QR
Расположение - Бесплатный генератор QR-кодов онлайн - CreateMy-QR",text/html; charset=utf-8,false,200,0,0,,,"74
65",2,true
21,https://createmy-qr.com/nl/google-forms-gratis-qr-code-generator-online,"Google-formulieren QR-codegenerator - gratis en aangepast | CreateMy-QR
Google-formulieren - Gratis QR Code Generator Online - CreateMy-QR",text/html; charset=utf-8,false,200,0,0,,,"71
66",2,true
21,https://createmy-qr.com/ar/hlt-lstkhdm,"مولد رمز الاستجابة السريعة مجاني - CreateMy-QR (No Signup) | حالات الاستخدام
types.usecases QR Code Generator - مجاني ومخصص | CreateMy-QR
حالات الاستخدام | CreateMy-QR",text/html; charset=utf-8,false,200,0,0,,,"76
60
29",3,true
21,https://createmy-qr.com/ro/instrumente-de-comparare,"Generator de Coduri QR Gratuit Online - CreateMy-QR (No Signup) | Instrumente de comparare
types.compare QR Code Generator - Gratuit și personalizat | CreateMy-QR
Instrumente de comparare | CreateMy-QR",text/html; charset=utf-8,false,200,0,0,,,"90
71
38",3,true
21,https://createmy-qr.com/cs/skener-carovych-kodu-zdarma-online-generator-qr-kodu,"Bezplatný skener čárových kódů online – skenování UPC a EAN
Skener čárových kódů generátor QR kódu – zdarma a na míru | CreateMy-QR
Skener čárových kódů - Zdarma Online Generátor QR Kódů - CreateMy-QR",text/html; charset=utf-8,false,200,0,0,,,"59
71
68",3,true
21,https://createmy-qr.com/el/google-review-dorean-dimioyrgia-qr-code-online,"Αναθεώρηση Google QR Code Generator - Δωρεάν & Προσαρμοσμένο | CreateMy-QR
Αναθεώρηση Google - Δωρεάν Δημιουργία QR Code Online - CreateMy-QR",text/html; charset=utf-8,false,200,0,0,,,"74
66",2,true
21,https://createmy-qr.com/ru/sravnit-instrumenty,"Бесплатный генератор QR-кодов онлайн - CreateMy-QR (No Signup) | Сравнить инструменты
types.compare Генератор QR-кодов — бесплатный и настраиваемый | CreateMy-QR
Сравнить инструменты | CreateMy-QR",text/html; charset=utf-8,false,200,0,0,,,"85
75
34",3,true
21,https://createmy-qr.com/pl/darmowy-generator-kodow-qr-online,"Darmowy generator kodów kreskowych online — twórz kody kreskowe 1D
Generator kodów QR types.barcode — bezpłatny i niestandardowy | CreateMy-QR
barcode - Darmowy Generator Kodów QR Online - CreateMy-QR",text/html; charset=utf-8,false,200,0,0,,,"66
75
57",3,true
21,https://createmy-qr.com/fr/url-link-generateur-de-code-qr-gratuit-en-ligne,"Générateur de Code QR Gratuit en Ligne - CreateMy-QR (No Signup) | CreateMy-QR
Générateur de Code QR Gratuit en Ligne - CreateMy-QR (No Signup)",text/html; charset=utf-8,false,200,0,0,,,"78
64",2,true
21,https://createmy-qr.com/it/facebook-generatore-di-codici-qr-gratis-online,"Generatore di codici QR Facebook - Gratuito e personalizzato | CreateMy-QR
Facebook - Generatore di Codici QR Gratis Online - CreateMy-QR",text/html; charset=utf-8,false,200,0,0,,,"74
62",2,true
21,https://createmy-qr.com/ms/100-harga-percuma,"Penjana Kod QR Percuma Dalam Talian - CreateMy-QR (No Signup) | 100% Harga Percuma
Penjana Kod QR types.pricing - Percuma & Tersuai | CreateMy-QR
100% Harga Percuma | CreateMy-QR",text/html; charset=utf-8,false,200,0,0,,,"82
62
32",3,true
21,https://createmy-qr.com/fi/viivakoodinlukija-ilmainen-qr-koodigeneraattori-netissa,"Ilmainen viivakoodilukija verkossa - Skannaa UPC & EAN
Viivakoodinlukija QR-koodigeneraattori - ilmainen ja räätälöity | CreateMy-QR
Viivakoodinlukija - Ilmainen QR-koodigeneraattori Netissä - CreateMy-QR",text/html; charset=utf-8,false,200,0,0,,,"54
77
71",3,true
21,https://createmy-qr.com/de/discord-kostenloser-qr-code-generator-online,"Zwietracht QR-Code-Generator – kostenlos und benutzerdefiniert | CreateMy-QR
Zwietracht - Kostenloser QR-Code Generator Online - CreateMy-QR",text/html; charset=utf-8,false,200,0,0,,,"76
63",2,true
21,https://createmy-qr.com/ms/seni-bina-keselamatan,"Penjana Kod QR Percuma Dalam Talian - CreateMy-QR (No Signup) | Seni Bina Keselamatan
Penjana Kod QR types.security - Percuma & Tersuai | CreateMy-QR
Seni Bina Keselamatan | CreateMy-QR",text/html; charset=utf-8,false,200,0,0,,,"85
63
35",3,true
21,https://createmy-qr.com/de/tiktok-kostenloser-qr-code-generator-online,"TikTok QR-Code-Generator – kostenlos und benutzerdefiniert | CreateMy-QR
TikTok - Kostenloser QR-Code Generator Online - CreateMy-QR",text/html; charset=utf-8,false,200,0,0,,,"72
59",2,true
21,https://createmy-qr.com/ms/mengenai-kami,"Penjana Kod QR Percuma Dalam Talian - CreateMy-QR (No Signup) | Mengenai Kami
Penjana Kod QR types.about - Percuma & Tersuai | CreateMy-QR
Mengenai Kami | CreateMy-QR",text/html; charset=utf-8,false,200,0,0,,,"77
60
27",3,true
21,https://createmy-qr.com/pt/telegram-gerador-de-codigo-qr-gratis-online,"Gerador de código QR Telegrama - gratuito e personalizado | CreateMy-QR
Telegrama - Gerador de Código QR Grátis Online - CreateMy-QR",text/html; charset=utf-8,false,200,0,0,,,"71
60",2,true
21,https://createmy-qr.com/ro/cazuri-de-utilizare,"Generator de Coduri QR Gratuit Online - CreateMy-QR (No Signup) | Cazuri de utilizare
types.usecases QR Code Generator - Gratuit și personalizat | CreateMy-QR
Cazuri de utilizare | CreateMy-QR",text/html; charset=utf-8,false,200,0,0,,,"85
72
33",3,true
21,https://createmy-qr.com/pt/comparar-ferramentas,"Gerador de Código QR Grátis Online - CreateMy-QR (No Signup) | Comparar ferramentas
Gerador de código QR types.compare - gratuito e personalizado | CreateMy-QR
Comparar ferramentas | CreateMy-QR",text/html; charset=utf-8,false,200,0,0,,,"83
75
34",3,true
21,https://createmy-qr.com/de/email-kostenloser-qr-code-generator-online,"E-Mail QR-Code-Generator – kostenlos und benutzerdefiniert | CreateMy-QR
E-Mail - Kostenloser QR-Code Generator Online - CreateMy-QR",text/html; charset=utf-8,false,200,0,0,,,"72
59",2,true
21,https://createmy-qr.com/it/paypal-generatore-di-codici-qr-gratis-online,"Generatore di codici QR PayPal - Gratuito e personalizzato | CreateMy-QR
PayPal - Generatore di Codici QR Gratis Online - CreateMy-QR",text/html; charset=utf-8,false,200,0,0,,,"72
60",2,true
21,https://createmy-qr.com/es/amazon-generador-de-codigos-qr-gratis-online,"Generador de códigos QR Amazonas: gratuito y personalizado | CreateMy-QR
Amazonas - Generador de Códigos QR Gratis Online - CreateMy-QR",text/html; charset=utf-8,false,200,0,0,,,"72
62",2,true
21,https://createmy-qr.com/it/informativa-sulla-privacy,"Generatore di Codici QR Gratis Online - CreateMy-QR (No Signup) | Informativa sulla privacy
Generatore di codici QR types.privacy - Gratuito e personalizzato | CreateMy-QR
Informativa sulla privacy | CreateMy-QR",text/html; charset=utf-8,false,200,0,0,,,"91
79
39",3,true
21,https://createmy-qr.com/pl/obslugiwane-jezyki,"Darmowy Generator Kodów QR Online - CreateMy-QR (No Signup) | Obsługiwane języki
Generator kodów QR types.languages — bezpłatny i niestandardowy | CreateMy-QR
Obsługiwane języki | CreateMy-QR",text/html; charset=utf-8,false,200,0,0,,,"80
77
32",3,true
21,https://createmy-qr.com/ru/telegram-besplatnyy-generator-qr-kodov-onlayn,"Телеграмма Генератор QR-кодов — бесплатный и настраиваемый | CreateMy-QR
Телеграмма - Бесплатный генератор QR-кодов онлайн - CreateMy-QR",text/html; charset=utf-8,false,200,0,0,,,"72
63",2,true
21,https://createmy-qr.com/es/instagram-generador-de-codigos-qr-gratis-online,"Generador de códigos QR Instagram: gratuito y personalizado | CreateMy-QR
Instagram - Generador de Códigos QR Gratis Online - CreateMy-QR",text/html; charset=utf-8,false,200,0,0,,,"73
63",2,true
21,https://createmy-qr.com/es/x-twitter-generador-de-codigos-qr-gratis-online,"Generador de códigos QR X (Twitter): gratuito y personalizado | CreateMy-QR
X (Twitter) - Generador de Códigos QR Gratis Online - CreateMy-QR",text/html; charset=utf-8,false,200,0,0,,,"75
65",2,true
21,https://createmy-qr.com/id/ketentuan-layanan,"Generator QR Code Gratis Online - CreateMy-QR (No Signup) | Ketentuan Layanan
types.terms Pembuat Kode QR - Gratis & Khusus | CreateMy-QR
Ketentuan Layanan | CreateMy-QR",text/html; charset=utf-8,false,200,0,0,,,"77
59
31",3,true
21,https://createmy-qr.com/uk/facebook-bezkoshtovniy-generator-qr-kodiv-onlayn,"Генератор QR-коду Facebook – безкоштовний і користувацький | CreateMy-QR
Facebook - Безкоштовний Генератор QR-кодів Онлайн - CreateMy-QR",text/html; charset=utf-8,false,200,0,0,,,"72
63",2,true
21,https://createmy-qr.com/ms/bandingkan-alat,"Penjana Kod QR Percuma Dalam Talian - CreateMy-QR (No Signup) | Bandingkan Alat
Penjana Kod QR types.compare - Percuma & Tersuai | CreateMy-QR
Bandingkan Alat | CreateMy-QR",text/html; charset=utf-8,false,200,0,0,,,"79
62
29",3,true
21,https://createmy-qr.com/no/vilkar-for-bruk,"Gratis QR-kode Generator Online - CreateMy-QR (No Signup) | Vilkår for bruk
types.terms QR Code Generator - Gratis og tilpasset | CreateMy-QR
Vilkår for bruk | CreateMy-QR",text/html; charset=utf-8,false,200,0,0,,,"75
65
29",3,true
21,https://createmy-qr.com/it/google-forms-generatore-di-codici-qr-gratis-online,"Generatore di codici QR Moduli Google - Gratuito e personalizzato | CreateMy-QR
Moduli Google - Generatore di Codici QR Gratis Online - CreateMy-QR",text/html; charset=utf-8,false,200,0,0,,,"79
67",2,true
21,https://createmy-qr.com/de/tools-vergleichen,"Kostenloser QR-Code Generator Online - CreateMy-QR (No Signup) | Tools vergleichen
types.compare QR-Code-Generator – kostenlos und benutzerdefiniert | CreateMy-QR
Tools vergleichen | CreateMy-QR",text/html; charset=utf-8,false,200,0,0,,,"82
79
31",3,true
21,https://createmy-qr.com/el/ypostirizomenes-glosses,"Δωρεάν Δημιουργία QR Code Online - CreateMy-QR (No Signup) | Υποστηριζόμενες γλώσσες
types.languages QR Code Generator - Δωρεάν & Προσαρμοσμένο | CreateMy-QR
Υποστηριζόμενες γλώσσες | CreateMy-QR",text/html; charset=utf-8,false,200,0,0,,,"84
72
37",3,true
21,https://createmy-qr.com/hu/tamogatott-nyelvek,"Ingyenes Online QR-kód Generátor - CreateMy-QR (No Signup) | Támogatott nyelvek
types.languages QR-kód generátor - ingyenes és egyedi | CreateMy-QR
Támogatott nyelvek | CreateMy-QR",text/html; charset=utf-8,false,200,0,0,,,"79
67
32",3,true
21,https://createmy-qr.com/es/generador-de-codigos-qr-gratis-online,"Generador de códigos de barras gratuito en línea: cree códigos de barras 1D
Generador de códigos QR types.barcode: gratuito y personalizado | CreateMy-QR
barcode - Generador de Códigos QR Gratis Online - CreateMy-QR",text/html; charset=utf-8,false,200,0,0,,,"75
77
61",3,true
21,https://createmy-qr.com/it/evento-generatore-di-codici-qr-gratis-online,"Generatore di codici QR Evento - Gratuito e personalizzato | CreateMy-QR
Evento - Generatore di Codici QR Gratis Online - CreateMy-QR",text/html; charset=utf-8,false,200,0,0,,,"72
60",2,true
21,https://createmy-qr.com/it/video-generatore-di-codici-qr-gratis-online,"Generatore di codici QR Video - Gratuito e personalizzato | CreateMy-QR
Video - Generatore di Codici QR Gratis Online - CreateMy-QR",text/html; charset=utf-8,false,200,0,0,,,"71
59",2,true
21,https://createmy-qr.com/fi/google-forms-ilmainen-qr-koodigeneraattori-netissa,"Google Forms QR-koodigeneraattori - ilmainen ja räätälöity | CreateMy-QR
Google Forms - Ilmainen QR-koodigeneraattori Netissä - CreateMy-QR",text/html; charset=utf-8,false,200,0,0,,,"72
66",2,true
21,https://createmy-qr.com/es/email-generador-de-codigos-qr-gratis-online,"Generador de códigos QR Correo electrónico: gratuito y personalizado | CreateMy-QR
Correo electrónico - Generador de Códigos QR Gratis Online - CreateMy-QR",text/html; charset=utf-8,false,200,0,0,,,"82
72",2,true
21,https://createmy-qr.com/hi/url-link-muph-t-onnlaain-kyuuaar-kodd-jnrettr,"मुफ़्त ऑनलाइन क्यूआर कोड जनरेटर - CreateMy-QR (No Signup) | CreateMy-QR
मुफ़्त ऑनलाइन क्यूआर कोड जनरेटर - CreateMy-QR (No Signup)",text/html; charset=utf-8,false,200,0,0,,,"71
57",2,true
21,https://createmy-qr.com/ru/podderzhivaemye-yazyki,"Бесплатный генератор QR-кодов онлайн - CreateMy-QR (No Signup) | Поддерживаемые языки
types.languages Генератор QR-кодов — бесплатный и настраиваемый | CreateMy-QR
Поддерживаемые языки | CreateMy-QR",text/html; charset=utf-8,false,200,0,0,,,"85
77
34",3,true
21,https://createmy-qr.com/bn/kes-bybhaar-krun,"ফ্রি অনলাইন কিউআর কোড জেনারেটর - CreateMy-QR (No Signup) | কেস ব্যবহার করুন
types.usecases QR কোড জেনারেটর - বিনামূল্যে এবং কাস্টম | CreateMy-QR
কেস ব্যবহার করুন | CreateMy-QR",text/html; charset=utf-8,false,200,0,0,,,"75
68
30",3,true
21,https://createmy-qr.com/cs/podminky-sluzby,"Zdarma Online Generátor QR Kódů - CreateMy-QR (No Signup) | Podmínky služby
types.terms generátor QR kódu – zdarma a na míru | CreateMy-QR
Podmínky služby | CreateMy-QR",text/html; charset=utf-8,false,200,0,0,,,"75
62
29",3,true
21,https://createmy-qr.com/de/facebook-kostenloser-qr-code-generator-online,"Facebook QR-Code-Generator – kostenlos und benutzerdefiniert | CreateMy-QR
Facebook - Kostenloser QR-Code Generator Online - CreateMy-QR",text/html; charset=utf-8,false,200,0,0,,,"74
61",2,true
21,https://createmy-qr.com/it/prenotazione-generatore-di-codici-qr-gratis-online,"Generatore di codici QR Prenotazione - Gratuito e personalizzato | CreateMy-QR
Prenotazione - Generatore di Codici QR Gratis Online - CreateMy-QR",text/html; charset=utf-8,false,200,0,0,,,"78
66",2,true
21,https://createmy-qr.com/pl/wydarzenie-darmowy-generator-kodow-qr-online,"Generator kodów QR Wydarzenie — bezpłatny i niestandardowy | CreateMy-QR
Wydarzenie - Darmowy Generator Kodów QR Online - CreateMy-QR",text/html; charset=utf-8,false,200,0,0,,,"72
60",2,true
21,https://createmy-qr.com/de/app-store-kostenloser-qr-code-generator-online,"App Store QR-Code-Generator – kostenlos und benutzerdefiniert | CreateMy-QR
App Store - Kostenloser QR-Code Generator Online - CreateMy-QR",text/html; charset=utf-8,false,200,0,0,,,"75
62",2,true
21,https://createmy-qr.com/fr/emplacement-generateur-de-code-qr-gratuit-en-ligne,"Générateur de code QR Emplacement - Gratuit et personnalisé | CreateMy-QR
Emplacement - Générateur de Code QR Gratuit en Ligne - CreateMy-QR",text/html; charset=utf-8,false,200,0,0,,,"73
66",2,true
21,https://createmy-qr.com/ar/saar-mjny-100,"مولد رمز الاستجابة السريعة مجاني - CreateMy-QR (No Signup) | أسعار مجانية 100%
types.pricing QR Code Generator - مجاني ومخصص | CreateMy-QR
أسعار مجانية 100% | CreateMy-QR",text/html; charset=utf-8,false,200,0,0,,,"78
59
31",3,true
21,https://createmy-qr.com/it/x-twitter-generatore-di-codici-qr-gratis-online,"Generatore di codici QR X (Twitter) - Gratuito e personalizzato | CreateMy-QR
X (Twitter) - Generatore di Codici QR Gratis Online - CreateMy-QR",text/html; charset=utf-8,false,200,0,0,,,"77
65",2,true
21,https://createmy-qr.com/de/vcard-kostenloser-qr-code-generator-online,"vCard QR-Code-Generator – kostenlos und benutzerdefiniert | CreateMy-QR
vCard - Kostenloser QR-Code Generator Online - CreateMy-QR",text/html; charset=utf-8,false,200,0,0,,,"71
58",2,true
21,https://createmy-qr.com/vi/cong-cu-so-sanh,"Tạo Mã QR Miễn Phí Trực Tuyến - CreateMy-QR (No Signup) | Công cụ so sánh
Trình tạo mã QR types.compare - Miễn phí & Tùy chỉnh | CreateMy-QR
Công cụ so sánh | CreateMy-QR",text/html; charset=utf-8,false,200,0,0,,,"73
66
29",3,true
21,https://createmy-qr.com/es/telegram-generador-de-codigos-qr-gratis-online,"Generador de códigos QR Telegrama: gratuito y personalizado | CreateMy-QR
Telegrama - Generador de Códigos QR Gratis Online - CreateMy-QR",text/html; charset=utf-8,false,200,0,0,,,"73
63",2,true
21,https://createmy-qr.com/id/arsitektur-keamanan,"Generator QR Code Gratis Online - CreateMy-QR (No Signup) | Arsitektur Keamanan
types.security Pembuat Kode QR - Gratis & Khusus | CreateMy-QR
Arsitektur Keamanan | CreateMy-QR",text/html; charset=utf-8,false,200,0,0,,,"79
62
33",3,true
21,https://createmy-qr.com/pl/darmowy-generator-kodow-qr-online-2,"Bezpłatny skaner kodów QR online — natychmiastowe skanowanie kodów QR
Generator kodów QR types.scanqr — bezpłatny i niestandardowy | CreateMy-QR
scanqr - Darmowy Generator Kodów QR Online - CreateMy-QR",text/html; charset=utf-8,false,200,0,0,,,"69
74
56",3,true
21,https://createmy-qr.com/fr/lecteur-de-codes-a-barres-generateur-de-code-qr-gratuit-en-ligne,"Scanner de codes-barres gratuit en ligne - Scannez UPC et EAN
Générateur de code QR Lecteur de codes à barres - Gratuit et personnalisé | CreateMy-QR
Lecteur de codes à barres - Générateur de Code QR Gratuit en Ligne - CreateMy-QR",text/html; charset=utf-8,false,200,0,0,,,"61
87
80",3,true
21,https://createmy-qr.com/bn/prissebaar-shrtaablii,"ফ্রি অনলাইন কিউআর কোড জেনারেটর - CreateMy-QR (No Signup) | পরিষেবার শর্তাবলী
types.terms QR কোড জেনারেটর - বিনামূল্যে এবং কাস্টম | CreateMy-QR
পরিষেবার শর্তাবলী | CreateMy-QR",text/html; charset=utf-8,false,200,0,0,,,"76
65
31",3,true
21,https://createmy-qr.com/tr/guvenlik-mimarisi,"Ücretsiz Çevrimiçi QR Kod Oluşturucu - CreateMy-QR (No Signup) | Güvenlik Mimarisi
types.security QR Kod Oluşturucu - Ücretsiz ve Özel | CreateMy-QR
Güvenlik Mimarisi | CreateMy-QR",text/html; charset=utf-8,false,200,0,0,,,"82
65
31",3,true
21,https://createmy-qr.com/fi/ilmainen-qr-koodigeneraattori-netissa-2,"Ilmainen QR-koodinlukija verkossa - Skannaa QR-koodi heti
types.scanqr QR-koodigeneraattori - ilmainen ja räätälöity | CreateMy-QR
scanqr - Ilmainen QR-koodigeneraattori Netissä - CreateMy-QR",text/html; charset=utf-8,false,200,0,0,,,"57
72
60",3,true
21,https://createmy-qr.com/de/google-forms-kostenloser-qr-code-generator-online,"Google-Formulare QR-Code-Generator – kostenlos und benutzerdefiniert | CreateMy-QR
Google-Formulare - Kostenloser QR-Code Generator Online - CreateMy-QR",text/html; charset=utf-8,false,200,0,0,,,"82
69",2,true
21,https://createmy-qr.com/fr/architecture-de-securite,"Générateur de Code QR Gratuit en Ligne - CreateMy-QR (No Signup) | Architecture de sécurité
Générateur de code QR types.security - Gratuit et personnalisé | CreateMy-QR
Architecture de sécurité | CreateMy-QR",text/html; charset=utf-8,false,200,0,0,,,"91
76
38",3,true
21,https://createmy-qr.com/pt/url-link-gerador-de-codigo-qr-gratis-online,"Gerador de Código QR Grátis Online - CreateMy-QR (No Signup) | CreateMy-QR
Gerador de Código QR Grátis Online - CreateMy-QR (No Signup)",text/html; charset=utf-8,false,200,0,0,,,"74
60",2,true
21,https://createmy-qr.com/el/url-link-dorean-dimioyrgia-qr-code-online,"Δωρεάν Δημιουργία QR Code Online - CreateMy-QR (No Signup) | CreateMy-QR
Δωρεάν Δημιουργία QR Code Online - CreateMy-QR (No Signup)",text/html; charset=utf-8,false,200,0,0,,,"72
58",2,true
21,https://createmy-qr.com/es/comparar-herramientas,"Generador de Códigos QR Gratis Online - CreateMy-QR (No Signup) | Comparar herramientas
Generador de códigos QR types.compare: gratuito y personalizado | CreateMy-QR
Comparar herramientas | CreateMy-QR",text/html; charset=utf-8,false,200,0,0,,,"87
77
35",3,true
21,https://createmy-qr.com/ro/generator-de-coduri-qr-gratuit-online-3,"Free Barcode Scanner Online - Scan UPC & EAN
Barcode Scanner QR Code Generator - Gratuit și personalizat | CreateMy-QR
scanbarcode - Generator de Coduri QR Gratuit Online - CreateMy-QR",text/html; charset=utf-8,false,200,0,0,,,"44
73
65",3,true
21,https://createmy-qr.com/bn/gopniiy-taa-niiti,"ফ্রি অনলাইন কিউআর কোড জেনারেটর - CreateMy-QR (No Signup) | গোপনীয়তা নীতি
types.privacy QR কোড জেনারেটর - বিনামূল্যে এবং কাস্টম | CreateMy-QR
গোপনীয়তা নীতি | CreateMy-QR",text/html; charset=utf-8,false,200,0,0,,,"73
67
28",3,true
21,https://createmy-qr.com/it/audio-generatore-di-codici-qr-gratis-online,"Generatore di codici QR Audio - Gratuito e personalizzato | CreateMy-QR
Audio - Generatore di Codici QR Gratis Online - CreateMy-QR",text/html; charset=utf-8,false,200,0,0,,,"71
59",2,true
21,https://createmy-qr.com/id/bahasa-yang-didukung,"Generator QR Code Gratis Online - CreateMy-QR (No Signup) | Bahasa yang Didukung
types.languages Pembuat Kode QR - Gratis & Khusus | CreateMy-QR
Bahasa yang Didukung | CreateMy-QR",text/html; charset=utf-8,false,200,0,0,,,"80
63
34",3,true
21,https://createmy-qr.com/pl/warunki-swiadczenia-uslug,"Darmowy Generator Kodów QR Online - CreateMy-QR (No Signup) | Warunki świadczenia usług
Generator kodów QR types.terms — bezpłatny i niestandardowy | CreateMy-QR
Warunki świadczenia usług | CreateMy-QR",text/html; charset=utf-8,false,200,0,0,,,"87
73
39",3,true
21,https://createmy-qr.com/uk/instrumenti-porivnyannya,"Безкоштовний Генератор QR-кодів Онлайн - CreateMy-QR (No Signup) | Інструменти порівняння
Генератор QR-коду types.compare – безкоштовний і користувацький | CreateMy-QR
Інструменти порівняння | CreateMy-QR",text/html; charset=utf-8,false,200,0,0,,,"89
77
36",3,true
21,https://createmy-qr.com/da/servicevilkar,"Gratis QR Kode Generator Online - CreateMy-QR (No Signup) | Servicevilkår
types.terms QR Code Generator - Gratis og brugerdefineret | CreateMy-QR
Servicevilkår | CreateMy-QR",text/html; charset=utf-8,false,200,0,0,,,"73
71
27",3,true
21,https://createmy-qr.com/fi/meista,"Ilmainen QR-koodigeneraattori Netissä - CreateMy-QR (No Signup) | Meistä
types.about QR-koodigeneraattori - ilmainen ja räätälöity | CreateMy-QR
Meistä | CreateMy-QR",text/html; charset=utf-8,false,200,0,0,,,"72
71
20",3,true
21,https://createmy-qr.com/fr/a-propos-de-nous,"Générateur de Code QR Gratuit en Ligne - CreateMy-QR (No Signup) | À propos de nous
Générateur de code QR types.about - Gratuit et personnalisé | CreateMy-QR
À propos de nous | CreateMy-QR",text/html; charset=utf-8,false,200,0,0,,,"83
73
30",3,true
21,https://createmy-qr.com/fr/tarif-100-gratuit,"Générateur de Code QR Gratuit en Ligne - CreateMy-QR (No Signup) | Tarif 100% gratuit
Générateur de code QR types.pricing - Gratuit et personnalisé | CreateMy-QR
Tarif 100% gratuit | CreateMy-QR",text/html; charset=utf-8,false,200,0,0,,,"85
75
32",3,true
21,https://createmy-qr.com/el/periptoseis-hrisis,"Δωρεάν Δημιουργία QR Code Online - CreateMy-QR (No Signup) | Περιπτώσεις χρήσης
types.usecases QR Code Generator - Δωρεάν & Προσαρμοσμένο | CreateMy-QR
Περιπτώσεις χρήσης | CreateMy-QR",text/html; charset=utf-8,false,200,0,0,,,"79
71
32",3,true
21,https://createmy-qr.com/hi/sevaa-kii-shrten,"मुफ़्त ऑनलाइन क्यूआर कोड जनरेटर - CreateMy-QR (No Signup) | सेवा की शर्तें
types.terms QR कोड जेनरेटर - मुफ़्त और कस्टम | CreateMy-QR
सेवा की शर्तें | CreateMy-QR",text/html; charset=utf-8,false,200,0,0,,,"74
58
28",3,true
21,https://createmy-qr.com/sv/100-gratis-prissattning,"Gratis QR-kod Generator Online - CreateMy-QR (No Signup) | 100 % gratis prissättning
types.pricing QR Code Generator - Gratis & anpassad | CreateMy-QR
100 % gratis prissättning | CreateMy-QR",text/html; charset=utf-8,false,200,0,0,,,"84
65
39",3,true
21,https://createmy-qr.com/sv/sekretesspolicy,"Gratis QR-kod Generator Online - CreateMy-QR (No Signup) | Sekretesspolicy
types.privacy QR Code Generator - Gratis & anpassad | CreateMy-QR
Sekretesspolicy | CreateMy-QR",text/html; charset=utf-8,false,200,0,0,,,"74
65
29",3,true
21,https://createmy-qr.com/tr/hizmet-sartlari,"Ücretsiz Çevrimiçi QR Kod Oluşturucu - CreateMy-QR (No Signup) | Hizmet Şartları
types.terms QR Kod Oluşturucu - Ücretsiz ve Özel | CreateMy-QR
Hizmet Şartları | CreateMy-QR",text/html; charset=utf-8,false,200,0,0,,,"80
62
29",3,true
21,https://createmy-qr.com/tl/paghambingin-ang-mga-tool,"Libreng Online QR Code Generator - CreateMy-QR (No Signup) | Paghambingin ang Mga Tool
types.compare QR Code Generator - Libre at Custom | CreateMy-QR
Paghambingin ang Mga Tool | CreateMy-QR",text/html; charset=utf-8,false,200,0,0,,,"86
63
39",3,true
21,https://createmy-qr.com/uk/vipadki-vikoristannya,"Безкоштовний Генератор QR-кодів Онлайн - CreateMy-QR (No Signup) | Випадки використання
Генератор QR-коду types.usecases – безкоштовний і користувацький | CreateMy-QR
Випадки використання | CreateMy-QR",text/html; charset=utf-8,false,200,0,0,,,"87
78
34",3,true
21,https://createmy-qr.com/fr/comparer-les-outils,"Générateur de Code QR Gratuit en Ligne - CreateMy-QR (No Signup) | Comparer les outils
Générateur de code QR types.compare - Gratuit et personnalisé | CreateMy-QR
Comparer les outils | CreateMy-QR",text/html; charset=utf-8,false,200,0,0,,,"86
75
33",3,true
21,https://createmy-qr.com/hi/surkssaa-vaastuklaa,"मुफ़्त ऑनलाइन क्यूआर कोड जनरेटर - CreateMy-QR (No Signup) | सुरक्षा वास्तुकला
types.security QR कोड जेनरेटर - मुफ़्त और कस्टम | CreateMy-QR
सुरक्षा वास्तुकला | CreateMy-QR",text/html; charset=utf-8,false,200,0,0,,,"77
61
31",3,true
21,https://createmy-qr.com/it/email-generatore-di-codici-qr-gratis-online,"Generatore di codici QR E-mail - Gratuito e personalizzato | CreateMy-QR
E-mail - Generatore di Codici QR Gratis Online - CreateMy-QR",text/html; charset=utf-8,false,200,0,0,,,"72
60",2,true
21,https://createmy-qr.com/de/spotify-kostenloser-qr-code-generator-online,"Spotify QR-Code-Generator – kostenlos und benutzerdefiniert | CreateMy-QR
Spotify - Kostenloser QR-Code Generator Online - CreateMy-QR",text/html; charset=utf-8,false,200,0,0,,,"73
60",2,true
21,https://createmy-qr.com/de/instagram-kostenloser-qr-code-generator-online,"Instagram QR-Code-Generator – kostenlos und benutzerdefiniert | CreateMy-QR
Instagram - Kostenloser QR-Code Generator Online - CreateMy-QR",text/html; charset=utf-8,false,200,0,0,,,"75
62",2,true
21,https://createmy-qr.com/ru/skaner-shtrih-koda-besplatnyy-generator-qr-kodov-onlayn,"Бесплатный онлайн-сканер штрих-кодов — сканирование UPC и EAN
Сканер штрих-кода Генератор QR-кодов — бесплатный и настраиваемый | CreateMy-QR
Сканер штрих-кода - Бесплатный генератор QR-кодов онлайн - CreateMy-QR",text/html; charset=utf-8,false,200,0,0,,,"61
79
70",3,true
21,https://createmy-qr.com/ro/pret-100-gratuit,"Generator de Coduri QR Gratuit Online - CreateMy-QR (No Signup) | Preț 100% gratuit
types.pricing QR Code Generator - Gratuit și personalizat | CreateMy-QR
Preț 100% gratuit | CreateMy-QR",text/html; charset=utf-8,false,200,0,0,,,"83
71
31",3,true
21,https://createmy-qr.com/pt/localizacao-gerador-de-codigo-qr-gratis-online,"Gerador de código QR Localização - gratuito e personalizado | CreateMy-QR
Localização - Gerador de Código QR Grátis Online - CreateMy-QR",text/html; charset=utf-8,false,200,0,0,,,"73
62",2,true
21,https://createmy-qr.com/ro/arhitectura-de-securitate,"Generator de Coduri QR Gratuit Online - CreateMy-QR (No Signup) | Arhitectura de securitate
types.security QR Code Generator - Gratuit și personalizat | CreateMy-QR
Arhitectura de securitate | CreateMy-QR",text/html; charset=utf-8,false,200,0,0,,,"91
72
39",3,true
21,https://createmy-qr.com/es/archivo-generador-de-codigos-qr-gratis-online,"Generador de códigos QR Archivo: gratuito y personalizado | CreateMy-QR
Archivo - Generador de Códigos QR Gratis Online - CreateMy-QR",text/html; charset=utf-8,false,200,0,0,,,"71
61",2,true
21,https://createmy-qr.com/fr/telegram-generateur-de-code-qr-gratuit-en-ligne,"Générateur de code QR Télégramme - Gratuit et personnalisé | CreateMy-QR
Télégramme - Générateur de Code QR Gratuit en Ligne - CreateMy-QR",text/html; charset=utf-8,false,200,0,0,,,"72
65",2,true
21,https://createmy-qr.com/tr/hakkimizda,"Ücretsiz Çevrimiçi QR Kod Oluşturucu - CreateMy-QR (No Signup) | Hakkımızda
types.about QR Kod Oluşturucu - Ücretsiz ve Özel | CreateMy-QR
Hakkımızda | CreateMy-QR",text/html; charset=utf-8,false,200,0,0,,,"75
62
24",3,true
21,https://createmy-qr.com/nl/gebruiksscenario-s,"Gratis QR Code Generator Online - CreateMy-QR (No Signup) | Gebruiksscenario's
types.usecases QR-codegenerator - gratis en aangepast | CreateMy-QR
Gebruiksscenario's | CreateMy-QR",text/html; charset=utf-8,false,200,0,0,,,"78
67
32",3,true
21,https://createmy-qr.com/el/arhitektoniki-asfaleias,"Δωρεάν Δημιουργία QR Code Online - CreateMy-QR (No Signup) | Αρχιτεκτονική Ασφαλείας
types.security QR Code Generator - Δωρεάν & Προσαρμοσμένο | CreateMy-QR
Αρχιτεκτονική Ασφαλείας | CreateMy-QR",text/html; charset=utf-8,false,200,0,0,,,"84
71
37",3,true
21,https://createmy-qr.com/tl/100-libreng-pagpepresyo,"Libreng Online QR Code Generator - CreateMy-QR (No Signup) | 100% Libreng Pagpepresyo
types.pricing QR Code Generator - Libre at Custom | CreateMy-QR
100% Libreng Pagpepresyo | CreateMy-QR",text/html; charset=utf-8,false,200,0,0,,,"85
63
38",3,true
21,https://createmy-qr.com/fi/tuetut-kielet,"Ilmainen QR-koodigeneraattori Netissä - CreateMy-QR (No Signup) | Tuetut kielet
types.languages QR-koodigeneraattori - ilmainen ja räätälöity | CreateMy-QR
Tuetut kielet | CreateMy-QR",text/html; charset=utf-8,false,200,0,0,,,"79
75
27",3,true
21,https://createmy-qr.com/es/generador-de-codigos-qr-gratis-online-2,"Escáner de códigos QR gratuito en línea: escanee QR al instante
Generador de códigos QR types.scanqr: gratuito y personalizado | CreateMy-QR
scanqr - Generador de Códigos QR Gratis Online - CreateMy-QR",text/html; charset=utf-8,false,200,0,0,,,"63
76
60",3,true
21,https://createmy-qr.com/pl/przypadki-uzycia,"Darmowy Generator Kodów QR Online - CreateMy-QR (No Signup) | Przypadki użycia
Generator kodów QR types.usecases — bezpłatny i niestandardowy | CreateMy-QR
Przypadki użycia | CreateMy-QR",text/html; charset=utf-8,false,200,0,0,,,"78
76
30",3,true
21,https://createmy-qr.com/ms/dasar-privasi,"Penjana Kod QR Percuma Dalam Talian - CreateMy-QR (No Signup) | Dasar Privasi
Penjana Kod QR types.privacy - Percuma & Tersuai | CreateMy-QR
Dasar Privasi | CreateMy-QR",text/html; charset=utf-8,false,200,0,0,,,"77
62
27",3,true
21,https://createmy-qr.com/ro/politica-de-confidentialitate,"Generator de Coduri QR Gratuit Online - CreateMy-QR (No Signup) | Politica de confidențialitate
types.privacy QR Code Generator - Gratuit și personalizat | CreateMy-QR
Politica de confidențialitate | CreateMy-QR",text/html; charset=utf-8,false,200,0,0,,,"95
71
43",3,true
21,https://createmy-qr.com/hi/smrthit-bhaassaaen,"मुफ़्त ऑनलाइन क्यूआर कोड जनरेटर - CreateMy-QR (No Signup) | समर्थित भाषाएँ
types.languages QR कोड जेनरेटर - मुफ़्त और कस्टम | CreateMy-QR
समर्थित भाषाएँ | CreateMy-QR",text/html; charset=utf-8,false,200,0,0,,,"74
62
28",3,true
21,https://createmy-qr.com/tl/tungkol-sa-amin,"Libreng Online QR Code Generator - CreateMy-QR (No Signup) | Tungkol sa Amin
types.about QR Code Generator - Libre at Custom | CreateMy-QR
Tungkol sa Amin | CreateMy-QR",text/html; charset=utf-8,false,200,0,0,,,"76
61
29",3,true
21,https://createmy-qr.com/pt/sobre-nos,"Gerador de Código QR Grátis Online - CreateMy-QR (No Signup) | Sobre nós
Gerador de código QR types.about - gratuito e personalizado | CreateMy-QR
Sobre nós | CreateMy-QR",text/html; charset=utf-8,false,200,0,0,,,"72
73
23",3,true
21,https://createmy-qr.com/it/casi-d-uso,"Generatore di Codici QR Gratis Online - CreateMy-QR (No Signup) | Casi d'uso
Generatore di codici QR types.usecases - Gratuito e personalizzato | CreateMy-QR
Casi d'uso | CreateMy-QR",text/html; charset=utf-8,false,200,0,0,,,"76
80
24",3,true
21,https://createmy-qr.com/de/url-link-kostenloser-qr-code-generator-online,"Kostenloser QR-Code Generator Online - CreateMy-QR (No Signup) | CreateMy-QR
Kostenloser QR-Code Generator Online - CreateMy-QR (No Signup)",text/html; charset=utf-8,false,200,0,0,,,"76
62",2,true
21,https://createmy-qr.com/fr/generateur-de-code-qr-gratuit-en-ligne,"Générateur de codes-barres gratuit en ligne - Créez des codes-barres 1D
Générateur de code QR types.barcode - Gratuit et personnalisé | CreateMy-QR
barcode - Générateur de Code QR Gratuit en Ligne - CreateMy-QR",text/html; charset=utf-8,false,200,0,0,,,"71
75
62",3,true
21,https://createmy-qr.com/hi/100-nihshulk-muuly-nirdhaarnn,"मुफ़्त ऑनलाइन क्यूआर कोड जनरेटर - CreateMy-QR (No Signup) | 100% निःशुल्क मूल्य निर्धारण
types.pricing QR कोड जेनरेटर - मुफ़्त और कस्टम | CreateMy-QR
100% निःशुल्क मूल्य निर्धारण | CreateMy-QR",text/html; charset=utf-8,false,200,0,0,,,"88
60
42",3,true
21,https://createmy-qr.com/de/snapchat-kostenloser-qr-code-generator-online,"Snapchat QR-Code-Generator – kostenlos und benutzerdefiniert | CreateMy-QR
Snapchat - Kostenloser QR-Code Generator Online - CreateMy-QR",text/html; charset=utf-8,false,200,0,0,,,"74
61",2,true
21,https://createmy-qr.com/ru/arhitektura-bezopasnosti,"Бесплатный генератор QR-кодов онлайн - CreateMy-QR (No Signup) | Архитектура безопасности
types.security Генератор QR-кодов — бесплатный и настраиваемый | CreateMy-QR
Архитектура безопасности | CreateMy-QR",text/html; charset=utf-8,false,200,0,0,,,"89
76
38",3,true
21,https://createmy-qr.com/tr/url-link-ucretsiz-cevrimici-qr-kod-olusturucu,"Ücretsiz Çevrimiçi QR Kod Oluşturucu - CreateMy-QR (No Signup) | CreateMy-QR
Ücretsiz Çevrimiçi QR Kod Oluşturucu - CreateMy-QR (No Signup)",text/html; charset=utf-8,false,200,0,0,,,"76
62",2,true
21,https://createmy-qr.com/nl/url-link-gratis-qr-code-generator-online,"Gratis QR Code Generator Online - CreateMy-QR (No Signup) | CreateMy-QR
Gratis QR Code Generator Online - CreateMy-QR (No Signup)",text/html; charset=utf-8,false,200,0,0,,,"71
57",2,true
21,https://createmy-qr.com/it/prezzo-gratuito-al-100,"Generatore di Codici QR Gratis Online - CreateMy-QR (No Signup) | Prezzo gratuito al 100%
Generatore di codici QR types.pricing - Gratuito e personalizzato | CreateMy-QR
Prezzo gratuito al 100% | CreateMy-QR",text/html; charset=utf-8,false,200,0,0,,,"89
79
37",3,true
21,https://createmy-qr.com/th/raakhaafrii-100,"เครื่องมือสร้างคิวอาร์โค้ดออนไลน์ฟรี - CreateMy-QR (No Signup) | ราคาฟรี 100%
types.pricing เครื่องสร้างโค้ด QR - ฟรีและกำหนดเอง | CreateMy-QR
ราคาฟรี 100% | CreateMy-QR",text/html; charset=utf-8,false,200,0,0,,,"77
64
26",3,true
21,https://createmy-qr.com/fi/x-twitter-ilmainen-qr-koodigeneraattori-netissa,"X (Twitter) QR-koodigeneraattori - ilmainen ja räätälöity | CreateMy-QR
X (Twitter) - Ilmainen QR-koodigeneraattori Netissä - CreateMy-QR",text/html; charset=utf-8,false,200,0,0,,,"71
65",2,true
21,https://createmy-qr.com/uk/roztashuvannya-bezkoshtovniy-generator-qr-kodiv-onlayn,"Генератор QR-коду Розташування – безкоштовний і користувацький | CreateMy-QR
Розташування - Безкоштовний Генератор QR-кодів Онлайн - CreateMy-QR",text/html; charset=utf-8,false,200,0,0,,,"76
67",2,true
20,https://createmy-qr.com/tl/scan-barcode,"Libreng Barcode Scanner Online - I-scan ang UPC at EAN
Libreng Online QR Code Generator - CreateMy-QR (No Signup) | CreateMy-QR
Scan Barcode Online",text/html; charset=utf-8,false,200,0,0,,,"54
72
19",3,true
20,https://createmy-qr.com/fr/barcode-generator,"Générateur de codes-barres gratuit en ligne - Créez des codes-barres 1D
Générateur de Code QR Gratuit en Ligne - CreateMy-QR (No Signup) | CreateMy-QR
Free Barcode Generator",text/html; charset=utf-8,false,200,0,0,,,"71
78
22",3,true
20,https://createmy-qr.com/cs/barcode-generator,"Bezplatný generátor čárových kódů online - Vytvořte 1D čárové kódy
Zdarma Online Generátor QR Kódů - CreateMy-QR (No Signup) | CreateMy-QR
Free Barcode Generator",text/html; charset=utf-8,false,200,0,0,,,"66
71
22",3,true
20,https://createmy-qr.com/pl/scan-barcode,"Bezpłatny skaner kodów kreskowych online — skanuj kody UPC i EAN
Darmowy Generator Kodów QR Online - CreateMy-QR (No Signup) | CreateMy-QR
Scan Barcode Online",text/html; charset=utf-8,false,200,0,0,,,"64
73
19",3,true
20,https://createmy-qr.com/nl/privacy,"Gratis QR Code Generator Online - CreateMy-QR (No Signup) | Privacybeleid
Gratis QR Code Generator Online - CreateMy-QR (No Signup) | CreateMy-QR
Privacy Policy - CreateMy-QR",text/html; charset=utf-8,false,200,0,0,,,"73
71
28",3,true
20,https://createmy-qr.com/fr/scan-qr,"Scanner de code QR gratuit en ligne - Scannez le QR instantanément
Générateur de Code QR Gratuit en Ligne - CreateMy-QR (No Signup) | CreateMy-QR
Scan QR Code Online",text/html; charset=utf-8,false,200,0,0,,,"66
78
19",3,true
20,https://createmy-qr.com/ru/paypal-qr-code-for-donations,"QR-код PayPal для некоммерческих организаций и пожертвований | CreateMy-QR
QR-код PayPal для некоммерческих организаций и пожертвований | CreateMy-QR",text/html; charset=utf-8,false,200,0,0,,,"74
74",2,true
20,https://createmy-qr.com/hi/google-review-qr-code-for-local-business,"Google स्थानीय व्यवसायों के लिए QR कोड की समीक्षा करता है | CreateMy-QR
Google स्थानीय व्यवसायों के लिए QR कोड की समीक्षा करता है | CreateMy-QR",text/html; charset=utf-8,false,200,0,0,,,"71
71",2,true
20,https://createmy-qr.com/no/terms,"Gratis QR-kode Generator Online - CreateMy-QR (No Signup) | Vilkår for bruk
Gratis QR-kode Generator Online - CreateMy-QR (No Signup) | CreateMy-QR
Terms of Service - CreateMy-QR",text/html; charset=utf-8,false,200,0,0,,,"75
71
30",3,true
20,https://createmy-qr.com/pt/terms,"Gerador de Código QR Grátis Online - CreateMy-QR (No Signup) | Termos de Serviço
Gerador de Código QR Grátis Online - CreateMy-QR (No Signup) | CreateMy-QR
Terms of Service - CreateMy-QR",text/html; charset=utf-8,false,200,0,0,,,"80
74
30",3,true
20,https://createmy-qr.com/ms/about,"Penjana Kod QR Percuma Dalam Talian - CreateMy-QR (No Signup) | Mengenai Kami
Penjana Kod QR Percuma Dalam Talian - CreateMy-QR (No Signup) | CreateMy-QR
About CreateMy-QR",text/html; charset=utf-8,false,200,0,0,,,"77
75
17",3,true
20,https://createmy-qr.com/no/scan-qr,"Gratis QR-kodeskanner online - Skann QR umiddelbart
Gratis QR-kode Generator Online - CreateMy-QR (No Signup) | CreateMy-QR
Scan QR Code Online",text/html; charset=utf-8,false,200,0,0,,,"51
71
19",3,true
20,https://createmy-qr.com/sv/compare,"Gratis QR-kod Generator Online - CreateMy-QR (No Signup) | Jämför verktyg
Gratis QR-kod Generator Online - CreateMy-QR (No Signup) | CreateMy-QR
Compare Plans - CreateMy-QR",text/html; charset=utf-8,false,200,0,0,,,"73
70
27",3,true
20,https://createmy-qr.com/uk/scan-qr,"Безкоштовний онлайн-сканер QR-коду - миттєво скануйте QR-код
Безкоштовний Генератор QR-кодів Онлайн - CreateMy-QR (No Signup) | CreateMy-QR
Scan QR Code Online",text/html; charset=utf-8,false,200,0,0,,,"60
78
19",3,true
20,https://createmy-qr.com/fi/privacy,"Ilmainen QR-koodigeneraattori Netissä - CreateMy-QR (No Signup) | Tietosuojakäytäntö
Ilmainen QR-koodigeneraattori Netissä - CreateMy-QR (No Signup) | CreateMy-QR
Privacy Policy - CreateMy-QR",text/html; charset=utf-8,false,200,0,0,,,"84
77
28",3,true
20,https://createmy-qr.com/pl/privacy,"Darmowy Generator Kodów QR Online - CreateMy-QR (No Signup) | Polityka prywatności
Darmowy Generator Kodów QR Online - CreateMy-QR (No Signup) | CreateMy-QR
Privacy Policy - CreateMy-QR",text/html; charset=utf-8,false,200,0,0,,,"82
73
28",3,true
20,https://createmy-qr.com/fr/terms,"Générateur de Code QR Gratuit en Ligne - CreateMy-QR (No Signup) | Conditions d'utilisation
Générateur de Code QR Gratuit en Ligne - CreateMy-QR (No Signup) | CreateMy-QR
Terms of Service - CreateMy-QR",text/html; charset=utf-8,false,200,0,0,,,"91
78
30",3,true
20,https://createmy-qr.com/tr/scan-barcode,"Ücretsiz Çevrimiçi Barkod Tarayıcı - UPC ve EAN'yi tarayın
Ücretsiz Çevrimiçi QR Kod Oluşturucu - CreateMy-QR (No Signup) | CreateMy-QR
Scan Barcode Online",text/html; charset=utf-8,false,200,0,0,,,"58
76
19",3,true
20,https://createmy-qr.com/hi/terms,"मुफ़्त ऑनलाइन क्यूआर कोड जनरेटर - CreateMy-QR (No Signup) | सेवा की शर्तें
मुफ़्त ऑनलाइन क्यूआर कोड जनरेटर - CreateMy-QR (No Signup) | CreateMy-QR
Terms of Service - CreateMy-QR",text/html; charset=utf-8,false,200,0,0,,,"74
71
30",3,true
20,https://createmy-qr.com/sv/terms,"Gratis QR-kod Generator Online - CreateMy-QR (No Signup) | Användarvillkor
Gratis QR-kod Generator Online - CreateMy-QR (No Signup) | CreateMy-QR
Terms of Service - CreateMy-QR",text/html; charset=utf-8,false,200,0,0,,,"74
70
30",3,true
20,https://createmy-qr.com/tl/privacy,"Libreng Online QR Code Generator - CreateMy-QR (No Signup) | Patakaran sa Privacy
Libreng Online QR Code Generator - CreateMy-QR (No Signup) | CreateMy-QR
Privacy Policy - CreateMy-QR",text/html; charset=utf-8,false,200,0,0,,,"81
72
28",3,true
20,https://createmy-qr.com/it/barcode-generator,"Generatore di codici a barre online gratuito - Crea codici a barre 1D
Generatore di Codici QR Gratis Online - CreateMy-QR (No Signup) | CreateMy-QR
Free Barcode Generator",text/html; charset=utf-8,false,200,0,0,,,"69
77
22",3,true
20,https://createmy-qr.com/fi/paypal-qr-koodi-lahjoituksia-varten,"PayPal QR-koodi voittoa tavoitteleville ja lahjoituksille | CreateMy-QR
PayPal QR-koodi voittoa tavoitteleville ja lahjoituksille | CreateMy-QR",text/html; charset=utf-8,false,200,0,0,,,"71
71",2,true
20,https://createmy-qr.com/no/privacy,"Gratis QR-kode Generator Online - CreateMy-QR (No Signup) | Personvernerklæring
Gratis QR-kode Generator Online - CreateMy-QR (No Signup) | CreateMy-QR
Privacy Policy - CreateMy-QR",text/html; charset=utf-8,false,200,0,0,,,"79
71
28",3,true
20,https://createmy-qr.com/nl/barcode-generator,"Gratis barcodegenerator online - Maak 1D-streepjescodes
Gratis QR Code Generator Online - CreateMy-QR (No Signup) | CreateMy-QR
Free Barcode Generator",text/html; charset=utf-8,false,200,0,0,,,"55
71
22",3,true
20,https://createmy-qr.com/pt/compare,"Gerador de Código QR Grátis Online - CreateMy-QR (No Signup) | Comparar ferramentas
Gerador de Código QR Grátis Online - CreateMy-QR (No Signup) | CreateMy-QR
Compare Plans - CreateMy-QR",text/html; charset=utf-8,false,200,0,0,,,"83
74
27",3,true
20,https://createmy-qr.com/pl/about,"Darmowy Generator Kodów QR Online - CreateMy-QR (No Signup) | O nas
Darmowy Generator Kodów QR Online - CreateMy-QR (No Signup) | CreateMy-QR
About CreateMy-QR",text/html; charset=utf-8,false,200,0,0,,,"67
73
17",3,true
20,https://createmy-qr.com/tr/bagslar-icin-paypal-qr-kodu,"Kâr Amacı Gütmeyen Kuruluşlar ve Bağışlar için PayPal QR Kodu | CreateMy-QR
Kâr Amacı Gütmeyen Kuruluşlar ve Bağışlar için PayPal QR Kodu | CreateMy-QR",text/html; charset=utf-8,false,200,0,0,,,"75
75",2,true
20,https://createmy-qr.com/es/privacy,"Generador de Códigos QR Gratis Online - CreateMy-QR (No Signup) | Política de privacidad
Generador de Códigos QR Gratis Online - CreateMy-QR (No Signup) | CreateMy-QR
Privacy Policy - CreateMy-QR",text/html; charset=utf-8,false,200,0,0,,,"88
77
28",3,true
20,https://createmy-qr.com/ro/e-mail-cod-qr-pentru-inscrierea-la-newsletter,"Cod QR prin e-mail pentru înscrieri la buletine informative | CreateMy-QR
Cod QR prin e-mail pentru înscrieri la buletine informative | CreateMy-QR",text/html; charset=utf-8,false,200,0,0,,,"73
73",2,true
20,https://createmy-qr.com/th/compare,"เครื่องมือสร้างคิวอาร์โค้ดออนไลน์ฟรี - CreateMy-QR (No Signup) | เปรียบเทียบเครื่องมือ
เครื่องมือสร้างคิวอาร์โค้ดออนไลน์ฟรี - CreateMy-QR (No Signup) | CreateMy-QR
Compare Plans - CreateMy-QR",text/html; charset=utf-8,false,200,0,0,,,"86
76
27",3,true
20,https://createmy-qr.com/hu/barcode-generator,"Ingyenes vonalkódgenerátor online – 1D vonalkódok létrehozása
Ingyenes Online QR-kód Generátor - CreateMy-QR (No Signup) | CreateMy-QR
Free Barcode Generator",text/html; charset=utf-8,false,200,0,0,,,"61
72
22",3,true
20,https://createmy-qr.com/it/compare,"Generatore di Codici QR Gratis Online - CreateMy-QR (No Signup) | Confronta strumenti
Generatore di Codici QR Gratis Online - CreateMy-QR (No Signup) | CreateMy-QR
Compare Plans - CreateMy-QR",text/html; charset=utf-8,false,200,0,0,,,"85
77
27",3,true
20,https://createmy-qr.com/pt/e-mail-com-codigo-qr-para-inscricao-no-boletim-informativo,"Código QR por e-mail para inscrições em boletins informativos | CreateMy-QR
Código QR por e-mail para inscrições em boletins informativos | CreateMy-QR",text/html; charset=utf-8,false,200,0,0,,,"75
75",2,true
20,https://createmy-qr.com/da/scan-qr,"Gratis QR-kodescanner online - Scan QR øjeblikkeligt
Gratis QR Kode Generator Online - CreateMy-QR (No Signup) | CreateMy-QR
Scan QR Code Online",text/html; charset=utf-8,false,200,0,0,,,"52
71
19",3,true
20,https://createmy-qr.com/pt/scan-qr,"Scanner de código QR gratuito online - Digitalize QR instantaneamente
Gerador de Código QR Grátis Online - CreateMy-QR (No Signup) | CreateMy-QR
Scan QR Code Online",text/html; charset=utf-8,false,200,0,0,,,"69
74
19",3,true
20,https://createmy-qr.com/de/scan-barcode,"Kostenloser Barcode-Scanner online – Scannen Sie UPC und EAN
Kostenloser QR-Code Generator Online - CreateMy-QR (No Signup) | CreateMy-QR
Scan Barcode Online",text/html; charset=utf-8,false,200,0,0,,,"60
76
19",3,true
20,https://createmy-qr.com/nl/terms,"Gratis QR Code Generator Online - CreateMy-QR (No Signup) | Servicevoorwaarden
Gratis QR Code Generator Online - CreateMy-QR (No Signup) | CreateMy-QR
Terms of Service - CreateMy-QR",text/html; charset=utf-8,false,200,0,0,,,"78
71
30",3,true
20,https://createmy-qr.com/uk/email-qr-code-for-newsletter-signup,"Надішліть QR-код електронною поштою для підписки на розсилку | CreateMy-QR
Надішліть QR-код електронною поштою для підписки на розсилку | CreateMy-QR",text/html; charset=utf-8,false,200,0,0,,,"74
74",2,true
20,https://createmy-qr.com/ar/privacy,"مولد رمز الاستجابة السريعة مجاني - CreateMy-QR (No Signup) | سياسة الخصوصية
مولد رمز الاستجابة السريعة مجاني - CreateMy-QR (No Signup) | CreateMy-QR
Privacy Policy - CreateMy-QR",text/html; charset=utf-8,false,200,0,0,,,"75
72
28",3,true
20,https://createmy-qr.com/ar/scan-barcode,"ماسح الباركود المجاني عبر الإنترنت - مسح UPC وEAN
مولد رمز الاستجابة السريعة مجاني - CreateMy-QR (No Signup) | CreateMy-QR
Scan Barcode Online",text/html; charset=utf-8,false,200,0,0,,,"49
72
19",3,true
20,https://createmy-qr.com/es/about,"Generador de Códigos QR Gratis Online - CreateMy-QR (No Signup) | Sobre nosotros
Generador de Códigos QR Gratis Online - CreateMy-QR (No Signup) | CreateMy-QR
About CreateMy-QR",text/html; charset=utf-8,false,200,0,0,,,"80
77
17",3,true
20,https://createmy-qr.com/pt/codigo-qr-da-loja-de-aplicativos-para-downloads-de-jogos,"Código QR da App Store para downloads de jogos para celular | CreateMy-QR
Código QR da App Store para downloads de jogos para celular | CreateMy-QR",text/html; charset=utf-8,false,200,0,0,,,"73
73",2,true
20,https://createmy-qr.com/id/about,"Generator QR Code Gratis Online - CreateMy-QR (No Signup) | Tentang Kami
Generator QR Code Gratis Online - CreateMy-QR (No Signup) | CreateMy-QR
About CreateMy-QR",text/html; charset=utf-8,false,200,0,0,,,"72
71
17",3,true
20,https://createmy-qr.com/pl/scan-qr,"Bezpłatny skaner kodów QR online — natychmiastowe skanowanie kodów QR
Darmowy Generator Kodów QR Online - CreateMy-QR (No Signup) | CreateMy-QR
Scan QR Code Online",text/html; charset=utf-8,false,200,0,0,,,"69
73
19",3,true
20,https://createmy-qr.com/hi/privacy,"मुफ़्त ऑनलाइन क्यूआर कोड जनरेटर - CreateMy-QR (No Signup) | गोपनीयता नीति
मुफ़्त ऑनलाइन क्यूआर कोड जनरेटर - CreateMy-QR (No Signup) | CreateMy-QR
Privacy Policy - CreateMy-QR",text/html; charset=utf-8,false,200,0,0,,,"73
71
28",3,true
20,https://createmy-qr.com/hu/privacy,"Ingyenes Online QR-kód Generátor - CreateMy-QR (No Signup) | Adatvédelmi szabályzat
Ingyenes Online QR-kód Generátor - CreateMy-QR (No Signup) | CreateMy-QR
Privacy Policy - CreateMy-QR",text/html; charset=utf-8,false,200,0,0,,,"83
72
28",3,true
20,https://createmy-qr.com/ro/terms,"Generator de Coduri QR Gratuit Online - CreateMy-QR (No Signup) | Termeni și condiții
Generator de Coduri QR Gratuit Online - CreateMy-QR (No Signup) | CreateMy-QR
Terms of Service - CreateMy-QR",text/html; charset=utf-8,false,200,0,0,,,"85
77
30",3,true
20,https://createmy-qr.com/ro/compare,"Generator de Coduri QR Gratuit Online - CreateMy-QR (No Signup) | Instrumente de comparare
Generator de Coduri QR Gratuit Online - CreateMy-QR (No Signup) | CreateMy-QR
Compare Plans - CreateMy-QR",text/html; charset=utf-8,false,200,0,0,,,"90
77
27",3,true
20,https://createmy-qr.com/es/compare,"Generador de Códigos QR Gratis Online - CreateMy-QR (No Signup) | Comparar herramientas
Generador de Códigos QR Gratis Online - CreateMy-QR (No Signup) | CreateMy-QR
Compare Plans - CreateMy-QR",text/html; charset=utf-8,false,200,0,0,,,"87
77
27",3,true
20,https://createmy-qr.com/hi/barcode-generator,"निःशुल्क बारकोड जेनरेटर ऑनलाइन - 1डी बारकोड बनाएं
मुफ़्त ऑनलाइन क्यूआर कोड जनरेटर - CreateMy-QR (No Signup) | CreateMy-QR
Free Barcode Generator",text/html; charset=utf-8,false,200,0,0,,,"49
71
22",3,true
20,https://createmy-qr.com/ms/scan-barcode,"Pengimbas Kod Bar Percuma Dalam Talian - Imbas UPC & EAN
Penjana Kod QR Percuma Dalam Talian - CreateMy-QR (No Signup) | CreateMy-QR
Scan Barcode Online",text/html; charset=utf-8,false,200,0,0,,,"56
75
19",3,true
20,https://createmy-qr.com/uk/compare,"Безкоштовний Генератор QR-кодів Онлайн - CreateMy-QR (No Signup) | Інструменти порівняння
Безкоштовний Генератор QR-кодів Онлайн - CreateMy-QR (No Signup) | CreateMy-QR
Compare Plans - CreateMy-QR",text/html; charset=utf-8,false,200,0,0,,,"89
78
27",3,true
20,https://createmy-qr.com/ro/privacy,"Generator de Coduri QR Gratuit Online - CreateMy-QR (No Signup) | Politica de confidențialitate
Generator de Coduri QR Gratuit Online - CreateMy-QR (No Signup) | CreateMy-QR
Privacy Policy - CreateMy-QR",text/html; charset=utf-8,false,200,0,0,,,"95
77
28",3,true
20,https://createmy-qr.com/da/scan-barcode,"Gratis stregkodescanner online - Scan UPC & EAN
Gratis QR Kode Generator Online - CreateMy-QR (No Signup) | CreateMy-QR
Scan Barcode Online",text/html; charset=utf-8,false,200,0,0,,,"47
71
19",3,true
20,https://createmy-qr.com/hi/scan-barcode,"मुफ़्त बारकोड स्कैनर ऑनलाइन - यूपीसी और ईएएन स्कैन करें
मुफ़्त ऑनलाइन क्यूआर कोड जनरेटर - CreateMy-QR (No Signup) | CreateMy-QR
Scan Barcode Online",text/html; charset=utf-8,false,200,0,0,,,"55
71
19",3,true
20,https://createmy-qr.com/tl/terms,"Libreng Online QR Code Generator - CreateMy-QR (No Signup) | Mga Tuntunin ng Serbisyo
Libreng Online QR Code Generator - CreateMy-QR (No Signup) | CreateMy-QR
Terms of Service - CreateMy-QR",text/html; charset=utf-8,false,200,0,0,,,"85
72
30",3,true
20,https://createmy-qr.com/hi/about,"मुफ़्त ऑनलाइन क्यूआर कोड जनरेटर - CreateMy-QR (No Signup) | हमारे बारे में
मुफ़्त ऑनलाइन क्यूआर कोड जनरेटर - CreateMy-QR (No Signup) | CreateMy-QR
About CreateMy-QR",text/html; charset=utf-8,false,200,0,0,,,"74
71
17",3,true
20,https://createmy-qr.com/ar/barcode-generator,"مولد باركود مجاني عبر الإنترنت - إنشاء باركود ثنائي الأبعاد
مولد رمز الاستجابة السريعة مجاني - CreateMy-QR (No Signup) | CreateMy-QR
Free Barcode Generator",text/html; charset=utf-8,false,200,0,0,,,"59
72
22",3,true
20,https://createmy-qr.com/cs/scan-qr,"Bezplatný skener QR kódů online – naskenujte QR okamžitě
Zdarma Online Generátor QR Kódů - CreateMy-QR (No Signup) | CreateMy-QR
Scan QR Code Online",text/html; charset=utf-8,false,200,0,0,,,"56
71
19",3,true
20,https://createmy-qr.com/tl/about,"Libreng Online QR Code Generator - CreateMy-QR (No Signup) | Tungkol sa Amin
Libreng Online QR Code Generator - CreateMy-QR (No Signup) | CreateMy-QR
About CreateMy-QR",text/html; charset=utf-8,false,200,0,0,,,"76
72
17",3,true
20,https://createmy-qr.com/hu/scan-barcode,"Free Barcode Scanner Online - Scan UPC & EAN
Ingyenes Online QR-kód Generátor - CreateMy-QR (No Signup) | CreateMy-QR
Scan Barcode Online",text/html; charset=utf-8,false,200,0,0,,,"44
72
19",3,true
20,https://createmy-qr.com/tr/about,"Ücretsiz Çevrimiçi QR Kod Oluşturucu - CreateMy-QR (No Signup) | Hakkımızda
Ücretsiz Çevrimiçi QR Kod Oluşturucu - CreateMy-QR (No Signup) | CreateMy-QR
About CreateMy-QR",text/html; charset=utf-8,false,200,0,0,,,"75
76
17",3,true
20,https://createmy-qr.com/ru/email-qr-code-for-newsletter-signup,"QR-код электронной почты для подписки на рассылку новостей | CreateMy-QR
QR-код электронной почты для подписки на рассылку новостей | CreateMy-QR",text/html; charset=utf-8,false,200,0,0,,,"72
72",2,true
20,https://createmy-qr.com/hu/scan-qr,"Ingyenes QR-kód olvasó online - QR-kód azonnali beolvasása
Ingyenes Online QR-kód Generátor - CreateMy-QR (No Signup) | CreateMy-QR
Scan QR Code Online",text/html; charset=utf-8,false,200,0,0,,,"58
72
19",3,true
20,https://createmy-qr.com/nl/scan-qr,"Gratis QR-codescanner online - Scan QR direct
Gratis QR Code Generator Online - CreateMy-QR (No Signup) | CreateMy-QR
Scan QR Code Online",text/html; charset=utf-8,false,200,0,0,,,"45
71
19",3,true
20,https://createmy-qr.com/el/privacy,"Δωρεάν Δημιουργία QR Code Online - CreateMy-QR (No Signup) | Πολιτική Απορρήτου
Δωρεάν Δημιουργία QR Code Online - CreateMy-QR (No Signup) | CreateMy-QR
Privacy Policy - CreateMy-QR",text/html; charset=utf-8,false,200,0,0,,,"79
72
28",3,true
20,https://createmy-qr.com/tl/barcode-generator,"Libreng Barcode Generator Online - Lumikha ng 1D Barcodes
Libreng Online QR Code Generator - CreateMy-QR (No Signup) | CreateMy-QR
Free Barcode Generator",text/html; charset=utf-8,false,200,0,0,,,"57
72
22",3,true
20,https://createmy-qr.com/tl/scan-qr,"Libreng QR Code Scanner Online - I-scan ang QR Agad
Libreng Online QR Code Generator - CreateMy-QR (No Signup) | CreateMy-QR
Scan QR Code Online",text/html; charset=utf-8,false,200,0,0,,,"51
72
19",3,true
20,https://createmy-qr.com/es/scan-barcode,"Escáner de códigos de barras gratuito en línea: escanee UPC y EAN
Generador de Códigos QR Gratis Online - CreateMy-QR (No Signup) | CreateMy-QR
Scan Barcode Online",text/html; charset=utf-8,false,200,0,0,,,"65
77
19",3,true
20,https://createmy-qr.com/ru/url-qr-code-for-event-tickets-registration,"URL-адрес QR-кода для билетов на мероприятия и регистрации | CreateMy-QR
URL-адрес QR-кода для билетов на мероприятия и регистрации | CreateMy-QR",text/html; charset=utf-8,false,200,0,0,,,"72
72",2,true
20,https://createmy-qr.com/cs/scan-barcode,"Bezplatný skener čárových kódů online – skenování UPC a EAN
Zdarma Online Generátor QR Kódů - CreateMy-QR (No Signup) | CreateMy-QR
Scan Barcode Online",text/html; charset=utf-8,false,200,0,0,,,"59
71
19",3,true
20,https://createmy-qr.com/ms/scan-qr,"Pengimbas Kod QR Percuma Dalam Talian - Imbas QR Serta-merta
Penjana Kod QR Percuma Dalam Talian - CreateMy-QR (No Signup) | CreateMy-QR
Scan QR Code Online",text/html; charset=utf-8,false,200,0,0,,,"60
75
19",3,true
20,https://createmy-qr.com/de/scan-qr,"Kostenloser QR-Code-Scanner online – QR sofort scannen
Kostenloser QR-Code Generator Online - CreateMy-QR (No Signup) | CreateMy-QR
Scan QR Code Online",text/html; charset=utf-8,false,200,0,0,,,"54
76
19",3,true
20,https://createmy-qr.com/ru/about,"Бесплатный генератор QR-кодов онлайн - CreateMy-QR (No Signup) | О нас
Бесплатный генератор QR-кодов онлайн - CreateMy-QR (No Signup) | CreateMy-QR
About CreateMy-QR",text/html; charset=utf-8,false,200,0,0,,,"70
76
17",3,true
20,https://createmy-qr.com/es/scan-qr,"Escáner de códigos QR gratuito en línea: escanee QR al instante
Generador de Códigos QR Gratis Online - CreateMy-QR (No Signup) | CreateMy-QR
Scan QR Code Online",text/html; charset=utf-8,false,200,0,0,,,"63
77
19",3,true
20,https://createmy-qr.com/it/terms,"Generatore di Codici QR Gratis Online - CreateMy-QR (No Signup) | Termini di servizio
Generatore di Codici QR Gratis Online - CreateMy-QR (No Signup) | CreateMy-QR
Terms of Service - CreateMy-QR",text/html; charset=utf-8,false,200,0,0,,,"85
77
30",3,true
20,https://createmy-qr.com/it/inviare-via-email-il-codice-qr-per-liscrizione-alla-newsletter,"Invia il codice QR via e-mail per le iscrizioni alla newsletter | CreateMy-QR
Invia il codice QR via e-mail per le iscrizioni alla newsletter | CreateMy-QR",text/html; charset=utf-8,false,200,0,0,,,"77
77",2,true
20,https://createmy-qr.com/ar/email-qr-code-for-newsletter-signup,"إرسال رمز الاستجابة السريعة عبر البريد الإلكتروني للاشتراك في النشرة الإخبارية | CreateMy-QR
إرسال رمز الاستجابة السريعة عبر البريد الإلكتروني للاشتراك في النشرة الإخبارية | CreateMy-QR",text/html; charset=utf-8,false,200,0,0,,,"92
92",2,true
20,https://createmy-qr.com/fi/terms,"Ilmainen QR-koodigeneraattori Netissä - CreateMy-QR (No Signup) | Palveluehdot
Ilmainen QR-koodigeneraattori Netissä - CreateMy-QR (No Signup) | CreateMy-QR
Terms of Service - CreateMy-QR",text/html; charset=utf-8,false,200,0,0,,,"78
77
30",3,true
20,https://createmy-qr.com/th/about,"เครื่องมือสร้างคิวอาร์โค้ดออนไลน์ฟรี - CreateMy-QR (No Signup) | เกี่ยวกับเรา
เครื่องมือสร้างคิวอาร์โค้ดออนไลน์ฟรี - CreateMy-QR (No Signup) | CreateMy-QR
About CreateMy-QR",text/html; charset=utf-8,false,200,0,0,,,"77
76
17",3,true
20,https://createmy-qr.com/id/barcode-generator,"Generator Barcode Online Gratis - Membuat Barcode 1D
Generator QR Code Gratis Online - CreateMy-QR (No Signup) | CreateMy-QR
Free Barcode Generator",text/html; charset=utf-8,false,200,0,0,,,"52
71
22",3,true
20,https://createmy-qr.com/pt/codigo-qr-do-paypal-para-doacoes,"Código QR do PayPal para organizações sem fins lucrativos e doações | CreateMy-QR
Código QR do PayPal para organizações sem fins lucrativos e doações | CreateMy-QR",text/html; charset=utf-8,false,200,0,0,,,"81
81",2,true
20,https://createmy-qr.com/fi/barcode-generator,"Ilmainen viivakoodigeneraattori verkossa - Luo 1D-viivakoodeja
Ilmainen QR-koodigeneraattori Netissä - CreateMy-QR (No Signup) | CreateMy-QR
Free Barcode Generator",text/html; charset=utf-8,false,200,0,0,,,"62
77
22",3,true
20,https://createmy-qr.com/uk/about,"Безкоштовний Генератор QR-кодів Онлайн - CreateMy-QR (No Signup) | Про нас
Безкоштовний Генератор QR-кодів Онлайн - CreateMy-QR (No Signup) | CreateMy-QR
About CreateMy-QR",text/html; charset=utf-8,false,200,0,0,,,"74
78
17",3,true
20,https://createmy-qr.com/de/barcode-generator,"Kostenloser Online-Barcode-Generator – Erstellen Sie 1D-Barcodes
Kostenloser QR-Code Generator Online - CreateMy-QR (No Signup) | CreateMy-QR
Free Barcode Generator",text/html; charset=utf-8,false,200,0,0,,,"64
76
22",3,true
20,https://createmy-qr.com/fr/privacy,"Générateur de Code QR Gratuit en Ligne - CreateMy-QR (No Signup) | Politique de confidentialité
Générateur de Code QR Gratuit en Ligne - CreateMy-QR (No Signup) | CreateMy-QR
Privacy Policy - CreateMy-QR",text/html; charset=utf-8,false,200,0,0,,,"95
78
28",3,true
20,https://createmy-qr.com/id/scan-qr,"Pemindai Kode QR Online Gratis - Pindai QR Seketika
Generator QR Code Gratis Online - CreateMy-QR (No Signup) | CreateMy-QR
Scan QR Code Online",text/html; charset=utf-8,false,200,0,0,,,"51
71
19",3,true
20,https://createmy-qr.com/ms/terms,"Penjana Kod QR Percuma Dalam Talian - CreateMy-QR (No Signup) | Syarat Perkhidmatan
Penjana Kod QR Percuma Dalam Talian - CreateMy-QR (No Signup) | CreateMy-QR
Terms of Service - CreateMy-QR",text/html; charset=utf-8,false,200,0,0,,,"83
75
30",3,true
20,https://createmy-qr.com/nl/about,"Gratis QR Code Generator Online - CreateMy-QR (No Signup) | Over ons
Gratis QR Code Generator Online - CreateMy-QR (No Signup) | CreateMy-QR
About CreateMy-QR",text/html; charset=utf-8,false,200,0,0,,,"68
71
17",3,true
20,https://createmy-qr.com/es/terms,"Generador de Códigos QR Gratis Online - CreateMy-QR (No Signup) | Términos de servicio
Generador de Códigos QR Gratis Online - CreateMy-QR (No Signup) | CreateMy-QR
Terms of Service - CreateMy-QR",text/html; charset=utf-8,false,200,0,0,,,"86
77
30",3,true
20,https://createmy-qr.com/uk/privacy,"Безкоштовний Генератор QR-кодів Онлайн - CreateMy-QR (No Signup) | Політика конфіденційності
Безкоштовний Генератор QR-кодів Онлайн - CreateMy-QR (No Signup) | CreateMy-QR
Privacy Policy - CreateMy-QR",text/html; charset=utf-8,false,200,0,0,,,"92
78
28",3,true
20,https://createmy-qr.com/fi/compare,"Ilmainen QR-koodigeneraattori Netissä - CreateMy-QR (No Signup) | Vertaa työkaluja
Ilmainen QR-koodigeneraattori Netissä - CreateMy-QR (No Signup) | CreateMy-QR
Compare Plans - CreateMy-QR",text/html; charset=utf-8,false,200,0,0,,,"82
77
27",3,true
20,https://createmy-qr.com/tr/scan-qr,"Ücretsiz Çevrimiçi QR Kod Tarayıcı - QR'yi Anında Tarayın
Ücretsiz Çevrimiçi QR Kod Oluşturucu - CreateMy-QR (No Signup) | CreateMy-QR
Scan QR Code Online",text/html; charset=utf-8,false,200,0,0,,,"57
76
19",3,true
20,https://createmy-qr.com/it/scan-barcode,"Scanner di codici a barre online gratuito: scansiona UPC e EAN
Generatore di Codici QR Gratis Online - CreateMy-QR (No Signup) | CreateMy-QR
Scan Barcode Online",text/html; charset=utf-8,false,200,0,0,,,"62
77
19",3,true
20,https://createmy-qr.com/el/about,"Δωρεάν Δημιουργία QR Code Online - CreateMy-QR (No Signup) | Σχετικά με εμάς
Δωρεάν Δημιουργία QR Code Online - CreateMy-QR (No Signup) | CreateMy-QR
About CreateMy-QR",text/html; charset=utf-8,false,200,0,0,,,"76
72
17",3,true
20,https://createmy-qr.com/th/scan-qr,"เครื่องสแกนรหัส QR ออนไลน์ฟรี - สแกน QR ทันที
เครื่องมือสร้างคิวอาร์โค้ดออนไลน์ฟรี - CreateMy-QR (No Signup) | CreateMy-QR
Scan QR Code Online",text/html; charset=utf-8,false,200,0,0,,,"45
76
19",3,true
20,https://createmy-qr.com/fr/envoyer-le-code-qr-par-e-mail-pour-linscription-a-la-newsletter,"Envoyer le code QR par e-mail pour les inscriptions à la newsletter | CreateMy-QR
Envoyer le code QR par e-mail pour les inscriptions à la newsletter | CreateMy-QR",text/html; charset=utf-8,false,200,0,0,,,"81
81",2,true
20,https://createmy-qr.com/es/envie-un-codigo-qr-por-correo-electronico-para-suscribirse-al-boletin,"Código QR por correo electrónico para suscribirse al boletín | CreateMy-QR
Código QR por correo electrónico para suscribirse al boletín | CreateMy-QR",text/html; charset=utf-8,false,200,0,0,,,"74
74",2,true
20,https://createmy-qr.com/th/scan-barcode,"เครื่องสแกนบาร์โค้ดออนไลน์ฟรี - สแกน UPC และ EAN
เครื่องมือสร้างคิวอาร์โค้ดออนไลน์ฟรี - CreateMy-QR (No Signup) | CreateMy-QR
Scan Barcode Online",text/html; charset=utf-8,false,200,0,0,,,"48
76
19",3,true
20,https://createmy-qr.com/ms/barcode-generator,"Penjana Kod Bar Percuma Dalam Talian - Cipta Kod Bar 1D
Penjana Kod QR Percuma Dalam Talian - CreateMy-QR (No Signup) | CreateMy-QR
Free Barcode Generator",text/html; charset=utf-8,false,200,0,0,,,"55
75
22",3,true
20,https://createmy-qr.com/de/terms,"Kostenloser QR-Code Generator Online - CreateMy-QR (No Signup) | Nutzungsbedingungen
Kostenloser QR-Code Generator Online - CreateMy-QR (No Signup) | CreateMy-QR
Terms of Service - CreateMy-QR",text/html; charset=utf-8,false,200,0,0,,,"84
76
30",3,true
20,https://createmy-qr.com/ro/scan-qr,"Scaner online gratuit de coduri QR - Scanează QR instantaneu
Generator de Coduri QR Gratuit Online - CreateMy-QR (No Signup) | CreateMy-QR
Scan QR Code Online",text/html; charset=utf-8,false,200,0,0,,,"60
77
19",3,true
20,https://createmy-qr.com/ro/barcode-generator,"Generator online gratuit de coduri de bare - Creați coduri de bare 1D
Generator de Coduri QR Gratuit Online - CreateMy-QR (No Signup) | CreateMy-QR
Free Barcode Generator",text/html; charset=utf-8,false,200,0,0,,,"69
77
22",3,true
20,https://createmy-qr.com/ms/privacy,"Penjana Kod QR Percuma Dalam Talian - CreateMy-QR (No Signup) | Dasar Privasi
Penjana Kod QR Percuma Dalam Talian - CreateMy-QR (No Signup) | CreateMy-QR
Privacy Policy - CreateMy-QR",text/html; charset=utf-8,false,200,0,0,,,"77
75
28",3,true
20,https://createmy-qr.com/es/barcode-generator,"Generador de códigos de barras gratuito en línea: cree códigos de barras 1D
Generador de Códigos QR Gratis Online - CreateMy-QR (No Signup) | CreateMy-QR
Free Barcode Generator",text/html; charset=utf-8,false,200,0,0,,,"75
77
22",3,true
20,https://createmy-qr.com/pl/wyslij-e-mail-z-kodem-qr-umozliwiajacym-zapisanie-sie-do-newslettera,"Wyślij e-mail z kodem QR umożliwiającym subskrypcję biuletynu | CreateMy-QR
Wyślij e-mail z kodem QR umożliwiającym subskrypcję biuletynu | CreateMy-QR",text/html; charset=utf-8,false,200,0,0,,,"75
75",2,true
20,https://createmy-qr.com/da/terms,"Gratis QR Kode Generator Online - CreateMy-QR (No Signup) | Servicevilkår
Gratis QR Kode Generator Online - CreateMy-QR (No Signup) | CreateMy-QR
Terms of Service - CreateMy-QR",text/html; charset=utf-8,false,200,0,0,,,"73
71
30",3,true
20,https://createmy-qr.com/fi/scan-qr,"Ilmainen QR-koodinlukija verkossa - Skannaa QR-koodi heti
Ilmainen QR-koodigeneraattori Netissä - CreateMy-QR (No Signup) | CreateMy-QR
Scan QR Code Online",text/html; charset=utf-8,false,200,0,0,,,"57
77
19",3,true
20,https://createmy-qr.com/th/privacy,"เครื่องมือสร้างคิวอาร์โค้ดออนไลน์ฟรี - CreateMy-QR (No Signup) | นโยบายความเป็นส่วนตัว
เครื่องมือสร้างคิวอาร์โค้ดออนไลน์ฟรี - CreateMy-QR (No Signup) | CreateMy-QR
Privacy Policy - CreateMy-QR",text/html; charset=utf-8,false,200,0,0,,,"86
76
28",3,true
20,https://createmy-qr.com/ar/about,"مولد رمز الاستجابة السريعة مجاني - CreateMy-QR (No Signup) | من نحن
مولد رمز الاستجابة السريعة مجاني - CreateMy-QR (No Signup) | CreateMy-QR
About CreateMy-QR",text/html; charset=utf-8,false,200,0,0,,,"67
72
17",3,true
20,https://createmy-qr.com/fr/code-qr-paypal-pour-les-dons,"Code QR PayPal pour les organisations à but non lucratif et les dons | CreateMy-QR
Code QR PayPal pour les organisations à but non lucratif et les dons | CreateMy-QR",text/html; charset=utf-8,false,200,0,0,,,"82
82",2,true
20,https://createmy-qr.com/el/compare,"Δωρεάν Δημιουργία QR Code Online - CreateMy-QR (No Signup) | Εργαλεία σύγκρισης
Δωρεάν Δημιουργία QR Code Online - CreateMy-QR (No Signup) | CreateMy-QR
Compare Plans - CreateMy-QR",text/html; charset=utf-8,false,200,0,0,,,"79
72
27",3,true
20,https://createmy-qr.com/no/compare,"Gratis QR-kode Generator Online - CreateMy-QR (No Signup) | Sammenlign verktøy
Gratis QR-kode Generator Online - CreateMy-QR (No Signup) | CreateMy-QR
Compare Plans - CreateMy-QR",text/html; charset=utf-8,false,200,0,0,,,"78
71
27",3,true
20,https://createmy-qr.com/no/about,"Gratis QR-kode Generator Online - CreateMy-QR (No Signup) | Om oss
Gratis QR-kode Generator Online - CreateMy-QR (No Signup) | CreateMy-QR
About CreateMy-QR",text/html; charset=utf-8,false,200,0,0,,,"66
71
17",3,true
20,https://createmy-qr.com/hi/compare,"मुफ़्त ऑनलाइन क्यूआर कोड जनरेटर - CreateMy-QR (No Signup) | टूल्स की तुलना करें
मुफ़्त ऑनलाइन क्यूआर कोड जनरेटर - CreateMy-QR (No Signup) | CreateMy-QR
Compare Plans - CreateMy-QR",text/html; charset=utf-8,false,200,0,0,,,"79
71
27",3,true
20,https://createmy-qr.com/cs/about,"Zdarma Online Generátor QR Kódů - CreateMy-QR (No Signup) | O nás
Zdarma Online Generátor QR Kódů - CreateMy-QR (No Signup) | CreateMy-QR
About CreateMy-QR",text/html; charset=utf-8,false,200,0,0,,,"65
71
17",3,true
20,https://createmy-qr.com/vi/compare,"Tạo Mã QR Miễn Phí Trực Tuyến - CreateMy-QR (No Signup) | Công cụ so sánh
Tạo Mã QR Miễn Phí Trực Tuyến - CreateMy-QR (No Signup) | CreateMy-QR
Compare Plans - CreateMy-QR",text/html; charset=utf-8,false,200,0,0,,,"73
69
27",3,true
20,https://createmy-qr.com/uk/scan-barcode,"Безкоштовний онлайн-сканер штрих-кодів - сканування UPC і EAN
Безкоштовний Генератор QR-кодів Онлайн - CreateMy-QR (No Signup) | CreateMy-QR
Scan Barcode Online",text/html; charset=utf-8,false,200,0,0,,,"61
78
19",3,true
20,https://createmy-qr.com/hu/terms,"Ingyenes Online QR-kód Generátor - CreateMy-QR (No Signup) | Szolgáltatási feltételek
Ingyenes Online QR-kód Generátor - CreateMy-QR (No Signup) | CreateMy-QR
Terms of Service - CreateMy-QR",text/html; charset=utf-8,false,200,0,0,,,"85
72
30",3,true
20,https://createmy-qr.com/cs/compare,"Zdarma Online Generátor QR Kódů - CreateMy-QR (No Signup) | Nástroje pro porovnání
Zdarma Online Generátor QR Kódů - CreateMy-QR (No Signup) | CreateMy-QR
Compare Plans - CreateMy-QR",text/html; charset=utf-8,false,200,0,0,,,"82
71
27",3,true
20,https://createmy-qr.com/fr/url-code-qr-pour-linscription-des-billets-devenement,"URL QR Code pour les billets d'événements et l'inscription | CreateMy-QR
URL QR Code pour les billets d'événements et l'inscription | CreateMy-QR",text/html; charset=utf-8,false,200,0,0,,,"72
72",2,true
20,https://createmy-qr.com/vi/terms,"Tạo Mã QR Miễn Phí Trực Tuyến - CreateMy-QR (No Signup) | Điều khoản dịch vụ
Tạo Mã QR Miễn Phí Trực Tuyến - CreateMy-QR (No Signup) | CreateMy-QR
Terms of Service - CreateMy-QR",text/html; charset=utf-8,false,200,0,0,,,"76
69
30",3,true
20,https://createmy-qr.com/it/about,"Generatore di Codici QR Gratis Online - CreateMy-QR (No Signup) | Chi siamo
Generatore di Codici QR Gratis Online - CreateMy-QR (No Signup) | CreateMy-QR
About CreateMy-QR",text/html; charset=utf-8,false,200,0,0,,,"75
77
17",3,true
20,https://createmy-qr.com/ru/scan-barcode,"Бесплатный онлайн-сканер штрих-кодов — сканирование UPC и EAN
Бесплатный генератор QR-кодов онлайн - CreateMy-QR (No Signup) | CreateMy-QR
Scan Barcode Online",text/html; charset=utf-8,false,200,0,0,,,"61
76
19",3,true
20,https://createmy-qr.com/fi/about,"Ilmainen QR-koodigeneraattori Netissä - CreateMy-QR (No Signup) | Meistä
Ilmainen QR-koodigeneraattori Netissä - CreateMy-QR (No Signup) | CreateMy-QR
About CreateMy-QR",text/html; charset=utf-8,false,200,0,0,,,"72
77
17",3,true
20,https://createmy-qr.com/de/compare,"Kostenloser QR-Code Generator Online - CreateMy-QR (No Signup) | Tools vergleichen
Kostenloser QR-Code Generator Online - CreateMy-QR (No Signup) | CreateMy-QR
Compare Plans - CreateMy-QR",text/html; charset=utf-8,false,200,0,0,,,"82
76
27",3,true
20,https://createmy-qr.com/pl/terms,"Darmowy Generator Kodów QR Online - CreateMy-QR (No Signup) | Warunki świadczenia usług
Darmowy Generator Kodów QR Online - CreateMy-QR (No Signup) | CreateMy-QR
Terms of Service - CreateMy-QR",text/html; charset=utf-8,false,200,0,0,,,"87
73
30",3,true
20,https://createmy-qr.com/vi/privacy,"Tạo Mã QR Miễn Phí Trực Tuyến - CreateMy-QR (No Signup) | Chính sách bảo mật
Tạo Mã QR Miễn Phí Trực Tuyến - CreateMy-QR (No Signup) | CreateMy-QR
Privacy Policy - CreateMy-QR",text/html; charset=utf-8,false,200,0,0,,,"76
69
28",3,true
20,https://createmy-qr.com/nl/scan-barcode,"Gratis barcodescanner online - Scan UPC en EAN
Gratis QR Code Generator Online - CreateMy-QR (No Signup) | CreateMy-QR
Scan Barcode Online",text/html; charset=utf-8,false,200,0,0,,,"46
71
19",3,true
20,https://createmy-qr.com/pl/kod-qr-sklepu-z-aplikacjami-do-pobierania-gier,"Kod QR App Store do pobierania gier na urządzenia mobilne | CreateMy-QR
Kod QR App Store do pobierania gier na urządzenia mobilne | CreateMy-QR",text/html; charset=utf-8,false,200,0,0,,,"71
71",2,true
20,https://createmy-qr.com/da/about,"Gratis QR Kode Generator Online - CreateMy-QR (No Signup) | Om os
Gratis QR Kode Generator Online - CreateMy-QR (No Signup) | CreateMy-QR
About CreateMy-QR",text/html; charset=utf-8,false,200,0,0,,,"65
71
17",3,true
20,https://createmy-qr.com/hi/scan-qr,"निःशुल्क क्यूआर कोड स्कैनर ऑनलाइन - तुरंत क्यूआर स्कैन करें
मुफ़्त ऑनलाइन क्यूआर कोड जनरेटर - CreateMy-QR (No Signup) | CreateMy-QR
Scan QR Code Online",text/html; charset=utf-8,false,200,0,0,,,"59
71
19",3,true
20,https://createmy-qr.com/id/terms,"Generator QR Code Gratis Online - CreateMy-QR (No Signup) | Ketentuan Layanan
Generator QR Code Gratis Online - CreateMy-QR (No Signup) | CreateMy-QR
Terms of Service - CreateMy-QR",text/html; charset=utf-8,false,200,0,0,,,"77
71
30",3,true
20,https://createmy-qr.com/cs/terms,"Zdarma Online Generátor QR Kódů - CreateMy-QR (No Signup) | Podmínky služby
Zdarma Online Generátor QR Kódů - CreateMy-QR (No Signup) | CreateMy-QR
Terms of Service - CreateMy-QR",text/html; charset=utf-8,false,200,0,0,,,"75
71
30",3,true
20,https://createmy-qr.com/ar/scan-qr,"ماسح رمز QR المجاني عبر الإنترنت - مسح QR على الفور
مولد رمز الاستجابة السريعة مجاني - CreateMy-QR (No Signup) | CreateMy-QR
Scan QR Code Online",text/html; charset=utf-8,false,200,0,0,,,"51
72
19",3,true
20,https://createmy-qr.com/ar/app-store-qr-code-for-game-downloads,"رمز الاستجابة السريعة لمتجر التطبيقات لتنزيل ألعاب الهاتف المحمول | CreateMy-QR
رمز الاستجابة السريعة لمتجر التطبيقات لتنزيل ألعاب الهاتف المحمول | CreateMy-QR",text/html; charset=utf-8,false,200,0,0,,,"79
79",2,true
20,https://createmy-qr.com/hu/about,"Ingyenes Online QR-kód Generátor - CreateMy-QR (No Signup) | Rólunk
Ingyenes Online QR-kód Generátor - CreateMy-QR (No Signup) | CreateMy-QR
About CreateMy-QR",text/html; charset=utf-8,false,200,0,0,,,"67
72
17",3,true
20,https://createmy-qr.com/ro/about,"Generator de Coduri QR Gratuit Online - CreateMy-QR (No Signup) | Despre noi
Generator de Coduri QR Gratuit Online - CreateMy-QR (No Signup) | CreateMy-QR
About CreateMy-QR",text/html; charset=utf-8,false,200,0,0,,,"76
77
17",3,true
20,https://createmy-qr.com/th/terms,"เครื่องมือสร้างคิวอาร์โค้ดออนไลน์ฟรี - CreateMy-QR (No Signup) | ข้อกำหนดในการให้บริการ
เครื่องมือสร้างคิวอาร์โค้ดออนไลน์ฟรี - CreateMy-QR (No Signup) | CreateMy-QR
Terms of Service - CreateMy-QR",text/html; charset=utf-8,false,200,0,0,,,"87
76
30",3,true
20,https://createmy-qr.com/ru/compare,"Бесплатный генератор QR-кодов онлайн - CreateMy-QR (No Signup) | Сравнить инструменты
Бесплатный генератор QR-кодов онлайн - CreateMy-QR (No Signup) | CreateMy-QR
Compare Plans - CreateMy-QR",text/html; charset=utf-8,false,200,0,0,,,"85
76
27",3,true
20,https://createmy-qr.com/id/compare,"Generator QR Code Gratis Online - CreateMy-QR (No Signup) | Bandingkan Alat
Generator QR Code Gratis Online - CreateMy-QR (No Signup) | CreateMy-QR
Compare Plans - CreateMy-QR",text/html; charset=utf-8,false,200,0,0,,,"75
71
27",3,true
20,https://createmy-qr.com/bn/about,"ফ্রি অনলাইন কিউআর কোড জেনারেটর - CreateMy-QR (No Signup) | আমাদের সম্পর্কে
ফ্রি অনলাইন কিউআর কোড জেনারেটর - CreateMy-QR (No Signup) | CreateMy-QR
About CreateMy-QR",text/html; charset=utf-8,false,200,0,0,,,"74
70
17",3,true
20,https://createmy-qr.com/id/scan-barcode,"Pemindai Kode Batang Online Gratis - Pindai UPC & EAN
Generator QR Code Gratis Online - CreateMy-QR (No Signup) | CreateMy-QR
Scan Barcode Online",text/html; charset=utf-8,false,200,0,0,,,"53
71
19",3,true
20,https://createmy-qr.com/da/barcode-generator,"Gratis stregkodegenerator online - Opret 1D stregkoder
Gratis QR Kode Generator Online - CreateMy-QR (No Signup) | CreateMy-QR
Free Barcode Generator",text/html; charset=utf-8,false,200,0,0,,,"54
71
22",3,true
20,https://createmy-qr.com/ru/scan-qr,"Бесплатный онлайн-сканер QR-кода — мгновенное сканирование QR-кода
Бесплатный генератор QR-кодов онлайн - CreateMy-QR (No Signup) | CreateMy-QR
Scan QR Code Online",text/html; charset=utf-8,false,200,0,0,,,"66
76
19",3,true
20,https://createmy-qr.com/pt/privacy,"Gerador de Código QR Grátis Online - CreateMy-QR (No Signup) | Política de Privacidade
Gerador de Código QR Grátis Online - CreateMy-QR (No Signup) | CreateMy-QR
Privacy Policy - CreateMy-QR",text/html; charset=utf-8,false,200,0,0,,,"86
74
28",3,true
20,https://createmy-qr.com/ar/compare,"مولد رمز الاستجابة السريعة مجاني - CreateMy-QR (No Signup) | أدوات المقارنة
مولد رمز الاستجابة السريعة مجاني - CreateMy-QR (No Signup) | CreateMy-QR
Compare Plans - CreateMy-QR",text/html; charset=utf-8,false,200,0,0,,,"75
72
27",3,true
20,https://createmy-qr.com/pl/compare,"Darmowy Generator Kodów QR Online - CreateMy-QR (No Signup) | Porównaj narzędzia
Darmowy Generator Kodów QR Online - CreateMy-QR (No Signup) | CreateMy-QR
Compare Plans - CreateMy-QR",text/html; charset=utf-8,false,200,0,0,,,"80
73
27",3,true
20,https://createmy-qr.com/bn/compare,"ফ্রি অনলাইন কিউআর কোড জেনারেটর - CreateMy-QR (No Signup) | টুল তুলনা করুন
ফ্রি অনলাইন কিউআর কোড জেনারেটর - CreateMy-QR (No Signup) | CreateMy-QR
Compare Plans - CreateMy-QR",text/html; charset=utf-8,false,200,0,0,,,"73
70
27",3,true
20,https://createmy-qr.com/fr/about,"Générateur de Code QR Gratuit en Ligne - CreateMy-QR (No Signup) | À propos de nous
Générateur de Code QR Gratuit en Ligne - CreateMy-QR (No Signup) | CreateMy-QR
About CreateMy-QR",text/html; charset=utf-8,false,200,0,0,,,"83
78
17",3,true
20,https://createmy-qr.com/bn/terms,"ফ্রি অনলাইন কিউআর কোড জেনারেটর - CreateMy-QR (No Signup) | পরিষেবার শর্তাবলী
ফ্রি অনলাইন কিউআর কোড জেনারেটর - CreateMy-QR (No Signup) | CreateMy-QR
Terms of Service - CreateMy-QR",text/html; charset=utf-8,false,200,0,0,,,"76
70
30",3,true
20,https://createmy-qr.com/ro/scan-barcode,"Free Barcode Scanner Online - Scan UPC & EAN
Generator de Coduri QR Gratuit Online - CreateMy-QR (No Signup) | CreateMy-QR
Scan Barcode Online",text/html; charset=utf-8,false,200,0,0,,,"44
77
19",3,true
20,https://createmy-qr.com/de/paypal-qr-code-fur-spenden,"PayPal-QR-Code für gemeinnützige Organisationen und Spenden | CreateMy-QR
PayPal-QR-Code für gemeinnützige Organisationen und Spenden | CreateMy-QR",text/html; charset=utf-8,false,200,0,0,,,"73
73",2,true
20,https://createmy-qr.com/uk/barcode-generator,"Безкоштовний онлайн-генератор штрих-кодів - створюйте одновимірні штрих-коди
Безкоштовний Генератор QR-кодів Онлайн - CreateMy-QR (No Signup) | CreateMy-QR
Free Barcode Generator",text/html; charset=utf-8,false,200,0,0,,,"76
78
22",3,true
20,https://createmy-qr.com/fr/compare,"Générateur de Code QR Gratuit en Ligne - CreateMy-QR (No Signup) | Comparer les outils
Générateur de Code QR Gratuit en Ligne - CreateMy-QR (No Signup) | CreateMy-QR
Compare Plans - CreateMy-QR",text/html; charset=utf-8,false,200,0,0,,,"86
78
27",3,true
20,https://createmy-qr.com/nl/compare,"Gratis QR Code Generator Online - CreateMy-QR (No Signup) | Hulpmiddelen vergelijken
Gratis QR Code Generator Online - CreateMy-QR (No Signup) | CreateMy-QR
Compare Plans - CreateMy-QR",text/html; charset=utf-8,false,200,0,0,,,"84
71
27",3,true
20,https://createmy-qr.com/tr/barcode-generator,"Ücretsiz Çevrimiçi Barkod Oluşturucu - 1D Barkodlar Oluşturun
Ücretsiz Çevrimiçi QR Kod Oluşturucu - CreateMy-QR (No Signup) | CreateMy-QR
Free Barcode Generator",text/html; charset=utf-8,false,200,0,0,,,"61
76
22",3,true
20,https://createmy-qr.com/it/codice-qr-per-la-revisione-di-google-per-attivita-commerciali-locali,"Codice QR per la revisione di Google per le imprese locali | CreateMy-QR
Codice QR per la revisione di Google per le imprese locali | CreateMy-QR",text/html; charset=utf-8,false,200,0,0,,,"72
72",2,true
20,https://createmy-qr.com/de/about,"Kostenloser QR-Code Generator Online - CreateMy-QR (No Signup) | Über uns
Kostenloser QR-Code Generator Online - CreateMy-QR (No Signup) | CreateMy-QR
About CreateMy-QR",text/html; charset=utf-8,false,200,0,0,,,"73
76
17",3,true
20,https://createmy-qr.com/th/barcode-generator,"เครื่องสร้างบาร์โค้ดออนไลน์ฟรี - สร้างบาร์โค้ด 1D
เครื่องมือสร้างคิวอาร์โค้ดออนไลน์ฟรี - CreateMy-QR (No Signup) | CreateMy-QR
Free Barcode Generator",text/html; charset=utf-8,false,200,0,0,,,"49
76
22",3,true
20,https://createmy-qr.com/sv/privacy,"Gratis QR-kod Generator Online - CreateMy-QR (No Signup) | Sekretesspolicy
Gratis QR-kod Generator Online - CreateMy-QR (No Signup) | CreateMy-QR
Privacy Policy - CreateMy-QR",text/html; charset=utf-8,false,200,0,0,,,"74
70
28",3,true
20,https://createmy-qr.com/tr/privacy,"Ücretsiz Çevrimiçi QR Kod Oluşturucu - CreateMy-QR (No Signup) | Gizlilik Politikası
Ücretsiz Çevrimiçi QR Kod Oluşturucu - CreateMy-QR (No Signup) | CreateMy-QR
Privacy Policy - CreateMy-QR",text/html; charset=utf-8,false,200,0,0,,,"84
76
28",3,true
20,https://createmy-qr.com/pt/barcode-generator,"Gerador de código de barras online gratuito - Crie códigos de barras 1D
Gerador de Código QR Grátis Online - CreateMy-QR (No Signup) | CreateMy-QR
Free Barcode Generator",text/html; charset=utf-8,false,200,0,0,,,"71
74
22",3,true
20,https://createmy-qr.com/it/codice-qr-paypal-per-le-donazioni,"Codice QR PayPal per organizzazioni no-profit e donazioni | CreateMy-QR
Codice QR PayPal per organizzazioni no-profit e donazioni | CreateMy-QR",text/html; charset=utf-8,false,200,0,0,,,"71
71",2,true
20,https://createmy-qr.com/fi/scan-barcode,"Ilmainen viivakoodilukija verkossa - Skannaa UPC & EAN
Ilmainen QR-koodigeneraattori Netissä - CreateMy-QR (No Signup) | CreateMy-QR
Scan Barcode Online",text/html; charset=utf-8,false,200,0,0,,,"54
77
19",3,true
20,https://createmy-qr.com/pt/about,"Gerador de Código QR Grátis Online - CreateMy-QR (No Signup) | Sobre nós
Gerador de Código QR Grátis Online - CreateMy-QR (No Signup) | CreateMy-QR
About CreateMy-QR",text/html; charset=utf-8,false,200,0,0,,,"72
74
17",3,true
20,https://createmy-qr.com/no/barcode-generator,"Gratis strekkodegenerator online - Lag 1D strekkoder
Gratis QR-kode Generator Online - CreateMy-QR (No Signup) | CreateMy-QR
Free Barcode Generator",text/html; charset=utf-8,false,200,0,0,,,"52
71
22",3,true
20,https://createmy-qr.com/da/compare,"Gratis QR Kode Generator Online - CreateMy-QR (No Signup) | Sammenlign værktøjer
Gratis QR Kode Generator Online - CreateMy-QR (No Signup) | CreateMy-QR
Compare Plans - CreateMy-QR",text/html; charset=utf-8,false,200,0,0,,,"80
71
27",3,true
20,https://createmy-qr.com/el/terms,"Δωρεάν Δημιουργία QR Code Online - CreateMy-QR (No Signup) | Όροι Παροχής Υπηρεσιών
Δωρεάν Δημιουργία QR Code Online - CreateMy-QR (No Signup) | CreateMy-QR
Terms of Service - CreateMy-QR",text/html; charset=utf-8,false,200,0,0,,,"83
72
30",3,true
20,https://createmy-qr.com/tl/compare,"Libreng Online QR Code Generator - CreateMy-QR (No Signup) | Paghambingin ang Mga Tool
Libreng Online QR Code Generator - CreateMy-QR (No Signup) | CreateMy-QR
Compare Plans - CreateMy-QR",text/html; charset=utf-8,false,200,0,0,,,"86
72
27",3,true
20,https://createmy-qr.com/it/codice-qr-dellapp-store-per-il-download-dei-giochi,"Codice QR dell'App Store per i download di giochi per dispositivi mobili | CreateMy-QR
Codice QR dell'App Store per i download di giochi per dispositivi mobili | CreateMy-QR",text/html; charset=utf-8,false,200,0,0,,,"86
86",2,true
20,https://createmy-qr.com/da/privacy,"Gratis QR Kode Generator Online - CreateMy-QR (No Signup) | Privatlivspolitik
Gratis QR Kode Generator Online - CreateMy-QR (No Signup) | CreateMy-QR
Privacy Policy - CreateMy-QR",text/html; charset=utf-8,false,200,0,0,,,"77
71
28",3,true
20,https://createmy-qr.com/el/scan-barcode,"Δωρεάν Online Scanner Barcode - Σάρωση UPC & EAN
Δωρεάν Δημιουργία QR Code Online - CreateMy-QR (No Signup) | CreateMy-QR
Scan Barcode Online",text/html; charset=utf-8,false,200,0,0,,,"48
72
19",3,true
20,https://createmy-qr.com/id/privacy,"Generator QR Code Gratis Online - CreateMy-QR (No Signup) | Kebijakan Privasi
Generator QR Code Gratis Online - CreateMy-QR (No Signup) | CreateMy-QR
Privacy Policy - CreateMy-QR",text/html; charset=utf-8,false,200,0,0,,,"77
71
28",3,true
20,https://createmy-qr.com/el/scan-qr,"Δωρεάν σαρωτής κωδικών QR Online - Σάρωση QR άμεσα
Δωρεάν Δημιουργία QR Code Online - CreateMy-QR (No Signup) | CreateMy-QR
Scan QR Code Online",text/html; charset=utf-8,false,200,0,0,,,"50
72
19",3,true
20,https://createmy-qr.com/ru/barcode-generator,"Бесплатный онлайн-генератор штрих-кодов — создание 1D-штрих-кодов
Бесплатный генератор QR-кодов онлайн - CreateMy-QR (No Signup) | CreateMy-QR
Free Barcode Generator",text/html; charset=utf-8,false,200,0,0,,,"65
76
22",3,true
20,https://createmy-qr.com/es/codigo-qr-de-paypal-para-donaciones,"Código QR de PayPal para organizaciones sin fines de lucro y donaciones | CreateMy-QR
Código QR de PayPal para organizaciones sin fines de lucro y donaciones | CreateMy-QR",text/html; charset=utf-8,false,200,0,0,,,"85
85",2,true
20,https://createmy-qr.com/bn/privacy,"ফ্রি অনলাইন কিউআর কোড জেনারেটর - CreateMy-QR (No Signup) | গোপনীয়তা নীতি
ফ্রি অনলাইন কিউআর কোড জেনারেটর - CreateMy-QR (No Signup) | CreateMy-QR
Privacy Policy - CreateMy-QR",text/html; charset=utf-8,false,200,0,0,,,"73
70
28",3,true
20,https://createmy-qr.com/cs/privacy,"Zdarma Online Generátor QR Kódů - CreateMy-QR (No Signup) | Zásady ochrany osobních údajů
Zdarma Online Generátor QR Kódů - CreateMy-QR (No Signup) | CreateMy-QR
Privacy Policy - CreateMy-QR",text/html; charset=utf-8,false,200,0,0,,,"89
71
28",3,true
20,https://createmy-qr.com/el/barcode-generator,"Δωρεάν Online Generator Barcode - Δημιουργήστε γραμμωτούς κώδικες 1D
Δωρεάν Δημιουργία QR Code Online - CreateMy-QR (No Signup) | CreateMy-QR
Free Barcode Generator",text/html; charset=utf-8,false,200,0,0,,,"68
72
22",3,true
20,https://createmy-qr.com/de/privacy,"Kostenloser QR-Code Generator Online - CreateMy-QR (No Signup) | Datenschutzrichtlinie
Kostenloser QR-Code Generator Online - CreateMy-QR (No Signup) | CreateMy-QR
Privacy Policy - CreateMy-QR",text/html; charset=utf-8,false,200,0,0,,,"86
76
28",3,true
20,https://createmy-qr.com/hu/compare,"Ingyenes Online QR-kód Generátor - CreateMy-QR (No Signup) | Eszközök összehasonlítása
Ingyenes Online QR-kód Generátor - CreateMy-QR (No Signup) | CreateMy-QR
Compare Plans - CreateMy-QR",text/html; charset=utf-8,false,200,0,0,,,"86
72
27",3,true
20,https://createmy-qr.com/ru/privacy,"Бесплатный генератор QR-кодов онлайн - CreateMy-QR (No Signup) | Политика конфиденциальности
Бесплатный генератор QR-кодов онлайн - CreateMy-QR (No Signup) | CreateMy-QR
Privacy Policy - CreateMy-QR",text/html; charset=utf-8,false,200,0,0,,,"92
76
28",3,true
20,https://createmy-qr.com/ms/compare,"Penjana Kod QR Percuma Dalam Talian - CreateMy-QR (No Signup) | Bandingkan Alat
Penjana Kod QR Percuma Dalam Talian - CreateMy-QR (No Signup) | CreateMy-QR
Compare Plans - CreateMy-QR",text/html; charset=utf-8,false,200,0,0,,,"79
75
27",3,true
20,https://createmy-qr.com/tr/terms,"Ücretsiz Çevrimiçi QR Kod Oluşturucu - CreateMy-QR (No Signup) | Hizmet Şartları
Ücretsiz Çevrimiçi QR Kod Oluşturucu - CreateMy-QR (No Signup) | CreateMy-QR
Terms of Service - CreateMy-QR",text/html; charset=utf-8,false,200,0,0,,,"80
76
30",3,true
20,https://createmy-qr.com/fr/scan-barcode,"Scanner de codes-barres gratuit en ligne - Scannez UPC et EAN
Générateur de Code QR Gratuit en Ligne - CreateMy-QR (No Signup) | CreateMy-QR
Scan Barcode Online",text/html; charset=utf-8,false,200,0,0,,,"61
78
19",3,true
20,https://createmy-qr.com/pt/scan-barcode,"Scanner de código de barras online gratuito - Digitalize UPC e EAN
Gerador de Código QR Grátis Online - CreateMy-QR (No Signup) | CreateMy-QR
Scan Barcode Online",text/html; charset=utf-8,false,200,0,0,,,"66
74
19",3,true
20,https://createmy-qr.com/tr/compare,"Ücretsiz Çevrimiçi QR Kod Oluşturucu - CreateMy-QR (No Signup) | Araçları Karşılaştır
Ücretsiz Çevrimiçi QR Kod Oluşturucu - CreateMy-QR (No Signup) | CreateMy-QR
Compare Plans - CreateMy-QR",text/html; charset=utf-8,false,200,0,0,,,"85
76
27",3,true
20,https://createmy-qr.com/pl/barcode-generator,"Darmowy generator kodów kreskowych online — twórz kody kreskowe 1D
Darmowy Generator Kodów QR Online - CreateMy-QR (No Signup) | CreateMy-QR
Free Barcode Generator",text/html; charset=utf-8,false,200,0,0,,,"66
73
22",3,true
20,https://createmy-qr.com/it/scan-qr,"Scanner di codici QR online gratuito: scansiona QR istantaneamente
Generatore di Codici QR Gratis Online - CreateMy-QR (No Signup) | CreateMy-QR
Scan QR Code Online",text/html; charset=utf-8,false,200,0,0,,,"66
77
19",3,true
20,https://createmy-qr.com/uk/terms,"Безкоштовний Генератор QR-кодів Онлайн - CreateMy-QR (No Signup) | Умови надання послуг
Безкоштовний Генератор QR-кодів Онлайн - CreateMy-QR (No Signup) | CreateMy-QR
Terms of Service - CreateMy-QR",text/html; charset=utf-8,false,200,0,0,,,"87
78
30",3,true
20,https://createmy-qr.com/it/privacy,"Generatore di Codici QR Gratis Online - CreateMy-QR (No Signup) | Informativa sulla privacy
Generatore di Codici QR Gratis Online - CreateMy-QR (No Signup) | CreateMy-QR
Privacy Policy - CreateMy-QR",text/html; charset=utf-8,false,200,0,0,,,"91
77
28",3,true
20,https://createmy-qr.com/el/paypal-qr-code-for-donations,"Κωδικός QR PayPal για μη κερδοσκοπικούς οργανισμούς και δωρεές | CreateMy-QR
Κωδικός QR PayPal για μη κερδοσκοπικούς οργανισμούς και δωρεές | CreateMy-QR",text/html; charset=utf-8,false,200,0,0,,,"76
76",2,true
20,https://createmy-qr.com/no/scan-barcode,"Gratis strekkodeskanner på nett - Skann UPC og EAN
Gratis QR-kode Generator Online - CreateMy-QR (No Signup) | CreateMy-QR
Scan Barcode Online",text/html; charset=utf-8,false,200,0,0,,,"50
71
19",3,true
20,https://createmy-qr.com/fr/code-qr-de-lapp-store-pour-les-telechargements-de-jeux,"Code QR de l’App Store pour les téléchargements de jeux mobiles | CreateMy-QR
Code QR de l’App Store pour les téléchargements de jeux mobiles | CreateMy-QR",text/html; charset=utf-8,false,200,0,0,,,"77
77",2,true
20,https://createmy-qr.com/ru/terms,"Бесплатный генератор QR-кодов онлайн - CreateMy-QR (No Signup) | Условия обслуживания
Бесплатный генератор QR-кодов онлайн - CreateMy-QR (No Signup) | CreateMy-QR
Terms of Service - CreateMy-QR",text/html; charset=utf-8,false,200,0,0,,,"85
76
30",3,true
20,https://createmy-qr.com/ar/terms,"مولد رمز الاستجابة السريعة مجاني - CreateMy-QR (No Signup) | شروط الخدمة
مولد رمز الاستجابة السريعة مجاني - CreateMy-QR (No Signup) | CreateMy-QR
Terms of Service - CreateMy-QR",text/html; charset=utf-8,false,200,0,0,,,"72
72
30",3,true
